epoch,time,train/box_loss,train/seg_loss,train/cls_loss,train/dfl_loss,train/sem_loss,train/heat_loss,train/seed_loss,metrics/precision(B),metrics/recall(B),metrics/mAP50(B),metrics/mAP50-95(B),metrics/precision(M),metrics/recall(M),metrics/mAP50(M),metrics/mAP50-95(M),val/box_loss,val/seg_loss,val/cls_loss,val/dfl_loss,val/sem_loss,val/heat_loss,val/seed_loss,lr/pg0,lr/pg1,lr/pg2
1,31.4354,3.7109,7.2499,5.69676,4.2216,0.84834,0.85634,0.85722,5e-05,0.09455,4e-05,1e-05,0,0,0,0,3.65695,5.21774,5.95708,4.15738,0,0,0,0.00012495,0.00012495,0.00012495
2,57.4044,3.73853,6.21136,5.70436,4.19656,0.84267,0.84987,0.85263,6e-05,0.09475,4e-05,1e-05,2e-05,0.03165,0,0,3.65713,5.20681,5.95338,4.15455,0,0,0,0.000257804,0.000257804,0.000257804
3,83.8635,3.85289,5.55416,5.63485,4.17259,0.83574,0.84342,0.84618,7e-05,0.09536,2e-05,1e-05,9e-05,0.06931,1e-05,0,3.65877,5.16889,5.91715,4.14741,0,0,0,0.000390218,0.000390218,0.000390218
4,110.263,3.70561,5.1283,5.53238,4.15351,0.82437,0.83392,0.83669,8e-05,0.09676,2e-05,1e-05,8e-05,0.06471,1e-05,0,3.66043,5.04824,5.84287,4.13255,0,0,0,0.000522192,0.000522192,0.000522192
5,136.501,3.72676,4.91639,5.48691,4.12641,0.80982,0.8213,0.82428,7e-05,0.00241,0,0,8e-05,0.00802,0,0,3.64224,4.57906,5.7144,4.10575,0,0,0,0.000653727,0.000653727,0.000653727
6,162.38,3.68032,4.635,5.45697,4.06057,0.79361,0.80448,0.80745,9e-05,0.00762,1e-05,0,8e-05,0.00662,1e-05,0,3.65363,4.38684,5.64113,4.05941,0,0,0,0.000784821,0.000784821,0.000784821
7,188.361,3.66691,4.47864,5.39608,4.01364,0.77999,0.79106,0.79516,7e-05,0.00702,1e-05,0,7e-05,0.00642,1e-05,0,3.6916,4.40539,5.5839,3.96608,0,0,0,0.000824753,0.000824753,0.000824753
8,214.243,3.73018,4.42365,5.41239,3.9333,0.76292,0.77404,0.77807,8e-05,0.00662,0.00063,0.00019,8e-05,0.00622,0.00063,0.00025,3.64014,5.09278,5.93183,4.07087,0,0,0,0.000823379,0.000823379,0.000823379
9,240.31,3.53666,4.41452,5.31597,3.865,0.74461,0.75661,0.75948,9e-05,0.00762,5e-05,1e-05,8e-05,0.00682,5e-05,1e-05,3.61129,4.51789,5.65141,3.91052,0,0,0,0.000822004,0.000822004,0.000822004
10,266.254,3.46733,4.49977,5.20572,3.76344,0.72774,0.74099,0.74318,0.0001,0.00762,3e-05,1e-05,9e-05,0.00682,3e-05,1e-05,3.49944,4.47597,5.51713,3.98045,0,0,0,0.00082063,0.00082063,0.00082063
11,292.365,3.38313,4.42439,5.15572,3.68105,0.71004,0.72421,0.72543,0.00024,0.02486,8e-05,1e-05,0.00023,0.01541,3e-05,1e-05,3.4105,4.54545,5.54099,3.76763,0,0,0,0.000819255,0.000819255,0.000819255
12,318.737,3.23482,4.41181,5.03255,3.60757,0.69354,0.7075,0.70925,0.00032,0.02508,5e-05,1e-05,0.00019,0.01705,3e-05,1e-05,3.32144,4.4881,7.32628,3.64275,0,0,0,0.000817881,0.000817881,0.000817881
13,345.127,3.31826,4.3509,4.93237,3.529,0.67775,0.69067,0.69263,0.75046,0.00381,9e-05,2e-05,0.75034,0.00301,6e-05,1e-05,3.28106,4.57143,18.4889,3.617,0,0,0,0.000816507,0.000816507,0.000816507
14,371.418,3.30682,4.48243,4.95223,3.43555,0.66291,0.67428,0.67686,0.87647,0.0008,9e-05,2e-05,0.75045,0.00281,6e-05,1e-05,3.33079,4.69901,7.33364,3.52696,0,0,0,0.000815132,0.000815132,0.000815132
15,397.186,3.2833,4.4376,5.01316,3.46684,0.65055,0.65953,0.66304,0.87814,0.0006,0.0001,2e-05,0.75074,0.0014,8e-05,2e-05,3.26639,4.65967,5.57289,3.446,0,0,0,0.000813758,0.000813758,0.000813758
16,422.925,3.19576,4.35315,4.89125,3.42156,0.63847,0.64596,0.64932,0.00031,0.02063,0.00014,4e-05,0.00025,0.01501,4e-05,1e-05,3.29996,15.8752,7.71792,3.77284,0,0,0,0.000812383,0.000812383,0.000812383
17,448.759,3.12994,4.27504,4.8238,3.36121,0.62744,0.63336,0.63693,0.75176,0.0012,0.0002,4e-05,0.75224,0.00161,0.0002,3e-05,3.24445,7.15576,5.55613,3.50993,0,0,0,0.000811009,0.000811009,0.000811009
18,474.682,3.06993,4.27278,4.8171,3.33098,0.61651,0.62134,0.62498,0.87758,0.001,0.00039,8e-05,0.87921,0.0014,0.0004,6e-05,3.20501,4.37826,5.41718,3.37357,0,0,0,0.000809634,0.000809634,0.000809634
19,500.729,3.16616,4.37812,4.84333,3.28264,0.60717,0.61089,0.6144,0.8781,0.00241,0.00077,0.00019,0.87923,0.00321,0.0012,0.00019,3.1661,4.28891,5.24936,3.27225,0,0,0,0.00080826,0.00080826,0.00080826
20,526.459,3.06153,4.36956,4.88704,3.35027,0.5994,0.60171,0.60572,0.87813,0.0006,0.00041,9e-05,0.87917,0.0008,0.00036,7e-05,3.13214,4.27246,5.03269,3.25025,0,0,0,0.000806885,0.000806885,0.000806885
21,552.234,3.1023,4.23725,4.77926,3.26303,0.59097,0.59269,0.5966,0.00061,0.04291,0.0005,0.00013,0.87838,0.00421,0.00048,0.0001,3.09421,4.25976,5.06554,3.23088,0,0,0,0.000805511,0.000805511,0.000805511
22,578.057,3.08006,4.27192,4.7174,3.20424,0.5847,0.58454,0.58835,0.00077,0.04112,0.00036,9e-05,0.0011,0.03784,0.00042,8e-05,3.05796,4.26427,5.12025,3.19497,0,0,0,0.000804137,0.000804137,0.000804137
23,603.898,3.04491,4.28292,4.75845,3.18622,0.57797,0.57771,0.5813,0.00158,0.10081,0.0008,0.00018,0.00115,0.1346,0.00102,0.00018,3.00535,4.26685,5.01939,3.14153,0,0,0,0.000802762,0.000802762,0.000802762
24,629.741,2.94646,4.27515,4.69812,3.18713,0.57311,0.57061,0.57408,0.00074,0.05392,0.0004,0.0001,0.0009,0.07671,0.00033,5e-05,2.99976,4.25499,5.19911,3.11348,0,0,0,0.000801388,0.000801388,0.000801388
25,655.59,2.969,4.3043,4.6609,3.16904,0.56803,0.56523,0.56844,0.00053,0.05416,0.00039,8e-05,0.00059,0.04325,0.0003,5e-05,2.99629,4.25549,9.3421,3.13812,0,0,0,0.000800013,0.000800013,0.000800013
26,681.394,2.93867,4.27222,4.63884,3.14796,0.5626,0.55924,0.56229,0.75707,0.00221,0.001,0.0002,0.75664,0.00201,0.00075,0.00014,2.99488,4.24099,4.93193,3.11758,0,0,0,0.000798639,0.000798639,0.000798639
27,707.319,2.97612,4.28638,4.53581,3.08345,0.55854,0.55548,0.55809,0.62921,0.00843,0.00122,0.00026,0.62888,0.00722,0.00077,0.00015,2.97098,4.19238,4.91845,3.08076,0,0,0,0.000797264,0.000797264,0.000797264
28,733.244,2.96904,4.31869,4.55741,3.12501,0.55544,0.5515,0.55425,0.63611,0.006,0.00185,0.0005,0.63695,0.0058,0.00157,0.00038,2.9685,4.17516,5.03352,3.04532,0,0,0,0.00079589,0.00079589,0.00079589
29,759.22,2.92912,4.19111,4.5546,3.02867,0.55077,0.54774,0.55027,0.00721,0.07364,0.00312,0.00076,0.00732,0.08922,0.0044,0.00082,2.95129,4.16125,4.81933,3.03684,0,0,0,0.000794515,0.000794515,0.000794515
30,785.17,2.86418,4.17926,4.53733,3.00986,0.54962,0.54457,0.54695,0.75919,0.0044,0.00215,0.00054,0.76537,0.00476,0.00276,0.00072,2.96075,4.14065,4.73204,3.02633,0,0,0,0.000793141,0.000793141,0.000793141
31,810.953,2.90054,4.09908,4.52533,3.00748,0.5461,0.54156,0.54381,0.51166,0.01839,0.00165,0.00032,0.50394,0.03253,0.00443,0.00077,2.97146,4.15505,4.79277,2.99839,0,0,0,0.000791767,0.000791767,0.000791767
32,836.562,2.89767,4.18121,4.50723,2.996,0.5454,0.53906,0.54139,0.50367,0.06085,0.00234,0.00082,0.00228,0.14789,0.00327,0.0006,2.92634,4.146,4.78199,2.9819,0,0,0,0.000790392,0.000790392,0.000790392
33,862.295,2.8155,4.18955,4.4951,3.03259,0.54438,0.53743,0.5397,0.63684,0.0172,0.00284,0.00064,0.75595,0.00461,0.00209,0.00038,2.85264,4.13255,4.69319,2.96692,0,0,0,0.000789018,0.000789018,0.000789018
34,888.152,2.9449,4.07985,4.35075,2.95355,0.54184,0.53568,0.53776,0.63171,0.01109,0.00106,0.00025,0.63159,0.01049,0.00138,0.00025,2.8534,4.14795,4.81566,2.94169,0,0,0,0.000787643,0.000787643,0.000787643
35,913.973,2.81677,4.17767,4.39383,2.93001,0.54035,0.5337,0.53597,0.63519,0.00996,0.0018,0.00046,0.63237,0.0052,0.00235,0.0005,2.85664,4.14294,4.68941,2.93311,0,0,0,0.000786269,0.000786269,0.000786269
36,939.996,2.85851,4.15113,4.25847,2.89498,0.53922,0.53223,0.53429,0.63268,0.01202,0.00177,0.00041,0.63467,0.011,0.00258,0.00041,2.82111,4.09554,4.64235,2.91956,0,0,0,0.000784894,0.000784894,0.000784894
37,965.799,2.83356,4.16846,4.38201,2.91156,0.53739,0.53074,0.53281,0.64017,0.01646,0.00343,0.00098,0.631,0.00801,0.00466,0.0009,2.82936,4.11126,4.66693,2.90722,0,0,0,0.00078352,0.00078352,0.00078352
38,991.841,2.82879,4.22993,4.29931,2.88475,0.53633,0.5296,0.53152,0.63614,0.01253,0.00343,0.00087,0.63246,0.01545,0.00541,0.00107,2.80725,4.10031,4.5735,2.9171,0,0,0,0.000782145,0.000782145,0.000782145
39,1017.87,2.82423,4.14544,4.45396,2.93567,0.53404,0.52755,0.52959,0.00423,0.13277,0.00395,0.00108,0.50338,0.04433,0.00505,0.00094,2.84172,4.1284,4.53908,2.91534,0,0,0,0.000780771,0.000780771,0.000780771
40,1043.95,2.82988,4.0726,4.283,2.91274,0.53511,0.52688,0.52916,0.63343,0.01622,0.00749,0.0015,0.63426,0.01437,0.00808,0.00121,2.81544,4.09637,4.51613,2.87292,0,0,0,0.000779396,0.000779396,0.000779396
41,1070.01,2.78541,4.13095,4.3622,2.89872,0.53308,0.52535,0.52728,0.64327,0.01685,0.03769,0.00499,0.63762,0.0102,0.03413,0.00698,2.76291,4.08962,4.47744,2.86145,0,0,0,0.000778022,0.000778022,0.000778022
42,1096.07,2.77761,4.12793,4.26001,2.83161,0.53148,0.52399,0.52573,0.00623,0.16942,0.00459,0.00092,0.00659,0.17781,0.00387,0.00076,2.78196,4.08094,4.70669,2.837,0,0,0,0.000776648,0.000776648,0.000776648
43,1121.83,2.76465,4.08519,4.38181,2.85963,0.53089,0.52303,0.52516,0.63993,0.00896,0.00408,0.00084,0.64785,0.00578,0.00433,0.00095,2.79479,4.06848,4.53978,2.83065,0,0,0,0.000775273,0.000775273,0.000775273
44,1147.89,2.80622,4.12077,4.34495,2.85829,0.52914,0.5222,0.52418,0.64541,0.02503,0.00659,0.00137,0.6336,0.02124,0.00262,0.00049,2.81992,4.07163,4.73247,2.83837,0,0,0,0.000773899,0.000773899,0.000773899
45,1173.77,2.72825,4.08781,4.32723,2.83998,0.53035,0.52176,0.52394,0.65231,0.02032,0.01648,0.00544,0.64545,0.01733,0.0156,0.00342,2.79562,4.03033,4.47046,2.81678,0,0,0,0.000772524,0.000772524,0.000772524
46,1199.54,2.72425,4.04601,4.31857,2.802,0.52786,0.52028,0.52251,0.64404,0.01211,0.00885,0.00198,0.64477,0.0121,0.00486,0.001,2.79896,4.03209,4.33996,2.83121,0,0,0,0.00077115,0.00077115,0.00077115
47,1225.39,2.73012,4.0481,4.19496,2.81244,0.52685,0.51974,0.52162,0.63471,0.02515,0.00372,0.00079,0.6328,0.02066,0.00191,0.00036,2.79666,4.06613,4.42302,2.82347,0,0,0,0.000769775,0.000769775,0.000769775
48,1251.26,2.71795,4.0749,4.15628,2.78466,0.5264,0.51892,0.52088,0.64677,0.02512,0.00477,0.00121,0.63467,0.01839,0.00238,0.00054,2.76834,4.00168,4.33079,2.81076,0,0,0,0.000768401,0.000768401,0.000768401
49,1277.04,2.73003,4.03121,4.26694,2.8113,0.52618,0.51875,0.52061,0.65369,0.01718,0.00999,0.00253,0.64558,0.00914,0.00737,0.00139,2.72344,4.01075,4.27967,2.80251,0,0,0,0.000767026,0.000767026,0.000767026
50,1302.96,2.7002,4.07692,4.16241,2.80979,0.52578,0.51807,0.52016,0.63941,0.02049,0.00842,0.00284,0.65288,0.01967,0.00532,0.00151,2.70009,4.00518,4.34889,2.76148,0,0,0,0.000765652,0.000765652,0.000765652
51,1328.79,2.76616,4.01939,4.08744,2.76908,0.52317,0.51704,0.51882,0.64779,0.01766,0.01169,0.00288,0.64583,0.0138,0.00911,0.0026,2.69126,3.98448,4.22518,2.76858,0,0,0,0.000764278,0.000764278,0.000764278
52,1354.54,2.63328,4.06985,4.11545,2.79234,0.52289,0.51604,0.51815,0.65993,0.01494,0.02002,0.0033,0.64812,0.01137,0.01426,0.00397,2.72769,4.00848,4.30758,2.76567,0,0,0,0.000762903,0.000762903,0.000762903
53,1380.23,2.73739,4.07466,4.16343,2.80641,0.52293,0.51534,0.51751,0.65348,0.01965,0.00735,0.00188,0.64277,0.01182,0.00724,0.00128,2.70221,4.06169,4.18419,2.78212,0,0,0,0.000761529,0.000761529,0.000761529
54,1406.02,2.7397,3.98898,4.05404,2.7165,0.52259,0.51507,0.51686,0.65129,0.01708,0.00546,0.00127,0.63867,0.0147,0.00352,0.00081,2.71861,3.97617,4.17973,2.81077,0,0,0,0.000760154,0.000760154,0.000760154
55,1431.77,2.61761,4.09762,4.07383,2.77005,0.52087,0.51399,0.51586,0.64976,0.02071,0.00923,0.00214,0.63789,0.01189,0.00482,0.00106,2.65696,3.95026,4.22961,2.7199,0,0,0,0.00075878,0.00075878,0.00075878
56,1457.79,2.67122,4.02029,4.04234,2.71919,0.52063,0.51353,0.51547,0.39943,0.02343,0.01004,0.00233,0.38835,0.01768,0.00572,0.00151,2.65021,3.96204,4.15998,2.69993,0,0,0,0.000757405,0.000757405,0.000757405
57,1483.67,2.60695,3.99875,4.07416,2.73338,0.5201,0.51291,0.5151,0.64184,0.0358,0.00779,0.00217,0.63736,0.02887,0.00611,0.00144,2.66622,3.95433,4.34723,2.69009,0,0,0,0.000756031,0.000756031,0.000756031
58,1509.37,2.66233,3.99859,4.01935,2.71701,0.52095,0.51309,0.51488,0.6482,0.01487,0.00886,0.00307,0.65094,0.01143,0.00737,0.00175,2.61504,3.97335,4.37276,2.69606,0,0,0,0.000754656,0.000754656,0.000754656
59,1535.13,2.63851,3.93754,3.97816,2.68713,0.51806,0.51157,0.51376,0.64437,0.02405,0.01553,0.00678,0.643,0.0177,0.0079,0.00211,2.61231,3.90169,4.17019,2.68046,0,0,0,0.000753282,0.000753282,0.000753282
60,1560.99,2.70046,3.89492,3.91148,2.67333,0.51879,0.51165,0.51376,0.51516,0.0386,0.00755,0.00233,0.5125,0.02883,0.0042,0.00105,2.60144,3.90564,4.07521,2.6771,0,0,0,0.000751907,0.000751907,0.000751907
61,1586.72,2.63646,3.89872,3.85652,2.66441,0.51712,0.51074,0.51284,0.65387,0.02746,0.01146,0.00372,0.64356,0.01748,0.00771,0.00198,2.55089,3.90546,3.94512,2.64109,0,0,0,0.000750533,0.000750533,0.000750533
62,1612.57,2.60471,3.94019,3.8931,2.66915,0.51703,0.5107,0.51263,0.6512,0.0362,0.01197,0.00404,0.64756,0.03031,0.00859,0.0024,2.57023,3.91372,4.14786,2.63539,0,0,0,0.000749159,0.000749159,0.000749159
63,1638.32,2.57483,3.93262,3.90087,2.65212,0.51686,0.51027,0.51241,0.64654,0.03051,0.02896,0.01178,0.64359,0.0269,0.02355,0.00655,2.58887,3.89124,3.90884,2.65163,0,0,0,0.000747784,0.000747784,0.000747784
64,1664.37,2.59416,3.95282,3.86802,2.65242,0.51674,0.51013,0.51199,0.65884,0.04528,0.0272,0.0081,0.65569,0.03826,0.01523,0.00343,2.56974,3.85505,3.90386,2.64985,0,0,0,0.00074641,0.00074641,0.00074641
65,1690.3,2.58708,3.99838,3.84801,2.63463,0.5151,0.50905,0.51104,0.66626,0.04548,0.04698,0.01705,0.65328,0.0295,0.04026,0.00594,2.55619,3.90837,3.96483,2.64823,0,0,0,0.000745035,0.000745035,0.000745035
66,1716.64,2.60347,3.94673,3.80248,2.67369,0.51608,0.50943,0.51158,0.64886,0.04225,0.01707,0.00553,0.64489,0.03242,0.01453,0.00354,2.5372,3.83912,4.54333,2.62884,0,0,0,0.000743661,0.000743661,0.000743661
67,1742.53,2.59092,3.96316,3.83378,2.6368,0.51417,0.5083,0.51029,0.65701,0.04074,0.02688,0.0101,0.6452,0.04087,0.0246,0.00583,2.53617,3.88778,3.92268,2.63022,0,0,0,0.000742286,0.000742286,0.000742286
68,1768.38,2.54454,3.90083,3.78104,2.64434,0.51355,0.50765,0.5096,0.67132,0.03538,0.02416,0.00848,0.66386,0.02651,0.01943,0.00451,2.52138,3.89698,3.79997,2.61811,0,0,0,0.000740912,0.000740912,0.000740912
69,1794.19,2.59826,3.90338,3.77944,2.64361,0.51402,0.50764,0.50978,0.65913,0.04096,0.02994,0.01227,0.64387,0.03352,0.02218,0.00486,2.49723,3.85198,3.73282,2.59785,0,0,0,0.000739537,0.000739537,0.000739537
70,1819.95,2.54258,3.82316,3.77672,2.60414,0.51165,0.50667,0.50844,0.52756,0.04064,0.03255,0.01456,0.52433,0.02698,0.01642,0.00444,2.5086,3.8625,3.76058,2.59793,0,0,0,0.000738163,0.000738163,0.000738163
71,1845.85,2.5352,3.87752,3.65908,2.58715,0.5114,0.50644,0.50833,0.54121,0.03244,0.02418,0.00865,0.52616,0.03902,0.01268,0.00347,2.4938,3.82656,3.72852,2.59496,0,0,0,0.000736788,0.000736788,0.000736788
72,1871.68,2.57829,3.89748,3.6264,2.56272,0.51236,0.50666,0.50833,0.6593,0.04847,0.02092,0.00671,0.64959,0.04069,0.01201,0.0032,2.50833,3.82996,3.8176,2.60197,0,0,0,0.000735414,0.000735414,0.000735414
73,1897.71,2.54428,3.93021,3.69814,2.58168,0.51062,0.50575,0.50743,0.68067,0.04256,0.02933,0.00898,0.66661,0.02921,0.01394,0.00337,2.52337,3.82129,3.87851,2.60869,0,0,0,0.00073404,0.00073404,0.00073404
74,1923.55,2.54311,3.88016,3.72984,2.58433,0.51171,0.5059,0.50806,0.53904,0.04932,0.02882,0.00936,0.52032,0.0447,0.018,0.00405,2.48755,3.81731,3.8871,2.57855,0,0,0,0.000732665,0.000732665,0.000732665
75,1949.39,2.54384,3.83468,3.6388,2.55745,0.51015,0.50461,0.50688,0.51839,0.06095,0.03863,0.01288,0.51383,0.03979,0.02202,0.00679,2.52552,3.83527,4.08415,2.60494,0,0,0,0.000731291,0.000731291,0.000731291
76,1975.3,2.51023,3.91042,3.74393,2.62774,0.51307,0.50601,0.50821,0.64093,0.08345,0.0669,0.02919,0.63756,0.05751,0.05687,0.01254,2.51401,3.84557,4.0144,2.61145,0,0,0,0.000729916,0.000729916,0.000729916
77,2001.47,2.46439,3.8564,3.60623,2.5592,0.51017,0.50471,0.50692,0.5299,0.08426,0.05949,0.02406,0.52197,0.05359,0.03394,0.00932,2.44335,3.83031,3.72028,2.54841,0,0,0,0.000728542,0.000728542,0.000728542
78,2027.35,2.51935,3.83681,3.59299,2.53019,0.50967,0.50446,0.50626,0.54103,0.04905,0.05059,0.02046,0.53318,0.03492,0.03422,0.00827,2.43097,3.81837,3.62936,2.53744,0,0,0,0.000727167,0.000727167,0.000727167
79,2053.28,2.44217,3.8293,3.52159,2.5055,0.50753,0.50342,0.50521,0.54121,0.08316,0.08106,0.03407,0.53373,0.06078,0.06625,0.01782,2.43091,3.76483,3.52902,2.52508,0,0,0,0.000725793,0.000725793,0.000725793
80,2079.44,2.54165,3.83654,3.52084,2.53314,0.50728,0.50251,0.50464,0.40803,0.06232,0.0544,0.01916,0.40312,0.04911,0.03429,0.00863,2.43571,3.75704,3.49105,2.53753,0,0,0,0.000724418,0.000724418,0.000724418
81,2105.25,2.45246,3.77826,3.49534,2.5049,0.50773,0.50304,0.5051,0.5727,0.08687,0.1196,0.05551,0.57339,0.06649,0.08872,0.02152,2.43609,3.75863,3.49783,2.56525,0,0,0,0.000723044,0.000723044,0.000723044
82,2131.4,2.5071,3.85193,3.54829,2.5507,0.50683,0.50239,0.50414,0.57705,0.06801,0.11141,0.04204,0.56318,0.04531,0.07973,0.01975,2.43609,3.73679,3.38932,2.54796,0,0,0,0.00072167,0.00072167,0.00072167
83,2157.14,2.47039,3.83374,3.54873,2.53432,0.50559,0.50202,0.50397,0.53165,0.10548,0.13211,0.05179,0.52014,0.08414,0.10242,0.02383,2.38939,3.73619,3.44613,2.49276,0,0,0,0.000720295,0.000720295,0.000720295
84,2182.99,2.5061,3.79975,3.4482,2.46646,0.5056,0.50127,0.50336,0.37567,0.09283,0.10095,0.04046,0.36529,0.0643,0.06957,0.02002,2.41279,3.76207,3.45529,2.55068,0,0,0,0.000718921,0.000718921,0.000718921
85,2208.92,2.4819,3.80749,3.4161,2.48644,0.50699,0.50161,0.50391,0.34879,0.12078,0.10595,0.03922,0.34261,0.09214,0.07167,0.01427,2.43308,3.70277,3.41054,2.50765,0,0,0,0.000717546,0.000717546,0.000717546
86,2234.82,2.5042,3.8287,3.49155,2.49575,0.50572,0.50131,0.50337,0.32172,0.0973,0.09125,0.03785,0.30795,0.06579,0.05466,0.01707,2.41735,3.73599,3.38032,2.49353,0,0,0,0.000716172,0.000716172,0.000716172
87,2260.74,2.46982,3.87072,3.40752,2.48393,0.50363,0.5001,0.5021,0.3109,0.11647,0.0899,0.04038,0.31993,0.09637,0.06647,0.01704,2.3688,3.71756,3.35266,2.47618,0,0,0,0.000714797,0.000714797,0.000714797
88,2286.57,2.42089,3.74432,3.45254,2.50783,0.50428,0.50022,0.50225,0.4062,0.11401,0.10725,0.03995,0.41993,0.10034,0.07709,0.01883,2.37143,3.68476,6.33364,2.48423,0,0,0,0.000713423,0.000713423,0.000713423
89,2312.49,2.46807,3.87247,3.41805,2.48658,0.50402,0.49984,0.50153,0.32257,0.13953,0.11153,0.04082,0.28297,0.09986,0.08401,0.01911,2.42506,3.68666,3.4707,2.49125,0,0,0,0.000712048,0.000712048,0.000712048
90,2338.34,2.44002,3.78405,3.43024,2.50548,0.50396,0.49989,0.5017,0.22021,0.16125,0.14466,0.06523,0.17435,0.10318,0.10337,0.02622,2.37459,3.67682,3.2785,2.46516,0,0,0,0.000710674,0.000710674,0.000710674
91,2364.39,2.41042,3.75917,3.34434,2.44753,0.50285,0.49905,0.50091,0.27173,0.15264,0.15072,0.05828,0.18995,0.10404,0.10508,0.02281,2.34065,3.68028,3.21964,2.4602,0,0,0,0.000709299,0.000709299,0.000709299
92,2390.2,2.38599,3.7678,3.29128,2.41346,0.50035,0.49764,0.49929,0.36788,0.13227,0.15199,0.0603,0.31561,0.11103,0.11656,0.02776,2.35565,3.67004,3.20443,2.45244,0,0,0,0.000707925,0.000707925,0.000707925
93,2416.08,2.43514,3.74005,3.22947,2.41959,0.49978,0.4978,0.499,0.38529,0.17983,0.14144,0.05702,0.32762,0.13356,0.11219,0.02914,2.37522,3.64787,3.22002,2.45294,0,0,0,0.000706551,0.000706551,0.000706551
94,2441.83,2.41448,3.79169,3.37701,2.48739,0.50044,0.49764,0.49951,0.26196,0.16414,0.13273,0.05841,0.22845,0.08116,0.09151,0.02476,2.35287,3.68187,3.124,2.43363,0,0,0,0.000705176,0.000705176,0.000705176
95,2467.66,2.3839,3.75688,3.28023,2.48132,0.50021,0.49731,0.4991,0.37705,0.14025,0.11694,0.04796,0.34437,0.0923,0.05732,0.01631,2.35669,3.66308,3.23098,2.43615,0,0,0,0.000703802,0.000703802,0.000703802
96,2493.42,2.38042,3.74947,3.26034,2.46736,0.50102,0.49721,0.49933,0.26555,0.15028,0.10628,0.04425,0.18626,0.1126,0.05196,0.01418,2.33331,3.64677,3.1624,2.42234,0,0,0,0.000702427,0.000702427,0.000702427
97,2519.14,2.35248,3.6955,3.35224,2.47932,0.50158,0.49732,0.49909,0.25588,0.21441,0.13184,0.06032,0.17057,0.14387,0.08475,0.02549,2.29416,3.63151,3.11793,2.4212,0,0,0,0.000701053,0.000701053,0.000701053
98,2545.02,2.39254,3.75077,3.28966,2.48316,0.50158,0.49668,0.49898,0.26571,0.22525,0.16038,0.06763,0.18803,0.15263,0.10707,0.02813,2.30462,3.64141,3.10533,2.42132,0,0,0,0.000699678,0.000699678,0.000699678
99,2571.06,2.41799,3.67781,3.32073,2.44575,0.4997,0.49562,0.49753,0.30787,0.14461,0.1491,0.06083,0.20498,0.15321,0.08261,0.02522,2.31617,3.62976,3.20779,2.42045,0,0,0,0.000698304,0.000698304,0.000698304
100,2597.19,2.41357,3.78776,3.22619,2.41302,0.49906,0.4953,0.49681,0.26284,0.17395,0.12219,0.05038,0.20767,0.13523,0.05831,0.01752,2.31174,3.62869,3.24823,2.40971,0,0,0,0.000696929,0.000696929,0.000696929
101,2623.16,2.44543,3.73496,3.22711,2.4256,0.50058,0.49515,0.4972,0.27049,0.14558,0.10648,0.04208,0.19472,0.13607,0.04765,0.0141,2.35129,3.69618,3.2493,2.44026,0,0,0,0.000695555,0.000695555,0.000695555
102,2649.06,2.412,3.69164,3.16462,2.4287,0.49912,0.49443,0.49669,0.23599,0.18337,0.12986,0.05378,0.19214,0.12134,0.06788,0.01713,2.35317,3.68065,3.13873,2.44249,0,0,0,0.000694181,0.000694181,0.000694181
103,2674.88,2.39016,3.76178,3.21018,2.40436,0.50007,0.49506,0.49679,0.46687,0.16164,0.16801,0.06271,0.20658,0.13135,0.10172,0.02808,2.28328,3.61121,3.09042,2.39375,0,0,0,0.000692806,0.000692806,0.000692806
104,2700.64,2.35617,3.70743,3.17637,2.39782,0.49695,0.49288,0.49506,0.2866,0.21217,0.16459,0.0651,0.21428,0.15852,0.08547,0.02726,2.24361,3.58405,2.95885,2.37577,0,0,0,0.000691432,0.000691432,0.000691432
105,2726.43,2.33678,3.76014,3.21369,2.42294,0.49741,0.49316,0.49526,0.31437,0.18352,0.14048,0.05234,0.26574,0.10631,0.08011,0.02553,2.26623,3.60328,3.01385,2.39901,0,0,0,0.000690057,0.000690057,0.000690057
106,2752.29,2.34019,3.64013,3.14029,2.42328,0.49807,0.49204,0.4946,0.17064,0.23784,0.15248,0.05965,0.10938,0.17713,0.08323,0.02348,2.2086,3.56124,2.90509,2.35629,0,0,0,0.000688683,0.000688683,0.000688683
107,2778.1,2.36366,3.68491,3.16338,2.38968,0.49613,0.491,0.49374,0.16639,0.21775,0.1485,0.05551,0.12649,0.15811,0.08443,0.023,2.23293,3.54258,3.06636,2.35809,0,0,0,0.000687308,0.000687308,0.000687308
108,2804.07,2.38841,3.67541,3.07632,2.35594,0.49525,0.49115,0.4931,0.30648,0.24211,0.14461,0.05797,0.12477,0.17463,0.08156,0.02362,2.26496,3.53422,3.01995,2.35083,0,0,0,0.000685934,0.000685934,0.000685934
109,2830.04,2.33194,3.64654,3.04653,2.36823,0.49585,0.49066,0.4931,0.3793,0.19297,0.22107,0.08737,0.23762,0.1631,0.10607,0.03351,2.22433,3.52965,2.89652,2.33765,0,0,0,0.000684559,0.000684559,0.000684559
110,2856.07,2.32244,3.61079,3.02669,2.36658,0.493,0.48979,0.4916,0.40325,0.19519,0.19241,0.08113,0.31385,0.09592,0.09533,0.03146,2.21605,3.52276,2.90042,2.3385,0,0,0,0.000683185,0.000683185,0.000683185
111,2882.02,2.34843,3.68684,2.93393,2.30728,0.492,0.48854,0.49032,0.24481,0.20296,0.13727,0.05286,0.20445,0.17807,0.09974,0.03379,2.24667,3.51098,3.02936,2.3422,0,0,0,0.00068181,0.00068181,0.00068181
112,2907.82,2.31226,3.68192,3.06223,2.37277,0.49129,0.48703,0.48963,0.24994,0.23591,0.18043,0.05981,0.22525,0.1763,0.11052,0.03507,2.23967,3.52972,3.45584,2.37518,0,0,0,0.000680436,0.000680436,0.000680436
113,2933.82,2.34242,3.71709,3.07854,2.37416,0.49323,0.48731,0.48993,0.30723,0.2677,0.16809,0.07303,0.23479,0.18547,0.10613,0.03261,2.23663,3.52585,2.99519,2.36671,0,0,0,0.000679062,0.000679062,0.000679062
114,2959.75,2.32051,3.63384,3.16164,2.37905,0.49671,0.48779,0.49089,0.17351,0.24932,0.16561,0.06979,0.10765,0.1852,0.08349,0.02772,2.1992,3.51647,2.94007,2.33571,0,0,0,0.000677687,0.000677687,0.000677687
115,2985.52,2.29561,3.71469,3.0932,2.34996,0.4918,0.48546,0.48846,0.42725,0.23122,0.19115,0.09016,0.14962,0.23199,0.12203,0.03833,2.17635,3.48241,2.88388,2.31468,0,0,0,0.000676313,0.000676313,0.000676313
116,3011.7,2.31143,3.55517,3.08315,2.34713,0.49215,0.48478,0.48776,0.3186,0.24792,0.20982,0.09341,0.18351,0.18859,0.11354,0.04363,2.17311,3.4788,2.8619,2.30166,0,0,0,0.000674938,0.000674938,0.000674938
117,3037.83,2.25775,3.66186,2.92576,2.32599,0.48763,0.48146,0.48548,0.31287,0.29857,0.18991,0.09143,0.26005,0.2268,0.12362,0.04408,2.15266,3.45613,2.78913,2.28288,0,0,0,0.000673564,0.000673564,0.000673564
118,3063.64,2.26634,3.56419,2.85913,2.32418,0.48837,0.4809,0.48528,0.19732,0.24789,0.15712,0.0724,0.14596,0.19663,0.10021,0.03724,2.16604,3.46187,2.85616,2.29681,0,0,0,0.000672189,0.000672189,0.000672189
119,3089.34,2.256,3.53824,2.96457,2.32231,0.49002,0.47934,0.4846,0.1878,0.27558,0.16113,0.06788,0.16018,0.24746,0.1027,0.03493,2.16135,3.48095,2.80286,2.29037,0,0,0,0.000670815,0.000670815,0.000670815
120,3115.12,2.29158,3.64274,3.00184,2.34545,0.48897,0.47845,0.48357,0.21559,0.28762,0.18888,0.08421,0.18844,0.24984,0.13184,0.04524,2.14705,3.4757,2.77393,2.2869,0,0,0,0.00066944,0.00066944,0.00066944
121,3141,2.28616,3.57947,2.96995,2.35663,0.48768,0.47593,0.48143,0.27544,0.2754,0.22232,0.10023,0.17796,0.22843,0.12053,0.04405,2.17759,3.48329,2.766,2.29808,0,0,0,0.000668066,0.000668066,0.000668066
122,3167.26,2.26905,3.59686,2.91195,2.27876,0.48816,0.47296,0.47981,0.35962,0.25367,0.2236,0.08896,0.31334,0.17028,0.13239,0.04792,2.13525,3.43764,2.71986,2.26578,0,0,0,0.000666692,0.000666692,0.000666692
123,3193.07,2.26384,3.56369,2.91099,2.32977,0.48879,0.47057,0.47911,0.25713,0.33574,0.19756,0.08706,0.20766,0.28336,0.15294,0.055,2.13222,3.43345,2.6828,2.2597,0,0,0,0.000665317,0.000665317,0.000665317
124,3218.84,2.25985,3.63925,2.92696,2.30379,0.48443,0.46671,0.47567,0.4577,0.2327,0.21179,0.09127,0.18493,0.24607,0.13677,0.04689,2.09652,3.49686,2.66874,2.24476,0,0,0,0.000663943,0.000663943,0.000663943
125,3244.79,2.25027,3.57515,2.79229,2.24132,0.48145,0.46036,0.47121,0.3566,0.3206,0.28333,0.1285,0.29918,0.26678,0.21621,0.06966,2.08693,3.43327,2.62123,2.22515,0,0,0,0.000662568,0.000662568,0.000662568
126,3270.85,2.23804,3.54401,2.90974,2.30495,0.48547,0.45773,0.46992,0.3597,0.2953,0.24313,0.10643,0.3038,0.24587,0.1608,0.05432,2.12712,3.45745,2.62068,2.26897,0,0,0,0.000661194,0.000661194,0.000661194
127,3296.64,2.25526,3.5681,2.82978,2.26337,0.48464,0.45119,0.46695,0.33374,0.30721,0.24071,0.10699,0.18094,0.25186,0.15431,0.0561,2.07752,3.40854,2.56738,2.23285,0,0,0,0.000659819,0.000659819,0.000659819
128,3322.48,2.24596,3.56709,2.81088,2.25226,0.48348,0.44257,0.46097,0.2695,0.31122,0.22197,0.09371,0.16158,0.26657,0.14471,0.0472,2.09525,3.40662,2.63158,2.24224,0,0,0,0.000658445,0.000658445,0.000658445
129,3348.25,2.20011,3.55613,2.85548,2.29912,0.48166,0.4336,0.45528,0.23398,0.36431,0.21034,0.09144,0.18411,0.25272,0.12144,0.03923,2.08429,3.39532,2.83343,2.2169,0,0,0,0.00065707,0.00065707,0.00065707
130,3374.03,2.24385,3.53191,2.91845,2.27431,0.48065,0.42722,0.44903,0.18995,0.3487,0.18823,0.07947,0.13232,0.2816,0.10627,0.03695,2.11871,3.43631,2.7358,2.24435,0,0,0,0.000655696,0.000655696,0.000655696
131,3399.74,2.22839,3.55579,2.82796,2.2857,0.47944,0.4183,0.44175,0.25469,0.3013,0.19066,0.08008,0.17703,0.24393,0.11527,0.04065,2.11749,3.44179,2.58982,2.24895,0,0,0,0.000654321,0.000654321,0.000654321
132,3425.54,2.24391,3.56659,2.79061,2.26031,0.47933,0.40824,0.43176,0.2601,0.35607,0.23955,0.10532,0.20757,0.33797,0.16125,0.05223,2.04818,3.38059,2.66139,2.20137,0,0,0,0.000652947,0.000652947,0.000652947
133,3451.33,2.14538,3.54372,2.77232,2.24518,0.47679,0.39932,0.42385,0.41228,0.2914,0.26511,0.12157,0.33631,0.21529,0.15612,0.05514,2.08145,3.35654,2.60264,2.20117,0,0,0,0.000651573,0.000651573,0.000651573
134,3476.98,2.13998,3.44863,2.80888,2.28192,0.47293,0.38289,0.40723,0.38086,0.29625,0.24964,0.11493,0.16814,0.22691,0.17355,0.06154,2.08021,3.3395,2.52234,2.21369,0,0,0,0.000650198,0.000650198,0.000650198
135,3502.77,2.13053,3.52154,2.78827,2.27797,0.47237,0.3729,0.39449,0.33335,0.30527,0.25808,0.12194,0.25842,0.26687,0.16655,0.06155,2.06043,3.3654,2.52262,2.20743,0,0,0,0.000648824,0.000648824,0.000648824
136,3528.63,2.22282,3.50704,2.78856,2.26427,0.47114,0.35877,0.37775,0.30973,0.34149,0.25848,0.11879,0.23796,0.28694,0.19348,0.06967,2.06183,3.35876,2.6247,2.21131,0,0,0,0.000647449,0.000647449,0.000647449
137,3554.51,2.20835,3.54123,2.7556,2.26617,0.46606,0.34195,0.35511,0.29024,0.33303,0.27685,0.1275,0.21967,0.24843,0.15881,0.06035,2.01676,3.31808,2.47342,2.18634,0,0,0,0.000646075,0.000646075,0.000646075
138,3580.31,2.20094,3.46999,2.82343,2.25558,0.4628,0.32734,0.33748,0.25329,0.3761,0.26562,0.12729,0.15063,0.24744,0.1616,0.05912,2.05158,3.32768,2.50219,2.20522,0,0,0,0.0006447,0.0006447,0.0006447
139,3606.12,2.20893,3.53084,2.76418,2.23371,0.45887,0.31702,0.32178,0.32894,0.2797,0.28042,0.13429,0.19046,0.265,0.17134,0.06201,2.02459,3.31058,2.47575,2.18373,0,0,0,0.000643326,0.000643326,0.000643326
140,3631.96,2.16121,3.4615,2.69033,2.22863,0.45266,0.30265,0.30402,0.38809,0.29982,0.30177,0.13693,0.2559,0.26119,0.16145,0.05334,2.02544,3.32662,2.47192,2.19373,0,0,0,0.000641951,0.000641951,0.000641951
141,3657.84,2.2086,3.4722,2.67879,2.26052,0.44834,0.29094,0.2953,0.31524,0.32274,0.30051,0.13306,0.22147,0.31304,0.19096,0.07017,2.04952,3.34786,2.4425,2.20231,0,0,0,0.000640577,0.000640577,0.000640577
142,3683.83,2.16455,3.56317,2.71758,2.25482,0.4383,0.27196,0.27729,0.29423,0.40385,0.27767,0.12806,0.20652,0.30192,0.16838,0.05662,1.99277,3.33714,2.41663,2.17336,0,0,0,0.000639203,0.000639203,0.000639203
143,3709.69,2.14766,3.47401,2.67456,2.21221,0.43124,0.26121,0.27031,0.30361,0.39251,0.3148,0.13987,0.23507,0.29426,0.20846,0.06589,1.98542,3.32331,2.41205,2.16418,0,0,0,0.000637828,0.000637828,0.000637828
144,3735.78,2.16827,3.42652,2.74653,2.22798,0.41983,0.24807,0.263,0.31927,0.28295,0.23234,0.10358,0.18245,0.31336,0.17126,0.05697,2.03693,3.38151,2.52454,2.19103,0,0,0,0.000636454,0.000636454,0.000636454
145,3761.48,2.16544,3.41057,2.74159,2.26834,0.40379,0.23272,0.2522,0.41892,0.29927,0.27981,0.12611,0.34284,0.19354,0.16352,0.05512,2.04609,3.34337,2.44439,2.19762,0,0,0,0.000635079,0.000635079,0.000635079
146,3787.38,2.17833,3.52665,2.67882,2.21586,0.38822,0.21724,0.24307,0.237,0.40872,0.26965,0.12214,0.195,0.36361,0.17233,0.06694,2.03223,3.31673,2.4372,2.18661,0,0,0,0.000633705,0.000633705,0.000633705
147,3813.13,2.13691,3.38305,2.59543,2.18129,0.36951,0.20789,0.23476,0.31514,0.43808,0.32165,0.14464,0.23809,0.34261,0.20685,0.08159,1.96661,3.26932,2.32541,2.13681,0,0,0,0.00063233,0.00063233,0.00063233
148,3839.3,2.11647,3.51348,2.61292,2.18074,0.35534,0.20095,0.233,0.34158,0.46712,0.33499,0.15167,0.2822,0.38539,0.23238,0.08609,1.98666,3.2892,2.3449,2.13487,0,0,0,0.000630956,0.000630956,0.000630956
149,3865.48,2.17989,3.44236,2.56844,2.17924,0.34495,0.19419,0.22926,0.37429,0.37309,0.33494,0.15244,0.29368,0.28458,0.22209,0.08541,1.95704,3.29833,2.43012,2.11662,0,0,0,0.000629581,0.000629581,0.000629581
150,3891.52,2.10932,3.41786,2.6213,2.16309,0.32846,0.1858,0.2248,0.31268,0.42139,0.3173,0.14791,0.23329,0.33867,0.22024,0.08304,1.97697,3.32509,2.33215,2.13918,0,0,0,0.000628207,0.000628207,0.000628207
151,3917.32,2.15037,3.48947,2.62951,2.16774,0.31097,0.17411,0.21608,0.38271,0.40561,0.31473,0.14891,0.32709,0.33024,0.24851,0.09175,1.97092,3.26544,2.32406,2.14605,0,0,0,0.000626832,0.000626832,0.000626832
152,3943.31,2.13192,3.44737,2.54792,2.18034,0.30797,0.17767,0.21714,0.37339,0.39537,0.353,0.16727,0.31143,0.32399,0.264,0.11405,1.95507,3.23679,2.30483,2.13015,0,0,0,0.000625458,0.000625458,0.000625458
153,3969.39,2.15941,3.36778,2.5686,2.22698,0.29972,0.17523,0.21291,0.49983,0.38391,0.38741,0.19755,0.40865,0.3,0.27538,0.11933,1.95138,3.24192,2.32623,2.12142,0,0,0,0.000624084,0.000624084,0.000624084
154,3995.53,2.09995,3.33044,2.53682,2.1702,0.29014,0.17148,0.20863,0.48612,0.33322,0.39922,0.18925,0.40542,0.23753,0.27463,0.11051,1.95667,3.22733,2.35228,2.12317,0,0,0,0.000622709,0.000622709,0.000622709
155,4021.31,2.10509,3.34271,2.54261,2.17019,0.27999,0.16657,0.20396,0.60946,0.28938,0.37592,0.17119,0.51997,0.22944,0.25806,0.1005,1.98441,3.27669,2.28595,2.13008,0,0,0,0.000621335,0.000621335,0.000621335
156,4047.02,2.12536,3.39186,2.53526,2.16332,0.26719,0.16034,0.19486,0.26754,0.45461,0.30883,0.14858,0.21498,0.37568,0.22537,0.09486,1.91642,3.19824,2.40225,2.08602,0,0,0,0.00061996,0.00061996,0.00061996
157,4072.92,2.13939,3.4109,2.51342,2.19373,0.26266,0.16954,0.19729,0.40789,0.38327,0.34651,0.16255,0.30336,0.30194,0.2264,0.08109,1.93558,3.18348,2.26553,2.09129,0,0,0,0.000618586,0.000618586,0.000618586
158,4098.67,2.06648,3.39922,2.57953,2.16185,0.25154,0.16545,0.19103,0.34654,0.41131,0.36044,0.17253,0.27703,0.30962,0.24323,0.10226,1.89585,3.21223,2.32595,2.07057,0,0,0,0.000617211,0.000617211,0.000617211
159,4124.49,2.07649,3.43876,2.5196,2.18165,0.25247,0.16296,0.18885,0.37823,0.41615,0.35714,0.17216,0.31647,0.31354,0.23678,0.09602,1.90585,3.18362,2.2673,2.07739,0,0,0,0.000615837,0.000615837,0.000615837
160,4150.28,2.06513,3.46192,2.48129,2.1594,0.24614,0.1565,0.18291,0.45466,0.34842,0.3915,0.19684,0.3677,0.28014,0.26227,0.09913,1.91528,3.16972,2.16197,2.09282,0,0,0,0.000614462,0.000614462,0.000614462
161,4176.11,2.09286,3.47375,2.54847,2.17191,0.24407,0.16138,0.18426,0.43536,0.34795,0.37838,0.183,0.2459,0.33867,0.25936,0.09792,1.93462,3.18285,2.25478,2.08851,0,0,0,0.000613088,0.000613088,0.000613088
162,4201.89,2.13257,3.38595,2.54354,2.15395,0.23404,0.15544,0.17756,0.36121,0.45672,0.38407,0.18764,0.24941,0.3424,0.24435,0.09422,1.90824,3.14657,2.21442,2.06299,0,0,0,0.000611714,0.000611714,0.000611714
163,4227.75,2.13975,3.30171,2.54536,2.12487,0.22755,0.15253,0.16935,0.44564,0.38098,0.34756,0.16823,0.34091,0.30252,0.233,0.08944,1.91273,3.13339,2.20586,2.06326,0,0,0,0.000610339,0.000610339,0.000610339
164,4253.64,2.10019,3.32809,2.47697,2.11616,0.22105,0.15039,0.16846,0.3021,0.48275,0.33787,0.17639,0.24106,0.39901,0.21164,0.08792,1.87478,3.16478,2.24331,2.05465,0,0,0,0.000608965,0.000608965,0.000608965
165,4279.44,2.09996,3.31825,2.55208,2.16494,0.22258,0.15272,0.16961,0.2981,0.4718,0.35344,0.18193,0.24207,0.3601,0.23525,0.10324,1.87401,3.2036,2.2773,2.06968,0,0,0,0.00060759,0.00060759,0.00060759
166,4305.19,2.0563,3.34911,2.51279,2.15903,0.22343,0.15373,0.17036,0.44732,0.46222,0.42268,0.21648,0.35583,0.34772,0.28223,0.12293,1.88121,3.17084,2.19288,2.06115,0,0,0,0.000606216,0.000606216,0.000606216
167,4331.22,2.09873,3.28705,2.40205,2.13024,0.22137,0.15435,0.17129,0.41946,0.44882,0.4186,0.20504,0.29963,0.37911,0.29136,0.12348,1.88079,3.15379,2.15844,2.06089,0,0,0,0.000604841,0.000604841,0.000604841
168,4356.92,2.0304,3.38849,2.46964,2.1437,0.22755,0.15635,0.17413,0.51799,0.33991,0.40765,0.21026,0.22204,0.39959,0.30097,0.13342,1.90939,3.11957,2.14009,2.0615,0,0,0,0.000603467,0.000603467,0.000603467
169,4383.03,2.07085,3.36844,2.45095,2.13163,0.2232,0.16049,0.17789,0.41234,0.46565,0.46271,0.24777,0.31087,0.37033,0.32892,0.15015,1.8684,3.11487,2.13423,2.02985,0,0,0,0.000602092,0.000602092,0.000602092
170,4409.05,2.01833,3.40116,2.43546,2.14608,0.22746,0.16445,0.17845,0.44237,0.45918,0.42334,0.20991,0.35959,0.34159,0.29154,0.13249,1.84581,3.13391,2.14447,2.02435,0,0,0,0.000600718,0.000600718,0.000600718
171,4434.9,2.04408,3.3089,2.38565,2.14478,0.21615,0.1596,0.17361,0.4258,0.44998,0.38771,0.19824,0.34106,0.35739,0.27066,0.11927,1.86167,3.09916,2.13927,2.01901,0,0,0,0.000599343,0.000599343,0.000599343
172,4460.62,2.08467,3.32481,2.44766,2.1381,0.22207,0.16089,0.17757,0.3817,0.50041,0.41199,0.21214,0.29651,0.39956,0.27771,0.11646,1.88548,3.11961,2.12733,2.03529,0,0,0,0.000597969,0.000597969,0.000597969
173,4486.37,2.06093,3.28468,2.39064,2.12683,0.21885,0.15696,0.17068,0.47202,0.46531,0.45711,0.2479,0.40383,0.38329,0.32499,0.14014,1.83761,3.11167,2.10836,2.02725,0,0,0,0.000596595,0.000596595,0.000596595
174,4512.24,2.06488,3.31674,2.40627,2.11108,0.22359,0.15944,0.17678,0.45421,0.44282,0.44278,0.22794,0.38946,0.37511,0.33005,0.14755,1.82361,3.07213,2.19731,2.01816,0,0,0,0.00059522,0.00059522,0.00059522
175,4538.13,2.05903,3.30217,2.33012,2.05482,0.21823,0.156,0.17208,0.41505,0.46892,0.44513,0.22878,0.32564,0.37158,0.3088,0.13094,1.83294,3.06859,2.06608,2.01203,0,0,0,0.000593846,0.000593846,0.000593846
176,4563.87,2.03829,3.30086,2.37624,2.12098,0.22892,0.15905,0.17556,0.48306,0.44164,0.4457,0.22597,0.38712,0.34383,0.29068,0.11844,1.8317,3.08019,2.11243,2.01821,0,0,0,0.000592471,0.000592471,0.000592471
177,4589.77,2.0349,3.29816,2.3851,2.11897,0.21508,0.14961,0.16546,0.4806,0.44988,0.44823,0.23937,0.3827,0.36117,0.30916,0.1284,1.77918,3.06486,2.17602,1.98114,0,0,0,0.000591097,0.000591097,0.000591097
178,4615.57,2.03323,3.34493,2.35586,2.09695,0.21152,0.14808,0.16382,0.40597,0.47664,0.43621,0.22887,0.35474,0.41559,0.33643,0.1352,1.78638,3.05262,2.11411,1.97632,0,0,0,0.000589722,0.000589722,0.000589722
179,4641.29,2.01019,3.23088,2.40749,2.10684,0.21254,0.15107,0.16669,0.38842,0.49382,0.41107,0.21182,0.34201,0.43157,0.30334,0.13458,1.80154,3.04052,2.07528,1.97632,0,0,0,0.000588348,0.000588348,0.000588348
180,4667.11,2.03108,3.36212,2.35473,2.0788,0.21936,0.15748,0.17241,0.3377,0.46845,0.32668,0.17814,0.26342,0.39196,0.23591,0.10567,1.82173,3.1369,2.36177,2.00661,0,0,0,0.000586973,0.000586973,0.000586973
181,4693.03,2.05435,3.31838,2.30493,2.07202,0.21576,0.15107,0.1686,0.38367,0.41724,0.35715,0.19355,0.2871,0.3575,0.25688,0.11474,1.8481,3.12211,2.25359,2.03029,0,0,0,0.000585599,0.000585599,0.000585599
182,4718.81,2.05102,3.33413,2.35683,2.05114,0.21066,0.14644,0.16047,0.41096,0.47709,0.43846,0.2482,0.32232,0.41891,0.31029,0.13815,1.80924,3.03712,2.01813,1.98932,0,0,0,0.000584225,0.000584225,0.000584225
183,4744.63,1.97448,3.20619,2.2514,2.05401,0.20685,0.15169,0.16902,0.42265,0.51088,0.46189,0.25787,0.32462,0.41667,0.31369,0.14057,1.76275,2.99458,1.99955,1.9565,0,0,0,0.00058285,0.00058285,0.00058285
184,4770.57,1.94469,3.21793,2.31739,2.09644,0.21704,0.15683,0.17473,0.40361,0.51941,0.4505,0.24275,0.33672,0.42654,0.31537,0.14097,1.78093,3.0098,1.97453,1.96733,0,0,0,0.000581476,0.000581476,0.000581476
185,4796.42,1.9802,3.25723,2.25233,2.05904,0.20946,0.15078,0.16737,0.42562,0.50117,0.44662,0.23959,0.36739,0.38678,0.31152,0.14081,1.75442,2.98307,1.98405,1.94961,0,0,0,0.000580101,0.000580101,0.000580101
186,4822.16,2.01812,3.24687,2.27818,2.02825,0.20047,0.14394,0.1597,0.52582,0.43373,0.46362,0.26498,0.45039,0.34486,0.33501,0.15754,1.75233,2.97247,1.98068,1.946,0,0,0,0.000578727,0.000578727,0.000578727
187,4848.27,2.03624,3.24454,2.34301,2.07108,0.20927,0.14926,0.16665,0.53794,0.43472,0.47758,0.26712,0.44444,0.34358,0.33556,0.15014,1.74699,2.98424,1.94,1.96302,0,0,0,0.000577352,0.000577352,0.000577352
188,4874.04,1.96031,3.32494,2.28565,2.08607,0.21614,0.16062,0.17516,0.48266,0.4687,0.49013,0.26911,0.40301,0.38847,0.35353,0.15471,1.76611,3.00803,2.02835,1.95766,0,0,0,0.000575978,0.000575978,0.000575978
189,4900.08,2.023,3.24399,2.32056,2.07647,0.2057,0.14492,0.16558,0.43298,0.4722,0.47791,0.25737,0.30962,0.40792,0.31877,0.14591,1.78887,2.99888,2.03876,1.96784,0,0,0,0.000574603,0.000574603,0.000574603
190,4925.81,1.98354,3.26405,2.25162,2.07682,0.20162,0.15479,0.16938,0.40578,0.53379,0.49164,0.25214,0.33614,0.46057,0.37363,0.15841,1.78071,2.98362,1.97998,1.96923,0,0,0,0.000573229,0.000573229,0.000573229
191,4951.75,2.07738,3.27785,2.32852,2.05427,0.20283,0.15287,0.16978,0.52544,0.42429,0.46906,0.24421,0.4641,0.34012,0.37085,0.15479,1.74685,2.9446,2.00742,1.92937,0,0,0,0.000571854,0.000571854,0.000571854
192,4977.66,1.97238,3.22131,2.28636,2.06208,0.19672,0.14777,0.16552,0.49023,0.4764,0.48203,0.25422,0.49916,0.34835,0.36942,0.14683,1.77688,2.98322,1.92467,1.95125,0,0,0,0.00057048,0.00057048,0.00057048
193,5003.54,1.98354,3.21914,2.25314,2.03712,0.20231,0.14945,0.16569,0.5208,0.49093,0.4794,0.26515,0.44518,0.41402,0.36,0.16084,1.73273,2.95843,1.92086,1.92976,0,0,0,0.000569106,0.000569106,0.000569106
194,5029.59,1.9794,3.15421,2.31233,2.06221,0.20396,0.15123,0.16681,0.43835,0.50471,0.47045,0.25414,0.34643,0.41036,0.32594,0.15322,1.75684,2.97564,1.9884,1.93131,0,0,0,0.000567731,0.000567731,0.000567731
195,5055.38,1.91075,3.18218,2.18812,2.04068,0.19823,0.15009,0.16767,0.54351,0.44411,0.49006,0.26131,0.36443,0.41069,0.3356,0.14475,1.78113,3.00724,1.99806,1.95413,0,0,0,0.000566357,0.000566357,0.000566357
196,5081.33,2.0094,3.24641,2.23872,1.98946,0.19737,0.14573,0.16152,0.4455,0.5295,0.47769,0.26756,0.33559,0.45814,0.34091,0.15706,1.73116,2.975,1.9931,1.92968,0,0,0,0.000564982,0.000564982,0.000564982
197,5107.11,2.0186,3.17598,2.26328,2.06322,0.19607,0.14941,0.16467,0.4337,0.53384,0.49923,0.27488,0.35235,0.44936,0.35677,0.16826,1.72848,2.97427,1.93455,1.91863,0,0,0,0.000563608,0.000563608,0.000563608
198,5133.13,1.94323,3.1859,2.20314,2.04561,0.19643,0.14904,0.16663,0.57118,0.43837,0.50466,0.27897,0.40423,0.37245,0.33795,0.16547,1.71464,2.92041,1.92113,1.91602,0,0,0,0.000562233,0.000562233,0.000562233
199,5159.09,1.92435,3.21929,2.23278,2.01484,0.20666,0.15096,0.171,0.46524,0.51139,0.49336,0.27154,0.38735,0.42606,0.36262,0.15961,1.72902,2.88523,1.87305,1.92479,0,0,0,0.000560859,0.000560859,0.000560859
200,5184.78,1.94027,3.15135,2.22092,2.04269,0.19994,0.15224,0.16889,0.51132,0.49772,0.5166,0.2756,0.42493,0.41658,0.37804,0.15938,1.73264,2.90938,1.87715,1.92789,0,0,0,0.000559484,0.000559484,0.000559484
201,5210.53,1.96066,3.23512,2.23208,2.05163,0.19758,0.15668,0.16938,0.55728,0.49173,0.52793,0.28664,0.46765,0.41635,0.39136,0.1782,1.70296,2.91074,1.85831,1.9127,0,0,0,0.00055811,0.00055811,0.00055811
202,5236.51,1.88723,3.206,2.17445,2.05171,0.19736,0.15885,0.17381,0.6072,0.45805,0.52581,0.29862,0.51165,0.39653,0.40221,0.18143,1.67859,2.89927,1.82005,1.89474,0,0,0,0.000556736,0.000556736,0.000556736
203,5262.49,1.88983,3.15067,2.15694,2.0094,0.19268,0.15253,0.16763,0.52462,0.48828,0.52931,0.31089,0.42259,0.40734,0.37815,0.18495,1.68867,2.8658,1.8243,1.88947,0,0,0,0.000555361,0.000555361,0.000555361
204,5288.6,1.9723,3.11579,2.18306,1.99261,0.19465,0.14637,0.16469,0.45262,0.50128,0.48863,0.27702,0.37502,0.41471,0.34993,0.16616,1.72196,2.88636,1.85047,1.91053,0,0,0,0.000553987,0.000553987,0.000553987
205,5314.36,1.92303,3.11476,2.12652,2.00833,0.19128,0.1443,0.16075,0.48275,0.49406,0.48248,0.2665,0.40476,0.39612,0.3677,0.17167,1.71793,2.88845,1.90575,1.90441,0,0,0,0.000552612,0.000552612,0.000552612
206,5340.2,1.94807,3.1567,2.19386,1.99553,0.18231,0.13948,0.15689,0.47122,0.5264,0.51861,0.29405,0.41264,0.42736,0.36466,0.16863,1.74254,2.8987,1.90345,1.91519,0,0,0,0.000551238,0.000551238,0.000551238
207,5365.89,1.90106,3.15932,2.1568,2.03303,0.18505,0.14553,0.15891,0.42756,0.60139,0.54559,0.30202,0.34291,0.50087,0.38372,0.17457,1.70472,2.89262,1.85938,1.90306,0,0,0,0.000549863,0.000549863,0.000549863
208,5391.66,1.8878,3.19872,2.13142,2.01661,0.19096,0.14762,0.16601,0.44946,0.59236,0.52643,0.28635,0.40177,0.49448,0.37855,0.17659,1.68953,2.91095,1.86901,1.89393,0,0,0,0.000548489,0.000548489,0.000548489
209,5417.44,1.92767,3.21552,2.16872,2.01329,0.18281,0.14202,0.15933,0.53374,0.53858,0.53528,0.28802,0.41364,0.44518,0.37091,0.163,1.67136,2.8943,1.91397,1.89064,0,0,0,0.000547114,0.000547114,0.000547114
210,5443.03,1.89714,3.13389,2.18384,2.04693,0.18725,0.14658,0.16408,0.54774,0.53321,0.54234,0.29786,0.37447,0.46902,0.36516,0.16776,1.67629,2.86927,1.84421,1.8921,0,0,0,0.00054574,0.00054574,0.00054574
211,5468.77,1.95104,3.191,2.16255,2.0057,0.18711,0.14768,0.16393,0.48978,0.53999,0.52279,0.29412,0.37294,0.46214,0.3559,0.16557,1.69275,2.84958,1.82918,1.89803,0,0,0,0.000544365,0.000544365,0.000544365
212,5494.48,1.93623,3.17878,2.156,2.00354,0.18472,0.15065,0.16694,0.52338,0.56061,0.5368,0.30193,0.37924,0.46437,0.3669,0.17525,1.6546,2.82212,1.82144,1.87103,0,0,0,0.000542991,0.000542991,0.000542991
213,5520.26,1.92444,3.16316,2.11842,1.99175,0.18795,0.1568,0.17175,0.50332,0.52181,0.5204,0.29677,0.38445,0.42292,0.36308,0.17304,1.63893,2.8595,1.8732,1.85947,0,0,0,0.000541617,0.000541617,0.000541617
214,5545.93,1.8843,3.12224,2.15374,1.98601,0.1754,0.14111,0.15698,0.47481,0.55004,0.54628,0.31097,0.37209,0.44465,0.39088,0.19345,1.62117,2.82481,1.84012,1.85158,0,0,0,0.000540242,0.000540242,0.000540242
215,5571.94,1.88873,3.15074,2.10646,1.99851,0.17893,0.14701,0.16071,0.49707,0.52295,0.55357,0.32547,0.42588,0.38084,0.39122,0.19617,1.62326,2.82479,1.75515,1.85124,0,0,0,0.000538868,0.000538868,0.000538868
216,5597.82,1.85244,3.06498,2.0645,1.9822,0.18068,0.14878,0.16314,0.53037,0.59319,0.56408,0.33994,0.47834,0.47757,0.40214,0.19563,1.61348,2.79694,1.76268,1.8393,0,0,0,0.000537493,0.000537493,0.000537493
217,5623.91,1.97561,3.17907,2.18764,1.99208,0.18582,0.15012,0.1649,0.52306,0.59176,0.5466,0.3219,0.45023,0.45549,0.38439,0.18705,1.61174,2.83118,1.85353,1.83531,0,0,0,0.000536119,0.000536119,0.000536119
218,5649.61,1.91637,3.0979,2.12855,1.99126,0.1753,0.14885,0.16294,0.52773,0.5566,0.50075,0.29008,0.43845,0.46183,0.3672,0.18059,1.63864,2.82679,1.82803,1.84289,0,0,0,0.000534744,0.000534744,0.000534744
219,5675.36,1.93845,3.13975,2.14904,1.95548,0.17997,0.14666,0.16215,0.57161,0.5173,0.54317,0.31715,0.48104,0.41977,0.39559,0.19037,1.64309,2.83584,1.85408,1.84048,0,0,0,0.00053337,0.00053337,0.00053337
220,5701.16,1.88315,3.12289,2.10832,1.98982,0.18103,0.14891,0.16721,0.53766,0.57354,0.56082,0.33008,0.41177,0.49388,0.38716,0.1932,1.64239,2.79986,1.7719,1.84416,0,0,0,0.000531995,0.000531995,0.000531995
221,5726.87,1.84174,3.07531,2.06039,1.95947,0.18022,0.14697,0.16315,0.50067,0.59246,0.56859,0.33156,0.41401,0.48745,0.40507,0.191,1.64791,2.80268,1.70865,1.84826,0,0,0,0.000530621,0.000530621,0.000530621
222,5752.61,1.85252,3.05205,2.07295,1.96078,0.17221,0.14622,0.1592,0.47927,0.63371,0.57437,0.33265,0.39074,0.53911,0.41609,0.20271,1.6529,2.79873,1.7933,1.84725,0,0,0,0.000529247,0.000529247,0.000529247
223,5778.43,1.91393,3.03414,2.068,1.94054,0.1663,0.14021,0.1546,0.50719,0.58923,0.56944,0.33066,0.42996,0.49085,0.40733,0.20131,1.64104,2.78476,1.83477,1.83629,0,0,0,0.000527872,0.000527872,0.000527872
224,5804.09,1.85341,3.05598,2.06601,1.96319,0.1842,0.15282,0.16887,0.49825,0.61028,0.5557,0.32297,0.41673,0.50908,0.40819,0.19285,1.60838,2.78967,1.77848,1.82102,0,0,0,0.000526498,0.000526498,0.000526498
225,5829.86,1.94195,3.05935,2.15558,1.97059,0.17265,0.1441,0.15885,0.57141,0.48968,0.52426,0.30643,0.44992,0.39187,0.3554,0.16353,1.62671,2.82186,1.81346,1.83875,0,0,0,0.000525123,0.000525123,0.000525123
226,5855.63,1.86745,3.04293,2.07943,1.94633,0.16843,0.14057,0.15584,0.53959,0.58727,0.55424,0.33747,0.45403,0.50134,0.39676,0.18813,1.57565,2.75015,1.73985,1.81592,0,0,0,0.000523749,0.000523749,0.000523749
227,5881.25,1.79734,2.99387,2.03912,1.91606,0.17985,0.14575,0.16193,0.55198,0.59494,0.57842,0.34883,0.47472,0.51624,0.43616,0.20923,1.58765,2.71496,1.69486,1.82274,0,0,0,0.000522374,0.000522374,0.000522374
228,5907.17,1.83768,3.07509,2.07,1.96752,0.17985,0.15092,0.16662,0.55728,0.58515,0.58788,0.34539,0.46808,0.50349,0.43494,0.2157,1.61384,2.74496,1.72948,1.82923,0,0,0,0.000521,0.000521,0.000521
229,5933.14,1.88459,3.07133,2.06829,1.9488,0.17183,0.14574,0.15976,0.54433,0.59217,0.58966,0.34613,0.4499,0.51979,0.45587,0.21377,1.60733,2.71146,1.68998,1.82491,0,0,0,0.000519625,0.000519625,0.000519625
230,5958.99,1.83007,3.01409,1.99591,1.9222,0.17819,0.14888,0.16563,0.54623,0.58354,0.58666,0.35136,0.45104,0.50763,0.43078,0.20414,1.64754,2.76103,1.6829,1.85021,0,0,0,0.000518251,0.000518251,0.000518251
231,5984.8,1.88027,3.04401,2.0713,1.96215,0.1714,0.14379,0.15763,0.56248,0.5757,0.58212,0.33388,0.47355,0.49203,0.42733,0.20223,1.62245,2.77288,1.78948,1.83085,0,0,0,0.000516877,0.000516877,0.000516877
232,6010.48,1.85716,3.04095,2.06434,1.96712,0.17227,0.14594,0.16003,0.62495,0.52201,0.55788,0.32449,0.52031,0.43332,0.40428,0.19014,1.60612,2.74098,1.73578,1.82376,0,0,0,0.000515502,0.000515502,0.000515502
233,6036.22,1.8789,3.08483,2.09075,1.97809,0.17005,0.14516,0.15895,0.56192,0.58269,0.56612,0.34301,0.48405,0.49586,0.43481,0.21083,1.60073,2.72818,1.7487,1.82044,0,0,0,0.000514128,0.000514128,0.000514128
234,6062.01,1.89622,3.10185,2.10503,1.99726,0.16795,0.14089,0.1561,0.51981,0.61189,0.57289,0.35738,0.47278,0.52992,0.45025,0.21678,1.60745,2.72262,1.83933,1.82982,0,0,0,0.000512753,0.000512753,0.000512753
235,6088.11,1.85952,3.06727,2.02777,1.91529,0.17473,0.14986,0.1643,0.57166,0.61986,0.61249,0.37616,0.49102,0.53666,0.45099,0.22069,1.61208,2.71177,1.74643,1.82511,0,0,0,0.000511379,0.000511379,0.000511379
236,6114.2,1.8316,3.05522,1.97057,1.93603,0.17459,0.14812,0.16398,0.54451,0.6091,0.58714,0.36483,0.48107,0.51275,0.45303,0.22796,1.57483,2.71812,1.74692,1.79714,0,0,0,0.000510004,0.000510004,0.000510004
237,6139.83,1.81594,2.99059,2.05611,1.93745,0.17897,0.15182,0.16964,0.57806,0.54166,0.57225,0.34619,0.51538,0.4716,0.43773,0.21544,1.55836,2.70588,1.71455,1.78227,0,0,0,0.00050863,0.00050863,0.00050863
238,6165.66,1.85118,2.93291,2.00933,1.93907,0.17015,0.14777,0.16144,0.50134,0.62155,0.56334,0.32928,0.42174,0.5153,0.41418,0.19498,1.58314,2.70332,1.6423,1.79725,0,0,0,0.000507255,0.000507255,0.000507255
239,6191.39,1.84998,2.98121,2.01387,1.92691,0.17168,0.14564,0.15887,0.54007,0.60097,0.59119,0.34809,0.44945,0.49388,0.4445,0.22162,1.5743,2.68149,1.66405,1.7945,0,0,0,0.000505881,0.000505881,0.000505881
240,6216.99,1.81694,3.06156,2.02129,1.96887,0.17858,0.15003,0.164,0.56555,0.6335,0.61041,0.36562,0.46447,0.52611,0.45514,0.23041,1.57417,2.70243,1.67482,1.79792,0,0,0,0.000504506,0.000504506,0.000504506
241,6242.67,1.78781,2.9555,1.98174,1.91137,0.16668,0.14068,0.15521,0.52986,0.62692,0.60549,0.35577,0.45417,0.51305,0.43454,0.22278,1.58411,2.69401,1.6285,1.80327,0,0,0,0.000503132,0.000503132,0.000503132
242,6268.38,1.89754,2.97735,2.00661,1.91637,0.16517,0.14242,0.15529,0.52597,0.61389,0.57421,0.33728,0.42169,0.51966,0.42057,0.20907,1.58586,2.70333,1.67437,1.80091,0,0,0,0.000501758,0.000501758,0.000501758
243,6294.31,1.87744,3.00459,2.00543,1.92261,0.16861,0.14763,0.15831,0.48392,0.63405,0.57359,0.34567,0.39747,0.54947,0.43138,0.20857,1.55906,2.67466,1.67254,1.78687,0,0,0,0.000500383,0.000500383,0.000500383
244,6319.96,1.82536,2.97695,1.96982,1.91476,0.17341,0.1491,0.16258,0.49506,0.68336,0.57673,0.34982,0.42399,0.59802,0.44804,0.2144,1.55029,2.65438,1.63834,1.77746,0,0,0,0.000499009,0.000499009,0.000499009
245,6345.69,1.81286,2.90696,1.95533,1.9201,0.16552,0.14107,0.15452,0.50679,0.64933,0.59161,0.35878,0.44172,0.55606,0.45956,0.22719,1.55587,2.6771,1.656,1.77572,0,0,0,0.000497634,0.000497634,0.000497634
246,6371.33,1.81744,3.02718,2.03939,1.95832,0.16822,0.14081,0.15529,0.49301,0.59483,0.56234,0.33453,0.43292,0.52013,0.43363,0.21766,1.57532,2.69692,1.71183,1.79108,0,0,0,0.00049626,0.00049626,0.00049626
247,6397.07,1.86518,2.93893,1.97297,1.90042,0.16633,0.14701,0.15769,0.55382,0.59856,0.59507,0.35317,0.48087,0.52218,0.46357,0.22192,1.5515,2.66798,1.6468,1.76968,0,0,0,0.000494885,0.000494885,0.000494885
248,6423.02,1.85131,2.92386,1.90532,1.87426,0.15943,0.14469,0.15499,0.57391,0.59824,0.61158,0.35136,0.44666,0.52632,0.46219,0.21161,1.59385,2.7147,1.68208,1.79211,0,0,0,0.000493511,0.000493511,0.000493511
249,6448.68,1.8239,3.03132,1.99374,1.9288,0.17454,0.14762,0.16164,0.51596,0.62,0.60265,0.34981,0.51227,0.46478,0.44856,0.21282,1.59102,2.66429,1.63774,1.78911,0,0,0,0.000492136,0.000492136,0.000492136
250,6474.45,1.79786,2.94175,1.94688,1.88487,0.16495,0.14365,0.15682,0.57488,0.63454,0.63012,0.37662,0.51224,0.53162,0.467,0.22524,1.55012,2.62675,1.57957,1.76365,0,0,0,0.000490762,0.000490762,0.000490762
251,6500.51,1.81609,2.9315,1.97249,1.90281,0.16169,0.14168,0.1536,0.60764,0.56092,0.60812,0.35409,0.4117,0.57332,0.44649,0.21617,1.56195,2.62259,1.62685,1.77622,0,0,0,0.000489387,0.000489387,0.000489387
252,6526.2,1.79084,2.98016,1.92353,1.90772,0.1629,0.143,0.15553,0.60809,0.56046,0.60003,0.35912,0.43444,0.54542,0.44506,0.22259,1.5219,2.62234,1.56254,1.75698,0,0,0,0.000488013,0.000488013,0.000488013
253,6551.95,1.80817,2.94893,1.93479,1.90571,0.17,0.14531,0.15903,0.53282,0.59781,0.59254,0.35433,0.47328,0.51061,0.45693,0.21115,1.54074,2.61724,1.63083,1.76501,0,0,0,0.000486639,0.000486639,0.000486639
254,6577.66,1.83297,3.07388,2.00681,1.93785,0.16732,0.14581,0.15798,0.49371,0.63042,0.60001,0.35798,0.41028,0.55517,0.47085,0.221,1.53459,2.63004,1.6323,1.76208,0,0,0,0.000485264,0.000485264,0.000485264
255,6603.47,1.84851,2.94585,1.90618,1.90268,0.16489,0.14484,0.15689,0.5054,0.65492,0.60125,0.36447,0.4298,0.56635,0.46104,0.21332,1.54218,2.61872,1.64895,1.76855,0,0,0,0.00048389,0.00048389,0.00048389
256,6629.4,1.82089,2.94927,1.9567,1.89804,0.16574,0.14891,0.16138,0.55988,0.60361,0.59742,0.36704,0.47764,0.51888,0.46438,0.22482,1.5175,2.59586,1.64371,1.75296,0,0,0,0.000482515,0.000482515,0.000482515
257,6655,1.80945,2.87294,1.90583,1.88385,0.15645,0.13574,0.14693,0.59067,0.59688,0.6058,0.37148,0.49074,0.54033,0.4771,0.2336,1.51531,2.58185,1.5644,1.75194,0,0,0,0.000481141,0.000481141,0.000481141
258,6680.93,1.73271,2.84075,1.85909,1.84909,0.16413,0.14183,0.15434,0.56423,0.62032,0.60345,0.37595,0.49185,0.55543,0.48469,0.24141,1.50207,2.56179,1.56881,1.74019,0,0,0,0.000479766,0.000479766,0.000479766
259,6706.85,1.82201,2.89004,1.94681,1.88055,0.16558,0.14257,0.15546,0.53316,0.6621,0.60358,0.37517,0.47299,0.56217,0.46886,0.24539,1.51538,2.57063,1.60374,1.74321,0,0,0,0.000478392,0.000478392,0.000478392
260,6732.96,1.88074,2.94857,1.93364,1.86274,0.16339,0.13625,0.15039,0.60073,0.63519,0.63907,0.38074,0.50203,0.57855,0.50852,0.24697,1.52554,2.55953,1.59214,1.74781,0,0,0,0.000477017,0.000477017,0.000477017
261,6759.11,1.84363,3.00308,1.96109,1.87703,0.173,0.14792,0.16139,0.67441,0.59456,0.64405,0.38975,0.53887,0.55652,0.50072,0.24202,1.52065,2.58801,1.60547,1.74212,0,0,0,0.000475643,0.000475643,0.000475643
262,6785.03,1.82229,2.95466,1.98486,1.88581,0.16347,0.1423,0.15409,0.63628,0.5821,0.61648,0.38946,0.56908,0.52257,0.50276,0.24217,1.52907,2.59706,1.55834,1.75419,0,0,0,0.000474269,0.000474269,0.000474269
263,6810.71,1.75577,2.899,1.83693,1.83903,0.16457,0.14656,0.15689,0.6047,0.612,0.61637,0.38592,0.53065,0.53914,0.50221,0.24327,1.51812,2.55963,1.55458,1.74691,0,0,0,0.000472894,0.000472894,0.000472894
264,6836.45,1.7832,2.87427,1.90804,1.88425,0.1798,0.15398,0.16658,0.54731,0.64448,0.62731,0.38329,0.46754,0.55773,0.4921,0.25235,1.5123,2.54421,1.58363,1.74101,0,0,0,0.00047152,0.00047152,0.00047152
265,6862.42,1.77215,2.87867,1.90368,1.87164,0.16795,0.1396,0.15359,0.55972,0.64223,0.63784,0.40297,0.49921,0.5576,0.51159,0.26505,1.504,2.5491,1.5953,1.73069,0,0,0,0.000470145,0.000470145,0.000470145
266,6888.4,1.78337,2.90805,1.91987,1.87609,0.15877,0.13412,0.14735,0.54002,0.66352,0.63933,0.41278,0.52598,0.53616,0.50244,0.26554,1.48337,2.5209,1.53335,1.72569,0,0,0,0.000468771,0.000468771,0.000468771
267,6914.36,1.77746,2.90452,1.9081,1.88458,0.1659,0.14403,0.15572,0.613,0.6631,0.66103,0.41774,0.53661,0.56092,0.51413,0.25923,1.48944,2.53038,1.52014,1.72543,0,0,0,0.000467396,0.000467396,0.000467396
268,6940.04,1.76648,2.89451,1.92494,1.88668,0.16115,0.14021,0.15259,0.60355,0.63848,0.63217,0.38866,0.52069,0.54321,0.49015,0.25372,1.47528,2.55394,1.57866,1.72168,0,0,0,0.000466022,0.000466022,0.000466022
269,6965.86,1.77675,2.93096,1.86108,1.84995,0.16281,0.13973,0.15229,0.65501,0.63631,0.6366,0.39636,0.53749,0.56806,0.51599,0.26518,1.49086,2.5543,1.55493,1.72741,0,0,0,0.000464647,0.000464647,0.000464647
270,6991.5,1.78537,2.9235,1.86915,1.86323,0.16247,0.14383,0.15425,0.53612,0.65941,0.62212,0.385,0.46498,0.58299,0.509,0.26778,1.50818,2.55739,1.52943,1.73316,0,0,0,0.000463273,0.000463273,0.000463273
271,7017.22,1.81542,2.95681,1.96963,1.90164,0.1678,0.14445,0.15716,0.63694,0.57836,0.62145,0.39083,0.54427,0.5001,0.49566,0.25765,1.49343,2.53666,1.50408,1.72755,0,0,0,0.000461898,0.000461898,0.000461898
272,7043.14,1.81183,2.87469,1.91951,1.86667,0.16653,0.14559,0.15726,0.53238,0.66012,0.62996,0.39684,0.45682,0.56544,0.49623,0.2638,1.48801,2.53731,1.5951,1.71917,0,0,0,0.000460524,0.000460524,0.000460524
273,7068.89,1.80539,2.85677,1.86069,1.85289,0.1645,0.14783,0.15804,0.58534,0.60712,0.61225,0.39278,0.5137,0.53647,0.48786,0.26278,1.46856,2.55281,1.5585,1.71016,0,0,0,0.00045915,0.00045915,0.00045915
274,7094.56,1.85311,2.95523,1.94073,1.87233,0.1708,0.14353,0.15728,0.66008,0.60308,0.64261,0.41256,0.52469,0.53987,0.51261,0.27786,1.46684,2.50648,1.52066,1.70833,0,0,0,0.000457775,0.000457775,0.000457775
275,7120.62,1.794,2.91945,1.85151,1.8558,0.16175,0.13738,0.14743,0.6651,0.59829,0.66921,0.43381,0.53724,0.54501,0.52942,0.28227,1.47578,2.50954,1.51988,1.70435,0,0,0,0.000456401,0.000456401,0.000456401
276,7146.38,1.73967,2.89963,1.87048,1.86283,0.17442,0.15402,0.16338,0.64001,0.64247,0.66519,0.43083,0.55966,0.55077,0.53361,0.27754,1.47466,2.52483,1.57752,1.70525,0,0,0,0.000455026,0.000455026,0.000455026
277,7172.2,1.784,2.82713,1.90504,1.87011,0.16303,0.13973,0.15143,0.63045,0.64167,0.66195,0.42255,0.53858,0.53434,0.51745,0.2752,1.47272,2.48964,1.52839,1.70744,0,0,0,0.000453652,0.000453652,0.000453652
278,7197.9,1.78603,2.92491,1.84761,1.83623,0.16597,0.14683,0.15721,0.64627,0.64717,0.66626,0.42586,0.55036,0.55404,0.51538,0.28076,1.45216,2.47861,1.50989,1.7007,0,0,0,0.000452277,0.000452277,0.000452277
279,7223.58,1.73384,2.77132,1.81081,1.81516,0.15684,0.13276,0.145,0.55639,0.67229,0.65307,0.41795,0.46977,0.58046,0.4998,0.26467,1.46701,2.50106,1.50528,1.70603,0,0,0,0.000450903,0.000450903,0.000450903
280,7249.35,1.76759,2.86834,1.89357,1.84595,0.16216,0.14278,0.1526,0.52619,0.70553,0.66382,0.42978,0.50037,0.52678,0.50754,0.27167,1.48373,2.52187,1.50617,1.71561,0,0,0,0.000449528,0.000449528,0.000449528
281,7275.08,1.70986,2.83508,1.80704,1.82706,0.16062,0.14195,0.1523,0.59846,0.65943,0.67908,0.44185,0.53165,0.55911,0.53227,0.29369,1.43918,2.47211,1.46529,1.6881,0,0,0,0.000448154,0.000448154,0.000448154
282,7301.11,1.72157,2.82626,1.82315,1.84582,0.16765,0.14326,0.15514,0.63729,0.64657,0.68027,0.43891,0.57428,0.54585,0.53872,0.28572,1.4612,2.50199,1.45724,1.70076,0,0,0,0.00044678,0.00044678,0.00044678
283,7326.85,1.73502,2.81218,1.80759,1.81033,0.16601,0.14559,0.15579,0.61557,0.6272,0.65518,0.42076,0.54463,0.56008,0.52637,0.28032,1.46147,2.49039,1.53691,1.7036,0,0,0,0.000445405,0.000445405,0.000445405
284,7352.62,1.7651,2.83349,1.87206,1.847,0.16343,0.14031,0.15069,0.58068,0.67962,0.67506,0.43107,0.50846,0.60929,0.54779,0.29243,1.42937,2.47643,1.53856,1.68104,0,0,0,0.000444031,0.000444031,0.000444031
285,7378.38,1.6875,2.84205,1.77539,1.78565,0.15711,0.13664,0.14816,0.6811,0.62183,0.6737,0.43378,0.5651,0.55829,0.53179,0.28273,1.42372,2.47112,1.46375,1.66852,0,0,0,0.000442656,0.000442656,0.000442656
286,7404.04,1.69344,2.83117,1.83738,1.82895,0.16804,0.14829,0.15981,0.70695,0.58133,0.67554,0.43449,0.61188,0.50889,0.55176,0.28372,1.42923,2.45052,1.46243,1.66822,0,0,0,0.000441282,0.000441282,0.000441282
287,7429.73,1.68566,2.81378,1.78322,1.82837,0.16349,0.14347,0.1542,0.5936,0.63444,0.65689,0.41214,0.51255,0.5638,0.53081,0.28091,1.45197,2.43998,1.45296,1.68865,0,0,0,0.000439907,0.000439907,0.000439907
288,7455.54,1.75479,2.85803,1.83997,1.81984,0.15802,0.13344,0.146,0.61374,0.60417,0.64535,0.41914,0.47245,0.61974,0.5291,0.28488,1.42864,2.43755,1.49223,1.6795,0,0,0,0.000438533,0.000438533,0.000438533
289,7481.24,1.7382,2.75079,1.7996,1.82177,0.15464,0.13377,0.14376,0.60554,0.64612,0.64849,0.40731,0.52516,0.56926,0.51406,0.27161,1.44417,2.43216,1.54218,1.68798,0,0,0,0.000437158,0.000437158,0.000437158
290,7506.97,1.72924,2.84214,1.81652,1.8153,0.16264,0.13837,0.14978,0.55094,0.66916,0.65236,0.41344,0.47261,0.6041,0.51965,0.27699,1.44035,2.42686,1.49593,1.67809,0,0,0,0.000435784,0.000435784,0.000435784
291,7532.79,1.74966,2.83952,1.82105,1.82757,0.16169,0.14303,0.15285,0.56512,0.68656,0.65266,0.41153,0.48199,0.62215,0.51966,0.27221,1.43636,2.4486,1.46617,1.68273,0,0,0,0.000434409,0.000434409,0.000434409
292,7558.54,1.79795,2.8109,1.91527,1.83836,0.15436,0.13651,0.14713,0.61517,0.69387,0.6777,0.42458,0.53384,0.60161,0.52816,0.28344,1.42691,2.42743,1.43961,1.67363,0,0,0,0.000433035,0.000433035,0.000433035
293,7584.18,1.70087,2.76882,1.83005,1.83569,0.15961,0.14148,0.15198,0.59901,0.66979,0.67465,0.4294,0.53236,0.57586,0.53729,0.28566,1.4503,2.44187,1.42974,1.68829,0,0,0,0.000431661,0.000431661,0.000431661
294,7609.85,1.72906,2.80462,1.78535,1.8405,0.16168,0.14585,0.15635,0.61369,0.65204,0.67529,0.43111,0.53632,0.57899,0.53904,0.27787,1.41252,2.40519,1.44874,1.66721,0,0,0,0.000430286,0.000430286,0.000430286
295,7635.5,1.71581,2.77297,1.80334,1.80562,0.15518,0.13229,0.1439,0.60318,0.65483,0.67004,0.42612,0.53666,0.58981,0.53291,0.27159,1.44661,2.42138,1.45645,1.68321,0,0,0,0.000428912,0.000428912,0.000428912
296,7661.17,1.78653,2.87394,1.84556,1.8341,0.15165,0.13437,0.14454,0.59157,0.65084,0.67475,0.42724,0.49072,0.62019,0.53066,0.27797,1.44393,2.42902,1.48616,1.67997,0,0,0,0.000427537,0.000427537,0.000427537
297,7686.93,1.76062,2.85511,1.84523,1.81449,0.16466,0.14265,0.15451,0.56829,0.66054,0.65699,0.40969,0.50658,0.589,0.51253,0.27272,1.45591,2.46456,1.56838,1.68524,0,0,0,0.000426163,0.000426163,0.000426163
298,7712.56,1.72318,2.81977,1.87583,1.8682,0.1644,0.14184,0.15238,0.57554,0.6734,0.65807,0.41895,0.51764,0.58741,0.52787,0.28819,1.4401,2.44478,1.51344,1.6694,0,0,0,0.000424788,0.000424788,0.000424788
299,7738.24,1.7175,2.75289,1.76347,1.83454,0.16318,0.1421,0.1536,0.65818,0.63588,0.66898,0.42695,0.59923,0.57318,0.54929,0.28533,1.43414,2.41655,1.46038,1.67067,0,0,0,0.000423414,0.000423414,0.000423414
300,7763.9,1.67419,2.72676,1.75977,1.84058,0.15547,0.13498,0.14531,0.6641,0.67558,0.67737,0.45021,0.57264,0.63337,0.56289,0.29803,1.41298,2.4006,1.44917,1.65894,0,0,0,0.000422039,0.000422039,0.000422039
301,7790.07,1.68957,2.77307,1.72563,1.7889,0.16196,0.14419,0.15441,0.69223,0.64215,0.68938,0.45756,0.6276,0.56825,0.55365,0.30095,1.40342,2.39548,1.45162,1.65333,0,0,0,0.000420665,0.000420665,0.000420665
302,7815.95,1.65086,2.76431,1.78307,1.82089,0.15567,0.13575,0.14633,0.62771,0.70648,0.69484,0.45327,0.55208,0.62659,0.56503,0.29951,1.39919,2.3817,1.43387,1.6473,0,0,0,0.000419291,0.000419291,0.000419291
303,7841.76,1.78592,2.88606,1.8051,1.79241,0.15896,0.14302,0.15194,0.69024,0.64223,0.69976,0.448,0.62643,0.58133,0.58743,0.3098,1.41606,2.38621,1.45124,1.65505,0,0,0,0.000417916,0.000417916,0.000417916
304,7867.46,1.67802,2.81161,1.71711,1.78078,0.15446,0.13815,0.14863,0.65449,0.66022,0.69168,0.44264,0.57404,0.60364,0.56862,0.31461,1.41248,2.41818,1.45709,1.66039,0,0,0,0.000416542,0.000416542,0.000416542
305,7893.07,1.67616,2.77764,1.73931,1.79474,0.16516,0.14395,0.15253,0.64302,0.65764,0.69045,0.45385,0.59782,0.56403,0.57944,0.32022,1.40349,2.43439,1.40872,1.65996,0,0,0,0.000415167,0.000415167,0.000415167
306,7918.94,1.72917,2.71621,1.77342,1.7914,0.15195,0.13345,0.14479,0.61849,0.68636,0.70269,0.46423,0.59183,0.60202,0.58553,0.31405,1.40078,2.41834,1.38035,1.65506,0,0,0,0.000413793,0.000413793,0.000413793
307,7944.95,1.71744,2.78712,1.75916,1.80013,0.1582,0.13699,0.14646,0.63661,0.66737,0.70616,0.46891,0.56974,0.62132,0.59582,0.31492,1.3832,2.38938,1.36057,1.64204,0,0,0,0.000412418,0.000412418,0.000412418
308,7970.93,1.68469,2.76439,1.7469,1.80194,0.15947,0.14067,0.14974,0.68504,0.62753,0.70005,0.45195,0.60332,0.56015,0.57538,0.30674,1.39625,2.40116,1.38668,1.64456,0,0,0,0.000411044,0.000411044,0.000411044
309,7996.82,1.77129,2.84083,1.80632,1.77837,0.16126,0.13909,0.15071,0.5954,0.70207,0.69543,0.44091,0.53732,0.63235,0.57742,0.30269,1.43986,2.39316,1.43817,1.65705,0,0,0,0.000409669,0.000409669,0.000409669
310,8022.67,1.73413,2.81138,1.83062,1.78141,0.15891,0.14137,0.15159,0.61762,0.67857,0.67982,0.42733,0.54677,0.60541,0.56013,0.29823,1.46613,2.41752,1.45271,1.6753,0,0,0,0.000408295,0.000408295,0.000408295
311,8048.4,1.68925,2.81345,1.75288,1.74738,0.16302,0.14211,0.15129,0.67549,0.63843,0.69112,0.45531,0.63628,0.54643,0.58045,0.32346,1.38739,2.36406,1.40529,1.63709,0,0,0,0.00040692,0.00040692,0.00040692
312,8074.17,1.7058,2.80307,1.77047,1.76544,0.15235,0.13362,0.14394,0.60473,0.71968,0.68772,0.44875,0.50736,0.64292,0.57113,0.31695,1.39494,2.35591,1.40485,1.6358,0,0,0,0.000405546,0.000405546,0.000405546
313,8099.87,1.66624,2.77247,1.71307,1.79143,0.1566,0.14111,0.15146,0.63486,0.69905,0.71212,0.48171,0.54462,0.59844,0.57456,0.32318,1.38722,2.34958,1.37436,1.62439,0,0,0,0.000404172,0.000404172,0.000404172
314,8125.8,1.64867,2.67596,1.72256,1.77659,0.14297,0.12759,0.13751,0.64028,0.65199,0.72016,0.47426,0.5147,0.65222,0.59128,0.3281,1.37025,2.35759,1.37257,1.61357,0,0,0,0.000402797,0.000402797,0.000402797
315,8151.55,1.71136,2.7393,1.7049,1.77494,0.15638,0.1362,0.14607,0.68482,0.63652,0.71603,0.47011,0.55383,0.58541,0.59969,0.32674,1.36276,2.36678,1.35739,1.61477,0,0,0,0.000401423,0.000401423,0.000401423
316,8177.29,1.69655,2.77684,1.76276,1.8075,0.15019,0.13281,0.14337,0.58813,0.70628,0.69242,0.45989,0.54009,0.61396,0.58516,0.31762,1.34861,2.35149,1.38142,1.60653,0,0,0,0.000400048,0.000400048,0.000400048
317,8202.98,1.6383,2.70509,1.70116,1.77639,0.15575,0.13766,0.14859,0.64546,0.66673,0.68488,0.45746,0.5731,0.59136,0.57039,0.30911,1.35011,2.35611,1.35627,1.61097,0,0,0,0.000398674,0.000398674,0.000398674
318,8228.73,1.68281,2.76964,1.72854,1.78865,0.15439,0.13547,0.14644,0.67381,0.6656,0.71211,0.46632,0.55233,0.647,0.58479,0.32152,1.36037,2.35771,1.35493,1.61383,0,0,0,0.000397299,0.000397299,0.000397299
319,8254.44,1.65408,2.75325,1.67996,1.78553,0.16447,0.14537,0.15586,0.73368,0.65899,0.73381,0.49452,0.66227,0.58646,0.62088,0.33584,1.34277,2.35475,1.38546,1.60746,0,0,0,0.000395925,0.000395925,0.000395925
320,8280.3,1.64471,2.78041,1.73366,1.77949,0.15623,0.13764,0.14854,0.65796,0.68255,0.71215,0.47666,0.53441,0.64001,0.58615,0.32164,1.36267,2.35501,1.39367,1.61728,0,0,0,0.00039455,0.00039455,0.00039455
321,8305.99,1.63947,2.64176,1.70784,1.76468,0.14589,0.13045,0.14017,0.63048,0.6985,0.71936,0.48003,0.56076,0.64265,0.59381,0.32053,1.35489,2.35157,1.38897,1.6135,0,0,0,0.000393176,0.000393176,0.000393176
322,8331.62,1.6073,2.68898,1.62931,1.75073,0.1546,0.14019,0.149,0.60597,0.69504,0.71679,0.4736,0.58075,0.59981,0.59997,0.33296,1.36045,2.34038,1.42445,1.61185,0,0,0,0.000391802,0.000391802,0.000391802
323,8357.27,1.63204,2.66295,1.72363,1.78841,0.1525,0.13048,0.14332,0.66977,0.67238,0.7147,0.47925,0.60044,0.6107,0.59601,0.3295,1.38377,2.34429,1.38902,1.6273,0,0,0,0.000390427,0.000390427,0.000390427
324,8382.91,1.62709,2.74784,1.73681,1.81591,0.15836,0.13763,0.14737,0.66602,0.67898,0.72045,0.48905,0.6139,0.60101,0.60746,0.34434,1.37538,2.3448,1.38212,1.62243,0,0,0,0.000389053,0.000389053,0.000389053
325,8408.89,1.68483,2.70301,1.76065,1.78999,0.15515,0.13932,0.15025,0.68576,0.67521,0.72316,0.49509,0.63151,0.63221,0.63389,0.3484,1.37208,2.34701,1.39694,1.62388,0,0,0,0.000387678,0.000387678,0.000387678
326,8434.94,1.70137,2.7171,1.75254,1.7865,0.1544,0.13847,0.14934,0.65447,0.69151,0.72856,0.49164,0.59499,0.63279,0.62703,0.34848,1.38332,2.33662,1.38212,1.6299,0,0,0,0.000386304,0.000386304,0.000386304
327,8460.64,1.67738,2.81522,1.7409,1.79378,0.16537,0.14547,0.15729,0.67187,0.69603,0.72077,0.48546,0.60439,0.61662,0.59887,0.34198,1.35464,2.34239,1.40358,1.61466,0,0,0,0.000384929,0.000384929,0.000384929
328,8486.3,1.64084,2.72341,1.69335,1.75586,0.16084,0.14245,0.1545,0.66426,0.68052,0.70392,0.48931,0.58206,0.60489,0.5745,0.33353,1.33057,2.34447,1.34644,1.60341,0,0,0,0.000383555,0.000383555,0.000383555
329,8512.17,1.70119,2.72606,1.70116,1.77341,0.14777,0.13411,0.14333,0.579,0.70301,0.67545,0.45223,0.50284,0.62008,0.55377,0.3062,1.33511,2.32313,1.35412,1.6048,0,0,0,0.00038218,0.00038218,0.00038218
330,8537.79,1.66564,2.76204,1.75191,1.79637,0.15885,0.13986,0.15147,0.58189,0.6962,0.68683,0.45342,0.50324,0.65103,0.56725,0.30364,1.34811,2.3167,1.38689,1.61044,0,0,0,0.000380806,0.000380806,0.000380806
331,8563.47,1.64813,2.65646,1.73261,1.7817,0.16232,0.14426,0.15721,0.66234,0.65727,0.70526,0.47108,0.59484,0.58161,0.58623,0.32044,1.34305,2.33452,1.38231,1.60782,0,0,0,0.000379431,0.000379431,0.000379431
332,8589.17,1.65675,2.72213,1.69366,1.73598,0.15434,0.13828,0.14955,0.65845,0.71607,0.73126,0.49182,0.57261,0.62837,0.59451,0.32661,1.31685,2.31663,1.3535,1.59168,0,0,0,0.000378057,0.000378057,0.000378057
333,8614.87,1.64202,2.61869,1.68299,1.76987,0.16263,0.145,0.1544,0.67346,0.68531,0.72483,0.48268,0.6231,0.5919,0.60538,0.32278,1.34559,2.30478,1.33215,1.60485,0,0,0,0.000376683,0.000376683,0.000376683
334,8640.5,1.58499,2.63364,1.64674,1.7322,0.14576,0.13639,0.14632,0.70843,0.65207,0.7292,0.49931,0.57559,0.61253,0.58805,0.32754,1.30798,2.30054,1.32206,1.58819,0,0,0,0.000375308,0.000375308,0.000375308
335,8666.15,1.57948,2.54843,1.62767,1.74084,0.15489,0.13599,0.14573,0.72425,0.66148,0.72598,0.4939,0.63251,0.5791,0.59017,0.32454,1.31438,2.28034,1.31996,1.58707,0,0,0,0.000373934,0.000373934,0.000373934
336,8691.86,1.6603,2.6745,1.78341,1.79812,0.15752,0.13407,0.14681,0.72878,0.6679,0.72854,0.4896,0.62319,0.60185,0.59801,0.33074,1.36163,2.28228,1.33995,1.60825,0,0,0,0.000372559,0.000372559,0.000372559
337,8717.68,1.7009,2.72879,1.73349,1.76271,0.15485,0.13341,0.14548,0.71483,0.66314,0.73189,0.4896,0.62418,0.58629,0.59879,0.32859,1.32534,2.28705,1.33396,1.5919,0,0,0,0.000371185,0.000371185,0.000371185
338,8743.32,1.64817,2.66967,1.70987,1.7772,0.15513,0.13912,0.14853,0.6285,0.67061,0.72457,0.48727,0.53519,0.63941,0.59831,0.32233,1.33227,2.31187,1.35041,1.59218,0,0,0,0.00036981,0.00036981,0.00036981
339,8769.08,1.58584,2.66832,1.6232,1.73665,0.15418,0.14171,0.15058,0.60941,0.6768,0.71976,0.48501,0.52212,0.6056,0.59305,0.32184,1.33907,2.29501,1.35055,1.59372,0,0,0,0.000368436,0.000368436,0.000368436
340,8794.63,1.60976,2.66591,1.7152,1.78753,0.15478,0.13884,0.14947,0.63326,0.69762,0.72623,0.48674,0.56932,0.61989,0.58886,0.33032,1.33033,2.26356,1.30297,1.58756,0,0,0,0.000367061,0.000367061,0.000367061
341,8820.39,1.66205,2.68781,1.66796,1.74614,0.1454,0.13004,0.13998,0.74677,0.64449,0.73519,0.48952,0.64621,0.59427,0.59203,0.33111,1.33413,2.26114,1.30011,1.59635,0,0,0,0.000365687,0.000365687,0.000365687
342,8845.97,1.57524,2.58651,1.67134,1.73845,0.15638,0.13829,0.14995,0.66281,0.69068,0.74208,0.49654,0.57834,0.61893,0.60301,0.33747,1.3301,2.27253,1.32518,1.58923,0,0,0,0.000364313,0.000364313,0.000364313
343,8871.72,1.64834,2.66893,1.63886,1.73741,0.1549,0.14124,0.15069,0.70766,0.67013,0.74696,0.51233,0.56858,0.64166,0.61359,0.35482,1.30707,2.25799,1.31431,1.57402,0,0,0,0.000362938,0.000362938,0.000362938
344,8897.79,1.62533,2.63385,1.6162,1.71688,0.14381,0.13376,0.14201,0.67743,0.6784,0.74792,0.50825,0.58609,0.63048,0.62382,0.35121,1.30007,2.23772,1.30491,1.57565,0,0,0,0.000361564,0.000361564,0.000361564
345,8923.43,1.61749,2.6249,1.68007,1.77713,0.14394,0.13223,0.14047,0.66596,0.69993,0.74656,0.50694,0.58308,0.63619,0.62832,0.35574,1.2934,2.22085,1.31676,1.56549,0,0,0,0.000360189,0.000360189,0.000360189
346,8949.17,1.6393,2.66381,1.64798,1.74195,0.14464,0.13334,0.14386,0.73328,0.65635,0.74513,0.50823,0.59671,0.6132,0.62479,0.35722,1.31257,2.23069,1.30887,1.57428,0,0,0,0.000358815,0.000358815,0.000358815
347,8974.85,1.5987,2.63438,1.63668,1.72479,0.14917,0.13436,0.14441,0.66619,0.71268,0.75694,0.51162,0.58165,0.63696,0.61898,0.35483,1.31251,2.22521,1.28455,1.5744,0,0,0,0.00035744,0.00035744,0.00035744
348,9000.53,1.62081,2.62996,1.63468,1.73349,0.14357,0.12945,0.13939,0.64188,0.712,0.74311,0.51128,0.56106,0.64472,0.61709,0.36209,1.30023,2.23723,1.28733,1.56164,0,0,0,0.000356066,0.000356066,0.000356066
349,9026.31,1.56995,2.63579,1.61762,1.73229,0.14881,0.13557,0.14517,0.67897,0.69168,0.73849,0.50473,0.60795,0.61823,0.62165,0.34776,1.30927,2.2572,1.30888,1.56665,0,0,0,0.000354691,0.000354691,0.000354691
350,9052.02,1.58371,2.65244,1.60852,1.71914,0.15469,0.13771,0.14915,0.6103,0.70463,0.72049,0.48857,0.53728,0.6339,0.59619,0.3251,1.31685,2.26202,1.33491,1.57556,0,0,0,0.000353317,0.000353317,0.000353317
351,9077.78,1.60269,2.6341,1.60138,1.74003,0.16142,0.14437,0.15532,0.59038,0.71372,0.72588,0.49832,0.52144,0.63466,0.59957,0.34136,1.29068,2.23885,1.33401,1.55785,0,0,0,0.000351942,0.000351942,0.000351942
352,9103.47,1.66682,2.68362,1.69201,1.77459,0.14856,0.13458,0.14578,0.64796,0.72692,0.74769,0.50597,0.57281,0.66091,0.62959,0.36085,1.29546,2.23278,1.3315,1.55524,0,0,0,0.000350568,0.000350568,0.000350568
353,9129.23,1.61603,2.63942,1.63655,1.72618,0.1512,0.13598,0.14732,0.64386,0.71212,0.72676,0.47997,0.57989,0.64655,0.61463,0.34222,1.33667,2.23513,1.31421,1.57783,0,0,0,0.000349194,0.000349194,0.000349194
354,9154.9,1.60737,2.69711,1.6074,1.73227,0.162,0.14324,0.15422,0.70847,0.6619,0.72683,0.49041,0.60102,0.63366,0.61351,0.34463,1.31472,2.22427,1.30205,1.56778,0,0,0,0.000347819,0.000347819,0.000347819
355,9180.6,1.58455,2.65386,1.62082,1.71595,0.15257,0.13658,0.14788,0.63008,0.7149,0.72786,0.50882,0.55768,0.65706,0.60846,0.352,1.28464,2.22826,1.30184,1.55826,0,0,0,0.000346445,0.000346445,0.000346445
356,9206.25,1.61209,2.64306,1.67937,1.74643,0.15115,0.13708,0.14772,0.69495,0.66981,0.74081,0.52487,0.56594,0.62924,0.61503,0.36019,1.25823,2.18088,1.30497,1.54272,0,0,0,0.00034507,0.00034507,0.00034507
357,9232.17,1.63557,2.58985,1.64464,1.72539,0.14815,0.1317,0.14231,0.62801,0.7221,0.74397,0.51828,0.55265,0.64568,0.62238,0.35622,1.26143,2.16957,1.28312,1.54254,0,0,0,0.000343696,0.000343696,0.000343696
358,9257.88,1.59165,2.55722,1.58423,1.71329,0.14407,0.13317,0.14381,0.66889,0.70605,0.7509,0.5167,0.58325,0.62299,0.61823,0.34335,1.27269,2.19547,1.27937,1.53828,0,0,0,0.000342321,0.000342321,0.000342321
359,9283.43,1.56683,2.64847,1.62545,1.74286,0.15948,0.14135,0.15227,0.71096,0.64868,0.74068,0.5011,0.6272,0.5849,0.6254,0.3509,1.27794,2.19645,1.29999,1.54249,0,0,0,0.000340947,0.000340947,0.000340947
360,9309.14,1.62546,2.61297,1.66456,1.73091,0.15054,0.13479,0.14425,0.71706,0.65311,0.73693,0.49981,0.65424,0.59113,0.63198,0.35609,1.2897,2.21408,1.30511,1.55443,0,0,0,0.000339572,0.000339572,0.000339572
361,9334.77,1.58795,2.64436,1.68548,1.72371,0.15154,0.13814,0.14901,0.66365,0.68462,0.74089,0.50443,0.59983,0.62393,0.62754,0.34955,1.28785,2.19684,1.28996,1.5515,0,0,0,0.000338198,0.000338198,0.000338198
362,9360.5,1.55297,2.66843,1.56268,1.70736,0.15616,0.13874,0.15053,0.70335,0.65568,0.74821,0.5124,0.62883,0.61148,0.62793,0.3544,1.28476,2.20734,1.28337,1.54626,0,0,0,0.000336824,0.000336824,0.000336824
363,9386.18,1.62676,2.61791,1.65461,1.74959,0.14306,0.12795,0.13903,0.66538,0.68724,0.7524,0.5226,0.59985,0.63088,0.63347,0.36176,1.28111,2.19224,1.27233,1.54837,0,0,0,0.000335449,0.000335449,0.000335449
364,9411.8,1.61872,2.67432,1.63741,1.72542,0.1493,0.13528,0.14495,0.62623,0.71277,0.74742,0.51577,0.55487,0.66979,0.62819,0.34088,1.29386,2.22387,1.26223,1.55898,0,0,0,0.000334075,0.000334075,0.000334075
365,9437.43,1.56013,2.57398,1.64638,1.7531,0.15658,0.13564,0.14712,0.63157,0.70786,0.74907,0.52832,0.56275,0.64208,0.63226,0.34584,1.27949,2.21247,1.27275,1.55702,0,0,0,0.0003327,0.0003327,0.0003327
366,9463.15,1.61599,2.6115,1.62024,1.72879,0.14699,0.13526,0.14505,0.72012,0.66151,0.75437,0.52303,0.65422,0.58694,0.62602,0.35592,1.28343,2.2113,1.30273,1.556,0,0,0,0.000331326,0.000331326,0.000331326
367,9488.86,1.63453,2.64845,1.66738,1.73366,0.14184,0.13017,0.14068,0.70307,0.68991,0.75273,0.5116,0.6828,0.57097,0.62779,0.35628,1.29429,2.20697,1.28835,1.55551,0,0,0,0.000329951,0.000329951,0.000329951
368,9514.52,1.58723,2.58935,1.57775,1.70875,0.14555,0.13235,0.14318,0.69182,0.66927,0.74249,0.50984,0.62188,0.60079,0.61962,0.35814,1.27059,2.19868,1.25578,1.54191,0,0,0,0.000328577,0.000328577,0.000328577
369,9540.12,1.56462,2.5565,1.57427,1.72672,0.14728,0.13802,0.14856,0.69847,0.68075,0.74201,0.5046,0.60258,0.63095,0.61248,0.35082,1.27172,2.18715,1.25257,1.53914,0,0,0,0.000327202,0.000327202,0.000327202
370,9565.82,1.6249,2.62209,1.64858,1.72555,0.14348,0.13131,0.1433,0.68523,0.67589,0.74501,0.52218,0.60098,0.62638,0.62729,0.36106,1.267,2.18786,1.28736,1.53675,0,0,0,0.000325828,0.000325828,0.000325828
371,9591.38,1.59589,2.575,1.58988,1.7138,0.14701,0.13682,0.14622,0.70627,0.6874,0.74883,0.52344,0.61629,0.63294,0.62807,0.36853,1.26095,2.17923,1.29293,1.53595,0,0,0,0.000324453,0.000324453,0.000324453
372,9617.11,1.60744,2.59324,1.58373,1.69959,0.13898,0.12869,0.138,0.71933,0.70635,0.75552,0.53222,0.65296,0.63178,0.64754,0.37305,1.25356,2.16249,1.27717,1.5328,0,0,0,0.000323079,0.000323079,0.000323079
373,9643.02,1.63586,2.59791,1.61875,1.70138,0.1342,0.12183,0.13302,0.72534,0.69225,0.76161,0.5247,0.69307,0.60309,0.64746,0.3782,1.31575,2.16476,1.26458,1.56646,0,0,0,0.000321705,0.000321705,0.000321705
374,9668.67,1.57911,2.54263,1.59644,1.70414,0.14974,0.13774,0.14875,0.76659,0.69641,0.77324,0.52867,0.6975,0.62856,0.6595,0.38544,1.3066,2.16113,1.25223,1.56312,0,0,0,0.00032033,0.00032033,0.00032033
375,9694.58,1.56143,2.50261,1.56043,1.70246,0.13369,0.1278,0.13724,0.7821,0.70911,0.77507,0.54218,0.70274,0.63047,0.65877,0.38704,1.261,2.1453,1.22147,1.5292,0,0,0,0.000318956,0.000318956,0.000318956
376,9720.63,1.56584,2.56864,1.58553,1.69159,0.15579,0.14117,0.15158,0.74959,0.67376,0.76256,0.52625,0.68664,0.62076,0.64787,0.36672,1.26105,2.13887,1.22749,1.53095,0,0,0,0.000317581,0.000317581,0.000317581
377,9746.24,1.60844,2.58121,1.6168,1.70003,0.14788,0.13637,0.14622,0.77366,0.67585,0.77516,0.54095,0.70376,0.61701,0.65827,0.38561,1.25013,2.14555,1.22401,1.52575,0,0,0,0.000316207,0.000316207,0.000316207
378,9771.82,1.52822,2.52551,1.55352,1.676,0.15265,0.14249,0.15291,0.71277,0.71178,0.77071,0.53566,0.6435,0.6413,0.65598,0.38212,1.26032,2.15911,1.20854,1.52926,0,0,0,0.000314832,0.000314832,0.000314832
379,9797.52,1.57847,2.58329,1.59662,1.68572,0.14225,0.13375,0.14427,0.66316,0.74458,0.76541,0.54104,0.6053,0.68512,0.64998,0.38485,1.26716,2.15045,1.23414,1.53137,0,0,0,0.000313458,0.000313458,0.000313458
380,9823.23,1.5528,2.52055,1.54834,1.6895,0.14697,0.13305,0.1435,0.71072,0.70176,0.75464,0.5246,0.64346,0.64059,0.642,0.37473,1.24929,2.1382,1.24616,1.52314,0,0,0,0.000312083,0.000312083,0.000312083
381,9848.91,1.58279,2.57924,1.56267,1.6834,0.1457,0.13329,0.14536,0.70142,0.68462,0.75197,0.52732,0.66717,0.61519,0.64044,0.36244,1.25976,2.14207,1.235,1.52645,0,0,0,0.000310709,0.000310709,0.000310709
382,9874.65,1.57525,2.60927,1.59147,1.7022,0.15281,0.13682,0.1493,0.68417,0.70541,0.75893,0.53291,0.62209,0.64918,0.65411,0.36777,1.25271,2.11996,1.22723,1.52058,0,0,0,0.000309335,0.000309335,0.000309335
383,9900.37,1.56331,2.5866,1.54792,1.69299,0.1441,0.13114,0.14231,0.69123,0.70851,0.76469,0.536,0.64378,0.62224,0.65166,0.38175,1.24123,2.12113,1.22556,1.52801,0,0,0,0.00030796,0.00030796,0.00030796
384,9926.04,1.53482,2.53795,1.55744,1.68373,0.14106,0.13144,0.14059,0.68343,0.7214,0.7705,0.53464,0.5907,0.65032,0.65335,0.3785,1.24162,2.13863,1.23611,1.51712,0,0,0,0.000306586,0.000306586,0.000306586
385,9951.62,1.55882,2.58665,1.51668,1.68723,0.14229,0.13045,0.14051,0.74699,0.66348,0.7674,0.54371,0.68308,0.60381,0.6597,0.39654,1.2363,2.12668,1.2473,1.51061,0,0,0,0.000305211,0.000305211,0.000305211
386,9977.5,1.58858,2.57596,1.55419,1.69593,0.13506,0.12977,0.13804,0.69911,0.71066,0.76117,0.53719,0.63385,0.63674,0.64494,0.38504,1.22279,2.14078,1.22604,1.50226,0,0,0,0.000303837,0.000303837,0.000303837
387,10003.2,1.60175,2.5857,1.56251,1.66063,0.138,0.12632,0.13519,0.68361,0.70497,0.75461,0.53234,0.65515,0.62052,0.64907,0.37855,1.22944,2.14212,1.22346,1.50505,0,0,0,0.000302462,0.000302462,0.000302462
388,10029,1.61534,2.60508,1.56395,1.68893,0.14557,0.13663,0.14483,0.71607,0.68104,0.75617,0.52671,0.69525,0.60397,0.6597,0.37565,1.23865,2.14286,1.23303,1.51181,0,0,0,0.000301088,0.000301088,0.000301088
389,10054.7,1.61745,2.65959,1.61205,1.67881,0.14303,0.13483,0.1432,0.69108,0.69714,0.76519,0.54416,0.60049,0.65862,0.65617,0.37929,1.22797,2.13538,1.2198,1.50302,0,0,0,0.000299713,0.000299713,0.000299713
390,10080.5,1.57321,2.53799,1.5431,1.66445,0.14367,0.13859,0.14702,0.75004,0.66481,0.77158,0.54816,0.67694,0.60845,0.661,0.38883,1.22579,2.11351,1.2294,1.49749,0,0,0,0.000298339,0.000298339,0.000298339
391,10106.1,1.51726,2.46157,1.53598,1.67583,0.14567,0.13482,0.14509,0.73012,0.68789,0.76829,0.54256,0.65859,0.63193,0.66183,0.38126,1.24329,2.115,1.23308,1.50907,0,0,0,0.000296964,0.000296964,0.000296964
392,10131.9,1.53952,2.52873,1.55376,1.65997,0.14364,0.12988,0.13933,0.67182,0.74353,0.76534,0.54898,0.62018,0.68262,0.66526,0.38618,1.23174,2.10898,1.1957,1.50618,0,0,0,0.00029559,0.00029559,0.00029559
393,10157.6,1.56857,2.6219,1.59864,1.67629,0.14122,0.12994,0.13984,0.6522,0.74652,0.7744,0.54992,0.60324,0.7002,0.67094,0.38463,1.2404,2.12069,1.19309,1.51052,0,0,0,0.000294216,0.000294216,0.000294216
394,10183.2,1.54082,2.43765,1.54809,1.68853,0.15091,0.13809,0.14809,0.68924,0.73243,0.77648,0.5513,0.63606,0.68023,0.67114,0.38628,1.23984,2.1194,1.21194,1.50715,0,0,0,0.000292841,0.000292841,0.000292841
395,10209,1.59281,2.54965,1.58209,1.67633,0.14013,0.12886,0.14037,0.69802,0.70413,0.77076,0.54682,0.64395,0.65373,0.66671,0.3927,1.22099,2.09907,1.21159,1.49599,0,0,0,0.000291467,0.000291467,0.000291467
396,10234.6,1.5205,2.51311,1.51331,1.64385,0.13765,0.13078,0.14076,0.70095,0.68147,0.76877,0.54194,0.64104,0.62738,0.66112,0.3875,1.22789,2.09329,1.21292,1.50054,0,0,0,0.000290092,0.000290092,0.000290092
397,10260.2,1.5292,2.48944,1.59698,1.68818,0.1439,0.13058,0.13987,0.6373,0.73942,0.76517,0.54567,0.58972,0.67995,0.64033,0.37919,1.22659,2.09473,1.20911,1.50373,0,0,0,0.000288718,0.000288718,0.000288718
398,10285.8,1.56038,2.63043,1.59077,1.66996,0.13878,0.12616,0.13806,0.72966,0.68628,0.76551,0.55074,0.67633,0.61785,0.66208,0.38782,1.23602,2.09338,1.21794,1.51598,0,0,0,0.000287343,0.000287343,0.000287343
399,10311.5,1.58738,2.55795,1.56353,1.69585,0.14809,0.13299,0.14321,0.71336,0.68794,0.76653,0.54723,0.66006,0.63209,0.66637,0.38593,1.2394,2.11844,1.22662,1.51865,0,0,0,0.000285969,0.000285969,0.000285969
400,10337.3,1.57479,2.51384,1.53999,1.64197,0.13897,0.13162,0.14121,0.70641,0.67429,0.76386,0.55151,0.62243,0.64581,0.65596,0.38456,1.22784,2.1256,1.22195,1.51134,0,0,0,0.000284594,0.000284594,0.000284594
401,10363,1.62546,2.62602,1.58554,1.68557,0.15402,0.14047,0.15177,0.71182,0.69724,0.76561,0.54781,0.66329,0.63686,0.65746,0.38259,1.21985,2.10153,1.24,1.49912,0,0,0,0.00028322,0.00028322,0.00028322
402,10388.7,1.54796,2.49191,1.53482,1.65173,0.14726,0.13729,0.14778,0.75384,0.64512,0.75714,0.53951,0.6926,0.59939,0.64687,0.36971,1.22297,2.10892,1.24074,1.49799,0,0,0,0.000281846,0.000281846,0.000281846
403,10414.5,1.55407,2.51876,1.52413,1.66583,0.14692,0.13853,0.14874,0.68283,0.70988,0.75976,0.53697,0.63027,0.65196,0.65652,0.38041,1.21072,2.11016,1.21656,1.49262,0,0,0,0.000280471,0.000280471,0.000280471
404,10440.1,1.52939,2.49241,1.53919,1.67364,0.14098,0.13197,0.14283,0.74218,0.68949,0.77248,0.54912,0.68393,0.63352,0.66703,0.39389,1.21763,2.10096,1.20156,1.49319,0,0,0,0.000279097,0.000279097,0.000279097
405,10465.9,1.48443,2.48589,1.48499,1.64214,0.14539,0.13785,0.14672,0.75781,0.67862,0.77781,0.55758,0.67948,0.62454,0.6731,0.39706,1.21737,2.09077,1.18156,1.49121,0,0,0,0.000277722,0.000277722,0.000277722
406,10491.9,1.46302,2.44776,1.48469,1.65862,0.14511,0.13269,0.14502,0.75326,0.65638,0.76946,0.55918,0.67267,0.60813,0.66862,0.39132,1.21047,2.07189,1.17796,1.49015,0,0,0,0.000276348,0.000276348,0.000276348
407,10517.5,1.46437,2.43794,1.5102,1.65572,0.13268,0.12514,0.13355,0.64285,0.71955,0.76461,0.53471,0.57266,0.65362,0.65161,0.37985,1.22372,2.07835,1.18374,1.49983,0,0,0,0.000274973,0.000274973,0.000274973
408,10543.2,1.54474,2.49515,1.54906,1.68292,0.14181,0.13279,0.14212,0.7563,0.63747,0.7704,0.5445,0.68241,0.59868,0.66475,0.38093,1.21414,2.08479,1.19078,1.49793,0,0,0,0.000273599,0.000273599,0.000273599
409,10568.8,1.47379,2.31684,1.47822,1.65918,0.1332,0.12562,0.13425,0.67078,0.73109,0.77042,0.55605,0.63534,0.65763,0.67588,0.39191,1.19975,2.08523,1.17872,1.48695,0,0,0,0.000272224,0.000272224,0.000272224
410,10594.5,1.51789,2.47763,1.50738,1.68725,0.15369,0.14107,0.15216,0.66262,0.74908,0.77382,0.54496,0.60019,0.68697,0.67067,0.38411,1.21745,2.09284,1.18469,1.49336,0,0,0,0.00027085,0.00027085,0.00027085
411,10620.2,1.57111,2.45865,1.49959,1.67635,0.14143,0.13322,0.14217,0.73933,0.66154,0.77804,0.55388,0.67696,0.60698,0.66801,0.3993,1.20215,2.08019,1.20129,1.48805,0,0,0,0.000269475,0.000269475,0.000269475
412,10645.8,1.52036,2.41824,1.55325,1.67198,0.14011,0.12869,0.13813,0.66355,0.73809,0.7686,0.55169,0.59793,0.67456,0.66769,0.40442,1.19134,2.08051,1.2173,1.4815,0,0,0,0.000268101,0.000268101,0.000268101
413,10671.8,1.55193,2.52856,1.52805,1.66715,0.14201,0.13444,0.14393,0.70627,0.69521,0.75971,0.55221,0.61487,0.64973,0.6577,0.39729,1.21031,2.10402,1.2297,1.49048,0,0,0,0.000266727,0.000266727,0.000266727
414,10697.5,1.56174,2.61157,1.53056,1.66117,0.15567,0.14417,0.15495,0.69266,0.71177,0.76517,0.54364,0.61848,0.65206,0.65759,0.39007,1.22301,2.08412,1.23112,1.49085,0,0,0,0.000265352,0.000265352,0.000265352
415,10723.1,1.559,2.53688,1.52558,1.65082,0.14631,0.13481,0.14558,0.79183,0.65596,0.77435,0.55037,0.7241,0.60084,0.66794,0.3949,1.23079,2.07491,1.20104,1.49104,0,0,0,0.000263978,0.000263978,0.000263978
416,10748.7,1.48085,2.48756,1.49415,1.6585,0.14262,0.1333,0.14173,0.7344,0.73773,0.77686,0.5652,0.66958,0.67937,0.67062,0.40279,1.21104,2.05051,1.18221,1.47763,0,0,0,0.000262603,0.000262603,0.000262603
417,10774.8,1.57049,2.52059,1.52475,1.63186,0.14123,0.12876,0.13976,0.71197,0.74754,0.77732,0.56699,0.65244,0.68677,0.66925,0.40213,1.20676,2.04919,1.19191,1.47429,0,0,0,0.000261229,0.000261229,0.000261229
418,10800.7,1.52284,2.50744,1.50153,1.68014,0.14409,0.13609,0.14556,0.72213,0.73759,0.7762,0.56049,0.65918,0.67975,0.66358,0.38632,1.21776,2.04387,1.17622,1.48193,0,0,0,0.000259854,0.000259854,0.000259854
419,10826.4,1.55786,2.48681,1.50288,1.62705,0.13522,0.12926,0.13843,0.70979,0.71764,0.7754,0.56481,0.633,0.67099,0.66898,0.39383,1.20499,2.0398,1.15477,1.47859,0,0,0,0.00025848,0.00025848,0.00025848
420,10852,1.53876,2.4906,1.52611,1.67316,0.141,0.13583,0.14448,0.67014,0.73482,0.77334,0.56567,0.59862,0.68772,0.66712,0.40669,1.20369,2.02243,1.1695,1.47558,0,0,0,0.000257105,0.000257105,0.000257105
421,10878.1,1.53745,2.44905,1.535,1.63967,0.14736,0.13521,0.14599,0.68823,0.73162,0.77999,0.55766,0.62846,0.65343,0.65983,0.40028,1.22228,2.04268,1.20143,1.48415,0,0,0,0.000255731,0.000255731,0.000255731
422,10903.8,1.5461,2.44879,1.51534,1.62672,0.14119,0.13207,0.14194,0.68809,0.72509,0.77643,0.56148,0.7038,0.57232,0.65971,0.39445,1.19254,2.032,1.18396,1.46987,0,0,0,0.000254357,0.000254357,0.000254357
423,10929.5,1.55005,2.47637,1.51144,1.66876,0.13804,0.12471,0.13456,0.71713,0.69674,0.77002,0.55403,0.65171,0.64757,0.65568,0.39096,1.20621,2.05174,1.16334,1.48478,0,0,0,0.000252982,0.000252982,0.000252982
424,10955.1,1.52231,2.43772,1.49933,1.67566,0.13978,0.12944,0.13919,0.79716,0.69537,0.77744,0.56075,0.71111,0.64549,0.67045,0.39587,1.18811,2.05552,1.19188,1.47084,0,0,0,0.000251608,0.000251608,0.000251608
425,10980.8,1.54098,2.48757,1.48048,1.65163,0.14064,0.13341,0.14304,0.82111,0.6744,0.7826,0.55849,0.73828,0.6193,0.67067,0.39929,1.204,2.05333,1.19208,1.47864,0,0,0,0.000250233,0.000250233,0.000250233
426,11006.5,1.48391,2.48414,1.46579,1.62749,0.13513,0.12626,0.13783,0.76546,0.69908,0.78217,0.56904,0.70124,0.6556,0.68348,0.40786,1.18677,2.0439,1.16818,1.47031,0,0,0,0.000248859,0.000248859,0.000248859
427,11032.6,1.57398,2.5039,1.51761,1.62047,0.1351,0.12784,0.13597,0.76073,0.70346,0.7805,0.56332,0.70272,0.63947,0.68207,0.40465,1.1926,2.05016,1.16081,1.47025,0,0,0,0.000247484,0.000247484,0.000247484
428,11058.3,1.53733,2.42268,1.4631,1.63515,0.1363,0.12847,0.13719,0.78879,0.68628,0.77685,0.55998,0.76698,0.61096,0.67815,0.40006,1.20115,2.04569,1.16463,1.47619,0,0,0,0.00024611,0.00024611,0.00024611
429,11084,1.51682,2.43852,1.45878,1.63275,0.14088,0.13529,0.14517,0.70852,0.7512,0.77938,0.56376,0.65676,0.6947,0.68507,0.40504,1.17961,2.019,1.14266,1.46158,0,0,0,0.000244735,0.000244735,0.000244735
430,11109.7,1.47449,2.36504,1.44716,1.60397,0.1334,0.12895,0.13844,0.69163,0.74196,0.78186,0.56427,0.70335,0.64012,0.67972,0.41152,1.17322,2.01371,1.14942,1.45532,0,0,0,0.000243361,0.000243361,0.000243361
431,11135.5,1.5474,2.40716,1.49086,1.61636,0.12832,0.12107,0.13057,0.7031,0.75737,0.77937,0.56425,0.65371,0.69303,0.67741,0.40734,1.1849,2.02192,1.17418,1.45981,0,0,0,0.000241986,0.000241986,0.000241986
432,11161.2,1.45752,2.42495,1.4474,1.62878,0.13416,0.1274,0.13707,0.68327,0.75059,0.77352,0.55513,0.62948,0.69454,0.67597,0.39834,1.19391,2.02582,1.15669,1.46628,0,0,0,0.000240612,0.000240612,0.000240612
433,11186.9,1.49532,2.45357,1.4686,1.64018,0.14556,0.13205,0.14269,0.68809,0.7415,0.76777,0.55012,0.64675,0.6721,0.67213,0.40493,1.18353,2.02104,1.13344,1.45948,0,0,0,0.000239238,0.000239238,0.000239238
434,11212.7,1.51337,2.41183,1.49717,1.63371,0.14669,0.13344,0.14288,0.72779,0.73908,0.77963,0.56379,0.68592,0.66686,0.68906,0.41356,1.18293,2.01578,1.13521,1.45951,0,0,0,0.000237863,0.000237863,0.000237863
435,11238.5,1.47415,2.40624,1.46081,1.61605,0.13932,0.12702,0.13689,0.71004,0.74245,0.78613,0.56745,0.68637,0.64049,0.67748,0.41217,1.1871,2.02554,1.15147,1.46096,0,0,0,0.000236489,0.000236489,0.000236489
436,11264.4,1.48331,2.4255,1.48763,1.63083,0.13867,0.13097,0.14058,0.67535,0.73374,0.78708,0.57037,0.62214,0.69442,0.68716,0.41658,1.16575,2.01619,1.15919,1.44934,0,0,0,0.000235114,0.000235114,0.000235114
437,11290.3,1.51717,2.41104,1.48526,1.66115,0.13338,0.12562,0.13577,0.72701,0.69778,0.78713,0.57179,0.66589,0.65696,0.68743,0.41285,1.1698,2.01051,1.1518,1.45627,0,0,0,0.00023374,0.00023374,0.00023374
438,11316,1.50007,2.4151,1.50043,1.62314,0.13374,0.12533,0.13498,0.70971,0.72023,0.78089,0.56504,0.65262,0.66962,0.68074,0.3994,1.17962,2.00649,1.14135,1.46184,0,0,0,0.000232365,0.000232365,0.000232365
439,11341.7,1.48238,2.43625,1.47417,1.65837,0.14096,0.13195,0.142,0.72936,0.69802,0.78166,0.57218,0.67187,0.64599,0.67913,0.41048,1.16554,2.00956,1.14978,1.45181,0,0,0,0.000230991,0.000230991,0.000230991
440,11367.4,1.4718,2.47068,1.47176,1.6291,0.13557,0.12756,0.13748,0.76316,0.66349,0.78446,0.57463,0.60408,0.68922,0.67647,0.41686,1.1578,2.0138,1.14471,1.44211,0,0,0,0.000229616,0.000229616,0.000229616
441,11393.3,1.46274,2.438,1.43531,1.618,0.14083,0.13549,0.14465,0.78925,0.66329,0.78764,0.57451,0.66969,0.62949,0.67365,0.40543,1.16719,2.02105,1.14359,1.44393,0,0,0,0.000228242,0.000228242,0.000228242
442,11419,1.43896,2.46383,1.48866,1.6226,0.1446,0.13113,0.14213,0.78169,0.6949,0.78849,0.57846,0.70437,0.64055,0.68378,0.41634,1.15921,1.99932,1.14239,1.44534,0,0,0,0.000226868,0.000226868,0.000226868
443,11444.9,1.47391,2.41467,1.43553,1.61543,0.13859,0.13175,0.14119,0.8331,0.64938,0.78847,0.57016,0.74061,0.60755,0.68786,0.42034,1.17658,2.00332,1.14376,1.45874,0,0,0,0.000225493,0.000225493,0.000225493
444,11470.5,1.49705,2.49407,1.50394,1.6622,0.14631,0.13694,0.14662,0.80848,0.65763,0.78815,0.57109,0.74315,0.60739,0.68208,0.4209,1.18927,2.00684,1.14187,1.45941,0,0,0,0.000224119,0.000224119,0.000224119
445,11496.2,1.47945,2.46507,1.44327,1.61983,0.14226,0.13594,0.14502,0.69778,0.72288,0.78685,0.57851,0.63171,0.65576,0.6719,0.42643,1.16499,1.99084,1.15322,1.44541,0,0,0,0.000222744,0.000222744,0.000222744
446,11522.1,1.46796,2.47667,1.48164,1.63315,0.13884,0.13298,0.14369,0.67888,0.74174,0.77549,0.57377,0.61724,0.67337,0.6723,0.42256,1.15022,1.9969,1.14248,1.43811,0,0,0,0.00022137,0.00022137,0.00022137
447,11547.9,1.47669,2.41997,1.42565,1.5731,0.13968,0.1345,0.14191,0.68591,0.74303,0.77687,0.56729,0.62149,0.67574,0.66696,0.41993,1.15684,2.00409,1.13692,1.43921,0,0,0,0.000219995,0.000219995,0.000219995
448,11573.7,1.57489,2.45229,1.49051,1.60107,0.13039,0.12579,0.13497,0.66528,0.75415,0.7713,0.57381,0.5885,0.69554,0.66917,0.41542,1.15303,2.0191,1.14514,1.44165,0,0,0,0.000218621,0.000218621,0.000218621
449,11599.4,1.49376,2.37705,1.44284,1.60982,0.13082,0.12584,0.13462,0.748,0.6897,0.77852,0.57708,0.66967,0.62982,0.66641,0.41494,1.13852,1.99897,1.13409,1.43403,0,0,0,0.000217246,0.000217246,0.000217246
450,11625,1.44538,2.34708,1.45758,1.63119,0.13673,0.12543,0.13618,0.69382,0.73139,0.78794,0.57671,0.62469,0.67124,0.67156,0.42732,1.13506,1.97739,1.11476,1.43041,0,0,0,0.000215872,0.000215872,0.000215872
451,11650.7,1.45808,2.42836,1.38139,1.59926,0.13604,0.13155,0.13985,0.68906,0.72501,0.78315,0.57443,0.61881,0.65614,0.67259,0.42289,1.13993,1.97516,1.11513,1.43186,0,0,0,0.000214497,0.000214497,0.000214497
452,11676.5,1.54381,2.51603,1.50584,1.61971,0.13779,0.13133,0.13964,0.7258,0.71681,0.79003,0.57308,0.66068,0.63662,0.67486,0.41238,1.16614,1.97955,1.14629,1.44356,0,0,0,0.000213123,0.000213123,0.000213123
453,11702,1.47452,2.48605,1.46973,1.65656,0.13603,0.13086,0.1394,0.78632,0.68186,0.79059,0.57919,0.71008,0.61285,0.67134,0.40907,1.16761,1.96843,1.13135,1.44696,0,0,0,0.000211749,0.000211749,0.000211749
454,11727.6,1.45407,2.43986,1.44404,1.60165,0.14199,0.13335,0.1439,0.74595,0.70055,0.78179,0.56818,0.66054,0.64226,0.66437,0.41081,1.15348,1.9633,1.11021,1.43799,0,0,0,0.000210374,0.000210374,0.000210374
455,11753.2,1.43525,2.36573,1.3817,1.59607,0.13729,0.13382,0.14315,0.76019,0.69774,0.77739,0.56752,0.70418,0.62725,0.65962,0.40535,1.14572,1.96433,1.11614,1.43096,0,0,0,0.000209,0.000209,0.000209
456,11778.9,1.46106,2.33073,1.39438,1.59574,0.14335,0.13928,0.14749,0.72881,0.72901,0.78629,0.57505,0.69247,0.62695,0.66489,0.40828,1.15326,1.96214,1.15329,1.43235,0,0,0,0.000207625,0.000207625,0.000207625
457,11804.6,1.4467,2.42627,1.4126,1.58825,0.13607,0.12892,0.13925,0.72462,0.71951,0.78873,0.58238,0.66124,0.66822,0.66829,0.41309,1.16205,1.95196,1.12192,1.43671,0,0,0,0.000206251,0.000206251,0.000206251
458,11830.2,1.41759,2.34799,1.38503,1.58427,0.14149,0.13273,0.14319,0.70109,0.76379,0.784,0.58467,0.65,0.67872,0.66832,0.40932,1.15847,1.94602,1.10531,1.43419,0,0,0,0.000204876,0.000204876,0.000204876
459,11855.9,1.4909,2.39645,1.43279,1.62758,0.1347,0.12693,0.13641,0.70471,0.75091,0.78671,0.58007,0.64901,0.6809,0.67557,0.4186,1.16818,1.95049,1.11993,1.44188,0,0,0,0.000203502,0.000203502,0.000203502
460,11881.8,1.56186,2.45494,1.43061,1.60511,0.13552,0.12933,0.13876,0.78647,0.67434,0.78818,0.58004,0.64209,0.66446,0.6693,0.41416,1.14616,1.93691,1.12186,1.42811,0,0,0,0.000202127,0.000202127,0.000202127
461,11907.6,1.49029,2.40837,1.43177,1.58057,0.13369,0.12532,0.13466,0.8062,0.67625,0.79344,0.57762,0.69247,0.65872,0.68058,0.4178,1.15133,1.94061,1.10515,1.43419,0,0,0,0.000200753,0.000200753,0.000200753
462,11933.5,1.55827,2.49454,1.46634,1.62339,0.13138,0.12647,0.13557,0.75172,0.70536,0.79461,0.57551,0.688,0.65601,0.68755,0.41719,1.14356,1.95142,1.10362,1.43072,0,0,0,0.000199379,0.000199379,0.000199379
463,11959.3,1.50833,2.53194,1.44579,1.61402,0.1326,0.12577,0.13576,0.69889,0.73174,0.7911,0.58449,0.68148,0.64974,0.68172,0.4169,1.14617,1.95518,1.11972,1.43287,0,0,0,0.000198004,0.000198004,0.000198004
464,11984.8,1.42771,2.40658,1.43525,1.63556,0.13238,0.12654,0.13484,0.74039,0.71344,0.79196,0.59587,0.67882,0.66264,0.68355,0.42125,1.13831,1.92927,1.12053,1.42581,0,0,0,0.00019663,0.00019663,0.00019663
465,12010.9,1.49646,2.40875,1.48703,1.62286,0.13248,0.1241,0.13376,0.76483,0.69982,0.79529,0.58793,0.68985,0.65442,0.68307,0.42102,1.13391,1.911,1.10245,1.42362,0,0,0,0.000195255,0.000195255,0.000195255
466,12036.6,1.46671,2.38121,1.45202,1.60981,0.13603,0.12721,0.13774,0.71497,0.74028,0.79441,0.58056,0.65222,0.6794,0.68409,0.42029,1.14992,1.92639,1.11667,1.42943,0,0,0,0.000193881,0.000193881,0.000193881
467,12062.2,1.48684,2.47409,1.48287,1.6498,0.13165,0.12751,0.13734,0.74879,0.71513,0.79713,0.5768,0.67999,0.65633,0.68085,0.41391,1.16422,1.93975,1.13866,1.43633,0,0,0,0.000192506,0.000192506,0.000192506
468,12087.8,1.51146,2.50549,1.49578,1.62242,0.1366,0.12609,0.13559,0.77543,0.70303,0.79755,0.57479,0.70237,0.64377,0.68698,0.42148,1.15155,1.92719,1.1366,1.43011,0,0,0,0.000191132,0.000191132,0.000191132
469,12113.6,1.47183,2.38638,1.42177,1.61215,0.12754,0.12427,0.13272,0.72609,0.72901,0.79659,0.57292,0.65859,0.68345,0.69111,0.42836,1.14547,1.93189,1.10378,1.42773,0,0,0,0.000189757,0.000189757,0.000189757
470,12139.4,1.45188,2.41228,1.41475,1.57755,0.13439,0.12934,0.13856,0.75898,0.6926,0.79339,0.57978,0.67802,0.64177,0.68386,0.42485,1.15734,1.94798,1.09767,1.43635,0,0,0,0.000188383,0.000188383,0.000188383
471,12165.1,1.42902,2.40078,1.3877,1.57558,0.12775,0.12698,0.13496,0.7396,0.7343,0.80323,0.59482,0.72026,0.63481,0.68903,0.42487,1.13619,1.93523,1.09873,1.42576,0,0,0,0.000187008,0.000187008,0.000187008
472,12191,1.48846,2.41017,1.45444,1.60542,0.12603,0.11977,0.12902,0.78535,0.72223,0.80534,0.59544,0.76179,0.62351,0.69001,0.42443,1.1334,1.93943,1.11209,1.42408,0,0,0,0.000185634,0.000185634,0.000185634
473,12216.9,1.39738,2.28969,1.37074,1.55839,0.12627,0.12324,0.13366,0.7927,0.71164,0.80821,0.60013,0.68614,0.677,0.69595,0.42388,1.11976,1.93049,1.07563,1.41215,0,0,0,0.00018426,0.00018426,0.00018426
474,12242.8,1.38238,2.28346,1.39193,1.58458,0.12925,0.12499,0.13378,0.74628,0.7574,0.8034,0.60616,0.67212,0.69285,0.69204,0.42507,1.12413,1.92305,1.07451,1.40999,0,0,0,0.000182885,0.000182885,0.000182885
475,12268.8,1.49581,2.47254,1.49254,1.63495,0.14346,0.13351,0.14381,0.75612,0.72276,0.79836,0.60168,0.64966,0.70403,0.69203,0.43292,1.13242,1.92958,1.09442,1.41541,0,0,0,0.000181511,0.000181511,0.000181511
476,12294.7,1.47691,2.38893,1.4121,1.60859,0.13742,0.13082,0.13956,0.75825,0.70806,0.79841,0.60169,0.69687,0.64983,0.68881,0.42716,1.12857,1.92921,1.09713,1.41671,0,0,0,0.000180136,0.000180136,0.000180136
477,12320.4,1.55793,2.39699,1.49998,1.65445,0.13461,0.12271,0.13452,0.74867,0.73272,0.79871,0.60597,0.68419,0.67268,0.689,0.43626,1.12374,1.92201,1.08685,1.41383,0,0,0,0.000178762,0.000178762,0.000178762
478,12346.3,1.47909,2.36118,1.42237,1.5807,0.12947,0.12769,0.13525,0.76218,0.70249,0.79733,0.59533,0.71865,0.63498,0.69575,0.43492,1.13262,1.91947,1.08394,1.41388,0,0,0,0.000177387,0.000177387,0.000177387
479,12372,1.46418,2.34557,1.36175,1.56916,0.12277,0.12099,0.12943,0.76788,0.70985,0.80018,0.58413,0.6932,0.66582,0.69437,0.42554,1.15694,1.92398,1.0844,1.42485,0,0,0,0.000176013,0.000176013,0.000176013
480,12397.7,1.43227,2.33736,1.42796,1.62298,0.132,0.12549,0.13408,0.78334,0.70786,0.80639,0.58895,0.70468,0.65204,0.69328,0.42837,1.14467,1.9227,1.08128,1.41743,0,0,0,0.000174638,0.000174638,0.000174638
481,12423.5,1.48502,2.3852,1.41009,1.59216,0.13682,0.13395,0.14332,0.69945,0.76786,0.80814,0.58795,0.644,0.69909,0.69293,0.4252,1.12047,1.91798,1.098,1.40703,0,0,0,0.000173264,0.000173264,0.000173264
482,12449.2,1.48491,2.35562,1.41401,1.58275,0.13226,0.12907,0.1368,0.72912,0.75329,0.80676,0.58534,0.66329,0.67142,0.69106,0.42556,1.13622,1.94037,1.10651,1.41818,0,0,0,0.00017189,0.00017189,0.00017189
483,12474.9,1.4018,2.2826,1.35993,1.5825,0.13167,0.12772,0.1362,0.72489,0.76077,0.80503,0.58312,0.67329,0.67877,0.69634,0.43101,1.15909,1.93105,1.10122,1.43235,0,0,0,0.000170515,0.000170515,0.000170515
484,12500.6,1.47954,2.47125,1.40362,1.59106,0.13184,0.12799,0.13685,0.73671,0.74806,0.80612,0.59843,0.67773,0.69579,0.70357,0.43325,1.13157,1.91237,1.08366,1.41224,0,0,0,0.000169141,0.000169141,0.000169141
485,12526.4,1.49305,2.36369,1.41157,1.6222,0.13567,0.12935,0.14085,0.77393,0.71125,0.80951,0.60491,0.70587,0.64921,0.69866,0.44438,1.10854,1.9144,1.08016,1.3986,0,0,0,0.000167766,0.000167766,0.000167766
486,12552.4,1.50964,2.41948,1.4351,1.60044,0.14256,0.13847,0.14731,0.71208,0.77526,0.80956,0.59872,0.65278,0.73297,0.71083,0.43913,1.10848,1.91152,1.09335,1.3992,0,0,0,0.000166392,0.000166392,0.000166392
487,12578.2,1.49506,2.4195,1.41994,1.56621,0.13566,0.12932,0.13752,0.7509,0.74794,0.80636,0.59398,0.69013,0.69257,0.70771,0.4228,1.11778,1.90979,1.09055,1.40529,0,0,0,0.000165017,0.000165017,0.000165017
488,12603.8,1.41535,2.33186,1.38874,1.57215,0.14012,0.13167,0.14275,0.75138,0.73306,0.80244,0.59071,0.69161,0.67633,0.7054,0.42304,1.11966,1.90866,1.0892,1.40646,0,0,0,0.000163643,0.000163643,0.000163643
489,12629.4,1.4381,2.29918,1.36167,1.53703,0.12865,0.12652,0.13443,0.76177,0.72794,0.80426,0.59421,0.70841,0.66876,0.69874,0.43522,1.10767,1.89938,1.07863,1.39886,0,0,0,0.000162268,0.000162268,0.000162268
490,12655,1.37785,2.31751,1.3454,1.56261,0.12786,0.12433,0.13263,0.74794,0.73225,0.80892,0.60328,0.69062,0.67496,0.70394,0.44063,1.0968,1.89382,1.06797,1.39321,0,0,0,0.000160894,0.000160894,0.000160894
491,12680.7,1.46038,2.41945,1.4348,1.5902,0.13135,0.12907,0.13746,0.73537,0.74071,0.80954,0.61064,0.68031,0.68131,0.70286,0.44221,1.09389,1.89784,1.06748,1.39038,0,0,0,0.00015952,0.00015952,0.00015952
492,12706.6,1.41863,2.25927,1.36472,1.58447,0.12936,0.12679,0.13598,0.75249,0.74741,0.80958,0.61668,0.69318,0.69296,0.70201,0.43811,1.08914,1.8869,1.06919,1.38602,0,0,0,0.000158145,0.000158145,0.000158145
493,12732.6,1.45176,2.36641,1.38363,1.57183,0.13253,0.12998,0.13817,0.77093,0.7334,0.81038,0.61225,0.7096,0.67778,0.70082,0.43606,1.09412,1.88865,1.07164,1.38906,0,0,0,0.000156771,0.000156771,0.000156771
494,12758.2,1.43812,2.30044,1.38772,1.56162,0.13462,0.12858,0.13684,0.75233,0.74799,0.80887,0.60531,0.68573,0.68477,0.69816,0.42924,1.10902,1.89643,1.0712,1.39795,0,0,0,0.000155396,0.000155396,0.000155396
495,12783.8,1.46602,2.34194,1.38107,1.58793,0.13374,0.12665,0.13554,0.75813,0.7482,0.80867,0.60239,0.69817,0.67797,0.6982,0.42868,1.11439,1.90039,1.07164,1.40379,0,0,0,0.000154022,0.000154022,0.000154022
496,12809.4,1.40733,2.30573,1.35924,1.59887,0.13052,0.12807,0.13645,0.75767,0.75514,0.81051,0.59844,0.71298,0.67687,0.70334,0.43744,1.10651,1.89861,1.075,1.39898,0,0,0,0.000152647,0.000152647,0.000152647
497,12835,1.41419,2.38569,1.39071,1.58228,0.12335,0.12011,0.12882,0.78017,0.73635,0.81403,0.60497,0.72267,0.67996,0.70715,0.44546,1.1001,1.88903,1.07515,1.39373,0,0,0,0.000151273,0.000151273,0.000151273
498,12860.6,1.38208,2.34615,1.36071,1.57763,0.14019,0.13678,0.14519,0.76097,0.7451,0.80903,0.6053,0.68806,0.68613,0.69761,0.4394,1.09133,1.88597,1.07932,1.38543,0,0,0,0.000149898,0.000149898,0.000149898
499,12886.2,1.40561,2.3986,1.37003,1.57435,0.13753,0.13269,0.14066,0.76572,0.75174,0.80415,0.6078,0.69865,0.69049,0.6941,0.43838,1.09238,1.88584,1.07989,1.38718,0,0,0,0.000148524,0.000148524,0.000148524
500,12911.9,1.41339,2.26998,1.3267,1.56267,0.13018,0.12414,0.13332,0.74121,0.7444,0.80466,0.60317,0.67371,0.67793,0.69104,0.43466,1.09831,1.88806,1.06569,1.39151,0,0,0,0.000147149,0.000147149,0.000147149
501,12937.5,1.42858,2.34936,1.37809,1.56093,0.14166,0.1341,0.14386,0.72892,0.75792,0.80586,0.60015,0.67131,0.69793,0.69666,0.43269,1.11311,1.89784,1.072,1.39885,0,0,0,0.000145775,0.000145775,0.000145775
502,12963,1.41063,2.33353,1.38477,1.59916,0.13667,0.13534,0.14284,0.73151,0.76384,0.80944,0.59807,0.67227,0.70526,0.70162,0.44271,1.12089,1.88994,1.08,1.40186,0,0,0,0.000144401,0.000144401,0.000144401
503,12988.7,1.43933,2.31849,1.37236,1.58415,0.13404,0.13254,0.14019,0.81301,0.69464,0.81045,0.60317,0.65279,0.70457,0.70068,0.44055,1.10551,1.88308,1.07869,1.39463,0,0,0,0.000143026,0.000143026,0.000143026
504,13014.3,1.41429,2.27647,1.37762,1.58447,0.1304,0.12765,0.13592,0.72976,0.75256,0.8134,0.61079,0.65701,0.6913,0.70472,0.44314,1.10269,1.88533,1.08028,1.39347,0,0,0,0.000141652,0.000141652,0.000141652
505,13040,1.37842,2.28744,1.40003,1.56639,0.1308,0.12889,0.13741,0.69299,0.79561,0.81474,0.60504,0.63686,0.73686,0.70696,0.44326,1.10454,1.88276,1.06108,1.39284,0,0,0,0.000140277,0.000140277,0.000140277
506,13065.6,1.41573,2.31217,1.36459,1.56814,0.12898,0.12783,0.136,0.74104,0.74079,0.81455,0.6096,0.6845,0.68185,0.70927,0.44847,1.09416,1.86454,1.05298,1.38765,0,0,0,0.000138903,0.000138903,0.000138903
507,13091.5,1.39476,2.32833,1.34987,1.57364,0.12974,0.12937,0.13823,0.73387,0.76819,0.81421,0.61222,0.66537,0.70809,0.70952,0.45124,1.09378,1.86845,1.05835,1.38831,0,0,0,0.000137528,0.000137528,0.000137528
508,13117.5,1.41124,2.31339,1.35336,1.56504,0.13941,0.13427,0.14452,0.77518,0.74504,0.81793,0.61367,0.7157,0.66067,0.70998,0.44814,1.09678,1.86976,1.07873,1.3918,0,0,0,0.000136154,0.000136154,0.000136154
509,13143.1,1.37835,2.30412,1.34897,1.56013,0.1342,0.1333,0.14144,0.7847,0.73984,0.81831,0.61474,0.69771,0.67889,0.70572,0.45265,1.08721,1.86683,1.08104,1.38761,0,0,0,0.000134779,0.000134779,0.000134779
510,13169,1.41724,2.33522,1.35976,1.58078,0.13483,0.1326,0.1403,0.77388,0.74342,0.81724,0.60824,0.69635,0.67748,0.70403,0.45267,1.08714,1.86696,1.0618,1.38624,0,0,0,0.000133405,0.000133405,0.000133405
511,13194.7,1.41387,2.31851,1.4004,1.58189,0.13185,0.12488,0.13428,0.79188,0.73122,0.81765,0.61245,0.66651,0.70276,0.69916,0.4495,1.08358,1.86312,1.04792,1.38283,0,0,0,0.000132031,0.000132031,0.000132031
512,13220.3,1.44775,2.28732,1.40337,1.56992,0.1402,0.13398,0.14237,0.74739,0.76606,0.81604,0.60484,0.69641,0.68788,0.70347,0.45246,1.07605,1.85292,1.0459,1.37908,0,0,0,0.000130656,0.000130656,0.000130656
513,13246,1.37318,2.30217,1.36979,1.56024,0.13336,0.13105,0.1384,0.74365,0.75951,0.81451,0.60779,0.69341,0.69114,0.69903,0.45235,1.0803,1.85284,1.06022,1.38039,0,0,0,0.000129282,0.000129282,0.000129282
514,13271.6,1.39687,2.34553,1.34969,1.5544,0.12331,0.12645,0.13393,0.70845,0.7931,0.81222,0.60651,0.65581,0.72595,0.69772,0.44654,1.08396,1.86346,1.06536,1.38438,0,0,0,0.000127907,0.000127907,0.000127907
515,13297.4,1.4428,2.3134,1.35201,1.57651,0.12898,0.12297,0.13195,0.70967,0.79483,0.81417,0.61562,0.65765,0.73367,0.71151,0.45119,1.074,1.86539,1.05252,1.37818,0,0,0,0.000126533,0.000126533,0.000126533
516,13323,1.45314,2.36083,1.39545,1.58555,0.13537,0.13596,0.14369,0.75553,0.75794,0.81539,0.61555,0.6953,0.70484,0.71275,0.45739,1.06956,1.85623,1.04498,1.37428,0,0,0,0.000125158,0.000125158,0.000125158
517,13348.9,1.40178,2.28985,1.41425,1.54998,0.1324,0.12669,0.13583,0.75276,0.77072,0.81713,0.61644,0.68864,0.70915,0.7096,0.45333,1.07992,1.8479,1.05216,1.37722,0,0,0,0.000123784,0.000123784,0.000123784
518,13374.5,1.38441,2.27063,1.35362,1.56769,0.12369,0.11949,0.12911,0.78322,0.76386,0.8178,0.61283,0.71003,0.70144,0.70872,0.44768,1.08811,1.84633,1.04801,1.38066,0,0,0,0.000122409,0.000122409,0.000122409
519,13400.2,1.39896,2.33647,1.33196,1.53985,0.12933,0.12815,0.1358,0.79963,0.76871,0.81968,0.61517,0.72797,0.70905,0.7107,0.44581,1.09192,1.84806,1.03856,1.38387,0,0,0,0.000121035,0.000121035,0.000121035
520,13426,1.4442,2.27081,1.32078,1.55541,0.13445,0.12967,0.13851,0.76836,0.77324,0.82053,0.61257,0.70418,0.71029,0.70985,0.4534,1.09215,1.85838,1.03657,1.3835,0,0,0,0.00011966,0.00011966,0.00011966
521,13451.7,1.38414,2.31938,1.34606,1.55111,0.13332,0.13306,0.14269,0.76766,0.76469,0.82079,0.6048,0.69925,0.70202,0.70605,0.45181,1.0842,1.86557,1.04787,1.37763,0,0,0,0.000118286,0.000118286,0.000118286
522,13477.4,1.4207,2.31741,1.37368,1.55499,0.13444,0.12804,0.13659,0.77617,0.77063,0.8209,0.61042,0.70977,0.70744,0.70566,0.44667,1.08516,1.85911,1.05137,1.37512,0,0,0,0.000116912,0.000116912,0.000116912
523,13503,1.43241,2.33117,1.41671,1.58023,0.13199,0.12607,0.13622,0.76659,0.75778,0.81852,0.60449,0.71167,0.68235,0.70786,0.44659,1.08599,1.85558,1.0437,1.37644,0,0,0,0.000115537,0.000115537,0.000115537
524,13528.8,1.46615,2.40513,1.37581,1.55605,0.13117,0.13076,0.13863,0.79136,0.71934,0.82183,0.60794,0.73597,0.65394,0.71171,0.44775,1.08638,1.85415,1.04174,1.37771,0,0,0,0.000114163,0.000114163,0.000114163
525,13554.6,1.46741,2.32164,1.36824,1.55982,0.13526,0.13145,0.1412,0.76229,0.74782,0.81898,0.61445,0.71276,0.6757,0.71093,0.44897,1.09013,1.85215,1.04065,1.38033,0,0,0,0.000112788,0.000112788,0.000112788
526,13580.3,1.41388,2.30802,1.34342,1.54475,0.12644,0.12505,0.13294,0.76937,0.73187,0.82254,0.61891,0.70138,0.67551,0.71076,0.45721,1.08883,1.84694,1.03934,1.38085,0,0,0,0.000111414,0.000111414,0.000111414
527,13606.2,1.43039,2.29871,1.39099,1.56185,0.13419,0.13136,0.13978,0.83486,0.67887,0.82311,0.62091,0.71384,0.66332,0.71146,0.46216,1.08034,1.8391,1.03328,1.37517,0,0,0,0.000110039,0.000110039,0.000110039
528,13632.1,1.40385,2.32225,1.34821,1.54898,0.12663,0.12363,0.13155,0.84048,0.68179,0.82034,0.62376,0.76178,0.63259,0.70942,0.46103,1.07358,1.83911,1.02908,1.37075,0,0,0,0.000108665,0.000108665,0.000108665
529,13658.1,1.4252,2.30848,1.34623,1.55517,0.1327,0.13074,0.14148,0.81473,0.67834,0.81627,0.6208,0.64767,0.70659,0.70884,0.46016,1.07029,1.84107,1.02998,1.36929,0,0,0,0.00010729,0.00010729,0.00010729
530,13683.8,1.41312,2.31319,1.37454,1.55921,0.1374,0.1301,0.14062,0.84586,0.68039,0.81725,0.61783,0.76998,0.62794,0.70744,0.45509,1.07119,1.84546,1.03243,1.36986,0,0,0,0.000105916,0.000105916,0.000105916
531,13709.5,1.42346,2.27507,1.3713,1.57327,0.12423,0.12168,0.13006,0.80112,0.70517,0.81671,0.61499,0.69912,0.68716,0.70686,0.45121,1.08154,1.85362,1.03458,1.37451,0,0,0,0.000104542,0.000104542,0.000104542
532,13735.2,1.40947,2.33405,1.36656,1.57912,0.13224,0.12851,0.1388,0.81955,0.71992,0.81902,0.61668,0.72095,0.68099,0.70382,0.45044,1.06944,1.83981,1.04254,1.3694,0,0,0,0.000103167,0.000103167,0.000103167
533,13760.8,1.38089,2.26136,1.32148,1.54248,0.13465,0.13219,0.14159,0.7869,0.73715,0.82077,0.62074,0.72082,0.67863,0.70873,0.45429,1.05965,1.8247,1.04668,1.36734,0,0,0,0.000101793,0.000101793,0.000101793
534,13786.5,1.43216,2.38226,1.36425,1.5426,0.13795,0.13453,0.14304,0.75469,0.73862,0.81794,0.61437,0.67818,0.70255,0.70825,0.45434,1.0676,1.824,1.04392,1.37176,0,0,0,0.000100418,0.000100418,0.000100418
535,13812.1,1.42892,2.34035,1.39676,1.57827,0.131,0.12848,0.13737,0.77296,0.74863,0.82169,0.61429,0.69329,0.70432,0.71507,0.45743,1.08784,1.83561,1.04101,1.38097,0,0,0,9.90437e-05,9.90437e-05,9.90437e-05
536,13837.8,1.47319,2.33503,1.41114,1.56631,0.13061,0.1285,0.136,0.74461,0.7748,0.82087,0.61458,0.67594,0.73326,0.71264,0.46019,1.07156,1.82856,1.03397,1.36977,0,0,0,9.76692e-05,9.76692e-05,9.76692e-05
537,13863.6,1.44506,2.3053,1.38473,1.53773,0.12244,0.12287,0.13016,0.75808,0.76735,0.81926,0.61634,0.69323,0.72025,0.71262,0.45596,1.05459,1.82541,1.02538,1.36002,0,0,0,9.62948e-05,9.62948e-05,9.62948e-05
538,13889.2,1.3921,2.2914,1.34505,1.57319,0.13419,0.12612,0.13644,0.77981,0.75592,0.82307,0.6297,0.69764,0.72451,0.71588,0.46059,1.05651,1.83177,1.02351,1.36029,0,0,0,9.49203e-05,9.49203e-05,9.49203e-05
539,13915,1.32993,2.2473,1.30898,1.53297,0.12788,0.12541,0.13525,0.78527,0.75016,0.82482,0.63049,0.69253,0.7139,0.72172,0.46528,1.05411,1.82528,1.02138,1.36162,0,0,0,9.35459e-05,9.35459e-05,9.35459e-05
540,13940.8,1.39661,2.20923,1.33989,1.57243,0.13462,0.12917,0.13737,0.76568,0.76688,0.82402,0.63146,0.70471,0.7121,0.71778,0.46684,1.0576,1.8242,1.02056,1.36435,0,0,0,9.21715e-05,9.21715e-05,9.21715e-05
541,13966.6,1.37686,2.25158,1.3204,1.54997,0.13101,0.12927,0.13822,0.78857,0.73511,0.82233,0.62392,0.73065,0.6826,0.72196,0.46817,1.06614,1.82388,1.02279,1.36754,0,0,0,9.0797e-05,9.0797e-05,9.0797e-05
542,13992.3,1.42541,2.30336,1.32519,1.5442,0.1272,0.12555,0.13242,0.77563,0.74634,0.82258,0.61996,0.71978,0.69312,0.72084,0.46295,1.07418,1.82255,1.02048,1.36973,0,0,0,8.94226e-05,8.94226e-05,8.94226e-05
543,14018,1.43034,2.30417,1.36374,1.55226,0.12368,0.1234,0.13148,0.77753,0.73357,0.81933,0.61731,0.7409,0.68754,0.72312,0.46315,1.07367,1.81867,1.01738,1.36959,0,0,0,8.80481e-05,8.80481e-05,8.80481e-05
544,14043.5,1.39467,2.33742,1.37901,1.59942,0.13057,0.12926,0.13748,0.7891,0.74202,0.81701,0.61745,0.74125,0.69859,0.71908,0.46152,1.06267,1.81318,1.01431,1.36302,0,0,0,8.66736e-05,8.66736e-05,8.66736e-05
545,14069.2,1.38935,2.27639,1.30863,1.53082,0.12176,0.12149,0.13014,0.75981,0.773,0.81541,0.62917,0.71461,0.71812,0.72379,0.4672,1.05769,1.81098,1.01777,1.35868,0,0,0,8.52992e-05,8.52992e-05,8.52992e-05
546,14094.9,1.37719,2.23707,1.35171,1.53804,0.12349,0.12244,0.13015,0.77191,0.75324,0.8163,0.62838,0.73229,0.70255,0.72353,0.46709,1.06051,1.81307,1.01401,1.35879,0,0,0,8.39248e-05,8.39248e-05,8.39248e-05
547,14120.4,1.34026,2.31851,1.32728,1.55587,0.12865,0.12811,0.13753,0.75909,0.76902,0.81787,0.62471,0.70972,0.7184,0.72335,0.46156,1.06798,1.81801,1.01227,1.36006,0,0,0,8.25503e-05,8.25503e-05,8.25503e-05
548,14146.1,1.38101,2.34383,1.33327,1.53058,0.13692,0.13496,0.14411,0.76508,0.75308,0.82,0.62228,0.71653,0.69911,0.72492,0.46153,1.06637,1.81754,1.01806,1.36073,0,0,0,8.11759e-05,8.11759e-05,8.11759e-05
549,14171.8,1.40537,2.29295,1.32416,1.52224,0.14016,0.13595,0.1465,0.75517,0.74956,0.81811,0.62519,0.70623,0.70037,0.72741,0.46502,1.05816,1.81194,1.02115,1.35797,0,0,0,7.98014e-05,7.98014e-05,7.98014e-05
550,14197.5,1.39118,2.26566,1.36948,1.52716,0.1309,0.12777,0.13655,0.79216,0.72312,0.82094,0.62628,0.70854,0.69682,0.72738,0.46683,1.05464,1.80854,1.02527,1.35549,0,0,0,7.84269e-05,7.84269e-05,7.84269e-05
551,14223.1,1.37499,2.22402,1.31796,1.54866,0.12583,0.12249,0.1322,0.75563,0.75224,0.82238,0.62608,0.68756,0.72135,0.72286,0.46395,1.05615,1.80751,1.01693,1.35554,0,0,0,7.70525e-05,7.70525e-05,7.70525e-05
552,14248.7,1.29772,2.1979,1.25811,1.51396,0.12166,0.12168,0.12959,0.72793,0.78098,0.82279,0.62558,0.75569,0.65806,0.72426,0.46485,1.05596,1.80594,1.00384,1.35699,0,0,0,7.5678e-05,7.5678e-05,7.5678e-05
553,14274.3,1.35217,2.30773,1.33056,1.54845,0.13407,0.1308,0.14089,0.77657,0.7301,0.81864,0.62755,0.72129,0.67969,0.72117,0.4672,1.05608,1.80964,1.00061,1.3589,0,0,0,7.43036e-05,7.43036e-05,7.43036e-05
554,14300,1.3521,2.27379,1.29495,1.53503,0.12259,0.12313,0.13035,0.79987,0.72123,0.82333,0.63006,0.73722,0.65918,0.72117,0.47182,1.05664,1.80735,1.00777,1.35926,0,0,0,7.29292e-05,7.29292e-05,7.29292e-05
555,14325.9,1.37521,2.26047,1.31247,1.53011,0.12857,0.12874,0.13707,0.77027,0.75705,0.82047,0.62884,0.73306,0.66889,0.71401,0.47189,1.04724,1.79741,1.01561,1.3524,0,0,0,7.15547e-05,7.15547e-05,7.15547e-05
556,14351.7,1.4147,2.26532,1.34542,1.54369,0.12487,0.12525,0.13176,0.79409,0.74472,0.82077,0.62903,0.69759,0.68863,0.71194,0.46688,1.04225,1.7906,1.01596,1.34871,0,0,0,7.01802e-05,7.01802e-05,7.01802e-05
557,14377.4,1.35151,2.21834,1.29539,1.54649,0.13051,0.12452,0.13391,0.78979,0.73877,0.81947,0.62642,0.689,0.70409,0.7112,0.4594,1.04719,1.78888,1.00726,1.35099,0,0,0,6.88058e-05,6.88058e-05,6.88058e-05
558,14403.1,1.40171,2.28438,1.32549,1.56077,0.13193,0.13215,0.14015,0.79482,0.72365,0.81834,0.62313,0.73251,0.65969,0.71353,0.46026,1.0496,1.79273,1.00386,1.35345,0,0,0,6.74313e-05,6.74313e-05,6.74313e-05
559,14428.8,1.37249,2.20246,1.28078,1.51658,0.13281,0.13239,0.14057,0.77604,0.77185,0.82246,0.6273,0.71623,0.71347,0.71768,0.46354,1.0493,1.80336,1.00242,1.35367,0,0,0,6.60569e-05,6.60569e-05,6.60569e-05
560,14454.6,1.4196,2.28336,1.317,1.52491,0.12925,0.12804,0.1365,0.7593,0.78521,0.82197,0.62948,0.72802,0.67871,0.71553,0.46118,1.04699,1.79716,1.00431,1.35106,0,0,0,6.46825e-05,6.46825e-05,6.46825e-05
561,14480.4,1.40253,2.35472,1.32141,1.52748,0.13681,0.13265,0.1404,0.75741,0.78895,0.81941,0.62876,0.69854,0.72901,0.7183,0.46255,1.04484,1.79818,1.00573,1.34817,0,0,0,6.3308e-05,6.3308e-05,6.3308e-05
562,14506,1.34187,2.2256,1.3143,1.54626,0.13032,0.12726,0.1359,0.74422,0.76134,0.81461,0.62692,0.68442,0.70134,0.71354,0.4572,1.04739,1.80663,1.00958,1.34789,0,0,0,6.19335e-05,6.19335e-05,6.19335e-05
563,14531.7,1.36201,2.2611,1.32024,1.52179,0.12433,0.12556,0.1354,0.75892,0.75869,0.81652,0.62795,0.69759,0.69991,0.71404,0.46212,1.04757,1.80134,1.00715,1.34683,0,0,0,6.05591e-05,6.05591e-05,6.05591e-05
564,14557.5,1.39432,2.23511,1.30079,1.54289,0.1349,0.13406,0.14241,0.76149,0.76301,0.81895,0.63086,0.69921,0.71214,0.71378,0.46464,1.0527,1.79561,1.00522,1.35031,0,0,0,5.91846e-05,5.91846e-05,5.91846e-05
565,14583.2,1.43253,2.2832,1.36024,1.56601,0.13211,0.12961,0.13729,0.75984,0.771,0.81823,0.62981,0.69744,0.71713,0.71244,0.45993,1.05508,1.79287,1.00702,1.35289,0,0,0,5.78102e-05,5.78102e-05,5.78102e-05
566,14608.8,1.4118,2.32209,1.36969,1.52947,0.1233,0.12646,0.13288,0.76122,0.74645,0.82045,0.62921,0.70111,0.6886,0.71523,0.46306,1.05137,1.79094,1.00593,1.35095,0,0,0,5.64358e-05,5.64358e-05,5.64358e-05
567,14634.5,1.37405,2.22106,1.33842,1.53453,0.13262,0.12775,0.13544,0.81217,0.71631,0.81911,0.62405,0.7511,0.66146,0.71788,0.46592,1.03892,1.78997,0.99905,1.34554,0,0,0,5.50613e-05,5.50613e-05,5.50613e-05
568,14660.1,1.37966,2.25686,1.30339,1.52029,0.12865,0.12749,0.13641,0.78988,0.71851,0.82043,0.63241,0.73275,0.66188,0.7204,0.46627,1.02696,1.78617,0.99045,1.3406,0,0,0,5.36869e-05,5.36869e-05,5.36869e-05
569,14685.8,1.40788,2.29148,1.34303,1.54557,0.13001,0.12883,0.13728,0.75595,0.75277,0.81937,0.6326,0.68364,0.70095,0.71531,0.4659,1.02947,1.78573,0.99135,1.33985,0,0,0,5.23124e-05,5.23124e-05,5.23124e-05
570,14711.7,1.40442,2.29983,1.31905,1.52377,0.13044,0.12921,0.13857,0.80411,0.71796,0.819,0.62829,0.7358,0.6606,0.71471,0.46443,1.03866,1.7885,0.9983,1.3428,0,0,0,5.09379e-05,5.09379e-05,5.09379e-05
571,14737.2,1.34732,2.15501,1.29514,1.53074,0.12317,0.12679,0.13453,0.7805,0.74139,0.81939,0.62865,0.71581,0.6816,0.7132,0.46394,1.04558,1.78883,1.00757,1.34537,0,0,0,4.95635e-05,4.95635e-05,4.95635e-05
572,14762.9,1.35242,2.20896,1.32005,1.51888,0.12857,0.12989,0.1385,0.76421,0.75198,0.82275,0.63101,0.70088,0.69258,0.71653,0.4638,1.04171,1.78276,1.00855,1.3451,0,0,0,4.81891e-05,4.81891e-05,4.81891e-05
573,14788.7,1.41581,2.26521,1.30708,1.51616,0.12583,0.12744,0.13489,0.79297,0.74109,0.82424,0.63553,0.72641,0.68681,0.72138,0.4652,1.03872,1.78145,1.0034,1.34522,0,0,0,4.68146e-05,4.68146e-05,4.68146e-05
574,14814.4,1.40919,2.21447,1.34687,1.52136,0.13193,0.12649,0.13504,0.77725,0.75623,0.82467,0.63317,0.71327,0.70241,0.71879,0.45719,1.0347,1.77857,0.99831,1.3434,0,0,0,4.54402e-05,4.54402e-05,4.54402e-05
575,14840,1.36834,2.22607,1.31745,1.54207,0.12794,0.12631,0.13392,0.76295,0.73843,0.82294,0.63202,0.68394,0.71008,0.71337,0.45976,1.03196,1.77872,0.99671,1.34179,0,0,0,4.40657e-05,4.40657e-05,4.40657e-05
576,14865.8,1.40054,2.26055,1.30116,1.54302,0.12091,0.1246,0.13128,0.77569,0.746,0.82318,0.63353,0.70902,0.68629,0.71328,0.46173,1.03008,1.77944,0.9972,1.34047,0,0,0,4.26912e-05,4.26912e-05,4.26912e-05
577,14891.5,1.40537,2.28774,1.31103,1.52679,0.11826,0.12193,0.12988,0.73126,0.75474,0.82102,0.62899,0.66763,0.69393,0.71293,0.463,1.03091,1.78045,0.99995,1.34085,0,0,0,4.13168e-05,4.13168e-05,4.13168e-05
578,14917.2,1.37302,2.23323,1.2962,1.51668,0.12733,0.12519,0.1325,0.7483,0.77163,0.82425,0.63265,0.68463,0.70988,0.71485,0.46545,1.03484,1.77999,0.99888,1.34337,0,0,0,3.99423e-05,3.99423e-05,3.99423e-05
579,14942.8,1.30139,2.13463,1.27578,1.52246,0.12869,0.12879,0.13725,0.74657,0.76565,0.82369,0.63106,0.68267,0.70655,0.71438,0.46793,1.03675,1.7796,0.99694,1.3435,0,0,0,3.85679e-05,3.85679e-05,3.85679e-05
580,14968.5,1.35782,2.2464,1.32155,1.53157,0.12975,0.12366,0.1323,0.77263,0.74448,0.82384,0.63183,0.7068,0.68413,0.71156,0.46743,1.03558,1.77669,0.9922,1.34224,0,0,0,3.71935e-05,3.71935e-05,3.71935e-05
581,14994.3,1.38096,2.20099,1.34232,1.52696,0.13019,0.127,0.13675,0.77509,0.74222,0.82371,0.63428,0.71191,0.68378,0.7122,0.46855,1.03392,1.77255,0.99069,1.34003,0,0,0,3.5819e-05,3.5819e-05,3.5819e-05
582,15020.2,1.33565,2.16592,1.29898,1.52998,0.13007,0.13121,0.14057,0.77146,0.75522,0.82584,0.63413,0.70903,0.69859,0.71686,0.47017,1.03445,1.77198,0.99131,1.34,0,0,0,3.44445e-05,3.44445e-05,3.44445e-05
583,15046.2,1.40391,2.30985,1.31125,1.5193,0.13217,0.13198,0.14037,0.76439,0.74996,0.82568,0.63221,0.70226,0.6918,0.71408,0.46813,1.03557,1.7741,0.9932,1.3404,0,0,0,3.30701e-05,3.30701e-05,3.30701e-05
584,15071.9,1.35309,2.16135,1.2893,1.53381,0.13302,0.1308,0.13961,0.73364,0.79571,0.82702,0.63364,0.67109,0.73649,0.7151,0.46806,1.03384,1.77612,0.99835,1.3395,0,0,0,3.16956e-05,3.16956e-05,3.16956e-05
585,15097.6,1.3677,2.21146,1.33217,1.55511,0.12362,0.12163,0.13127,0.75491,0.76531,0.82633,0.63161,0.6933,0.71704,0.71458,0.46653,1.03092,1.77585,1.00234,1.33877,0,0,0,3.03212e-05,3.03212e-05,3.03212e-05
586,15123.1,1.30583,2.15541,1.27852,1.51939,0.11946,0.1207,0.12947,0.72272,0.80522,0.82522,0.63231,0.6658,0.74222,0.71743,0.4674,1.02926,1.77706,1.00381,1.33821,0,0,0,2.89468e-05,2.89468e-05,2.89468e-05
587,15148.8,1.3506,2.18876,1.30828,1.54597,0.13106,0.12784,0.13605,0.74599,0.77343,0.82373,0.63256,0.68467,0.71632,0.71766,0.46993,1.02574,1.77452,1.001,1.33728,0,0,0,2.75723e-05,2.75723e-05,2.75723e-05
588,15174.5,1.35368,2.23025,1.3208,1.54281,0.12169,0.12486,0.13188,0.74025,0.77222,0.82428,0.63693,0.67943,0.72624,0.72002,0.47344,1.02348,1.77241,0.99591,1.33638,0,0,0,2.61978e-05,2.61978e-05,2.61978e-05
589,15200.3,1.39222,2.2934,1.33442,1.55585,0.1221,0.12168,0.13,0.728,0.78497,0.8238,0.63781,0.65404,0.73822,0.71867,0.47213,1.02454,1.77077,0.99451,1.33653,0,0,0,2.48234e-05,2.48234e-05,2.48234e-05
590,15225.9,1.38067,2.25021,1.34338,1.55598,0.12162,0.12026,0.12801,0.70531,0.81044,0.82398,0.63987,0.65991,0.73502,0.72111,0.47412,1.02471,1.76926,0.99351,1.33541,0,0,0,2.34489e-05,2.34489e-05,2.34489e-05
591,15254.4,1.46105,2.30447,1.38538,1.61868,0.1012,0.08603,0.09357,0.75797,0.74343,0.81955,0.63014,0.69344,0.68903,0.71409,0.46862,1.04695,1.78881,1.01228,1.3436,0,0,0,2.20745e-05,2.20745e-05,2.20745e-05
592,15280.2,1.39928,2.25884,1.29315,1.57657,0.09796,0.08533,0.09363,0.73339,0.75786,0.81421,0.61854,0.67688,0.6948,0.7109,0.46097,1.07325,1.82312,1.03336,1.35746,0,0,0,2.07001e-05,2.07001e-05,2.07001e-05
593,15305.9,1.41126,2.30999,1.31287,1.62357,0.09463,0.08333,0.09111,0.73072,0.75571,0.80957,0.60862,0.66836,0.6995,0.70962,0.45295,1.08534,1.85161,1.04508,1.36339,0,0,0,1.93256e-05,1.93256e-05,1.93256e-05
594,15331.6,1.37488,2.22318,1.26177,1.56376,0.09278,0.08295,0.0901,0.69248,0.78844,0.81059,0.61423,0.64784,0.71104,0.70849,0.45417,1.08683,1.86291,1.04494,1.36337,0,0,0,1.79512e-05,1.79512e-05,1.79512e-05
595,15357.4,1.34672,2.23522,1.25506,1.52955,0.09794,0.08507,0.09319,0.70047,0.76648,0.81218,0.61447,0.64367,0.71059,0.71061,0.44918,1.08877,1.87076,1.04309,1.36398,0,0,0,1.65767e-05,1.65767e-05,1.65767e-05
596,15383.2,1.3386,2.17457,1.23073,1.53629,0.09161,0.08305,0.09081,0.71696,0.76362,0.81443,0.61842,0.66077,0.70712,0.71337,0.45309,1.08366,1.86655,1.03827,1.35945,0,0,0,1.52022e-05,1.52022e-05,1.52022e-05
597,15409,1.33844,2.11067,1.21011,1.52131,0.08894,0.08219,0.08854,0.71061,0.76258,0.81397,0.61902,0.64988,0.70187,0.70531,0.45103,1.08178,1.86585,1.03627,1.35763,0,0,0,1.38278e-05,1.38278e-05,1.38278e-05
598,15434.7,1.33261,2.22272,1.22987,1.5098,0.08949,0.08242,0.08906,0.70824,0.76026,0.81389,0.61871,0.6514,0.70245,0.70813,0.45144,1.08001,1.86441,1.03451,1.35684,0,0,0,1.24534e-05,1.24534e-05,1.24534e-05
599,15460.5,1.34382,2.12267,1.21665,1.48347,0.08936,0.08089,0.08792,0.70827,0.76669,0.81436,0.61992,0.65341,0.71048,0.71045,0.45211,1.08032,1.86315,1.03528,1.35666,0,0,0,1.10789e-05,1.10789e-05,1.10789e-05
600,15486.1,1.31028,2.16893,1.21746,1.50812,0.08957,0.08106,0.08864,0.7076,0.7628,0.81338,0.61905,0.65301,0.70613,0.70836,0.45066,1.07953,1.86149,1.0354,1.35615,0,0,0,9.70445e-06,9.70445e-06,9.70445e-06
