epoch,time,train/box_loss,train/seg_loss,train/cls_loss,train/dfl_loss,train/sem_loss,train/heat_loss,train/seed_loss,metrics/precision(B),metrics/recall(B),metrics/mAP50(B),metrics/mAP50-95(B),metrics/precision(M),metrics/recall(M),metrics/mAP50(M),metrics/mAP50-95(M),val/box_loss,val/seg_loss,val/cls_loss,val/dfl_loss,val/sem_loss,val/heat_loss,val/seed_loss,lr/pg0,lr/pg1,lr/pg2
1,13.8609,3.8564,7.79202,5.26778,4.21054,0,0,0,0.00011,0.09997,4e-05,1e-05,0,0,0,0,3.89158,5.2353,4.31368,4.1577,0,0,0,0.00012495,0.00012495,0.00012495
2,20.5964,3.99285,6.35088,5.29907,4.17884,0,0,0,5e-05,0.09937,2e-05,1e-05,0,0,0,0,3.89496,5.24279,4.31213,4.15224,0,0,0,0.000257804,0.000257804,0.000257804
3,27.5542,4.05006,5.53685,5.21875,4.1548,0,0,0,9e-05,0.09976,3e-05,1e-05,0,0,0,0,3.89704,5.1891,4.30434,4.1385,0,0,0,0.000390218,0.000390218,0.000390218
4,34.6638,3.88449,5.21082,5.08833,4.11921,0,0,0,0.00012,0.10517,3e-05,1e-05,0.00011,0.06931,2e-05,1e-05,3.88972,5.00818,4.28625,4.11534,0,0,0,0.000522192,0.000522192,0.000522192
5,41.3357,3.93372,4.79131,5.05844,4.08944,0,0,0,0.00015,0.11716,3e-05,1e-05,0.00021,0.07152,2e-05,0,3.8702,4.47951,4.25499,4.08167,0,0,0,0.000653727,0.000653727,0.000653727
6,48.2565,3.92556,4.45112,5.03628,4.0477,0,0,0,0.00011,0.02515,1e-05,0,0.00013,0.02298,1e-05,0,3.89487,4.47886,4.16872,3.97018,0,0,0,0.000784821,0.000784821,0.000784821
7,54.9204,3.88902,4.49526,4.94052,4.00641,0,0,0,0.00012,0.02535,1e-05,0,0.00011,0.01878,1e-05,0,3.92128,4.47737,4.09414,3.92709,0,0,0,0.000824753,0.000824753,0.000824753
8,61.6835,3.8683,4.43599,4.97569,3.94089,0,0,0,0.00021,0.04201,3e-05,1e-05,0.00017,0.02223,2e-05,0,3.88105,4.62852,4.10969,4.16186,0,0,0,0.000823379,0.000823379,0.000823379
9,68.6453,3.83003,4.45563,4.84777,3.88181,0,0,0,0.0001,0.0118,1e-05,0,4e-05,0.00241,0,0,3.94177,4.79296,4.18745,3.9776,0,0,0,0.000822004,0.000822004,0.000822004
10,75.3868,3.86619,4.49368,4.77263,3.81699,0,0,0,0.00018,0.04201,4e-05,1e-05,5e-05,0.00702,0,0,3.85989,5.99277,4.35635,3.97421,0,0,0,0.00082063,0.00082063,0.00082063
11,82.2698,3.88622,4.51367,4.72031,3.76421,0,0,0,0.00016,0.03926,2e-05,1e-05,9e-05,0.00702,1e-05,0,3.9473,5.45103,4.12039,3.87147,0,0,0,0.000819255,0.000819255,0.000819255
12,89.0559,3.77486,4.48367,4.63934,3.68845,0,0,0,0.00036,0.0258,0.00012,2e-05,0.0003,0.01323,8e-05,1e-05,3.78441,4.71631,4.04602,3.72154,0,0,0,0.000817881,0.000817881,0.000817881
13,95.8358,3.93526,4.474,4.61431,3.65788,0,0,0,0.00137,0.03582,0.00093,0.0002,0.0004,0.01504,4e-05,1e-05,3.84261,4.6358,3.96068,3.64917,0,0,0,0.000816507,0.000816507,0.000816507
14,102.644,3.95941,4.50935,4.62771,3.60746,0,0,0,0.00036,0.01726,4e-05,1e-05,0.00025,0.01445,3e-05,1e-05,3.79014,4.46696,3.96457,3.59152,0,0,0,0.000815132,0.000815132,0.000815132
15,109.335,3.83756,4.39249,4.67865,3.57604,0,0,0,0.00052,0.0347,8e-05,2e-05,0.00019,0.01926,3e-05,0,3.71526,4.49684,3.99108,3.56349,0,0,0,0.000813758,0.000813758,0.000813758
16,115.926,3.70614,4.42393,4.55425,3.54755,0,0,0,0.00084,0.06295,0.00025,3e-05,0.00017,0.01525,3e-05,0,3.632,4.43341,4.01647,3.52554,0,0,0,0.000812383,0.000812383,0.000812383
17,122.599,3.71753,4.35533,4.45281,3.47853,0,0,0,0.00221,0.06333,0.00114,0.00012,0.0021,0.04789,0.00108,0.00022,3.56958,4.40139,4.05055,3.49012,0,0,0,0.000811009,0.000811009,0.000811009
18,129.421,3.52905,4.3774,4.45152,3.42506,0,0,0,0.01418,0.04153,0.00157,0.00075,0.0002,0.02267,3e-05,1e-05,3.52733,4.35843,4.0249,3.44707,0,0,0,0.000809634,0.000809634,0.000809634
19,136.186,3.59189,4.47572,4.48776,3.3621,0,0,0,0.00033,0.03792,0.00023,6e-05,0.00018,0.01966,9e-05,1e-05,3.49183,4.34787,3.99895,3.35631,0,0,0,0.00080826,0.00080826,0.00080826
20,142.746,3.39419,4.39964,4.49863,3.3421,0,0,0,0.00034,0.04113,0.00027,7e-05,0.00019,0.02047,8e-05,2e-05,3.42654,4.3334,3.98545,3.3825,0,0,0,0.000806885,0.000806885,0.000806885
21,149.419,3.51075,4.34942,4.46113,3.31019,0,0,0,0.00054,0.05173,0.00048,0.00016,0.00038,0.02725,0.00028,6e-05,3.37377,4.35956,3.99967,3.38302,0,0,0,0.000805511,0.000805511,0.000805511
22,155.975,3.37677,4.3281,4.41942,3.29564,0,0,0,0.00043,0.05476,0.00077,0.00029,0.00028,0.02767,0.00041,0.00017,3.3815,4.34223,3.91271,3.31713,0,0,0,0.000804137,0.000804137,0.000804137
23,162.577,3.41322,4.3734,4.43159,3.29022,0,0,0,0.00038,0.05297,0.00084,0.00042,0.00021,0.02428,0.00068,0.00032,3.37336,4.33428,3.8887,3.27389,0,0,0,0.000802762,0.000802762,0.000802762
24,169.323,3.37834,4.34108,4.41291,3.27248,0,0,0,0.00072,0.05835,0.00047,0.00012,0.00044,0.03489,0.00023,5e-05,3.3519,4.32735,3.85698,3.1877,0,0,0,0.000801388,0.000801388,0.000801388
25,176.029,3.31017,4.34976,4.38704,3.23511,0,0,0,0.0006,0.06399,0.00042,8e-05,0.00042,0.03469,0.00022,3e-05,3.28965,4.3006,3.84296,3.13788,0,0,0,0.000800013,0.000800013,0.000800013
26,182.917,3.29115,4.3826,4.38459,3.18452,0,0,0,0.00046,0.0626,0.00076,0.00013,0.00032,0.03993,0.00022,4e-05,3.28675,4.30129,3.8212,3.1388,0,0,0,0.000798639,0.000798639,0.000798639
27,189.701,3.2564,4.39647,4.2941,3.09941,0,0,0,0.25714,0.00181,0.00116,0.00016,0.25774,0.0012,0.00082,0.0001,3.31091,4.29571,3.87523,3.18217,0,0,0,0.000797264,0.000797264,0.000797264
28,196.404,3.3067,4.43998,4.31358,3.15649,0,0,0,0.2555,0.00181,0.00122,0.00018,0.26269,0.0014,0.00102,0.00013,3.3992,4.31647,3.90907,3.16349,0,0,0,0.00079589,0.00079589,0.00079589
29,203.01,3.25427,4.28891,4.30822,3.07789,0,0,0,0.00043,0.05297,0.00064,0.00016,0.0003,0.03591,0.00032,7e-05,3.28738,4.31999,3.90909,3.13906,0,0,0,0.000794515,0.000794515,0.000794515
30,209.669,3.21276,4.3042,4.26977,3.07601,0,0,0,0.0005,0.06039,0.00067,0.00016,0.00034,0.03913,0.00032,8e-05,3.23676,4.29661,3.81646,3.07013,0,0,0,0.000793141,0.000793141,0.000793141
31,216.294,3.18327,4.26678,4.275,3.02525,0,0,0,0.00054,0.05839,0.00097,0.00018,0.00028,0.02929,0.00039,7e-05,3.23242,4.29506,3.79148,3.04698,0,0,0,0.000791767,0.000791767,0.000791767
32,222.991,3.25577,4.29888,4.27906,3.07848,0,0,0,0.00101,0.05354,0.00061,0.00017,0.00076,0.02846,0.00034,0.00013,3.23156,4.26563,3.80569,3.06961,0,0,0,0.000790392,0.000790392,0.000790392
33,229.656,3.09508,4.32432,4.25815,3.05317,0,0,0,0.00117,0.03491,0.00154,0.00026,0.00057,0.04349,0.00066,9e-05,3.15052,4.27268,3.7997,3.04152,0,0,0,0.000789018,0.000789018,0.000789018
34,236.334,3.21178,4.23403,4.17318,3.02301,0,0,0,0.25649,0.00261,0.00123,0.00024,0.25547,0.00201,0.00049,7e-05,3.16753,4.27019,3.81384,3.09054,0,0,0,0.000787643,0.000787643,0.000787643
35,243.197,3.08874,4.30014,4.2008,2.9957,0,0,0,0.00096,0.07727,0.00339,0.00061,0.00064,0.04119,0.0017,0.00024,3.14329,4.23786,3.78281,3.06929,0,0,0,0.000786269,0.000786269,0.000786269
36,249.98,3.19235,4.28854,4.14711,3.01702,0,0,0,0.00112,0.07669,0.00357,0.0005,0.00083,0.0434,0.00099,0.00019,3.1373,4.23781,3.78464,3.0265,0,0,0,0.000784894,0.000784894,0.000784894
37,256.701,3.07691,4.30209,4.21965,2.99957,0,0,0,0.25233,0.00502,0.00133,0.00025,0.1261,0.00803,0.00063,0.00011,3.10007,4.22897,3.77546,2.97548,0,0,0,0.00078352,0.00078352,0.00078352
38,263.561,3.06998,4.3362,4.12716,2.97301,0,0,0,0.25219,0.01806,0.00161,0.00036,0.25164,0.01545,0.00122,0.00028,3.11012,4.24913,3.76721,2.97919,0,0,0,0.000782145,0.000782145,0.000782145
39,270.331,3.0759,4.24533,4.20485,2.93832,0,0,0,0.37844,0.00642,0.002,0.00047,0.38013,0.00361,0.00158,0.00042,3.09896,4.19333,3.78421,2.9186,0,0,0,0.000780771,0.000780771,0.000780771
40,277.135,3.11779,4.24918,4.05698,2.92554,0,0,0,0.39404,0.00241,0.0025,0.00063,0.0017,0.07933,0.01176,0.00139,3.07392,4.20999,3.69642,2.96226,0,0,0,0.000779396,0.000779396,0.000779396
41,283.877,3.04031,4.23652,4.15084,2.89523,0,0,0,0.00099,0.08856,0.00256,0.00062,0.00182,0.08439,0.00935,0.00114,3.05682,4.23009,3.69521,2.95772,0,0,0,0.000778022,0.000778022,0.000778022
42,290.628,3.01155,4.22335,4.05623,2.85071,0,0,0,0.01594,0.0363,0.00214,0.00053,0.00074,0.05325,0.00093,0.00024,3.05678,4.17055,3.77716,2.86108,0,0,0,0.000776648,0.000776648,0.000776648
43,297.527,3.04824,4.21504,4.16144,2.86159,0,0,0,0.12793,0.03612,0.00178,0.00056,0.37875,0.00301,0.00095,0.00028,3.03092,4.19922,3.73842,2.8582,0,0,0,0.000775273,0.000775273,0.000775273
44,304.088,3.02681,4.24148,4.13666,2.80224,0,0,0,0.38505,0.00161,0.00566,0.00107,0.38631,0.00161,0.00257,0.00047,3.08177,4.17844,3.66579,2.85279,0,0,0,0.000773899,0.000773899,0.000773899
45,310.663,3.03704,4.14928,4.09355,2.84736,0,0,0,0.00194,0.18642,0.00628,0.00106,0.00166,0.1503,0.00422,0.00106,3.05037,4.16366,3.69256,2.92191,0,0,0,0.000772524,0.000772524,0.000772524
46,317.499,2.98832,4.1951,4.11663,2.8642,0,0,0,0.50449,0.02789,0.0033,0.00069,0.50459,0.00903,0.00414,0.00069,3.01267,4.1781,3.65896,2.9096,0,0,0,0.00077115,0.00077115,0.00077115
47,324.13,2.95167,4.16882,4.02494,2.76025,0,0,0,0.38778,0.00522,0.00349,0.00082,0.38728,0.00502,0.00225,0.00046,3.00069,4.14628,3.61562,2.84715,0,0,0,0.000769775,0.000769775,0.000769775
48,330.99,2.9696,4.24222,3.98558,2.79557,0,0,0,0.3812,0.00783,0.00363,0.0008,0.38074,0.00542,0.00212,0.00045,2.97666,4.16414,3.6733,2.87341,0,0,0,0.000768401,0.000768401,0.000768401
49,337.63,2.90611,4.2073,4.09463,2.82248,0,0,0,0.3874,0.01224,0.00366,0.00092,0.38148,0.00482,0.00161,0.00035,2.92594,4.17571,3.60321,2.81134,0,0,0,0.000767026,0.000767026,0.000767026
50,344.321,2.8936,4.22849,3.98632,2.7651,0,0,0,0.51453,0.01906,0.0055,0.00128,0.51106,0.01264,0.00355,0.00064,2.94088,4.1729,3.56838,2.82479,0,0,0,0.000765652,0.000765652,0.000765652
51,351.036,2.93811,4.18552,3.90515,2.72236,0,0,0,0.00645,0.12492,0.00819,0.00172,0.63,0.02749,0.00343,0.00072,2.87355,4.12392,3.54493,2.77205,0,0,0,0.000764278,0.000764278,0.000764278
52,357.832,2.82543,4.17849,3.90384,2.7287,0,0,0,0.639,0.00903,0.00562,0.00146,0.63651,0.00742,0.0034,0.00074,2.89257,4.10818,3.52243,2.75509,0,0,0,0.000762903,0.000762903,0.000762903
53,364.47,2.91689,4.24781,3.91702,2.72067,0,0,0,0.89093,0.00522,0.00708,0.00207,0.89147,0.00441,0.01339,0.00379,2.91852,4.13813,3.52625,2.76027,0,0,0,0.000761529,0.000761529,0.000761529
54,371.368,2.92879,4.15033,3.90114,2.64887,0,0,0,0.88396,0.00963,0.00738,0.0018,0.8828,0.00883,0.00618,0.00127,2.91088,4.12726,3.51857,2.71734,0,0,0,0.000760154,0.000760154,0.000760154
55,378.009,2.81929,4.23619,3.86459,2.67572,0,0,0,0.88573,0.00878,0.00907,0.0035,0.88426,0.00758,0.00641,0.00161,2.90929,4.10962,3.5448,2.71631,0,0,0,0.00075878,0.00075878,0.00075878
56,384.603,2.88831,4.19418,3.85834,2.6543,0,0,0,0.63413,0.00916,0.01023,0.00288,0.54571,0.00783,0.00349,0.00079,2.96835,4.11784,3.61357,2.75365,0,0,0,0.000757405,0.000757405,0.000757405
57,391.256,2.83868,4.1741,3.89234,2.68957,0,0,0,0.77903,0.01645,0.00825,0.00254,0.76124,0.01104,0.00369,0.00113,2.86714,4.11745,3.50241,2.72459,0,0,0,0.000756031,0.000756031,0.000756031
58,398.019,2.81264,4.15479,3.85971,2.63888,0,0,0,0.52378,0.02849,0.0111,0.00352,0.51233,0.00682,0.006,0.00144,2.81508,4.10558,3.46271,2.68568,0,0,0,0.000754656,0.000754656,0.000754656
59,404.753,2.82243,4.06968,3.82318,2.61219,0,0,0,0.71723,0.01424,0.00897,0.00206,0.67938,0.01043,0.00482,0.00116,2.83496,4.09957,3.45353,2.69957,0,0,0,0.000753282,0.000753282,0.000753282
60,411.634,2.85655,4.10165,3.8071,2.60943,0,0,0,0.40687,0.02047,0.00665,0.00177,0.38478,0.01344,0.0039,0.00082,2.86302,4.11109,3.53708,2.68921,0,0,0,0.000751907,0.000751907,0.000751907
61,418.315,2.76196,4.07013,3.7543,2.58689,0,0,0,0.54195,0.01142,0.01198,0.0043,0.50988,0.00923,0.03739,0.00475,2.77586,4.07372,3.42815,2.64739,0,0,0,0.000750533,0.000750533,0.000750533
62,425.091,2.78401,4.10279,3.77351,2.59318,0,0,0,0.40901,0.02397,0.01044,0.00332,0.39208,0.01384,0.00646,0.00129,2.76927,4.0772,3.41889,2.61263,0,0,0,0.000749159,0.000749159,0.000749159
63,431.693,2.7227,4.08474,3.76862,2.58151,0,0,0,0.83457,0.0134,0.0138,0.00348,0.63688,0.01063,0.00582,0.00128,2.77721,4.06397,3.39783,2.65012,0,0,0,0.000747784,0.000747784,0.000747784
64,438.531,2.76332,4.15103,3.81909,2.59059,0,0,0,0.66408,0.01324,0.00879,0.00237,0.63637,0.00803,0.00504,0.00107,2.75623,4.08138,3.39619,2.64096,0,0,0,0.00074641,0.00074641,0.00074641
65,445.48,2.79394,4.14483,3.66672,2.55427,0,0,0,0.65629,0.02504,0.01582,0.00392,0.63936,0.01685,0.00661,0.00168,2.71288,4.09262,3.36372,2.58835,0,0,0,0.000745035,0.000745035,0.000745035
66,452.27,2.75901,4.14363,3.66917,2.54593,0,0,0,0.64874,0.02909,0.01328,0.00367,0.63724,0.01886,0.00629,0.00144,2.69254,4.07725,3.43557,2.56265,0,0,0,0.000743661,0.000743661,0.000743661
67,459.017,2.77447,4.18353,3.66616,2.54215,0,0,0,0.6524,0.02997,0.01269,0.00323,0.63739,0.01344,0.00719,0.00137,2.75806,4.10087,3.39481,2.59293,0,0,0,0.000742286,0.000742286,0.000742286
68,465.745,2.73979,4.08465,3.67372,2.57126,0,0,0,0.68131,0.02284,0.01981,0.00579,0.6613,0.01622,0.01309,0.003,2.73533,4.03597,3.31205,2.57786,0,0,0,0.000740912,0.000740912,0.000740912
69,472.52,2.74051,4.05262,3.69515,2.54303,0,0,0,0.65899,0.0481,0.02003,0.00589,0.66401,0.01304,0.00947,0.00223,2.67657,4.02682,3.24476,2.5517,0,0,0,0.000739537,0.000739537,0.000739537
70,479.291,2.6755,4.0254,3.6558,2.49069,0,0,0,0.79852,0.02006,0.02493,0.00766,0.77032,0.01304,0.01741,0.00597,2.66719,4.04358,3.2631,2.52575,0,0,0,0.000738163,0.000738163,0.000738163
71,486.117,2.68653,4.09338,3.58655,2.46532,0,0,0,0.64447,0.02327,0.01496,0.00365,0.63418,0.01746,0.00808,0.00249,2.69356,4.03123,3.41039,2.54547,0,0,0,0.000736788,0.000736788,0.000736788
72,492.936,2.73676,4.10749,3.60428,2.43823,0,0,0,0.66972,0.02929,0.01884,0.00662,0.65783,0.01985,0.01134,0.00218,2.63878,4.02442,3.25807,2.50248,0,0,0,0.000735414,0.000735414,0.000735414
73,499.578,2.72999,4.11145,3.61217,2.44633,0,0,0,0.66262,0.0301,0.01756,0.0056,0.64252,0.01906,0.01007,0.00259,2.62306,4.02403,3.25793,2.48717,0,0,0,0.00073404,0.00073404,0.00073404
74,506.3,2.66222,4.01104,3.6082,2.45765,0,0,0,0.67825,0.02576,0.01888,0.00519,0.64959,0.01525,0.008,0.00182,2.64805,4.02147,3.26925,2.52259,0,0,0,0.000732665,0.000732665,0.000732665
75,512.998,2.67241,4.03981,3.53874,2.42797,0,0,0,0.05966,0.32451,0.02666,0.00655,0.65341,0.01806,0.01025,0.0026,2.63366,4.01601,3.24043,2.50223,0,0,0,0.000731291,0.000731291,0.000731291
76,519.716,2.63887,4.1166,3.63838,2.4842,0,0,0,0.66871,0.03247,0.02119,0.00542,0.65983,0.02001,0.011,0.00258,2.60805,4.02708,3.24645,2.49752,0,0,0,0.000729916,0.000729916,0.000729916
77,526.514,2.59442,4.05649,3.50525,2.41595,0,0,0,0.69709,0.02862,0.0213,0.00618,0.66069,0.01923,0.01387,0.0029,2.60935,4.00177,3.21724,2.48526,0,0,0,0.000728542,0.000728542,0.000728542
78,533.355,2.65005,4.02613,3.50438,2.42326,0,0,0,0.68045,0.03436,0.024,0.00685,0.66173,0.02516,0.01175,0.00238,2.6197,4.00015,3.21261,2.45172,0,0,0,0.000727167,0.000727167,0.000727167
79,540.464,2.57161,4.0531,3.45833,2.3978,0,0,0,0.67147,0.03201,0.02649,0.00696,0.64934,0.02504,0.00983,0.00224,2.60981,4.02109,3.22828,2.44811,0,0,0,0.000725793,0.000725793,0.000725793
80,547.217,2.65607,4.07991,3.47529,2.40361,0,0,0,0.66454,0.03924,0.03616,0.00906,0.65143,0.03107,0.01066,0.00255,2.60624,4.00167,3.19327,2.47402,0,0,0,0.000724418,0.000724418,0.000724418
81,553.944,2.62135,4.04292,3.45345,2.39182,0,0,0,0.67113,0.03812,0.03502,0.00935,0.64883,0.02879,0.01569,0.00386,2.58097,3.98229,3.18875,2.44777,0,0,0,0.000723044,0.000723044,0.000723044
82,560.691,2.63501,4.09568,3.46577,2.39131,0,0,0,0.67623,0.04482,0.02092,0.00683,0.65663,0.02565,0.01335,0.00454,2.60081,4.00007,3.26766,2.45916,0,0,0,0.00072167,0.00072167,0.00072167
83,567.607,2.58509,4.0404,3.47077,2.38507,0,0,0,0.67913,0.04225,0.02974,0.00851,0.65702,0.03143,0.01966,0.00534,2.5351,3.98448,3.15573,2.42668,0,0,0,0.000720295,0.000720295,0.000720295
84,574.528,2.61208,4.07421,3.44173,2.34094,0,0,0,0.68363,0.04373,0.0551,0.01287,0.64799,0.0303,0.03614,0.00706,2.52818,3.9642,3.09792,2.41715,0,0,0,0.000718921,0.000718921,0.000718921
85,581.429,2.56834,4.02305,3.37524,2.3306,0,0,0,0.70416,0.04724,0.04362,0.01604,0.659,0.02764,0.02243,0.00624,2.55869,3.96565,3.16615,2.39214,0,0,0,0.000717546,0.000717546,0.000717546
86,588.311,2.60268,4.03528,3.40536,2.3205,0,0,0,0.69239,0.03825,0.04328,0.01361,0.66271,0.02546,0.02123,0.0057,2.56079,3.94124,3.13446,2.40016,0,0,0,0.000716172,0.000716172,0.000716172
87,594.978,2.57775,4.06643,3.3618,2.33641,0,0,0,0.69697,0.03765,0.03888,0.01321,0.67828,0.02899,0.01815,0.0045,2.54852,3.94158,3.1023,2.43909,0,0,0,0.000714797,0.000714797,0.000714797
88,601.969,2.53119,3.98157,3.42928,2.40021,0,0,0,0.6799,0.03984,0.03334,0.01333,0.66971,0.0264,0.02005,0.00537,2.54359,3.96908,3.13799,2.42967,0,0,0,0.000713423,0.000713423,0.000713423
89,608.712,2.54174,4.10678,3.40754,2.3343,0,0,0,0.68378,0.04279,0.03976,0.01506,0.65092,0.02707,0.02407,0.00534,2.53552,3.96727,3.11279,2.33983,0,0,0,0.000712048,0.000712048,0.000712048
90,615.368,2.51802,4.02017,3.42542,2.33113,0,0,0,0.69209,0.0367,0.03764,0.01336,0.65455,0.02593,0.02023,0.00579,2.50086,3.9352,3.10925,2.35241,0,0,0,0.000710674,0.000710674,0.000710674
91,622.01,2.57709,4.00947,3.38655,2.35545,0,0,0,0.69545,0.04861,0.05828,0.0214,0.6633,0.03123,0.03082,0.01021,2.50807,3.91619,3.05022,2.3342,0,0,0,0.000709299,0.000709299,0.000709299
92,628.862,2.48661,4.02615,3.29688,2.25523,0,0,0,0.71487,0.0435,0.0616,0.02281,0.66245,0.03957,0.02587,0.00546,2.50511,3.92907,3.01914,2.32909,0,0,0,0.000707925,0.000707925,0.000707925
93,635.6,2.53423,3.99214,3.22136,2.27357,0,0,0,0.6892,0.05169,0.06103,0.02124,0.65232,0.03885,0.04648,0.01183,2.47363,3.92444,2.98299,2.32638,0,0,0,0.000706551,0.000706551,0.000706551
94,642.495,2.5063,4.00689,3.29962,2.32909,0,0,0,0.66353,0.0664,0.07149,0.0265,0.6531,0.04294,0.04378,0.01086,2.49847,3.90258,3.01143,2.33395,0,0,0,0.000705176,0.000705176,0.000705176
95,649.227,2.49782,3.99845,3.32425,2.34457,0,0,0,0.6689,0.07854,0.07874,0.02659,0.65833,0.04993,0.04096,0.0095,2.49435,3.90208,2.9914,2.3285,0,0,0,0.000703802,0.000703802,0.000703802
96,655.813,2.4653,3.98569,3.28148,2.32908,0,0,0,0.65293,0.08062,0.06742,0.02553,0.52182,0.05006,0.0232,0.00574,2.43283,3.9015,3.04195,2.30603,0,0,0,0.000702427,0.000702427,0.000702427
97,662.504,2.46073,3.9195,3.30871,2.33401,0,0,0,0.55851,0.07419,0.08254,0.02951,0.53868,0.04652,0.04092,0.01178,2.43895,3.89277,2.94766,2.30904,0,0,0,0.000701053,0.000701053,0.000701053
98,669.285,2.48126,3.98025,3.30121,2.27345,0,0,0,0.66496,0.07579,0.10855,0.03469,0.56153,0.04986,0.07026,0.01325,2.40178,3.87079,2.91367,2.26789,0,0,0,0.000699678,0.000699678,0.000699678
99,676.164,2.46394,3.88794,3.29301,2.29828,0,0,0,0.62891,0.0922,0.08253,0.03586,0.49191,0.05316,0.03831,0.00933,2.40194,3.86813,2.92197,2.28224,0,0,0,0.000698304,0.000698304,0.000698304
100,682.928,2.54571,4.0415,3.1744,2.2743,0,0,0,0.61765,0.09379,0.1258,0.0478,0.54665,0.06724,0.09164,0.02528,2.3792,3.89031,2.90754,2.27179,0,0,0,0.000696929,0.000696929,0.000696929
101,689.863,2.52846,3.97512,3.1754,2.22699,0,0,0,0.62235,0.08707,0.07031,0.02605,0.60662,0.05626,0.03867,0.01157,2.4067,3.85269,2.90121,2.24632,0,0,0,0.000695555,0.000695555,0.000695555
102,696.468,2.48676,3.96806,3.143,2.24159,0,0,0,0.54968,0.10952,0.07523,0.02942,0.36199,0.0816,0.0407,0.01155,2.3895,3.88172,2.951,2.28917,0,0,0,0.000694181,0.000694181,0.000694181
103,703.088,2.47972,3.99884,3.18991,2.23794,0,0,0,0.46781,0.11571,0.08025,0.0341,0.39547,0.08064,0.04283,0.01265,2.401,3.84602,2.95879,2.32054,0,0,0,0.000692806,0.000692806,0.000692806
104,709.783,2.45646,3.96074,3.17646,2.25478,0,0,0,0.50337,0.10102,0.08774,0.04065,0.42534,0.07323,0.04747,0.01293,2.35957,3.82091,2.87953,2.2828,0,0,0,0.000691432,0.000691432,0.000691432
105,716.522,2.49118,4.00929,3.22404,2.2695,0,0,0,0.4524,0.08711,0.07421,0.03025,0.34267,0.06235,0.03934,0.01025,2.36941,3.8035,2.91188,2.27547,0,0,0,0.000690057,0.000690057,0.000690057
106,723.413,2.45098,3.92764,3.22936,2.24159,0,0,0,0.45545,0.11915,0.09005,0.03953,0.36089,0.08181,0.04359,0.01298,2.32676,3.81551,2.81088,2.22529,0,0,0,0.000688683,0.000688683,0.000688683
107,730.305,2.4871,3.92949,3.1806,2.23934,0,0,0,0.45317,0.11513,0.12119,0.04816,0.35717,0.08078,0.05545,0.0158,2.34981,3.82651,2.76458,2.21407,0,0,0,0.000687308,0.000687308,0.000687308
108,736.976,2.46265,3.95163,3.07311,2.18329,0,0,0,0.46683,0.11753,0.10019,0.04132,0.42411,0.07046,0.0595,0.01691,2.34338,3.81814,2.83452,2.18925,0,0,0,0.000685934,0.000685934,0.000685934
109,743.678,2.40785,3.92486,3.071,2.20103,0,0,0,0.47441,0.11862,0.11169,0.04677,0.4316,0.09537,0.07201,0.02132,2.33124,3.81283,2.77145,2.18987,0,0,0,0.000684559,0.000684559,0.000684559
110,750.46,2.42122,3.87363,3.08219,2.18494,0,0,0,0.44109,0.11986,0.13567,0.05247,0.2248,0.09535,0.1143,0.03725,2.31778,3.77209,2.73298,2.16178,0,0,0,0.000683185,0.000683185,0.000683185
111,757.344,2.49702,3.97493,2.99898,2.13767,0,0,0,0.52786,0.09787,0.11196,0.05098,0.34142,0.07525,0.05709,0.0176,2.31798,3.76588,2.77395,2.18651,0,0,0,0.00068181,0.00068181,0.00068181
112,764.142,2.40511,3.90934,3.09013,2.20557,0,0,0,0.45741,0.11132,0.09768,0.03935,0.43322,0.06849,0.0573,0.01818,2.36801,3.78359,2.82325,2.21405,0,0,0,0.000680436,0.000680436,0.000680436
113,770.764,2.43153,3.97066,3.04532,2.16217,0,0,0,0.43691,0.13932,0.11804,0.04867,0.36646,0.09692,0.06694,0.01699,2.31158,3.79278,2.71263,2.18287,0,0,0,0.000679062,0.000679062,0.000679062
114,777.472,2.40971,3.88818,3.18441,2.21807,0,0,0,0.57992,0.14064,0.15626,0.06343,0.44289,0.10569,0.10349,0.02308,2.29887,3.76236,2.71718,2.17465,0,0,0,0.000677687,0.000677687,0.000677687
115,784.144,2.42467,3.99187,3.09437,2.18844,0,0,0,0.51205,0.10892,0.13835,0.06451,0.38753,0.09458,0.10728,0.02722,2.26974,3.74359,2.68139,2.16431,0,0,0,0.000676313,0.000676313,0.000676313
116,790.992,2.40477,3.83618,3.06532,2.18306,0,0,0,0.43155,0.13081,0.1179,0.05514,0.23255,0.0997,0.07202,0.02019,2.23483,3.75087,2.67444,2.14117,0,0,0,0.000674938,0.000674938,0.000674938
117,797.729,2.32143,3.94892,2.95684,2.17812,0,0,0,0.45685,0.12154,0.1197,0.052,0.33465,0.09896,0.06443,0.01959,2.24895,3.73259,2.66552,2.14336,0,0,0,0.000673564,0.000673564,0.000673564
118,804.528,2.35785,3.80935,2.94431,2.14616,0,0,0,0.4335,0.13267,0.10477,0.04372,0.31427,0.09802,0.0418,0.0121,2.275,3.69794,2.68008,2.13495,0,0,0,0.000672189,0.000672189,0.000672189
119,811.176,2.34587,3.81705,2.99555,2.18163,0,0,0,0.42352,0.12768,0.09275,0.03763,0.34878,0.08524,0.05014,0.0132,2.24968,3.72924,2.70367,2.15627,0,0,0,0.000670815,0.000670815,0.000670815
120,817.849,2.36307,3.90238,3.04989,2.17172,0,0,0,0.45355,0.11778,0.10477,0.04565,0.35748,0.0839,0.04404,0.01342,2.27035,3.726,2.67968,2.15694,0,0,0,0.00066944,0.00066944,0.00066944
121,824.578,2.35157,3.86527,2.96208,2.14264,0,0,0,0.46445,0.12072,0.13029,0.061,0.37274,0.08582,0.06134,0.01709,2.25388,3.69721,2.61469,2.13346,0,0,0,0.000668066,0.000668066,0.000668066
122,831.295,2.34968,3.88128,2.93867,2.0731,0,0,0,0.50537,0.14516,0.12969,0.05973,0.43238,0.10144,0.07222,0.02436,2.27688,3.73889,2.69562,2.14804,0,0,0,0.000666692,0.000666692,0.000666692
123,837.975,2.39626,3.83908,2.90042,2.15819,0,0,0,0.36258,0.14987,0.16722,0.07121,0.28139,0.11039,0.1095,0.03481,2.29296,3.70478,2.6435,2.17499,0,0,0,0.000665317,0.000665317,0.000665317
124,844.949,2.36454,3.88129,2.97993,2.15348,0,0,0,0.39408,0.16005,0.13482,0.06494,0.34593,0.09543,0.06347,0.02093,2.23706,3.71051,2.64269,2.12625,0,0,0,0.000663943,0.000663943,0.000663943
125,851.656,2.35586,3.85905,2.85305,2.09206,0,0,0,0.48901,0.13902,0.2086,0.07593,0.22512,0.10868,0.14524,0.04379,2.2038,3.68228,2.53558,2.10455,0,0,0,0.000662568,0.000662568,0.000662568
126,858.387,2.34033,3.84329,2.92218,2.14304,0,0,0,0.40741,0.17128,0.14623,0.06893,0.27884,0.11701,0.06826,0.02455,2.25812,3.68521,2.57849,2.16071,0,0,0,0.000661194,0.000661194,0.000661194
127,865.162,2.29682,3.84672,2.88593,2.05829,0,0,0,0.44988,0.12336,0.18041,0.07172,0.36936,0.0821,0.10725,0.03224,2.22761,3.65219,2.57504,2.11523,0,0,0,0.000659819,0.000659819,0.000659819
128,871.875,2.36473,3.89015,2.83715,2.08862,0,0,0,0.36811,0.16835,0.17003,0.07662,0.22864,0.12866,0.09242,0.02652,2.23146,3.67558,2.53897,2.10149,0,0,0,0.000658445,0.000658445,0.000658445
129,878.438,2.26472,3.82931,2.8236,2.12333,0,0,0,0.35348,0.16481,0.16165,0.07619,0.29057,0.13696,0.09741,0.02591,2.19591,3.66337,2.51297,2.0929,0,0,0,0.00065707,0.00065707,0.00065707
130,885.304,2.33613,3.77444,2.91319,2.12704,0,0,0,0.34008,0.153,0.17463,0.08551,0.24117,0.12553,0.10838,0.03708,2.17253,3.66162,2.49862,2.09888,0,0,0,0.000655696,0.000655696,0.000655696
131,892.142,2.28896,3.75619,2.85096,2.10624,0,0,0,0.39298,0.13626,0.14134,0.06335,0.23942,0.12987,0.06429,0.02086,2.15303,3.61389,2.50212,2.07261,0,0,0,0.000654321,0.000654321,0.000654321
132,898.939,2.32413,3.81158,2.84528,2.09226,0,0,0,0.30765,0.20543,0.14666,0.06652,0.25522,0.1301,0.0634,0.01954,2.17209,3.64768,2.62277,2.06988,0,0,0,0.000652947,0.000652947,0.000652947
133,905.508,2.26068,3.82239,2.78448,2.09806,0,0,0,0.48977,0.19913,0.16242,0.07493,0.26981,0.14878,0.08464,0.02587,2.12873,3.62544,2.53517,2.034,0,0,0,0.000651573,0.000651573,0.000651573
134,912.175,2.20707,3.70972,2.83762,2.09875,0,0,0,0.52466,0.17379,0.17493,0.08236,0.41046,0.12314,0.09918,0.03336,2.12145,3.63084,2.47795,2.03747,0,0,0,0.000650198,0.000650198,0.000650198
135,918.898,2.22861,3.82886,2.8095,2.12109,0,0,0,0.56707,0.14264,0.18187,0.08371,0.27487,0.1501,0.09575,0.02914,2.12743,3.61196,2.44013,2.05103,0,0,0,0.000648824,0.000648824,0.000648824
136,925.738,2.23386,3.727,2.70127,2.02161,0,0,0,0.4455,0.16801,0.17134,0.08205,0.35731,0.14568,0.09768,0.028,2.11983,3.6235,2.41388,2.03437,0,0,0,0.000647449,0.000647449,0.000647449
137,932.484,2.32259,3.79221,2.79686,2.09221,0,0,0,0.46669,0.17336,0.24643,0.111,0.34683,0.16277,0.17245,0.04923,2.12064,3.59319,2.39264,2.02854,0,0,0,0.000646075,0.000646075,0.000646075
138,939.298,2.28233,3.76667,2.83961,2.05554,0,0,0,0.41655,0.1603,0.22706,0.10412,0.35792,0.1115,0.15672,0.04964,2.11007,3.65506,2.44723,2.03142,0,0,0,0.0006447,0.0006447,0.0006447
139,946.02,2.29423,3.8409,2.78789,2.09926,0,0,0,0.47706,0.17465,0.21057,0.1007,0.31412,0.16164,0.1345,0.0479,2.11918,3.61736,2.39066,2.01705,0,0,0,0.000643326,0.000643326,0.000643326
140,952.795,2.24071,3.77108,2.75848,2.04546,0,0,0,0.37571,0.21165,0.17431,0.08309,0.27685,0.13422,0.08354,0.02889,2.12904,3.58891,2.39044,2.00637,0,0,0,0.000641951,0.000641951,0.000641951
141,959.542,2.32036,3.75068,2.73651,2.07836,0,0,0,0.45074,0.2166,0.24038,0.1162,0.365,0.15899,0.15835,0.05112,2.09175,3.56078,2.31859,1.99735,0,0,0,0.000640577,0.000640577,0.000640577
142,966.324,2.21983,3.86659,2.71566,2.0651,0,0,0,0.376,0.22604,0.25286,0.11325,0.29509,0.1653,0.16585,0.05085,2.13242,3.65196,2.39177,2.03792,0,0,0,0.000639203,0.000639203,0.000639203
143,972.975,2.23455,3.7522,2.67359,2.03944,0,0,0,0.35525,0.22778,0.2294,0.11044,0.28707,0.16212,0.13951,0.04343,2.1038,3.60337,2.33422,2.02639,0,0,0,0.000637828,0.000637828,0.000637828
144,979.546,2.25911,3.72912,2.75849,2.06472,0,0,0,0.36083,0.25818,0.2622,0.12219,0.32083,0.19872,0.17791,0.05231,2.086,3.54343,2.29492,2.00016,0,0,0,0.000636454,0.000636454,0.000636454
145,986.306,2.21055,3.67623,2.75347,2.06635,0,0,0,0.39425,0.23912,0.22573,0.1125,0.31183,0.1754,0.1293,0.04736,2.09601,3.56242,2.3379,1.99984,0,0,0,0.000635079,0.000635079,0.000635079
146,992.968,2.24681,3.84543,2.66728,2.02631,0,0,0,0.41097,0.22397,0.19474,0.09246,0.29921,0.15445,0.10765,0.03576,2.09222,3.60715,2.31998,2.00465,0,0,0,0.000633705,0.000633705,0.000633705
147,999.859,2.24712,3.7029,2.65143,2.04523,0,0,0,0.43071,0.24031,0.2025,0.10215,0.33069,0.18649,0.10767,0.03869,2.05151,3.57384,2.34593,1.97586,0,0,0,0.00063233,0.00063233,0.00063233
148,1006.6,2.2569,3.87095,2.68287,2.03773,0,0,0,0.39386,0.23686,0.19204,0.09144,0.33131,0.19402,0.11212,0.04139,2.11956,3.59729,2.40285,2.01375,0,0,0,0.000630956,0.000630956,0.000630956
149,1013.4,2.30116,3.76631,2.65355,2.03309,0,0,0,0.37083,0.27945,0.22492,0.10826,0.31847,0.20401,0.13443,0.04804,2.03539,3.5381,2.28475,1.98711,0,0,0,0.000629581,0.000629581,0.000629581
150,1020.12,2.18406,3.66972,2.65239,2.0011,0,0,0,0.44494,0.2406,0.25427,0.12273,0.33448,0.2023,0.15731,0.05383,2.09715,3.55213,2.3232,1.99526,0,0,0,0.000628207,0.000628207,0.000628207
151,1026.88,2.23633,3.80094,2.65733,1.98652,0,0,0,0.48314,0.26601,0.23626,0.11836,0.38739,0.20979,0.15811,0.05126,2.09991,3.53297,2.3028,1.99718,0,0,0,0.000626832,0.000626832,0.000626832
152,1033.68,2.22549,3.75734,2.61759,2.03436,0,0,0,0.47325,0.23847,0.20219,0.10217,0.38397,0.18582,0.12427,0.04529,2.05335,3.53354,2.2812,1.98748,0,0,0,0.000625458,0.000625458,0.000625458
153,1040.42,2.26881,3.69717,2.67685,2.06259,0,0,0,0.44172,0.22705,0.23213,0.11163,0.31581,0.18715,0.12803,0.04546,2.10917,3.52584,2.32398,2.03761,0,0,0,0.000624084,0.000624084,0.000624084
154,1047.1,2.20192,3.61649,2.62865,1.99659,0,0,0,0.37468,0.27989,0.2652,0.1269,0.30094,0.2007,0.14999,0.05261,2.07538,3.53122,2.29141,1.99903,0,0,0,0.000622709,0.000622709,0.000622709
155,1053.9,2.1897,3.64767,2.61056,1.98684,0,0,0,0.40206,0.27955,0.28978,0.13024,0.34468,0.20391,0.18668,0.06387,2.08336,3.56218,2.3095,1.96794,0,0,0,0.000621335,0.000621335,0.000621335
156,1060.76,2.19909,3.68678,2.6492,2.0097,0,0,0,0.38613,0.27578,0.2604,0.12304,0.31152,0.21177,0.16067,0.04718,2.02781,3.54952,2.27462,1.94385,0,0,0,0.00061996,0.00061996,0.00061996
157,1067.28,2.21927,3.70753,2.6374,2.01034,0,0,0,0.41871,0.24431,0.2808,0.14102,0.30182,0.19964,0.18973,0.06339,2.02269,3.53077,2.24421,1.92553,0,0,0,0.000618586,0.000618586,0.000618586
158,1074.23,2.19371,3.72178,2.64845,2.03508,0,0,0,0.37097,0.29451,0.28169,0.13649,0.29372,0.2034,0.14217,0.05231,2.03231,3.53299,2.29912,1.95112,0,0,0,0.000617211,0.000617211,0.000617211
159,1080.99,2.14649,3.7432,2.54824,2.02745,0,0,0,0.40626,0.27459,0.29448,0.14765,0.3391,0.2108,0.20981,0.06647,2.00963,3.50467,2.19905,1.95024,0,0,0,0.000615837,0.000615837,0.000615837
160,1087.75,2.11291,3.76328,2.56706,1.97757,0,0,0,0.40507,0.24046,0.27191,0.14123,0.30136,0.22423,0.16743,0.06145,1.99609,3.49338,2.20378,1.94029,0,0,0,0.000614462,0.000614462,0.000614462
161,1094.5,2.16738,3.74251,2.53726,1.99075,0,0,0,0.41443,0.24503,0.27875,0.12956,0.2718,0.21731,0.16282,0.06119,2.01065,3.48468,2.22419,1.94548,0,0,0,0.000613088,0.000613088,0.000613088
162,1101.34,2.19696,3.70414,2.60074,1.97869,0,0,0,0.45714,0.24929,0.27261,0.13965,0.29957,0.21118,0.16176,0.05492,1.98301,3.49205,2.18132,1.91874,0,0,0,0.000611714,0.000611714,0.000611714
163,1108.08,2.27277,3.64504,2.56546,1.9747,0,0,0,0.3986,0.31428,0.26072,0.13278,0.33224,0.23482,0.16897,0.05776,2.04326,3.48088,2.21868,1.92578,0,0,0,0.000610339,0.000610339,0.000610339
164,1114.91,2.23331,3.68194,2.57903,1.9814,0,0,0,0.4011,0.25931,0.24552,0.12561,0.30742,0.22053,0.13747,0.05207,1.9815,3.51698,2.25774,1.92032,0,0,0,0.000608965,0.000608965,0.000608965
165,1121.56,2.2239,3.66675,2.53334,1.98537,0,0,0,0.3865,0.27163,0.2546,0.13555,0.30217,0.19493,0.15049,0.05322,1.96146,3.4834,2.15106,1.89841,0,0,0,0.00060759,0.00060759,0.00060759
166,1128.36,2.16779,3.69851,2.549,2.00376,0,0,0,0.42094,0.28854,0.28329,0.14507,0.31823,0.20344,0.17278,0.05675,1.9984,3.48956,2.18878,1.91531,0,0,0,0.000606216,0.000606216,0.000606216
167,1135.27,2.17913,3.61657,2.45578,1.93649,0,0,0,0.44279,0.29169,0.34109,0.16674,0.38023,0.23328,0.24475,0.08393,1.97766,3.48327,2.14631,1.91134,0,0,0,0.000604841,0.000604841,0.000604841
168,1142.09,2.14733,3.67456,2.53043,1.98183,0,0,0,0.46298,0.30022,0.35857,0.1742,0.38047,0.23114,0.25428,0.08993,1.96599,3.50638,2.09132,1.89935,0,0,0,0.000603467,0.000603467,0.000603467
169,1148.81,2.18994,3.69821,2.46764,1.97602,0,0,0,0.39422,0.32901,0.34867,0.17312,0.32305,0.24379,0.23703,0.08222,1.94779,3.43783,2.10514,1.8818,0,0,0,0.000602092,0.000602092,0.000602092
170,1155.62,2.12483,3.70351,2.49061,1.97751,0,0,0,0.30143,0.32372,0.29004,0.14915,0.21214,0.21845,0.18772,0.0697,1.99286,3.47189,2.11573,1.89604,0,0,0,0.000600718,0.000600718,0.000600718
171,1162.31,2.15501,3.68204,2.44544,1.95188,0,0,0,0.43149,0.352,0.37013,0.19539,0.34939,0.32254,0.25711,0.09617,1.9359,3.46637,2.05187,1.87799,0,0,0,0.000599343,0.000599343,0.000599343
172,1169.18,2.14428,3.70732,2.48502,2.0162,0,0,0,0.38369,0.43056,0.35621,0.17861,0.3123,0.37221,0.25733,0.09175,1.92946,3.4508,2.07931,1.88203,0,0,0,0.000597969,0.000597969,0.000597969
173,1175.92,2.15649,3.62592,2.49223,1.97222,0,0,0,0.34507,0.3918,0.33433,0.1653,0.25043,0.32863,0.2252,0.08238,1.96039,3.45167,2.08139,1.88419,0,0,0,0.000596595,0.000596595,0.000596595
174,1182.7,2.19483,3.60807,2.48392,1.97281,0,0,0,0.28453,0.4221,0.34191,0.17324,0.228,0.34655,0.21796,0.06952,1.93282,3.4171,2.04942,1.88311,0,0,0,0.00059522,0.00059522,0.00059522
175,1189.46,2.15347,3.65428,2.38201,1.90483,0,0,0,0.34326,0.35634,0.32779,0.15724,0.22973,0.32634,0.18862,0.05701,1.98268,3.45233,2.1099,1.88566,0,0,0,0.000593846,0.000593846,0.000593846
176,1196.1,2.14149,3.63544,2.5048,1.96293,0,0,0,0.42503,0.34952,0.40484,0.20186,0.36237,0.31624,0.28547,0.10555,1.91973,3.40809,2.03709,1.85951,0,0,0,0.000592471,0.000592471,0.000592471
177,1202.89,2.1275,3.59525,2.45901,1.97162,0,0,0,0.40517,0.39829,0.34643,0.17923,0.34947,0.33886,0.27185,0.10486,1.88579,3.39719,2.04376,1.84321,0,0,0,0.000591097,0.000591097,0.000591097
178,1209.55,2.14271,3.69502,2.42993,1.94481,0,0,0,0.41306,0.43806,0.38156,0.21113,0.35689,0.37249,0.29151,0.11675,1.90883,3.36829,1.9587,1.85483,0,0,0,0.000589722,0.000589722,0.000589722
179,1216.42,2.14085,3.59841,2.4526,1.93892,0,0,0,0.35377,0.46462,0.37488,0.19188,0.29131,0.37398,0.27073,0.09601,1.90999,3.39768,1.98705,1.84446,0,0,0,0.000588348,0.000588348,0.000588348
180,1223.13,2.13273,3.67435,2.41382,1.89461,0,0,0,0.38155,0.41125,0.3805,0.21076,0.3484,0.33431,0.28284,0.10225,1.89979,3.37989,1.97487,1.82712,0,0,0,0.000586973,0.000586973,0.000586973
181,1229.99,2.15254,3.68258,2.39654,1.9174,0,0,0,0.33944,0.42866,0.38077,0.21052,0.27056,0.34072,0.25758,0.1,1.9338,3.3673,2.01151,1.84705,0,0,0,0.000585599,0.000585599,0.000585599
182,1236.61,2.12599,3.64462,2.40501,1.88542,0,0,0,0.37434,0.44106,0.37474,0.19054,0.31264,0.37679,0.27763,0.0958,1.90981,3.38022,2.08167,1.85307,0,0,0,0.000584225,0.000584225,0.000584225
183,1243.38,2.07785,3.55825,2.32952,1.88796,0,0,0,0.36842,0.46391,0.39173,0.19786,0.29861,0.37712,0.27684,0.09978,1.88687,3.37223,2.02802,1.85208,0,0,0,0.00058285,0.00058285,0.00058285
184,1250.07,1.99655,3.54509,2.35037,1.92951,0,0,0,0.38442,0.44777,0.40055,0.2052,0.31982,0.36727,0.27291,0.10201,1.87215,3.34103,1.96606,1.83711,0,0,0,0.000581476,0.000581476,0.000581476
185,1256.76,2.05894,3.59177,2.31876,1.86789,0,0,0,0.40459,0.43274,0.35737,0.19344,0.30546,0.3504,0.2559,0.10086,1.8768,3.36015,2.00476,1.81752,0,0,0,0.000580101,0.000580101,0.000580101
186,1263.4,2.12304,3.61768,2.34463,1.85662,0,0,0,0.37744,0.45964,0.38885,0.20316,0.29928,0.3568,0.27,0.09338,1.88527,3.40176,1.9858,1.82573,0,0,0,0.000578727,0.000578727,0.000578727
187,1270.27,2.13089,3.59415,2.39808,1.90177,0,0,0,0.36624,0.41702,0.35438,0.19301,0.30744,0.36423,0.24355,0.09786,1.85691,3.33014,1.93154,1.81914,0,0,0,0.000577352,0.000577352,0.000577352
188,1277.08,2.07917,3.6048,2.35944,1.94988,0,0,0,0.38938,0.43726,0.36269,0.19205,0.30991,0.33188,0.25017,0.10487,1.84975,3.31585,1.91092,1.82246,0,0,0,0.000575978,0.000575978,0.000575978
189,1283.77,2.12407,3.61411,2.37426,1.93005,0,0,0,0.36232,0.48024,0.40215,0.2117,0.28613,0.36539,0.27101,0.11323,1.90981,3.33298,1.96281,1.84198,0,0,0,0.000574603,0.000574603,0.000574603
190,1290.63,2.04473,3.57992,2.29606,1.89364,0,0,0,0.44398,0.37987,0.38609,0.20456,0.34819,0.31311,0.27461,0.09854,1.86183,3.3346,1.91146,1.82055,0,0,0,0.000573229,0.000573229,0.000573229
191,1297.21,2.14508,3.57637,2.27443,1.85651,0,0,0,0.44471,0.39572,0.39785,0.20359,0.37607,0.32063,0.27568,0.10606,1.88587,3.30505,1.90578,1.81787,0,0,0,0.000571854,0.000571854,0.000571854
192,1304.03,2.06401,3.53326,2.29145,1.87764,0,0,0,0.48197,0.46467,0.44438,0.22255,0.37752,0.38467,0.29707,0.10629,1.82457,3.28253,1.83767,1.78607,0,0,0,0.00057048,0.00057048,0.00057048
193,1310.88,2.04879,3.56899,2.26846,1.86628,0,0,0,0.45361,0.45864,0.42218,0.22333,0.37227,0.3643,0.27756,0.09814,1.85179,3.28737,1.87786,1.80838,0,0,0,0.000569106,0.000569106,0.000569106
194,1317.7,2.00365,3.50046,2.31047,1.8656,0,0,0,0.49734,0.40065,0.40983,0.23362,0.39147,0.30593,0.27228,0.10683,1.84347,3.29836,1.88813,1.79526,0,0,0,0.000567731,0.000567731,0.000567731
195,1324.58,2.03139,3.51796,2.20333,1.87313,0,0,0,0.54284,0.36786,0.40067,0.22234,0.46452,0.30698,0.28551,0.11464,1.83672,3.29161,1.88494,1.78332,0,0,0,0.000566357,0.000566357,0.000566357
196,1331.39,2.0792,3.57563,2.24266,1.80765,0,0,0,0.59024,0.37877,0.42266,0.22578,0.5396,0.29469,0.29604,0.11791,1.85226,3.2966,1.87478,1.79246,0,0,0,0.000564982,0.000564982,0.000564982
197,1338.19,2.11147,3.54471,2.2789,1.85217,0,0,0,0.4919,0.41845,0.41641,0.2223,0.42984,0.35338,0.30306,0.11689,1.86157,3.28889,1.90806,1.79186,0,0,0,0.000563608,0.000563608,0.000563608
198,1344.79,2.04982,3.50151,2.24942,1.86462,0,0,0,0.48915,0.39755,0.40748,0.22067,0.44284,0.346,0.29444,0.11668,1.83505,3.27713,1.88469,1.77616,0,0,0,0.000562233,0.000562233,0.000562233
199,1351.59,2.00954,3.55387,2.23174,1.84863,0,0,0,0.39196,0.3895,0.37338,0.20656,0.33273,0.31479,0.25591,0.09813,1.84459,3.28232,1.91177,1.78436,0,0,0,0.000560859,0.000560859,0.000560859
200,1358.23,2.00725,3.4692,2.23714,1.85642,0,0,0,0.43038,0.4381,0.43036,0.2304,0.35104,0.35954,0.30307,0.12334,1.85067,3.27801,1.86065,1.77264,0,0,0,0.000559484,0.000559484,0.000559484
201,1364.9,2.0226,3.54957,2.22231,1.86524,0,0,0,0.52933,0.34876,0.4133,0.22466,0.40297,0.31116,0.29235,0.11497,1.8124,3.26482,1.83974,1.75636,0,0,0,0.00055811,0.00055811,0.00055811
202,1371.54,1.94588,3.53734,2.15452,1.86648,0,0,0,0.51902,0.42753,0.45495,0.25124,0.4371,0.33693,0.30565,0.12389,1.77117,3.25878,1.81731,1.74451,0,0,0,0.000556736,0.000556736,0.000556736
203,1378.36,1.97373,3.50635,2.17093,1.8348,0,0,0,0.48902,0.42981,0.44087,0.24761,0.40861,0.36244,0.31898,0.13392,1.79493,3.25101,1.81265,1.75158,0,0,0,0.000555361,0.000555361,0.000555361
204,1385.16,2.05394,3.52142,2.19536,1.82923,0,0,0,0.44263,0.43869,0.40569,0.21785,0.37137,0.36902,0.3013,0.12469,1.79846,3.23369,1.90405,1.75602,0,0,0,0.000553987,0.000553987,0.000553987
205,1391.69,2.0089,3.47253,2.14594,1.81581,0,0,0,0.44622,0.44339,0.4285,0.24178,0.3839,0.38231,0.31842,0.12851,1.81153,3.26367,1.83048,1.74456,0,0,0,0.000552612,0.000552612,0.000552612
206,1398.4,2.0543,3.50794,2.21342,1.82855,0,0,0,0.45799,0.41203,0.41211,0.22301,0.32884,0.35383,0.29447,0.11618,1.78856,3.22863,1.80549,1.72538,0,0,0,0.000551238,0.000551238,0.000551238
207,1405.07,2.03739,3.51317,2.19832,1.86543,0,0,0,0.57367,0.35752,0.41682,0.22608,0.4799,0.2722,0.29667,0.1137,1.80394,3.23696,1.7776,1.74645,0,0,0,0.000549863,0.000549863,0.000549863
208,1411.85,1.98134,3.52924,2.14983,1.85334,0,0,0,0.63434,0.38993,0.46104,0.26846,0.62008,0.2929,0.33531,0.1453,1.78181,3.23251,1.77617,1.72974,0,0,0,0.000548489,0.000548489,0.000548489
209,1418.58,1.9683,3.51759,2.16945,1.82473,0,0,0,0.45841,0.50676,0.4368,0.24504,0.33435,0.4009,0.29411,0.12988,1.78276,3.25912,1.8185,1.74122,0,0,0,0.000547114,0.000547114,0.000547114
210,1425.31,1.97692,3.48043,2.19428,1.8524,0,0,0,0.55809,0.36774,0.41423,0.2168,0.46923,0.29092,0.28535,0.11188,1.8305,3.28801,1.8557,1.76488,0,0,0,0.00054574,0.00054574,0.00054574
211,1431.97,2.04687,3.59192,2.20412,1.80676,0,0,0,0.41668,0.4496,0.45884,0.24491,0.32675,0.37966,0.33358,0.13393,1.75793,3.187,1.75413,1.72735,0,0,0,0.000544365,0.000544365,0.000544365
212,1438.73,2.00636,3.5445,2.18975,1.83092,0,0,0,0.55319,0.39897,0.46164,0.25592,0.43085,0.34155,0.34257,0.14939,1.7513,3.18424,1.74755,1.7108,0,0,0,0.000542991,0.000542991,0.000542991
213,1445.36,2.0475,3.45907,2.16479,1.84097,0,0,0,0.43668,0.52817,0.47206,0.26241,0.36762,0.41164,0.3455,0.14474,1.7464,3.20208,1.74965,1.70182,0,0,0,0.000541617,0.000541617,0.000541617
214,1452.02,1.96563,3.48361,2.19021,1.83783,0,0,0,0.52646,0.44238,0.44765,0.24927,0.4638,0.35643,0.33461,0.13555,1.7229,3.17881,1.75533,1.69838,0,0,0,0.000540242,0.000540242,0.000540242
215,1458.78,1.97458,3.42635,2.06442,1.79368,0,0,0,0.47271,0.45403,0.45644,0.24871,0.43067,0.35426,0.3412,0.12917,1.71632,3.17584,1.70905,1.69182,0,0,0,0.000538868,0.000538868,0.000538868
216,1465.46,1.9398,3.40092,2.10201,1.78497,0,0,0,0.51283,0.38805,0.43269,0.24127,0.43306,0.32696,0.30985,0.11811,1.71368,3.16715,1.74647,1.69353,0,0,0,0.000537493,0.000537493,0.000537493
217,1472.26,2.07535,3.49293,2.16962,1.81117,0,0,0,0.54823,0.45407,0.48203,0.27487,0.46681,0.35301,0.34076,0.12807,1.68131,3.16508,1.72473,1.6737,0,0,0,0.000536119,0.000536119,0.000536119
218,1478.88,2.00661,3.43696,2.10549,1.81008,0,0,0,0.49082,0.48011,0.47606,0.26145,0.39665,0.39588,0.33817,0.13882,1.73008,3.17884,1.73597,1.70083,0,0,0,0.000534744,0.000534744,0.000534744
219,1485.52,2.04049,3.50432,2.17197,1.77718,0,0,0,0.44588,0.49359,0.4446,0.24245,0.37168,0.40299,0.32797,0.12656,1.74541,3.18382,1.74822,1.71362,0,0,0,0.00053337,0.00053337,0.00053337
220,1492.11,1.94674,3.45469,2.1175,1.78899,0,0,0,0.58961,0.40575,0.46328,0.2579,0.50789,0.34503,0.33543,0.14102,1.71877,3.1506,1.704,1.69464,0,0,0,0.000531995,0.000531995,0.000531995
221,1498.97,1.93049,3.42012,2.03369,1.7729,0,0,0,0.54445,0.44315,0.46441,0.25892,0.46941,0.38109,0.35708,0.14899,1.67927,3.0988,1.63937,1.68256,0,0,0,0.000530621,0.000530621,0.000530621
222,1505.56,1.8972,3.41142,1.97496,1.76882,0,0,0,0.53594,0.48732,0.46358,0.26021,0.46137,0.40662,0.35244,0.14842,1.68953,3.11907,1.65069,1.68297,0,0,0,0.000529247,0.000529247,0.000529247
223,1512.36,1.95795,3.34734,2.02228,1.74862,0,0,0,0.49006,0.47292,0.47157,0.27027,0.41979,0.39812,0.34717,0.14733,1.69711,3.18219,1.67446,1.6812,0,0,0,0.000527872,0.000527872,0.000527872
224,1519.24,1.93198,3.40504,2.05999,1.78158,0,0,0,0.48261,0.50007,0.47771,0.27877,0.45807,0.37638,0.35303,0.15652,1.67954,3.12698,1.65286,1.65314,0,0,0,0.000526498,0.000526498,0.000526498
225,1525.98,1.99377,3.38304,2.11748,1.78145,0,0,0,0.4371,0.49851,0.47672,0.2796,0.51729,0.34211,0.35422,0.14891,1.68121,3.11988,1.65347,1.67181,0,0,0,0.000525123,0.000525123,0.000525123
226,1532.83,1.90973,3.42287,2.07668,1.7638,0,0,0,0.52675,0.51864,0.49933,0.29485,0.44352,0.41659,0.37933,0.16827,1.69454,3.11551,1.64117,1.67579,0,0,0,0.000523749,0.000523749,0.000523749
227,1539.57,1.91347,3.41288,2.0799,1.77187,0,0,0,0.54133,0.4886,0.50386,0.29573,0.44321,0.39662,0.36642,0.15113,1.671,3.09709,1.64575,1.66673,0,0,0,0.000522374,0.000522374,0.000522374
228,1546.33,1.88366,3.43284,2.05764,1.76949,0,0,0,0.53099,0.41516,0.46228,0.26587,0.44679,0.33437,0.33823,0.14384,1.68286,3.10921,1.67371,1.66279,0,0,0,0.000521,0.000521,0.000521
229,1552.99,1.95023,3.42223,2.07029,1.7483,0,0,0,0.51268,0.46919,0.47818,0.28176,0.49018,0.36298,0.3484,0.15423,1.66377,3.08928,1.65833,1.64557,0,0,0,0.000519625,0.000519625,0.000519625
230,1559.77,1.90681,3.40758,2.00429,1.74467,0,0,0,0.61543,0.44053,0.50681,0.28886,0.40253,0.3815,0.35267,0.15489,1.65911,3.11917,1.68362,1.65034,0,0,0,0.000518251,0.000518251,0.000518251
231,1566.48,1.97172,3.39933,2.0122,1.77876,0,0,0,0.53416,0.49305,0.52475,0.312,0.5979,0.3129,0.36623,0.15842,1.65914,3.10386,1.6277,1.63929,0,0,0,0.000516877,0.000516877,0.000516877
232,1573.18,1.93468,3.38601,2.0174,1.79474,0,0,0,0.51532,0.54894,0.51855,0.29878,0.47056,0.40186,0.36483,0.15584,1.67548,3.06853,1.6042,1.64142,0,0,0,0.000515502,0.000515502,0.000515502
233,1580,1.95454,3.36217,2.08851,1.772,0,0,0,0.53531,0.53759,0.51492,0.28562,0.44092,0.41276,0.35726,0.14643,1.68199,3.10922,1.62974,1.65114,0,0,0,0.000514128,0.000514128,0.000514128
234,1586.6,1.95131,3.43988,2.04818,1.78432,0,0,0,0.62086,0.43302,0.50142,0.28881,0.52672,0.36934,0.36233,0.1499,1.66891,3.10061,1.58952,1.64771,0,0,0,0.000512753,0.000512753,0.000512753
235,1593.34,1.93385,3.39392,1.97969,1.73232,0,0,0,0.53563,0.51167,0.52038,0.29429,0.41903,0.39557,0.36047,0.16351,1.6441,3.07889,1.58824,1.63256,0,0,0,0.000511379,0.000511379,0.000511379
236,1599.94,1.92446,3.40349,2.0066,1.74198,0,0,0,0.48425,0.52574,0.49828,0.27815,0.49749,0.38571,0.37106,0.15099,1.6402,3.07663,1.604,1.62755,0,0,0,0.000510004,0.000510004,0.000510004
237,1606.63,1.89326,3.37246,2.08835,1.77822,0,0,0,0.47399,0.56275,0.49905,0.28953,0.40929,0.42623,0.35077,0.15153,1.63762,3.06835,1.59923,1.62246,0,0,0,0.00050863,0.00050863,0.00050863
238,1613.53,1.90163,3.25125,1.93389,1.72176,0,0,0,0.51699,0.54695,0.50068,0.29865,0.43517,0.46222,0.37942,0.17127,1.60875,3.02929,1.55968,1.60564,0,0,0,0.000507255,0.000507255,0.000507255
239,1620.24,1.8752,3.32957,1.94878,1.70684,0,0,0,0.53955,0.52594,0.52266,0.30025,0.47081,0.45961,0.40399,0.17676,1.63265,3.07219,1.59726,1.62938,0,0,0,0.000505881,0.000505881,0.000505881
240,1626.99,1.87744,3.46568,1.99001,1.77646,0,0,0,0.53067,0.57004,0.53457,0.30552,0.42348,0.47287,0.38216,0.16443,1.63458,3.08521,1.58726,1.62903,0,0,0,0.000504506,0.000504506,0.000504506
241,1633.62,1.87776,3.36633,1.99494,1.72484,0,0,0,0.52539,0.51706,0.51899,0.292,0.37945,0.44523,0.38211,0.15992,1.64835,3.04944,1.57273,1.64862,0,0,0,0.000503132,0.000503132,0.000503132
242,1640.31,1.97817,3.30612,1.9541,1.73754,0,0,0,0.56588,0.50039,0.52297,0.28923,0.51529,0.39795,0.39065,0.16409,1.6292,3.03418,1.59298,1.63547,0,0,0,0.000501758,0.000501758,0.000501758
243,1646.98,1.93508,3.41267,2.01107,1.72225,0,0,0,0.5482,0.55954,0.52998,0.30853,0.44188,0.46387,0.38981,0.17315,1.59479,3.03243,1.5872,1.60753,0,0,0,0.000500383,0.000500383,0.000500383
244,1653.87,1.89673,3.34528,2.01253,1.7404,0,0,0,0.6231,0.4669,0.53485,0.30888,0.48446,0.37548,0.38422,0.17192,1.60582,3.05211,1.56127,1.60933,0,0,0,0.000499009,0.000499009,0.000499009
245,1660.43,1.87432,3.2895,1.95054,1.71922,0,0,0,0.60381,0.51498,0.55977,0.32824,0.52275,0.42652,0.42032,0.19038,1.60418,3.02868,1.5379,1.61364,0,0,0,0.000497634,0.000497634,0.000497634
246,1667.23,1.83199,3.38407,1.95419,1.73768,0,0,0,0.51151,0.58996,0.55568,0.32846,0.44143,0.50652,0.42564,0.17738,1.60153,3.02401,1.55006,1.60979,0,0,0,0.00049626,0.00049626,0.00049626
247,1673.95,1.85755,3.30129,1.93677,1.69088,0,0,0,0.46151,0.61462,0.5619,0.33096,0.40335,0.4973,0.4164,0.1836,1.60826,3.0128,1.56831,1.6105,0,0,0,0.000494885,0.000494885,0.000494885
248,1680.63,1.94502,3.31513,1.91291,1.68711,0,0,0,0.47726,0.5639,0.54629,0.32377,0.40319,0.44532,0.39327,0.17801,1.60995,2.98868,1.57331,1.6053,0,0,0,0.000493511,0.000493511,0.000493511
249,1687.21,1.87831,3.34211,1.97361,1.7165,0,0,0,0.56586,0.55117,0.5705,0.33111,0.46524,0.45796,0.42318,0.18686,1.60742,2.97459,1.53963,1.59125,0,0,0,0.000492136,0.000492136,0.000492136
250,1694.07,1.85987,3.24859,1.90474,1.67992,0,0,0,0.56472,0.55751,0.56114,0.33398,0.47491,0.46124,0.43034,0.18576,1.58798,3.0141,1.51656,1.58615,0,0,0,0.000490762,0.000490762,0.000490762
251,1700.84,1.84769,3.28305,1.9106,1.69079,0,0,0,0.5749,0.57107,0.54064,0.32312,0.47067,0.46304,0.39971,0.1778,1.57511,3.02859,1.56662,1.58026,0,0,0,0.000489387,0.000489387,0.000489387
252,1707.42,1.86924,3.33757,1.89422,1.71474,0,0,0,0.57797,0.55191,0.55938,0.32754,0.55426,0.42157,0.43028,0.1879,1.57823,2.97754,1.54048,1.58674,0,0,0,0.000488013,0.000488013,0.000488013
253,1714.19,1.87239,3.29493,1.87638,1.69168,0,0,0,0.50374,0.55171,0.55274,0.30943,0.45216,0.47129,0.43764,0.19058,1.60292,2.95011,1.55107,1.59836,0,0,0,0.000486639,0.000486639,0.000486639
254,1720.99,1.89834,3.39252,1.93864,1.73227,0,0,0,0.47378,0.5373,0.51079,0.28423,0.53798,0.36959,0.39792,0.17248,1.64249,3.01115,1.60465,1.63439,0,0,0,0.000485264,0.000485264,0.000485264
255,1727.7,1.93699,3.30549,1.87139,1.69711,0,0,0,0.55048,0.50798,0.53643,0.31764,0.39637,0.49658,0.41705,0.1878,1.58821,2.9456,1.51102,1.59535,0,0,0,0.00048389,0.00048389,0.00048389
256,1734.64,1.88672,3.27557,1.92781,1.67809,0,0,0,0.60409,0.50018,0.52988,0.31456,0.51206,0.4154,0.40729,0.17736,1.58642,2.95456,1.50187,1.57969,0,0,0,0.000482515,0.000482515,0.000482515
257,1741.38,1.86632,3.26788,1.89829,1.70234,0,0,0,0.58218,0.53009,0.54685,0.32445,0.61491,0.42159,0.43746,0.19116,1.57745,2.93275,1.48631,1.57487,0,0,0,0.000481141,0.000481141,0.000481141
258,1747.99,1.79713,3.24163,1.85712,1.68836,0,0,0,0.5557,0.57187,0.56337,0.34109,0.48097,0.48884,0.42675,0.19667,1.56513,2.90577,1.48016,1.56577,0,0,0,0.000479766,0.000479766,0.000479766
259,1754.76,1.86256,3.21463,1.89388,1.7045,0,0,0,0.59788,0.50247,0.54571,0.32367,0.51089,0.43301,0.40982,0.19058,1.55807,2.90715,1.51217,1.56767,0,0,0,0.000478392,0.000478392,0.000478392
260,1761.36,1.91542,3.3047,1.8758,1.63747,0,0,0,0.52143,0.58692,0.55514,0.32928,0.48588,0.4798,0.43097,0.19788,1.53541,2.92849,1.47018,1.55477,0,0,0,0.000477017,0.000477017,0.000477017
261,1767.91,1.90728,3.33637,1.90956,1.71158,0,0,0,0.59096,0.5908,0.58599,0.33917,0.56374,0.47244,0.45516,0.19761,1.56393,2.95632,1.48814,1.56871,0,0,0,0.000475643,0.000475643,0.000475643
262,1774.77,1.87546,3.31736,1.93083,1.69922,0,0,0,0.621,0.52647,0.55523,0.33812,0.54606,0.42673,0.42085,0.18552,1.52875,2.95447,1.52176,1.54462,0,0,0,0.000474269,0.000474269,0.000474269
263,1781.47,1.78982,3.33251,1.80506,1.62422,0,0,0,0.66652,0.45828,0.54297,0.33157,0.47332,0.46503,0.43101,0.19219,1.51695,2.90621,1.49765,1.5347,0,0,0,0.000472894,0.000472894,0.000472894
264,1788.21,1.80883,3.23491,1.88062,1.68087,0,0,0,0.55284,0.56188,0.56124,0.32642,0.49269,0.49539,0.45415,0.20218,1.5331,2.91749,1.46304,1.54338,0,0,0,0.00047152,0.00047152,0.00047152
265,1794.78,1.83495,3.19925,1.90879,1.69525,0,0,0,0.58971,0.5398,0.56807,0.33732,0.51439,0.45407,0.44873,0.2117,1.55362,2.89848,1.47587,1.55526,0,0,0,0.000470145,0.000470145,0.000470145
266,1801.54,1.81617,3.28459,1.9059,1.67052,0,0,0,0.56887,0.5897,0.58495,0.34306,0.48515,0.50451,0.46376,0.21234,1.54456,2.89442,1.44743,1.555,0,0,0,0.000468771,0.000468771,0.000468771
267,1808.33,1.83766,3.20849,1.9012,1.71432,0,0,0,0.53551,0.62549,0.58756,0.34021,0.48391,0.48622,0.46687,0.20733,1.52601,2.88163,1.42437,1.54557,0,0,0,0.000467396,0.000467396,0.000467396
268,1815.04,1.82737,3.27734,1.93453,1.71574,0,0,0,0.63505,0.58036,0.56478,0.33592,0.53969,0.46673,0.42902,0.20221,1.52648,2.88458,1.44034,1.55003,0,0,0,0.000466022,0.000466022,0.000466022
269,1821.69,1.85938,3.30167,1.84028,1.6501,0,0,0,0.54448,0.58902,0.56954,0.33677,0.50031,0.49302,0.44583,0.19668,1.55714,2.91593,1.43716,1.55592,0,0,0,0.000464647,0.000464647,0.000464647
270,1828.31,1.83565,3.25191,1.84461,1.66565,0,0,0,0.64533,0.55246,0.57989,0.35682,0.55906,0.47641,0.44985,0.22025,1.52922,2.89221,1.42779,1.55061,0,0,0,0.000463273,0.000463273,0.000463273
271,1835.12,1.86615,3.29093,1.95605,1.72907,0,0,0,0.53092,0.61003,0.56668,0.34628,0.57132,0.43225,0.44557,0.20612,1.54746,2.91299,1.45659,1.56597,0,0,0,0.000461898,0.000461898,0.000461898
272,1841.91,1.86543,3.24416,1.86154,1.66335,0,0,0,0.57391,0.6043,0.57957,0.34615,0.53165,0.4856,0.45061,0.2087,1.54635,2.89334,1.50132,1.55296,0,0,0,0.000460524,0.000460524,0.000460524
273,1848.62,1.85308,3.17901,1.79542,1.65056,0,0,0,0.62356,0.53105,0.57433,0.35013,0.53246,0.44084,0.44905,0.20782,1.51465,2.85796,1.48008,1.53608,0,0,0,0.00045915,0.00045915,0.00045915
274,1855.23,1.95312,3.28589,1.92607,1.71913,0,0,0,0.54353,0.58433,0.59562,0.35395,0.44396,0.4787,0.44124,0.20536,1.51865,2.86777,1.47426,1.5327,0,0,0,0.000457775,0.000457775,0.000457775
275,1861.97,1.90158,3.34539,1.8239,1.68093,0,0,0,0.55388,0.59088,0.61415,0.36786,0.44409,0.48874,0.46915,0.22026,1.50598,2.85188,1.42032,1.52135,0,0,0,0.000456401,0.000456401,0.000456401
276,1868.67,1.79937,3.22193,1.83028,1.66587,0,0,0,0.52058,0.5676,0.58409,0.36061,0.44388,0.47392,0.44382,0.21679,1.49396,2.84306,1.47847,1.51541,0,0,0,0.000455026,0.000455026,0.000455026
277,1875.36,1.86764,3.18995,1.91686,1.65567,0,0,0,0.58917,0.54322,0.60261,0.3612,0.5167,0.47046,0.46914,0.22898,1.51186,2.8729,1.4972,1.5284,0,0,0,0.000453652,0.000453652,0.000453652
278,1882.22,1.84567,3.24188,1.81992,1.66179,0,0,0,0.58747,0.57484,0.5985,0.35881,0.53868,0.47132,0.45486,0.22315,1.51091,2.84429,1.44566,1.52294,0,0,0,0.000452277,0.000452277,0.000452277
279,1888.9,1.81441,3.14487,1.77212,1.63811,0,0,0,0.66115,0.57841,0.63355,0.37773,0.60814,0.47045,0.49713,0.23356,1.47593,2.81523,1.39207,1.51435,0,0,0,0.000450903,0.000450903,0.000450903
280,1895.68,1.83854,3.23165,1.84193,1.66268,0,0,0,0.60388,0.65593,0.62695,0.37059,0.5076,0.54728,0.47046,0.21629,1.47513,2.80947,1.37218,1.51587,0,0,0,0.000449528,0.000449528,0.000449528
281,1902.24,1.79744,3.20912,1.81278,1.65718,0,0,0,0.60748,0.61071,0.63329,0.36713,0.5379,0.51127,0.48156,0.2157,1.49332,2.81754,1.38615,1.52515,0,0,0,0.000448154,0.000448154,0.000448154
282,1908.96,1.77247,3.20173,1.78413,1.65311,0,0,0,0.59838,0.61879,0.63517,0.37992,0.50987,0.49079,0.46817,0.22062,1.49898,2.82495,1.39901,1.5121,0,0,0,0.00044678,0.00044678,0.00044678
283,1915.63,1.79856,3.18362,1.77138,1.63301,0,0,0,0.59376,0.60696,0.62462,0.37319,0.50447,0.51066,0.47744,0.22879,1.46281,2.80368,1.44335,1.49276,0,0,0,0.000445405,0.000445405,0.000445405
284,1922.52,1.82307,3.15586,1.81146,1.644,0,0,0,0.59867,0.62922,0.62855,0.38253,0.50585,0.52443,0.48935,0.23397,1.44924,2.82741,1.43745,1.48854,0,0,0,0.000444031,0.000444031,0.000444031
285,1929.18,1.7513,3.20694,1.71923,1.61089,0,0,0,0.62518,0.58638,0.63377,0.39967,0.57603,0.45769,0.48207,0.23616,1.45887,2.81535,1.40639,1.48963,0,0,0,0.000442656,0.000442656,0.000442656
286,1935.97,1.74675,3.20786,1.79618,1.63941,0,0,0,0.6419,0.59397,0.61932,0.38484,0.54543,0.48502,0.4762,0.23182,1.47216,2.79185,1.40672,1.49782,0,0,0,0.000441282,0.000441282,0.000441282
287,1942.68,1.74605,3.15866,1.75297,1.63496,0,0,0,0.61644,0.54387,0.60982,0.38066,0.4288,0.5318,0.46694,0.22892,1.50244,2.84375,1.41542,1.5083,0,0,0,0.000439907,0.000439907,0.000439907
288,1949.34,1.82571,3.17788,1.79973,1.61717,0,0,0,0.60071,0.58782,0.59973,0.35982,0.50734,0.4997,0.47692,0.21192,1.51877,2.83204,1.3992,1.51653,0,0,0,0.000438533,0.000438533,0.000438533
289,1956.05,1.7866,3.19975,1.76012,1.61958,0,0,0,0.57459,0.61477,0.60806,0.3595,0.4684,0.52779,0.46763,0.21099,1.50069,2.83703,1.41579,1.50098,0,0,0,0.000437158,0.000437158,0.000437158
290,1962.86,1.78295,3.16002,1.79591,1.6354,0,0,0,0.5206,0.60882,0.6017,0.36175,0.4466,0.50012,0.45428,0.21945,1.47839,2.82499,1.43761,1.49652,0,0,0,0.000435784,0.000435784,0.000435784
291,1969.49,1.7595,3.20401,1.76881,1.61348,0,0,0,0.59449,0.59489,0.62769,0.39161,0.4972,0.49549,0.47264,0.22713,1.47234,2.80628,1.44101,1.48933,0,0,0,0.000434409,0.000434409,0.000434409
292,1975.98,1.83248,3.15579,1.82183,1.65585,0,0,0,0.64923,0.58533,0.64278,0.39815,0.51293,0.51913,0.50068,0.24752,1.49605,2.78429,1.38366,1.50169,0,0,0,0.000433035,0.000433035,0.000433035
293,1982.72,1.7693,3.10878,1.78521,1.64748,0,0,0,0.61598,0.576,0.62498,0.38556,0.51817,0.49855,0.50683,0.24121,1.49083,2.75325,1.36467,1.50032,0,0,0,0.000431661,0.000431661,0.000431661
294,1989.24,1.76607,3.12787,1.73157,1.64382,0,0,0,0.6066,0.5757,0.59355,0.35518,0.54575,0.49032,0.50073,0.23427,1.4661,2.74574,1.38582,1.48373,0,0,0,0.000430286,0.000430286,0.000430286
295,1995.97,1.7525,3.10767,1.78899,1.62496,0,0,0,0.58741,0.57209,0.58178,0.35111,0.55594,0.47625,0.48753,0.22658,1.45169,2.74471,1.38644,1.47331,0,0,0,0.000428912,0.000428912,0.000428912
296,2002.6,1.78761,3.22573,1.77908,1.60581,0,0,0,0.5623,0.6383,0.61377,0.38593,0.58403,0.4743,0.49548,0.23157,1.48178,2.78788,1.39046,1.48823,0,0,0,0.000427537,0.000427537,0.000427537
297,2009.34,1.81789,3.15813,1.75159,1.63137,0,0,0,0.66116,0.58772,0.63182,0.39588,0.5844,0.5145,0.51332,0.24856,1.4442,2.79747,1.38216,1.4727,0,0,0,0.000426163,0.000426163,0.000426163
298,2016.03,1.77853,3.13677,1.82827,1.67027,0,0,0,0.6069,0.64436,0.64272,0.40494,0.65379,0.49805,0.5366,0.25786,1.45651,2.75904,1.35563,1.47842,0,0,0,0.000424788,0.000424788,0.000424788
299,2022.81,1.77679,3.10432,1.71514,1.61136,0,0,0,0.61389,0.6241,0.61755,0.36723,0.55033,0.52047,0.49941,0.23474,1.49977,2.79084,1.42983,1.49625,0,0,0,0.000423414,0.000423414,0.000423414
300,2029.52,1.71832,3.08465,1.75459,1.64586,0,0,0,0.64061,0.62797,0.61894,0.38108,0.58146,0.51709,0.50946,0.24748,1.47475,2.75377,1.38525,1.48634,0,0,0,0.000422039,0.000422039,0.000422039
301,2036.22,1.7959,3.16622,1.73278,1.642,0,0,0,0.59195,0.66007,0.61527,0.38213,0.51981,0.56463,0.48743,0.23505,1.46768,2.76358,1.32247,1.48612,0,0,0,0.000420665,0.000420665,0.000420665
302,2043.01,1.73675,3.12975,1.77073,1.63191,0,0,0,0.64174,0.6143,0.62824,0.37621,0.58552,0.50432,0.50394,0.23545,1.45923,2.74291,1.3229,1.47823,0,0,0,0.000419291,0.000419291,0.000419291
303,2049.75,1.87009,3.29345,1.75882,1.59402,0,0,0,0.57357,0.61463,0.61097,0.37467,0.47664,0.54314,0.485,0.23228,1.45016,2.7552,1.34322,1.47308,0,0,0,0.000417916,0.000417916,0.000417916
304,2056.42,1.71161,3.18355,1.65425,1.58649,0,0,0,0.56582,0.64664,0.63577,0.39754,0.54386,0.54293,0.52151,0.25726,1.41188,2.73974,1.34167,1.45476,0,0,0,0.000416542,0.000416542,0.000416542
305,2063.08,1.69922,3.0711,1.64963,1.57948,0,0,0,0.66535,0.58962,0.64454,0.40539,0.63827,0.51272,0.53278,0.26026,1.42448,2.73009,1.3537,1.46239,0,0,0,0.000415167,0.000415167,0.000415167
306,2069.85,1.83285,3.09168,1.76072,1.61695,0,0,0,0.6653,0.59565,0.6445,0.3986,0.58316,0.51166,0.51279,0.25276,1.45285,2.75297,1.35428,1.47758,0,0,0,0.000413793,0.000413793,0.000413793
307,2076.56,1.8091,3.13106,1.71431,1.62918,0,0,0,0.66448,0.62857,0.65337,0.40815,0.59397,0.53787,0.53762,0.26882,1.43644,2.70415,1.31879,1.4672,0,0,0,0.000412418,0.000412418,0.000412418
308,2083.52,1.72426,3.11506,1.70454,1.58482,0,0,0,0.65745,0.62909,0.65615,0.41383,0.60214,0.53868,0.54274,0.26823,1.40742,2.71141,1.29289,1.44904,0,0,0,0.000411044,0.000411044,0.000411044
309,2090.4,1.87871,3.20043,1.76749,1.59652,0,0,0,0.58769,0.6332,0.62067,0.37149,0.49474,0.54294,0.47324,0.22259,1.47138,2.73705,1.36685,1.47416,0,0,0,0.000409669,0.000409669,0.000409669
310,2097.18,1.80056,3.18125,1.76378,1.61177,0,0,0,0.60971,0.61837,0.61982,0.36412,0.50348,0.51056,0.46413,0.21864,1.51212,2.7709,1.41092,1.49395,0,0,0,0.000408295,0.000408295,0.000408295
311,2103.84,1.73161,3.19225,1.70282,1.5776,0,0,0,0.61004,0.63357,0.63457,0.3955,0.5729,0.53441,0.51721,0.25358,1.40724,2.67119,1.35112,1.44273,0,0,0,0.00040692,0.00040692,0.00040692
312,2110.74,1.74839,3.17091,1.69842,1.55798,0,0,0,0.70676,0.64734,0.65784,0.42144,0.62943,0.56167,0.53353,0.26407,1.41139,2.67588,1.31329,1.44581,0,0,0,0.000405546,0.000405546,0.000405546
313,2117.37,1.72245,3.08346,1.68059,1.60087,0,0,0,0.72007,0.58683,0.66696,0.44277,0.62505,0.51509,0.54884,0.28514,1.39449,2.68035,1.2901,1.43267,0,0,0,0.000404172,0.000404172,0.000404172
314,2124.07,1.71388,3.055,1.68695,1.56659,0,0,0,0.63664,0.59389,0.64752,0.42754,0.64388,0.47512,0.53482,0.27135,1.38861,2.7035,1.32987,1.43,0,0,0,0.000402797,0.000402797,0.000402797
315,2130.76,1.74569,3.08186,1.64464,1.55964,0,0,0,0.66796,0.58522,0.65376,0.43651,0.68194,0.4509,0.51784,0.26819,1.42304,2.75343,1.32005,1.44861,0,0,0,0.000401423,0.000401423,0.000401423
316,2137.37,1.73,3.10844,1.68985,1.5892,0,0,0,0.673,0.59793,0.65896,0.43271,0.57438,0.54052,0.54901,0.27738,1.38448,2.70891,1.28675,1.43199,0,0,0,0.000400048,0.000400048,0.000400048
317,2144.05,1.68929,3.12476,1.64842,1.59124,0,0,0,0.65873,0.65213,0.67564,0.45898,0.58744,0.58743,0.57091,0.29718,1.37917,2.69525,1.2576,1.43245,0,0,0,0.000398674,0.000398674,0.000398674
318,2150.85,1.71466,3.12445,1.67456,1.57565,0,0,0,0.69947,0.64315,0.67587,0.44357,0.61796,0.56585,0.56043,0.27481,1.39386,2.69666,1.2661,1.43383,0,0,0,0.000397299,0.000397299,0.000397299
319,2157.59,1.68544,3.1092,1.63619,1.57169,0,0,0,0.66924,0.66064,0.67383,0.43027,0.57119,0.60829,0.55803,0.27018,1.39305,2.67397,1.28676,1.43058,0,0,0,0.000395925,0.000395925,0.000395925
320,2164.17,1.69807,3.08529,1.68142,1.58768,0,0,0,0.64547,0.68802,0.67508,0.4295,0.58294,0.61966,0.55912,0.27362,1.38068,2.66664,1.29666,1.43357,0,0,0,0.00039455,0.00039455,0.00039455
321,2170.79,1.69077,3.00721,1.63076,1.56285,0,0,0,0.65699,0.65396,0.66805,0.43327,0.58748,0.59248,0.56099,0.28175,1.39628,2.66003,1.27504,1.44194,0,0,0,0.000393176,0.000393176,0.000393176
322,2177.32,1.66952,3.02357,1.60613,1.55774,0,0,0,0.64424,0.65002,0.66863,0.42647,0.69745,0.47499,0.55404,0.27857,1.41933,2.67692,1.28758,1.4477,0,0,0,0.000391802,0.000391802,0.000391802
323,2184,1.71518,3.00367,1.67007,1.60674,0,0,0,0.64226,0.63503,0.67322,0.43634,0.61153,0.4897,0.54012,0.27454,1.41541,2.68279,1.28164,1.4463,0,0,0,0.000390427,0.000390427,0.000390427
324,2190.59,1.65148,3.09966,1.66028,1.61077,0,0,0,0.63916,0.654,0.66872,0.43866,0.57352,0.52317,0.52813,0.27012,1.39787,2.67865,1.27038,1.44045,0,0,0,0.000389053,0.000389053,0.000389053
325,2197.27,1.70325,3.02995,1.70874,1.58113,0,0,0,0.72757,0.6128,0.67988,0.44157,0.64396,0.53998,0.55553,0.2831,1.39387,2.64455,1.26613,1.43469,0,0,0,0.000387678,0.000387678,0.000387678
326,2203.94,1.74432,3.0821,1.69956,1.57648,0,0,0,0.73744,0.62447,0.68541,0.44887,0.63969,0.54216,0.55626,0.28504,1.39004,2.65827,1.29592,1.42983,0,0,0,0.000386304,0.000386304,0.000386304
327,2210.65,1.73931,3.11443,1.69404,1.60853,0,0,0,0.71272,0.62874,0.66903,0.42174,0.65091,0.54501,0.55241,0.27215,1.40361,2.66033,1.32332,1.43913,0,0,0,0.000384929,0.000384929,0.000384929
328,2217.48,1.6676,3.08388,1.61423,1.55916,0,0,0,0.64193,0.64274,0.67314,0.43675,0.73132,0.46808,0.55048,0.28888,1.37528,2.65476,1.34771,1.42454,0,0,0,0.000383555,0.000383555,0.000383555
329,2224.19,1.74508,3.04912,1.64201,1.56216,0,0,0,0.72272,0.5985,0.68119,0.43993,0.7041,0.54303,0.59432,0.30252,1.38825,2.67632,1.31259,1.41928,0,0,0,0.00038218,0.00038218,0.00038218
330,2230.84,1.67833,3.04306,1.68425,1.5802,0,0,0,0.70418,0.61465,0.68647,0.43607,0.66898,0.56083,0.59114,0.30276,1.39347,2.65397,1.2854,1.41535,0,0,0,0.000380806,0.000380806,0.000380806
331,2237.49,1.64987,2.99127,1.62482,1.54784,0,0,0,0.70707,0.63152,0.66699,0.45937,0.64204,0.56632,0.55469,0.30553,1.35488,2.63646,1.25207,1.39512,0,0,0,0.000379431,0.000379431,0.000379431
332,2244.25,1.70767,3.0661,1.60499,1.55811,0,0,0,0.66917,0.60848,0.66331,0.44352,0.54749,0.59583,0.55279,0.28958,1.37824,2.6294,1.25499,1.40697,0,0,0,0.000378057,0.000378057,0.000378057
333,2250.93,1.66121,2.96784,1.6434,1.57774,0,0,0,0.62878,0.64635,0.6537,0.42858,0.57297,0.54851,0.53608,0.28185,1.36338,2.61608,1.27516,1.41542,0,0,0,0.000376683,0.000376683,0.000376683
334,2257.53,1.6751,2.97751,1.59671,1.55919,0,0,0,0.68316,0.6467,0.67497,0.45249,0.63785,0.56478,0.57047,0.28746,1.33989,2.61128,1.24483,1.40499,0,0,0,0.000375308,0.000375308,0.000375308
335,2264.24,1.60905,2.87332,1.55285,1.53524,0,0,0,0.70217,0.63504,0.67512,0.44839,0.62815,0.55301,0.56635,0.29392,1.34616,2.58702,1.23273,1.40191,0,0,0,0.000373934,0.000373934,0.000373934
336,2271.05,1.69404,2.99918,1.68065,1.56476,0,0,0,0.62723,0.66381,0.68246,0.44359,0.55937,0.58007,0.55766,0.28779,1.36929,2.59993,1.26371,1.3985,0,0,0,0.000372559,0.000372559,0.000372559
337,2277.81,1.74231,3.0864,1.6503,1.54278,0,0,0,0.63832,0.63519,0.66341,0.44055,0.56102,0.55423,0.53595,0.28093,1.39134,2.65495,1.30573,1.41162,0,0,0,0.000371185,0.000371185,0.000371185
338,2284.43,1.69838,3.00631,1.64306,1.57719,0,0,0,0.67455,0.63045,0.67753,0.45277,0.61248,0.54486,0.56,0.29628,1.37343,2.63024,1.28025,1.40156,0,0,0,0.00036981,0.00036981,0.00036981
339,2291.04,1.61649,3.02458,1.5887,1.5329,0,0,0,0.73942,0.62609,0.69855,0.4691,0.66735,0.54889,0.59071,0.3091,1.34347,2.60423,1.23082,1.38776,0,0,0,0.000368436,0.000368436,0.000368436
340,2297.81,1.64263,2.99406,1.60766,1.56997,0,0,0,0.661,0.67891,0.69263,0.45678,0.58607,0.59416,0.57915,0.30499,1.3417,2.58382,1.18727,1.38902,0,0,0,0.000367061,0.000367061,0.000367061
341,2304.41,1.73787,2.96999,1.60428,1.53538,0,0,0,0.72515,0.60491,0.68148,0.45233,0.6617,0.52419,0.58022,0.30242,1.34701,2.57869,1.19556,1.39117,0,0,0,0.000365687,0.000365687,0.000365687
342,2311.24,1.6124,2.91644,1.59154,1.53966,0,0,0,0.69157,0.66191,0.6826,0.45821,0.62176,0.56684,0.55775,0.29158,1.3478,2.57966,1.22364,1.39612,0,0,0,0.000364313,0.000364313,0.000364313
343,2318.01,1.6512,3.013,1.56808,1.52542,0,0,0,0.65191,0.64312,0.68011,0.44323,0.62886,0.53807,0.56485,0.29107,1.34067,2.58276,1.22827,1.39186,0,0,0,0.000362938,0.000362938,0.000362938
344,2324.56,1.70202,3.02653,1.5854,1.52634,0,0,0,0.68666,0.65855,0.69545,0.45605,0.62141,0.6038,0.59652,0.30745,1.33779,2.56771,1.24014,1.39337,0,0,0,0.000361564,0.000361564,0.000361564
345,2331.22,1.64359,3.01344,1.62453,1.56417,0,0,0,0.73105,0.63388,0.69403,0.45866,0.67478,0.56988,0.59713,0.30913,1.32028,2.54691,1.21063,1.38066,0,0,0,0.000360189,0.000360189,0.000360189
346,2338.53,1.6985,2.99954,1.56482,1.50814,0,0,0,0.71336,0.65066,0.67845,0.46217,0.66675,0.57365,0.57968,0.31067,1.30671,2.55251,1.20838,1.37276,0,0,0,0.000358815,0.000358815,0.000358815
347,2345.28,1.66453,3.02082,1.57501,1.51617,0,0,0,0.69516,0.6348,0.6866,0.45143,0.72302,0.53374,0.58534,0.30518,1.33663,2.57217,1.22301,1.39047,0,0,0,0.00035744,0.00035744,0.00035744
348,2351.88,1.67721,2.97383,1.56426,1.55782,0,0,0,0.74265,0.6422,0.69642,0.44855,0.67424,0.56153,0.58216,0.30515,1.34721,2.56903,1.23824,1.39698,0,0,0,0.000356066,0.000356066,0.000356066
349,2358.52,1.59426,2.95382,1.52672,1.52649,0,0,0,0.66227,0.65605,0.69497,0.45039,0.68643,0.52536,0.58648,0.3017,1.35874,2.57593,1.23035,1.39404,0,0,0,0.000354691,0.000354691,0.000354691
350,2365.1,1.63417,2.99351,1.56055,1.55558,0,0,0,0.60341,0.6953,0.69432,0.45404,0.63942,0.53481,0.57535,0.30402,1.34622,2.56009,1.20388,1.38331,0,0,0,0.000353317,0.000353317,0.000353317
351,2371.78,1.62519,2.9809,1.53387,1.5375,0,0,0,0.67113,0.66374,0.70207,0.46495,0.6061,0.59348,0.59214,0.32326,1.31745,2.53446,1.21452,1.37061,0,0,0,0.000351942,0.000351942,0.000351942
352,2378.55,1.67233,2.98832,1.58921,1.55179,0,0,0,0.73886,0.60044,0.69216,0.45896,0.67241,0.54142,0.58581,0.3098,1.3218,2.55077,1.2328,1.38554,0,0,0,0.000350568,0.000350568,0.000350568
353,2385.36,1.66108,2.9141,1.55462,1.51525,0,0,0,0.68572,0.6488,0.70099,0.45634,0.71684,0.52699,0.5842,0.31011,1.33001,2.56251,1.20041,1.38808,0,0,0,0.000349194,0.000349194,0.000349194
354,2391.91,1.63758,3.033,1.54874,1.5172,0,0,0,0.6946,0.65424,0.69876,0.46111,0.61713,0.5775,0.58641,0.30734,1.31367,2.53966,1.18495,1.37333,0,0,0,0.000347819,0.000347819,0.000347819
355,2398.62,1.64145,2.99081,1.56316,1.514,0,0,0,0.57603,0.68686,0.67219,0.44032,0.54677,0.57427,0.56457,0.28958,1.33508,2.54884,1.20117,1.38437,0,0,0,0.000346445,0.000346445,0.000346445
356,2405.16,1.69421,2.94206,1.61022,1.57054,0,0,0,0.61878,0.65434,0.67313,0.45457,0.68394,0.49992,0.56569,0.29631,1.31008,2.53228,1.19951,1.37238,0,0,0,0.00034507,0.00034507,0.00034507
357,2411.97,1.7027,2.97455,1.59324,1.52723,0,0,0,0.66383,0.62353,0.68574,0.46743,0.62671,0.54536,0.57433,0.30412,1.30521,2.53166,1.19082,1.36667,0,0,0,0.000343696,0.000343696,0.000343696
358,2418.72,1.64734,2.92357,1.55052,1.51026,0,0,0,0.63801,0.70052,0.68043,0.45195,0.56724,0.60717,0.57459,0.29598,1.29236,2.5257,1.201,1.35842,0,0,0,0.000342321,0.000342321,0.000342321
359,2425.35,1.57139,3.00251,1.55373,1.52104,0,0,0,0.70331,0.66192,0.69945,0.46905,0.63724,0.55592,0.58808,0.30595,1.29525,2.50736,1.20072,1.35778,0,0,0,0.000340947,0.000340947,0.000340947
360,2431.94,1.67602,2.99979,1.60556,1.53582,0,0,0,0.69083,0.66103,0.6929,0.46156,0.6409,0.56053,0.58041,0.29354,1.32544,2.56209,1.18738,1.37143,0,0,0,0.000339572,0.000339572,0.000339572
361,2438.57,1.65938,3.04515,1.56578,1.52564,0,0,0,0.62753,0.68597,0.68105,0.4504,0.55434,0.59191,0.55722,0.29003,1.31749,2.5412,1.18573,1.37259,0,0,0,0.000338198,0.000338198,0.000338198
362,2445.08,1.61453,2.98079,1.51013,1.52324,0,0,0,0.64478,0.69792,0.68113,0.44545,0.56068,0.61535,0.55524,0.29207,1.30436,2.52137,1.16986,1.36268,0,0,0,0.000336824,0.000336824,0.000336824
363,2451.85,1.64826,2.9517,1.59067,1.52371,0,0,0,0.62195,0.71298,0.70111,0.46337,0.56031,0.63106,0.59068,0.30655,1.30424,2.50198,1.16006,1.3655,0,0,0,0.000335449,0.000335449,0.000335449
364,2458.55,1.65156,3.0064,1.57212,1.53182,0,0,0,0.6927,0.63686,0.68459,0.46233,0.61766,0.59267,0.58552,0.30963,1.30819,2.49321,1.15967,1.36683,0,0,0,0.000334075,0.000334075,0.000334075
365,2465.09,1.60558,2.91153,1.55333,1.54534,0,0,0,0.67174,0.64019,0.68666,0.46546,0.5988,0.59726,0.58379,0.29902,1.31729,2.50409,1.17425,1.36972,0,0,0,0.0003327,0.0003327,0.0003327
366,2471.79,1.6138,2.90352,1.51835,1.49609,0,0,0,0.69631,0.64554,0.68301,0.46145,0.69762,0.50583,0.56178,0.29775,1.29982,2.50853,1.19805,1.35853,0,0,0,0.000331326,0.000331326,0.000331326
367,2478.47,1.62263,2.86708,1.51911,1.48441,0,0,0,0.67407,0.66646,0.68463,0.45611,0.59389,0.56359,0.56569,0.2965,1.31268,2.5156,1.17779,1.35878,0,0,0,0.000329951,0.000329951,0.000329951
368,2485.13,1.65934,2.88188,1.50962,1.50691,0,0,0,0.65953,0.67861,0.67147,0.45318,0.57659,0.58455,0.56042,0.29758,1.27283,2.48305,1.17139,1.33801,0,0,0,0.000328577,0.000328577,0.000328577
369,2491.75,1.55797,2.85156,1.44994,1.48777,0,0,0,0.65258,0.70317,0.69103,0.46502,0.57013,0.60768,0.5692,0.30752,1.30004,2.49401,1.18374,1.35522,0,0,0,0.000327202,0.000327202,0.000327202
370,2498.48,1.65785,2.94689,1.54874,1.53238,0,0,0,0.66172,0.69853,0.71212,0.4842,0.56143,0.62362,0.58842,0.32498,1.27782,2.4943,1.17594,1.34558,0,0,0,0.000325828,0.000325828,0.000325828
371,2505.31,1.60437,2.90388,1.48526,1.48305,0,0,0,0.65568,0.69715,0.71329,0.48827,0.54148,0.60762,0.59226,0.31781,1.27111,2.49085,1.16463,1.33992,0,0,0,0.000324453,0.000324453,0.000324453
372,2512.01,1.64113,2.92444,1.50116,1.47784,0,0,0,0.71844,0.64924,0.71433,0.49347,0.63234,0.56619,0.58265,0.31683,1.2939,2.46101,1.15152,1.3462,0,0,0,0.000323079,0.000323079,0.000323079
373,2518.64,1.67118,2.91544,1.51504,1.48796,0,0,0,0.73524,0.64337,0.70736,0.47273,0.65257,0.57107,0.58967,0.31324,1.29872,2.45549,1.1508,1.34903,0,0,0,0.000321705,0.000321705,0.000321705
374,2525.32,1.63126,2.8525,1.49696,1.49819,0,0,0,0.67412,0.69753,0.7049,0.48075,0.63792,0.58927,0.59603,0.31837,1.2679,2.48041,1.14544,1.33326,0,0,0,0.00032033,0.00032033,0.00032033
375,2532.08,1.595,2.82291,1.4738,1.47431,0,0,0,0.71862,0.66396,0.71071,0.47179,0.69436,0.54434,0.57955,0.30854,1.27574,2.46648,1.16976,1.33239,0,0,0,0.000318956,0.000318956,0.000318956
376,2538.8,1.61582,2.93565,1.51961,1.51007,0,0,0,0.71507,0.65346,0.71223,0.48838,0.68972,0.55069,0.60411,0.32582,1.27551,2.47167,1.15501,1.3365,0,0,0,0.000317581,0.000317581,0.000317581
377,2545.55,1.67102,2.91493,1.56884,1.52097,0,0,0,0.75551,0.62966,0.71337,0.49829,0.6965,0.56368,0.61067,0.33228,1.26908,2.47124,1.14152,1.33411,0,0,0,0.000316207,0.000316207,0.000316207
378,2552.23,1.53274,2.87841,1.50107,1.47229,0,0,0,0.74761,0.67529,0.72023,0.48939,0.68266,0.59807,0.6114,0.32756,1.2846,2.4703,1.14906,1.33574,0,0,0,0.000314832,0.000314832,0.000314832
379,2558.85,1.60851,2.93981,1.52608,1.49439,0,0,0,0.65654,0.67959,0.72255,0.49415,0.58197,0.60305,0.6152,0.32193,1.28777,2.44988,1.13875,1.3457,0,0,0,0.000313458,0.000313458,0.000313458
380,2565.4,1.58331,2.90245,1.50359,1.47721,0,0,0,0.67185,0.67087,0.7139,0.5007,0.60048,0.59662,0.60042,0.32796,1.2705,2.46099,1.1378,1.33593,0,0,0,0.000312083,0.000312083,0.000312083
381,2572.03,1.59702,2.95016,1.48657,1.47872,0,0,0,0.70125,0.67994,0.71567,0.49134,0.57228,0.61104,0.57773,0.32259,1.25563,2.46707,1.14383,1.33047,0,0,0,0.000310709,0.000310709,0.000310709
382,2578.8,1.59841,2.96297,1.50824,1.50809,0,0,0,0.74708,0.64064,0.71296,0.49846,0.64948,0.56166,0.59125,0.31971,1.239,2.46357,1.14311,1.32471,0,0,0,0.000309335,0.000309335,0.000309335
383,2585.41,1.61479,2.93855,1.48022,1.49177,0,0,0,0.71901,0.66446,0.72679,0.51039,0.6487,0.58643,0.61162,0.32956,1.24257,2.46371,1.11947,1.32628,0,0,0,0.00030796,0.00030796,0.00030796
384,2592.07,1.53732,2.86058,1.48065,1.46653,0,0,0,0.75498,0.6674,0.72992,0.50663,0.68171,0.59521,0.61766,0.32808,1.2284,2.44606,1.10477,1.31915,0,0,0,0.000306586,0.000306586,0.000306586
385,2598.71,1.58261,2.93502,1.43649,1.47862,0,0,0,0.65347,0.71855,0.72579,0.48874,0.59376,0.63861,0.60812,0.33431,1.22693,2.43229,1.11978,1.31524,0,0,0,0.000305211,0.000305211,0.000305211
386,2605.44,1.60245,2.9221,1.47989,1.47681,0,0,0,0.68745,0.66042,0.70447,0.47077,0.61599,0.59229,0.6065,0.32466,1.26393,2.44231,1.14299,1.32468,0,0,0,0.000303837,0.000303837,0.000303837
387,2612.21,1.63614,2.93113,1.48681,1.46274,0,0,0,0.70627,0.63422,0.71134,0.48589,0.58374,0.59525,0.61067,0.32807,1.26584,2.44214,1.13319,1.32476,0,0,0,0.000302462,0.000302462,0.000302462
388,2618.88,1.64192,2.948,1.45165,1.4788,0,0,0,0.70857,0.66728,0.72191,0.48876,0.63523,0.60071,0.60185,0.31676,1.26831,2.46757,1.11764,1.32897,0,0,0,0.000301088,0.000301088,0.000301088
389,2625.72,1.68875,2.98503,1.53409,1.50887,0,0,0,0.71886,0.66092,0.72441,0.50138,0.63548,0.60215,0.60278,0.32949,1.24144,2.45165,1.11277,1.32319,0,0,0,0.000299713,0.000299713,0.000299713
390,2632.42,1.61569,2.8812,1.46617,1.46249,0,0,0,0.71176,0.69571,0.71914,0.49911,0.65717,0.62214,0.60348,0.3206,1.22511,2.43584,1.10554,1.3168,0,0,0,0.000298339,0.000298339,0.000298339
391,2639.19,1.52941,2.75534,1.44728,1.4708,0,0,0,0.68664,0.69857,0.72602,0.51193,0.61869,0.62793,0.61334,0.32808,1.23549,2.43411,1.10431,1.31157,0,0,0,0.000296964,0.000296964,0.000296964
392,2645.99,1.54768,2.81237,1.45152,1.46489,0,0,0,0.80195,0.64318,0.73846,0.51156,0.73112,0.56604,0.62317,0.34327,1.23165,2.42186,1.10515,1.30892,0,0,0,0.00029559,0.00029559,0.00029559
393,2652.85,1.60527,2.96779,1.50334,1.46287,0,0,0,0.76794,0.63278,0.72756,0.4967,0.6945,0.56353,0.61788,0.33903,1.24931,2.41611,1.10927,1.31697,0,0,0,0.000294216,0.000294216,0.000294216
394,2659.67,1.55509,2.79796,1.47631,1.47438,0,0,0,0.70938,0.66587,0.7232,0.49234,0.67051,0.56924,0.61716,0.33722,1.27316,2.43525,1.13231,1.33087,0,0,0,0.000292841,0.000292841,0.000292841
395,2666.29,1.61863,2.85331,1.48615,1.47093,0,0,0,0.68652,0.65884,0.71517,0.48982,0.6239,0.59505,0.61992,0.33585,1.24314,2.42944,1.13908,1.32107,0,0,0,0.000291467,0.000291467,0.000291467
396,2672.97,1.57789,2.80006,1.43501,1.45692,0,0,0,0.69303,0.6742,0.70204,0.49158,0.70641,0.55064,0.606,0.33374,1.24689,2.40258,1.12615,1.31934,0,0,0,0.000290092,0.000290092,0.000290092
397,2679.56,1.54894,2.82485,1.48918,1.50146,0,0,0,0.6964,0.6798,0.71446,0.49449,0.65108,0.61083,0.61281,0.33581,1.2498,2.4112,1.09495,1.32091,0,0,0,0.000288718,0.000288718,0.000288718
398,2686.34,1.61906,2.93461,1.49046,1.47309,0,0,0,0.7102,0.66294,0.71438,0.49088,0.68506,0.60678,0.62035,0.33711,1.26253,2.44871,1.11204,1.33253,0,0,0,0.000287343,0.000287343,0.000287343
399,2693,1.61763,2.90423,1.49228,1.48261,0,0,0,0.78362,0.6206,0.71906,0.49565,0.72131,0.5688,0.62066,0.3394,1.25764,2.44062,1.12051,1.32592,0,0,0,0.000285969,0.000285969,0.000285969
400,2699.73,1.60902,2.80161,1.46089,1.43081,0,0,0,0.77566,0.66343,0.72921,0.51668,0.71575,0.5818,0.63758,0.34755,1.22077,2.40561,1.09951,1.30182,0,0,0,0.000284594,0.000284594,0.000284594
401,2706.58,1.64597,2.99296,1.54936,1.46968,0,0,0,0.70741,0.69099,0.72535,0.50319,0.66098,0.62449,0.63058,0.34,1.2405,2.39182,1.10583,1.31098,0,0,0,0.00028322,0.00028322,0.00028322
402,2713.25,1.57647,2.81833,1.44722,1.45257,0,0,0,0.72538,0.65313,0.71706,0.52101,0.6686,0.60021,0.62802,0.35288,1.2398,2.4046,1.12395,1.31319,0,0,0,0.000281846,0.000281846,0.000281846
403,2719.94,1.61328,2.83789,1.50559,1.47577,0,0,0,0.76567,0.64108,0.72174,0.52877,0.70248,0.57331,0.62663,0.35657,1.21521,2.37905,1.11331,1.29957,0,0,0,0.000280471,0.000280471,0.000280471
404,2726.69,1.54946,2.80441,1.45193,1.47804,0,0,0,0.72013,0.67341,0.73105,0.53408,0.67776,0.60268,0.64365,0.3617,1.22089,2.39475,1.09861,1.30303,0,0,0,0.000279097,0.000279097,0.000279097
405,2733.7,1.51875,2.88689,1.40763,1.44657,0,0,0,0.79228,0.68129,0.73942,0.52586,0.72768,0.60033,0.64321,0.35422,1.19498,2.39347,1.07456,1.29006,0,0,0,0.000277722,0.000277722,0.000277722
406,2740.29,1.47641,2.77584,1.40287,1.4435,0,0,0,0.77341,0.65625,0.73589,0.52263,0.68412,0.60596,0.63501,0.35584,1.20169,2.38741,1.08411,1.29277,0,0,0,0.000276348,0.000276348,0.000276348
407,2746.95,1.49479,2.7473,1.3975,1.4558,0,0,0,0.73521,0.67289,0.72661,0.50077,0.67304,0.59896,0.62408,0.33209,1.22049,2.39869,1.09543,1.30401,0,0,0,0.000274973,0.000274973,0.000274973
408,2753.59,1.5481,2.84161,1.43461,1.45985,0,0,0,0.76548,0.63686,0.73368,0.53438,0.7823,0.51272,0.63023,0.34088,1.19925,2.38331,1.08381,1.29924,0,0,0,0.000273599,0.000273599,0.000273599
409,2760.25,1.49206,2.64931,1.40071,1.44833,0,0,0,0.75514,0.66291,0.72693,0.5119,0.72057,0.5739,0.62219,0.33913,1.19998,2.37384,1.07081,1.2999,0,0,0,0.000272224,0.000272224,0.000272224
410,2767.17,1.53816,2.81835,1.38129,1.46045,0,0,0,0.76135,0.64404,0.70507,0.50795,0.69058,0.58721,0.59736,0.33046,1.20895,2.38238,1.06968,1.29372,0,0,0,0.00027085,0.00027085,0.00027085
411,2773.79,1.58304,2.84133,1.41021,1.44091,0,0,0,0.71034,0.69339,0.70892,0.51041,0.64493,0.61996,0.60274,0.34256,1.19285,2.36402,1.06574,1.28555,0,0,0,0.000269475,0.000269475,0.000269475
412,2780.39,1.54443,2.76515,1.43871,1.47766,0,0,0,0.73132,0.66478,0.71357,0.49981,0.62094,0.62808,0.61646,0.34466,1.21192,2.356,1.07332,1.29499,0,0,0,0.000268101,0.000268101,0.000268101
413,2787.13,1.5894,2.79539,1.43262,1.44388,0,0,0,0.7238,0.68663,0.71579,0.49575,0.63047,0.64861,0.61328,0.33787,1.2051,2.36591,1.07458,1.29427,0,0,0,0.000266727,0.000266727,0.000266727
414,2793.71,1.59715,2.9033,1.41794,1.43474,0,0,0,0.74609,0.68377,0.72891,0.51504,0.6756,0.6213,0.63075,0.34934,1.19457,2.35353,1.06862,1.28791,0,0,0,0.000265352,0.000265352,0.000265352
415,2800.4,1.55529,2.91661,1.42879,1.46102,0,0,0,0.73634,0.68123,0.72136,0.51213,0.67912,0.62294,0.63051,0.35209,1.18565,2.36723,1.06935,1.28556,0,0,0,0.000263978,0.000263978,0.000263978
416,2806.99,1.47567,2.79994,1.39384,1.42803,0,0,0,0.76748,0.67454,0.73554,0.54595,0.70413,0.61256,0.63659,0.37274,1.1783,2.3338,1.06705,1.27988,0,0,0,0.000262603,0.000262603,0.000262603
417,2813.7,1.57751,2.82685,1.41604,1.42724,0,0,0,0.6728,0.70519,0.73657,0.54771,0.62204,0.63764,0.64199,0.36565,1.18704,2.3337,1.08192,1.28069,0,0,0,0.000261229,0.000261229,0.000261229
418,2820.27,1.51873,2.84912,1.39666,1.45784,0,0,0,0.76111,0.65402,0.74306,0.54174,0.70022,0.59966,0.65174,0.36756,1.17906,2.33433,1.07223,1.28135,0,0,0,0.000259854,0.000259854,0.000259854
419,2827.02,1.58798,2.80834,1.41968,1.44155,0,0,0,0.80035,0.65778,0.73419,0.52075,0.71598,0.59917,0.62422,0.3486,1.17819,2.32985,1.07302,1.28175,0,0,0,0.00025848,0.00025848,0.00025848
420,2833.66,1.55328,2.78022,1.44278,1.45395,0,0,0,0.72328,0.70073,0.74101,0.54175,0.6749,0.60419,0.64048,0.36307,1.1972,2.32949,1.06942,1.28593,0,0,0,0.000257105,0.000257105,0.000257105
421,2840.4,1.56706,2.8084,1.43666,1.43029,0,0,0,0.86205,0.62157,0.74596,0.54159,0.75994,0.56995,0.6435,0.35379,1.2109,2.35597,1.07121,1.29974,0,0,0,0.000255731,0.000255731,0.000255731
422,2846.98,1.56481,2.76491,1.42614,1.41779,0,0,0,0.8376,0.63623,0.75285,0.52867,0.75984,0.56934,0.62788,0.34933,1.21666,2.37292,1.06496,1.29912,0,0,0,0.000254357,0.000254357,0.000254357
423,2853.57,1.56101,2.80251,1.41078,1.44266,0,0,0,0.75691,0.67279,0.73859,0.51753,0.72831,0.5734,0.63102,0.34422,1.20604,2.36109,1.06799,1.28929,0,0,0,0.000252982,0.000252982,0.000252982
424,2860.18,1.53253,2.74612,1.422,1.45547,0,0,0,0.81832,0.64932,0.73705,0.52006,0.71121,0.57893,0.62586,0.34245,1.22436,2.35436,1.06401,1.29937,0,0,0,0.000251608,0.000251608,0.000251608
425,2866.84,1.57523,2.81382,1.39393,1.44901,0,0,0,0.76102,0.6742,0.73792,0.51749,0.65261,0.606,0.6216,0.34647,1.2297,2.37203,1.07664,1.30514,0,0,0,0.000250233,0.000250233,0.000250233
426,2873.74,1.54221,2.8119,1.41542,1.42153,0,0,0,0.7345,0.6731,0.73596,0.52728,0.71936,0.56252,0.62858,0.3563,1.20297,2.37298,1.08261,1.28503,0,0,0,0.000248859,0.000248859,0.000248859
427,2880.53,1.63425,2.89825,1.46971,1.44861,0,0,0,0.75325,0.67699,0.73836,0.53544,0.7014,0.59291,0.62782,0.35464,1.18824,2.36739,1.08634,1.27742,0,0,0,0.000247484,0.000247484,0.000247484
428,2887.29,1.53088,2.72791,1.37985,1.41967,0,0,0,0.71877,0.70069,0.74191,0.5359,0.76533,0.55903,0.63784,0.35618,1.18289,2.3457,1.06984,1.27538,0,0,0,0.00024611,0.00024611,0.00024611
429,2893.89,1.53881,2.83185,1.39972,1.42294,0,0,0,0.68539,0.71739,0.74622,0.53415,0.60661,0.64057,0.63461,0.36067,1.17888,2.32979,1.03986,1.27845,0,0,0,0.000244735,0.000244735,0.000244735
430,2900.75,1.54987,2.68214,1.39295,1.40404,0,0,0,0.75135,0.69443,0.74721,0.52272,0.64038,0.62316,0.63662,0.35476,1.17883,2.31544,1.04994,1.27719,0,0,0,0.000243361,0.000243361,0.000243361
431,2907.5,1.60127,2.76077,1.41773,1.41183,0,0,0,0.69571,0.71237,0.74287,0.52737,0.6399,0.63559,0.64798,0.35922,1.18474,2.31942,1.06632,1.27479,0,0,0,0.000241986,0.000241986,0.000241986
432,2914.1,1.50844,2.72484,1.35804,1.41013,0,0,0,0.75038,0.68162,0.74677,0.54059,0.69239,0.62252,0.65482,0.37094,1.17047,2.32583,1.03927,1.26795,0,0,0,0.000240612,0.000240612,0.000240612
433,2920.7,1.48777,2.81144,1.36952,1.41952,0,0,0,0.77382,0.68404,0.749,0.5423,0.70713,0.62192,0.65076,0.37553,1.15483,2.32229,1.03422,1.26337,0,0,0,0.000239238,0.000239238,0.000239238
434,2927.26,1.52584,2.79965,1.41527,1.41157,0,0,0,0.74247,0.70053,0.74321,0.53744,0.67938,0.63436,0.6478,0.37055,1.15789,2.34254,1.03657,1.26592,0,0,0,0.000237863,0.000237863,0.000237863
435,2933.98,1.49737,2.78889,1.38163,1.42611,0,0,0,0.74322,0.70201,0.74501,0.55032,0.6865,0.6255,0.64451,0.37476,1.15557,2.32368,1.03627,1.26333,0,0,0,0.000236489,0.000236489,0.000236489
436,2941.04,1.50685,2.77195,1.40296,1.42552,0,0,0,0.78152,0.66663,0.75107,0.54602,0.72481,0.60014,0.64199,0.36958,1.17232,2.32952,1.03875,1.2739,0,0,0,0.000235114,0.000235114,0.000235114
437,2947.8,1.51896,2.73694,1.41829,1.46618,0,0,0,0.7753,0.6768,0.7515,0.54267,0.70167,0.62696,0.65364,0.3709,1.17768,2.30036,1.03689,1.27304,0,0,0,0.00023374,0.00023374,0.00023374
438,2954.42,1.55211,2.74383,1.38383,1.41157,0,0,0,0.79073,0.67023,0.7447,0.53017,0.71404,0.60876,0.64859,0.36036,1.1888,2.29523,1.04194,1.27506,0,0,0,0.000232365,0.000232365,0.000232365
439,2961,1.52974,2.75523,1.36678,1.45018,0,0,0,0.72694,0.68302,0.74418,0.52984,0.64733,0.61331,0.63773,0.3643,1.17805,2.29454,1.04382,1.26978,0,0,0,0.000230991,0.000230991,0.000230991
440,2967.63,1.4822,2.80194,1.34991,1.41629,0,0,0,0.75668,0.65959,0.7362,0.52683,0.7131,0.58012,0.63135,0.36226,1.16273,2.29533,1.0526,1.26375,0,0,0,0.000229616,0.000229616,0.000229616
441,2974.23,1.46305,2.74171,1.35452,1.39963,0,0,0,0.71721,0.69155,0.74634,0.53893,0.71459,0.59689,0.65329,0.37045,1.1589,2.29103,1.04879,1.26063,0,0,0,0.000228242,0.000228242,0.000228242
442,2980.9,1.43881,2.80509,1.37038,1.40726,0,0,0,0.72271,0.72412,0.74751,0.53814,0.66704,0.62172,0.65708,0.37597,1.16488,2.31457,1.03487,1.26798,0,0,0,0.000226868,0.000226868,0.000226868
443,2987.68,1.51082,2.73286,1.34411,1.39897,0,0,0,0.79438,0.6498,0.73871,0.53152,0.73232,0.57883,0.6428,0.36505,1.16449,2.3196,1.02756,1.27065,0,0,0,0.000225493,0.000225493,0.000225493
444,2994.28,1.49682,2.7926,1.40174,1.45126,0,0,0,0.74247,0.69044,0.75271,0.53545,0.69968,0.57435,0.64375,0.37581,1.1692,2.31034,1.041,1.26771,0,0,0,0.000224119,0.000224119,0.000224119
445,3000.93,1.47584,2.8097,1.37564,1.41203,0,0,0,0.73124,0.70081,0.75053,0.54776,0.66407,0.61408,0.63988,0.37206,1.16209,2.29445,1.02967,1.26125,0,0,0,0.000222744,0.000222744,0.000222744
446,3007.63,1.48032,2.73203,1.38234,1.42182,0,0,0,0.73049,0.69492,0.74766,0.55086,0.65894,0.62412,0.63924,0.36941,1.15155,2.27913,1.01943,1.25702,0,0,0,0.00022137,0.00022137,0.00022137
447,3014.35,1.50452,2.74708,1.34412,1.38924,0,0,0,0.74847,0.70267,0.74774,0.53867,0.68305,0.63154,0.64496,0.36326,1.15289,2.28491,1.02867,1.25706,0,0,0,0.000219995,0.000219995,0.000219995
448,3021.02,1.58098,2.78954,1.40417,1.40631,0,0,0,0.76427,0.68211,0.73813,0.53747,0.6791,0.61531,0.62344,0.3523,1.14924,2.29791,1.04267,1.25253,0,0,0,0.000218621,0.000218621,0.000218621
449,3027.71,1.50546,2.72883,1.33729,1.39653,0,0,0,0.71025,0.70421,0.74511,0.53247,0.63249,0.62834,0.62028,0.35573,1.1416,2.27911,1.03448,1.24338,0,0,0,0.000217246,0.000217246,0.000217246
450,3034.33,1.43264,2.68673,1.35603,1.41784,0,0,0,0.72946,0.72607,0.7515,0.54686,0.65013,0.64494,0.63272,0.36633,1.1464,2.26386,1.03083,1.24834,0,0,0,0.000215872,0.000215872,0.000215872
451,3041.05,1.48639,2.75385,1.30982,1.3983,0,0,0,0.76781,0.69104,0.75195,0.55982,0.66728,0.66278,0.66017,0.38108,1.1591,2.26788,1.02824,1.25786,0,0,0,0.000214497,0.000214497,0.000214497
452,3047.85,1.59765,2.81629,1.4051,1.41783,0,0,0,0.72443,0.69815,0.74354,0.5448,0.65856,0.63398,0.6432,0.37432,1.15455,2.26832,1.03458,1.25814,0,0,0,0.000213123,0.000213123,0.000213123
453,3054.5,1.52038,2.7914,1.40226,1.44788,0,0,0,0.72897,0.67981,0.75074,0.54597,0.67326,0.63099,0.65542,0.38553,1.15189,2.26121,1.0333,1.25654,0,0,0,0.000211749,0.000211749,0.000211749
454,3061.15,1.44642,2.79232,1.33597,1.3926,0,0,0,0.72985,0.72011,0.74706,0.54859,0.67983,0.64434,0.64865,0.38169,1.14363,2.25972,1.01023,1.24943,0,0,0,0.000210374,0.000210374,0.000210374
455,3067.95,1.44689,2.66538,1.31703,1.39163,0,0,0,0.82161,0.63781,0.75021,0.55352,0.7573,0.58687,0.65103,0.37542,1.13223,2.24631,1.00072,1.24523,0,0,0,0.000209,0.000209,0.000209
456,3074.62,1.49099,2.71046,1.31569,1.3761,0,0,0,0.7567,0.67184,0.74701,0.54938,0.74769,0.57675,0.64891,0.38181,1.14003,2.25342,1.01502,1.24339,0,0,0,0.000207625,0.000207625,0.000207625
457,3081.08,1.44874,2.72573,1.29474,1.37253,0,0,0,0.72283,0.73409,0.7516,0.55882,0.75496,0.60351,0.65294,0.38331,1.14169,2.25005,1.00955,1.24217,0,0,0,0.000206251,0.000206251,0.000206251
458,3087.9,1.46314,2.62164,1.30539,1.39648,0,0,0,0.78702,0.67665,0.75167,0.55703,0.72187,0.6143,0.64574,0.38709,1.13254,2.23825,1.00132,1.23942,0,0,0,0.000204876,0.000204876,0.000204876
459,3094.74,1.49237,2.69432,1.3352,1.40518,0,0,0,0.78441,0.67075,0.76303,0.55597,0.73835,0.61148,0.66332,0.37861,1.14174,2.24815,1.00577,1.24663,0,0,0,0.000203502,0.000203502,0.000203502
460,3101.43,1.57016,2.80165,1.34922,1.38641,0,0,0,0.70858,0.69637,0.76054,0.56146,0.70142,0.61363,0.66141,0.39759,1.13399,2.24744,1.0102,1.2427,0,0,0,0.000202127,0.000202127,0.000202127
461,3108.43,1.48467,2.71673,1.32039,1.37366,0,0,0,0.686,0.72719,0.74711,0.54981,0.66714,0.62398,0.64953,0.37828,1.13908,2.25381,1.01009,1.24085,0,0,0,0.000200753,0.000200753,0.000200753
462,3115.06,1.55531,2.78183,1.37202,1.39148,0,0,0,0.72033,0.72345,0.75193,0.55583,0.64515,0.65925,0.65343,0.37338,1.12549,2.23641,1.00603,1.23464,0,0,0,0.000199379,0.000199379,0.000199379
463,3121.59,1.50371,2.84962,1.36952,1.40857,0,0,0,0.72829,0.73294,0.75258,0.55247,0.64919,0.66113,0.64029,0.37057,1.14263,2.24609,1.01403,1.23855,0,0,0,0.000198004,0.000198004,0.000198004
464,3128.2,1.45746,2.76755,1.36864,1.42671,0,0,0,0.74795,0.68114,0.74954,0.54909,0.74492,0.58641,0.64973,0.37423,1.13825,2.24822,1.00554,1.23829,0,0,0,0.00019663,0.00019663,0.00019663
465,3134.66,1.52773,2.7517,1.38937,1.41476,0,0,0,0.76045,0.6892,0.75815,0.5501,0.69821,0.62192,0.65209,0.3825,1.12305,2.24413,0.99186,1.23432,0,0,0,0.000195255,0.000195255,0.000195255
466,3141.4,1.49091,2.77228,1.39094,1.42192,0,0,0,0.7166,0.71954,0.75241,0.554,0.73241,0.60049,0.65647,0.38335,1.12747,2.24284,0.99039,1.23579,0,0,0,0.000193881,0.000193881,0.000193881
467,3148.12,1.48948,2.78998,1.35833,1.43337,0,0,0,0.8008,0.66809,0.75751,0.55557,0.75113,0.59986,0.65886,0.37862,1.14683,2.25692,1.00422,1.24153,0,0,0,0.000192506,0.000192506,0.000192506
468,3154.76,1.51881,2.75257,1.36637,1.41074,0,0,0,0.80496,0.68344,0.75929,0.55568,0.77812,0.61077,0.6578,0.38015,1.14768,2.25486,1.02263,1.24517,0,0,0,0.000191132,0.000191132,0.000191132
469,3161.4,1.49974,2.72091,1.3403,1.40037,0,0,0,0.79395,0.66716,0.75222,0.55449,0.76251,0.59317,0.64677,0.37589,1.14107,2.23787,1.01104,1.23963,0,0,0,0.000189757,0.000189757,0.000189757
470,3167.99,1.45998,2.69769,1.32951,1.36756,0,0,0,0.68247,0.73524,0.74302,0.54574,0.64272,0.62813,0.63882,0.35955,1.13618,2.229,0.99426,1.23897,0,0,0,0.000188383,0.000188383,0.000188383
471,3174.68,1.49695,2.71488,1.29977,1.39415,0,0,0,0.7285,0.7083,0.74824,0.55257,0.66373,0.61777,0.63252,0.36044,1.1333,2.2248,0.99374,1.23637,0,0,0,0.000187008,0.000187008,0.000187008
472,3181.41,1.54243,2.74198,1.35744,1.40005,0,0,0,0.75664,0.68205,0.74064,0.55023,0.68467,0.61292,0.62629,0.36355,1.13701,2.2381,1.01865,1.23808,0,0,0,0.000185634,0.000185634,0.000185634
473,3187.97,1.43298,2.57541,1.28952,1.36242,0,0,0,0.76802,0.68719,0.74516,0.55579,0.72148,0.58908,0.62919,0.365,1.12481,2.23196,1.0136,1.23306,0,0,0,0.00018426,0.00018426,0.00018426
474,3194.58,1.41364,2.58595,1.28657,1.37799,0,0,0,0.7593,0.70049,0.7523,0.5553,0.72061,0.59896,0.62548,0.35621,1.12202,2.23332,1.00674,1.23047,0,0,0,0.000182885,0.000182885,0.000182885
475,3201.29,1.50802,2.77432,1.39437,1.41844,0,0,0,0.75715,0.69635,0.74874,0.55615,0.70919,0.60997,0.64074,0.36311,1.14005,2.24081,0.98989,1.24105,0,0,0,0.000181511,0.000181511,0.000181511
476,3207.87,1.46867,2.72668,1.33348,1.396,0,0,0,0.78036,0.70355,0.75989,0.56055,0.67014,0.65027,0.65615,0.37587,1.13389,2.23296,0.98346,1.24086,0,0,0,0.000180136,0.000180136,0.000180136
477,3214.4,1.56326,2.72792,1.39182,1.42389,0,0,0,0.73719,0.71056,0.756,0.55699,0.65491,0.62134,0.63493,0.37465,1.11719,2.21917,0.98765,1.22875,0,0,0,0.000178762,0.000178762,0.000178762
478,3221.04,1.4969,2.71421,1.34479,1.37224,0,0,0,0.73038,0.70398,0.7477,0.55032,0.64852,0.63257,0.63479,0.37038,1.10708,2.22684,0.99564,1.22184,0,0,0,0.000177387,0.000177387,0.000177387
479,3227.65,1.48591,2.66986,1.31126,1.37072,0,0,0,0.72145,0.73283,0.75028,0.5523,0.66364,0.66282,0.64131,0.37022,1.11187,2.21629,0.99457,1.22237,0,0,0,0.000176013,0.000176013,0.000176013
480,3234.38,1.44853,2.63203,1.30486,1.39734,0,0,0,0.71885,0.73234,0.75976,0.57196,0.64476,0.63697,0.63221,0.37863,1.1068,2.20674,0.98999,1.2229,0,0,0,0.000174638,0.000174638,0.000174638
481,3241.19,1.50559,2.71306,1.31585,1.3923,0,0,0,0.72699,0.72072,0.75973,0.56521,0.6886,0.63979,0.65914,0.38943,1.12142,2.22085,0.99511,1.23021,0,0,0,0.000173264,0.000173264,0.000173264
482,3247.81,1.53397,2.69549,1.32387,1.35798,0,0,0,0.73395,0.71939,0.76244,0.56441,0.75738,0.59398,0.66257,0.38996,1.12295,2.23028,1.00073,1.22833,0,0,0,0.00017189,0.00017189,0.00017189
483,3254.63,1.42052,2.58773,1.24802,1.37392,0,0,0,0.73137,0.73054,0.76177,0.56208,0.74839,0.59003,0.65694,0.38872,1.10459,2.21571,1.00421,1.22056,0,0,0,0.000170515,0.000170515,0.000170515
484,3261.26,1.47573,2.76272,1.29864,1.36876,0,0,0,0.7318,0.73719,0.76386,0.56592,0.73575,0.60638,0.66371,0.39375,1.08772,2.20552,0.9955,1.21528,0,0,0,0.000169141,0.000169141,0.000169141
485,3268.09,1.50262,2.67113,1.342,1.39851,0,0,0,0.75513,0.69911,0.75419,0.55238,0.7001,0.63004,0.6507,0.38191,1.10029,2.21582,0.9833,1.22052,0,0,0,0.000167766,0.000167766,0.000167766
486,3274.85,1.53197,2.77571,1.35161,1.40478,0,0,0,0.80189,0.67133,0.75818,0.55805,0.74536,0.6123,0.65452,0.38762,1.09712,2.19836,0.9816,1.21695,0,0,0,0.000166392,0.000166392,0.000166392
487,3281.57,1.52575,2.72794,1.31776,1.37456,0,0,0,0.78199,0.68149,0.76041,0.55509,0.71259,0.61939,0.6561,0.38669,1.09996,2.20422,0.98237,1.21629,0,0,0,0.000165017,0.000165017,0.000165017
488,3288.2,1.44056,2.63492,1.30341,1.37417,0,0,0,0.75062,0.68761,0.75954,0.5584,0.71112,0.61412,0.65303,0.38986,1.09993,2.21817,0.98376,1.21596,0,0,0,0.000163643,0.000163643,0.000163643
489,3294.93,1.45799,2.6303,1.27272,1.34126,0,0,0,0.73114,0.72465,0.76128,0.5641,0.71185,0.60319,0.65269,0.39021,1.09365,2.19586,0.97739,1.21268,0,0,0,0.000162268,0.000162268,0.000162268
490,3301.66,1.38858,2.63085,1.25428,1.35791,0,0,0,0.7073,0.75325,0.75898,0.55772,0.6352,0.67079,0.65127,0.38672,1.09242,2.19042,0.98357,1.21175,0,0,0,0.000160894,0.000160894,0.000160894
491,3308.26,1.48207,2.74817,1.33032,1.39021,0,0,0,0.70075,0.74518,0.75558,0.55139,0.6393,0.66014,0.65742,0.38788,1.09397,2.19911,0.99142,1.21438,0,0,0,0.00015952,0.00015952,0.00015952
492,3314.94,1.44666,2.59667,1.30444,1.38492,0,0,0,0.70522,0.72757,0.75387,0.55272,0.63783,0.6651,0.65497,0.38652,1.0985,2.18664,0.97593,1.21495,0,0,0,0.000158145,0.000158145,0.000158145
493,3321.43,1.46787,2.68271,1.29214,1.36939,0,0,0,0.71284,0.75753,0.75965,0.55173,0.63233,0.67296,0.65585,0.38799,1.08928,2.17574,0.97346,1.20928,0,0,0,0.000156771,0.000156771,0.000156771
494,3328.08,1.42977,2.63274,1.31199,1.34629,0,0,0,0.70384,0.76387,0.76081,0.5539,0.61617,0.68506,0.65663,0.38784,1.0862,2.17389,0.97217,1.20603,0,0,0,0.000155396,0.000155396,0.000155396
495,3334.84,1.48712,2.67955,1.32172,1.39493,0,0,0,0.76358,0.70849,0.76574,0.56307,0.69187,0.62391,0.65572,0.38696,1.08551,2.18556,0.97777,1.20621,0,0,0,0.000154022,0.000154022,0.000154022
496,3341.47,1.4182,2.62267,1.29052,1.38811,0,0,0,0.74395,0.72099,0.76325,0.56515,0.65919,0.65025,0.649,0.37968,1.10205,2.19284,0.98856,1.21333,0,0,0,0.000152647,0.000152647,0.000152647
497,3348.07,1.41305,2.67963,1.31334,1.36402,0,0,0,0.77472,0.71493,0.77223,0.56684,0.69167,0.64049,0.66393,0.39389,1.0974,2.18677,0.98826,1.21068,0,0,0,0.000151273,0.000151273,0.000151273
498,3354.85,1.41779,2.66919,1.28301,1.38074,0,0,0,0.76127,0.71486,0.75768,0.55749,0.68074,0.65661,0.65263,0.39083,1.08879,2.17435,0.9866,1.21018,0,0,0,0.000149898,0.000149898,0.000149898
499,3361.41,1.41852,2.7007,1.27531,1.37009,0,0,0,0.72788,0.72853,0.75868,0.56101,0.64954,0.66446,0.66171,0.3965,1.0971,2.16604,0.98614,1.21368,0,0,0,0.000148524,0.000148524,0.000148524
500,3368.25,1.41314,2.59823,1.24017,1.35648,0,0,0,0.70946,0.72729,0.75628,0.5598,0.74728,0.5957,0.66461,0.39925,1.09065,2.16515,0.97884,1.20932,0,0,0,0.000147149,0.000147149,0.000147149
501,3374.93,1.45078,2.67219,1.28301,1.35871,0,0,0,0.73344,0.70916,0.75718,0.56138,0.6504,0.66468,0.66425,0.39753,1.08172,2.1784,0.97064,1.20737,0,0,0,0.000145775,0.000145775,0.000145775
502,3381.61,1.40927,2.6499,1.28105,1.37481,0,0,0,0.70306,0.73361,0.75478,0.55486,0.62388,0.6759,0.65463,0.39225,1.06786,2.18332,0.96793,1.20217,0,0,0,0.000144401,0.000144401,0.000144401
503,3388.29,1.43215,2.6592,1.27071,1.35017,0,0,0,0.68744,0.74551,0.7519,0.55851,0.61918,0.66359,0.65446,0.39264,1.07529,2.16575,0.96521,1.20507,0,0,0,0.000143026,0.000143026,0.000143026
504,3394.87,1.44949,2.57662,1.28623,1.37051,0,0,0,0.69286,0.74509,0.75524,0.56053,0.64631,0.64757,0.66371,0.3982,1.08343,2.16936,0.96701,1.20922,0,0,0,0.000141652,0.000141652,0.000141652
505,3401.52,1.39743,2.56447,1.29519,1.37537,0,0,0,0.68262,0.75203,0.75909,0.56291,0.67157,0.62772,0.66755,0.39501,1.08075,2.16217,0.96308,1.20858,0,0,0,0.000140277,0.000140277,0.000140277
506,3408.23,1.41793,2.61386,1.26275,1.37514,0,0,0,0.7031,0.7545,0.76088,0.56277,0.72812,0.59875,0.6674,0.39846,1.07231,2.15911,0.95321,1.20416,0,0,0,0.000138903,0.000138903,0.000138903
507,3414.95,1.40987,2.61798,1.24753,1.35426,0,0,0,0.71293,0.75796,0.75783,0.56474,0.68929,0.6429,0.66506,0.39302,1.06143,2.16332,0.95778,1.20029,0,0,0,0.000137528,0.000137528,0.000137528
508,3421.63,1.43957,2.66654,1.27256,1.35395,0,0,0,0.72308,0.75316,0.75953,0.57218,0.68841,0.64253,0.66368,0.40564,1.06415,2.16661,0.97029,1.2007,0,0,0,0.000136154,0.000136154,0.000136154
509,3428.29,1.40899,2.58329,1.27614,1.36302,0,0,0,0.76698,0.73616,0.76152,0.57392,0.66859,0.66439,0.66607,0.40604,1.06291,2.15992,0.97141,1.20046,0,0,0,0.000134779,0.000134779,0.000134779
510,3435.03,1.42652,2.61251,1.25319,1.36096,0,0,0,0.75896,0.72373,0.75259,0.56507,0.67405,0.68034,0.66616,0.39291,1.07212,2.16169,0.96666,1.2032,0,0,0,0.000133405,0.000133405,0.000133405
511,3441.81,1.41408,2.63147,1.30147,1.39429,0,0,0,0.77871,0.71259,0.75441,0.55913,0.69586,0.64368,0.6653,0.38784,1.08779,2.15649,0.9637,1.2057,0,0,0,0.000132031,0.000132031,0.000132031
512,3448.48,1.47015,2.57565,1.30266,1.3722,0,0,0,0.80003,0.70584,0.75932,0.56305,0.70725,0.6255,0.65448,0.39051,1.07944,2.14834,0.95781,1.20391,0,0,0,0.000130656,0.000130656,0.000130656
513,3455.13,1.41412,2.62761,1.27007,1.36868,0,0,0,0.80385,0.68928,0.75965,0.55909,0.73102,0.61074,0.65447,0.38672,1.07706,2.14859,0.95185,1.20379,0,0,0,0.000129282,0.000129282,0.000129282
514,3461.72,1.42269,2.64301,1.25473,1.34976,0,0,0,0.76905,0.70767,0.75501,0.55391,0.66953,0.65215,0.65323,0.38926,1.08732,2.16129,0.95397,1.20951,0,0,0,0.000127907,0.000127907,0.000127907
515,3468.3,1.44541,2.6838,1.2987,1.36015,0,0,0,0.79276,0.69311,0.7559,0.5572,0.71564,0.62072,0.66304,0.38763,1.07988,2.15553,0.95357,1.20603,0,0,0,0.000126533,0.000126533,0.000126533
516,3474.89,1.45077,2.62998,1.28553,1.3642,0,0,0,0.774,0.70361,0.75426,0.56242,0.70239,0.63772,0.66539,0.39007,1.06967,2.14673,0.95477,1.19884,0,0,0,0.000125158,0.000125158,0.000125158
517,3481.59,1.44963,2.62848,1.29844,1.38191,0,0,0,0.75263,0.73261,0.75496,0.5631,0.66429,0.6641,0.66179,0.39007,1.06521,2.14995,0.95728,1.19676,0,0,0,0.000123784,0.000123784,0.000123784
518,3488.18,1.40457,2.5797,1.26691,1.37021,0,0,0,0.75413,0.7336,0.75257,0.56675,0.67745,0.65827,0.65164,0.38833,1.07212,2.14847,0.95886,1.19868,0,0,0,0.000122409,0.000122409,0.000122409
519,3494.93,1.43511,2.69607,1.28744,1.38063,0,0,0,0.7416,0.72224,0.75174,0.56091,0.69605,0.65451,0.66574,0.396,1.07061,2.14226,0.95623,1.19766,0,0,0,0.000121035,0.000121035,0.000121035
520,3501.51,1.46307,2.59988,1.24934,1.34532,0,0,0,0.74462,0.74086,0.7584,0.56517,0.67623,0.66309,0.66402,0.40024,1.06619,2.13652,0.95166,1.19732,0,0,0,0.00011966,0.00011966,0.00011966
521,3508.09,1.4049,2.63611,1.26664,1.37147,0,0,0,0.71298,0.77689,0.75878,0.56275,0.64147,0.68951,0.66604,0.4003,1.06687,2.14542,0.94871,1.19674,0,0,0,0.000118286,0.000118286,0.000118286
522,3514.88,1.44751,2.61962,1.30041,1.36191,0,0,0,0.69653,0.76544,0.75791,0.5705,0.71578,0.62275,0.65558,0.39576,1.06273,2.14248,0.94352,1.19416,0,0,0,0.000116912,0.000116912,0.000116912
523,3521.65,1.43781,2.69474,1.33197,1.36877,0,0,0,0.71025,0.75852,0.76002,0.569,0.73624,0.6244,0.6611,0.39481,1.06181,2.13606,0.94162,1.19281,0,0,0,0.000115537,0.000115537,0.000115537
524,3528.3,1.49973,2.71829,1.29611,1.36145,0,0,0,0.73651,0.74692,0.76188,0.57058,0.6733,0.68486,0.66707,0.39791,1.06146,2.13539,0.94229,1.19213,0,0,0,0.000114163,0.000114163,0.000114163
525,3535.27,1.471,2.64871,1.28483,1.34998,0,0,0,0.74775,0.75964,0.76468,0.57655,0.68605,0.68629,0.67308,0.40124,1.06315,2.13728,0.94648,1.19237,0,0,0,0.000112788,0.000112788,0.000112788
526,3542.1,1.38915,2.61134,1.23653,1.30004,0,0,0,0.75905,0.75374,0.76452,0.57771,0.72148,0.67437,0.67804,0.40389,1.06084,2.12974,0.94118,1.19248,0,0,0,0.000111414,0.000111414,0.000111414
527,3548.88,1.48095,2.63176,1.30898,1.37309,0,0,0,0.77361,0.74279,0.77049,0.5827,0.72633,0.67105,0.68812,0.41457,1.05651,2.13016,0.93529,1.18881,0,0,0,0.000110039,0.000110039,0.000110039
528,3555.83,1.41198,2.59388,1.27127,1.34865,0,0,0,0.78951,0.72744,0.77428,0.58918,0.73308,0.66252,0.69052,0.41781,1.0561,2.12783,0.93702,1.18869,0,0,0,0.000108665,0.000108665,0.000108665
529,3562.52,1.43728,2.60827,1.25479,1.35075,0,0,0,0.78606,0.71476,0.77396,0.58717,0.7222,0.64874,0.68341,0.41849,1.05588,2.12536,0.93993,1.18983,0,0,0,0.00010729,0.00010729,0.00010729
530,3569.15,1.40339,2.59578,1.26657,1.34676,0,0,0,0.78613,0.70667,0.77273,0.58271,0.74883,0.62686,0.67817,0.41493,1.05619,2.12335,0.93893,1.18847,0,0,0,0.000105916,0.000105916,0.000105916
531,3575.79,1.42285,2.60515,1.2822,1.37511,0,0,0,0.7536,0.73681,0.77247,0.58142,0.73384,0.63676,0.67463,0.4129,1.05512,2.11969,0.93949,1.18745,0,0,0,0.000104542,0.000104542,0.000104542
532,3582.45,1.43129,2.65351,1.28107,1.3777,0,0,0,0.7672,0.73408,0.77413,0.57828,0.70211,0.6669,0.67523,0.40822,1.05311,2.1225,0.94035,1.18743,0,0,0,0.000103167,0.000103167,0.000103167
533,3589.1,1.3836,2.5493,1.23519,1.34432,0,0,0,0.75873,0.74551,0.77877,0.58787,0.69315,0.67862,0.67777,0.41084,1.05045,2.11874,0.93966,1.18676,0,0,0,0.000101793,0.000101793,0.000101793
534,3595.84,1.46508,2.65783,1.26513,1.34188,0,0,0,0.7585,0.74714,0.77172,0.58028,0.69845,0.69471,0.68331,0.41234,1.05544,2.11157,0.94317,1.18787,0,0,0,0.000100418,0.000100418,0.000100418
535,3602.54,1.45762,2.63998,1.33941,1.38461,0,0,0,0.78068,0.74213,0.77443,0.58238,0.70481,0.67973,0.68156,0.41501,1.05358,2.10933,0.94536,1.18671,0,0,0,9.90437e-05,9.90437e-05,9.90437e-05
536,3609.28,1.47028,2.65593,1.30453,1.33715,0,0,0,0.82144,0.71503,0.77578,0.58231,0.75243,0.64728,0.68415,0.41556,1.04742,2.10375,0.94073,1.18386,0,0,0,9.76692e-05,9.76692e-05,9.76692e-05
537,3615.97,1.48454,2.63095,1.28956,1.33221,0,0,0,0.80539,0.71517,0.77501,0.5775,0.73896,0.65612,0.68396,0.41408,1.05065,2.10115,0.93411,1.18455,0,0,0,9.62948e-05,9.62948e-05,9.62948e-05
538,3622.49,1.38942,2.62008,1.24769,1.35119,0,0,0,0.76913,0.76638,0.778,0.58135,0.71413,0.68442,0.68392,0.4196,1.05614,2.10256,0.93678,1.18639,0,0,0,9.49203e-05,9.49203e-05,9.49203e-05
539,3629.17,1.32756,2.60159,1.22436,1.33603,0,0,0,0.77235,0.75735,0.77537,0.58065,0.70644,0.69085,0.68175,0.41595,1.04716,2.09166,0.93211,1.18557,0,0,0,9.35459e-05,9.35459e-05,9.35459e-05
540,3635.9,1.40252,2.50889,1.23162,1.35828,0,0,0,0.79062,0.73327,0.77468,0.57569,0.71129,0.67794,0.68198,0.41293,1.0508,2.09635,0.92986,1.18734,0,0,0,9.21715e-05,9.21715e-05,9.21715e-05
541,3642.47,1.36515,2.5466,1.21181,1.3309,0,0,0,0.76546,0.73954,0.76587,0.5671,0.72669,0.64756,0.67695,0.40806,1.05432,2.10232,0.93106,1.18794,0,0,0,9.0797e-05,9.0797e-05,9.0797e-05
542,3649.11,1.4425,2.62617,1.23729,1.32635,0,0,0,0.78723,0.71164,0.76982,0.57659,0.72158,0.64807,0.67446,0.40943,1.0502,2.10386,0.93079,1.18445,0,0,0,8.94226e-05,8.94226e-05,8.94226e-05
543,3655.71,1.43682,2.60373,1.27814,1.34177,0,0,0,0.76753,0.74286,0.77108,0.58204,0.70017,0.67512,0.6731,0.4104,1.04053,2.09541,0.92943,1.18143,0,0,0,8.80481e-05,8.80481e-05,8.80481e-05
544,3662.33,1.37743,2.6095,1.254,1.36106,0,0,0,0.77449,0.7426,0.77207,0.58006,0.69627,0.67444,0.67279,0.41068,1.04149,2.10024,0.93433,1.18172,0,0,0,8.66736e-05,8.66736e-05,8.66736e-05
545,3669.04,1.41026,2.58941,1.21472,1.32001,0,0,0,0.80148,0.7059,0.76952,0.5731,0.70482,0.6665,0.67482,0.40262,1.04889,2.11117,0.93706,1.18458,0,0,0,8.52992e-05,8.52992e-05,8.52992e-05
546,3675.69,1.40512,2.60522,1.2719,1.34102,0,0,0,0.80232,0.71878,0.774,0.57742,0.73627,0.63236,0.67171,0.40557,1.05083,2.11527,0.93594,1.18341,0,0,0,8.39248e-05,8.39248e-05,8.39248e-05
547,3682.32,1.34542,2.61077,1.23551,1.34783,0,0,0,0.78821,0.72631,0.77253,0.58503,0.73781,0.64477,0.67253,0.4052,1.03822,2.10762,0.93143,1.17846,0,0,0,8.25503e-05,8.25503e-05,8.25503e-05
548,3688.9,1.38894,2.6509,1.22199,1.3245,0,0,0,0.79618,0.72653,0.77349,0.58336,0.74851,0.66456,0.68056,0.40656,1.0279,2.09924,0.92367,1.17476,0,0,0,8.11759e-05,8.11759e-05,8.11759e-05
549,3695.58,1.41873,2.61732,1.22692,1.32724,0,0,0,0.7676,0.72862,0.75904,0.57642,0.70674,0.65957,0.66289,0.39659,1.02702,2.10375,0.92182,1.17455,0,0,0,7.98014e-05,7.98014e-05,7.98014e-05
550,3702.24,1.41021,2.54197,1.26474,1.3283,0,0,0,0.77522,0.72133,0.76542,0.58012,0.72097,0.65081,0.67431,0.40196,1.03108,2.10838,0.92494,1.17483,0,0,0,7.84269e-05,7.84269e-05,7.84269e-05
551,3708.79,1.36143,2.52651,1.22348,1.31741,0,0,0,0.75072,0.74227,0.76808,0.5731,0.69041,0.67435,0.6755,0.40225,1.04188,2.11333,0.92779,1.17843,0,0,0,7.70525e-05,7.70525e-05,7.70525e-05
552,3715.32,1.302,2.48521,1.15354,1.32147,0,0,0,0.74936,0.76096,0.769,0.57177,0.69246,0.68455,0.67918,0.40641,1.04208,2.10548,0.92218,1.17728,0,0,0,7.5678e-05,7.5678e-05,7.5678e-05
553,3722.03,1.37248,2.60408,1.20041,1.34505,0,0,0,0.75427,0.75852,0.76924,0.5784,0.68418,0.68676,0.67925,0.40363,1.03818,2.09732,0.91322,1.17561,0,0,0,7.43036e-05,7.43036e-05,7.43036e-05
554,3728.69,1.35842,2.55841,1.21979,1.34215,0,0,0,0.77169,0.75006,0.77176,0.57893,0.67803,0.68806,0.67519,0.40774,1.03464,2.09683,0.9125,1.17387,0,0,0,7.29292e-05,7.29292e-05,7.29292e-05
555,3735.46,1.40163,2.63763,1.23504,1.34456,0,0,0,0.72497,0.76228,0.77028,0.58281,0.68201,0.66709,0.67404,0.40881,1.03006,2.09697,0.91553,1.17263,0,0,0,7.15547e-05,7.15547e-05,7.15547e-05
556,3742.23,1.42795,2.55844,1.25214,1.3298,0,0,0,0.7378,0.74616,0.77712,0.59375,0.69744,0.67285,0.67892,0.41701,1.02376,2.09089,0.91807,1.16882,0,0,0,7.01802e-05,7.01802e-05,7.01802e-05
557,3748.94,1.35573,2.56998,1.22455,1.34192,0,0,0,0.78819,0.7131,0.76734,0.5884,0.73937,0.65066,0.67702,0.4049,1.0278,2.09322,0.92077,1.16953,0,0,0,6.88058e-05,6.88058e-05,6.88058e-05
558,3755.72,1.43129,2.61546,1.22897,1.34859,0,0,0,0.79498,0.71791,0.77002,0.58695,0.73859,0.65413,0.67707,0.40839,1.02784,2.08945,0.91888,1.16972,0,0,0,6.74313e-05,6.74313e-05,6.74313e-05
559,3762.53,1.37627,2.55098,1.18855,1.3141,0,0,0,0.77269,0.73326,0.77034,0.59023,0.72484,0.64866,0.6751,0.40992,1.02132,2.08809,0.91279,1.16838,0,0,0,6.60569e-05,6.60569e-05,6.60569e-05
560,3769.25,1.42616,2.62349,1.2325,1.32472,0,0,0,0.77609,0.73867,0.77499,0.59476,0.71279,0.67407,0.68376,0.40784,1.02188,2.0817,0.91303,1.16816,0,0,0,6.46825e-05,6.46825e-05,6.46825e-05
561,3775.9,1.43047,2.69029,1.24659,1.33676,0,0,0,0.82499,0.70022,0.77465,0.59356,0.74991,0.63403,0.67928,0.40731,1.02919,2.08002,0.91675,1.17022,0,0,0,6.3308e-05,6.3308e-05,6.3308e-05
562,3782.65,1.36633,2.5296,1.20026,1.33628,0,0,0,0.77578,0.72897,0.77121,0.58987,0.71055,0.66891,0.67873,0.4041,1.03503,2.08352,0.92336,1.1726,0,0,0,6.19335e-05,6.19335e-05,6.19335e-05
563,3789.43,1.36137,2.54824,1.21118,1.3092,0,0,0,0.76678,0.73872,0.77766,0.59385,0.69351,0.66983,0.67631,0.40827,1.03109,2.07836,0.92331,1.17212,0,0,0,6.05591e-05,6.05591e-05,6.05591e-05
564,3796.15,1.39646,2.57902,1.2107,1.32151,0,0,0,0.7537,0.75094,0.78131,0.59593,0.69782,0.67824,0.68156,0.41465,1.02498,2.07166,0.91982,1.17066,0,0,0,5.91846e-05,5.91846e-05,5.91846e-05
565,3802.67,1.43477,2.63993,1.28239,1.34802,0,0,0,0.74949,0.74919,0.77836,0.59139,0.69791,0.67533,0.67819,0.41519,1.02574,2.07169,0.92026,1.17095,0,0,0,5.78102e-05,5.78102e-05,5.78102e-05
566,3809.24,1.41249,2.59684,1.25757,1.3341,0,0,0,0.75123,0.7414,0.77757,0.58886,0.71897,0.66277,0.68422,0.41094,1.02274,2.06862,0.91808,1.17011,0,0,0,5.64358e-05,5.64358e-05,5.64358e-05
567,3815.9,1.37132,2.57973,1.22856,1.34648,0,0,0,0.78694,0.72081,0.77466,0.58868,0.71789,0.65599,0.68445,0.41188,1.01789,2.0681,0.91801,1.16863,0,0,0,5.50613e-05,5.50613e-05,5.50613e-05
568,3822.71,1.41023,2.57897,1.20313,1.32481,0,0,0,0.75102,0.74051,0.77948,0.59457,0.69527,0.67688,0.68927,0.41762,1.01945,2.06764,0.91432,1.16844,0,0,0,5.36869e-05,5.36869e-05,5.36869e-05
569,3829.51,1.42723,2.62356,1.24621,1.33026,0,0,0,0.77607,0.72932,0.7784,0.5894,0.6999,0.65883,0.68296,0.4111,1.01891,2.07284,0.91258,1.16765,0,0,0,5.23124e-05,5.23124e-05,5.23124e-05
570,3836.08,1.43165,2.60069,1.24544,1.3144,0,0,0,0.80586,0.69897,0.77628,0.58855,0.72204,0.62679,0.67608,0.41026,1.01866,2.07665,0.91519,1.16759,0,0,0,5.09379e-05,5.09379e-05,5.09379e-05
571,3842.74,1.35641,2.43704,1.20295,1.32879,0,0,0,0.77231,0.72036,0.77738,0.59365,0.71043,0.65978,0.68474,0.41209,1.01654,2.07193,0.91817,1.16542,0,0,0,4.95635e-05,4.95635e-05,4.95635e-05
572,3849.46,1.38157,2.57496,1.22619,1.30784,0,0,0,0.79971,0.70635,0.76922,0.58926,0.72176,0.65261,0.67944,0.40824,1.01139,2.06751,0.91717,1.16344,0,0,0,4.81891e-05,4.81891e-05,4.81891e-05
573,3856.26,1.42123,2.59823,1.23785,1.30979,0,0,0,0.83891,0.6885,0.77216,0.59187,0.71589,0.67136,0.68642,0.41133,1.00905,2.06517,0.9127,1.16296,0,0,0,4.68146e-05,4.68146e-05,4.68146e-05
574,3862.84,1.45341,2.57214,1.27322,1.33526,0,0,0,0.78931,0.73548,0.77574,0.59454,0.72024,0.66829,0.6856,0.41352,1.0082,2.07154,0.90974,1.16116,0,0,0,4.54402e-05,4.54402e-05,4.54402e-05
575,3869.5,1.36963,2.51532,1.21871,1.32597,0,0,0,0.78872,0.72863,0.77505,0.59369,0.71742,0.65498,0.68021,0.41537,1.0093,2.07056,0.90852,1.1616,0,0,0,4.40657e-05,4.40657e-05,4.40657e-05
576,3876.25,1.40537,2.54773,1.21348,1.31912,0,0,0,0.79788,0.71896,0.77389,0.59524,0.7288,0.6552,0.68457,0.41629,1.00911,2.06117,0.90801,1.16046,0,0,0,4.26912e-05,4.26912e-05,4.26912e-05
577,3882.85,1.41911,2.6145,1.22094,1.30579,0,0,0,0.79123,0.71905,0.77061,0.59059,0.72441,0.65606,0.6808,0.40867,1.00795,2.06091,0.90972,1.15966,0,0,0,4.13168e-05,4.13168e-05,4.13168e-05
578,3889.4,1.36923,2.55943,1.18784,1.32568,0,0,0,0.78877,0.7106,0.77189,0.59004,0.72476,0.66265,0.68432,0.41701,1.00709,2.0662,0.90932,1.15959,0,0,0,3.99423e-05,3.99423e-05,3.99423e-05
579,3896.15,1.29605,2.44798,1.1941,1.32352,0,0,0,0.7634,0.73361,0.77518,0.59332,0.69621,0.6599,0.67341,0.41379,1.00404,2.06321,0.90898,1.15836,0,0,0,3.85679e-05,3.85679e-05,3.85679e-05
580,3902.86,1.38693,2.52979,1.23517,1.33769,0,0,0,0.77692,0.72825,0.77232,0.59048,0.69633,0.66163,0.67115,0.40683,1.00476,2.05969,0.90692,1.15897,0,0,0,3.71935e-05,3.71935e-05,3.71935e-05
581,3909.41,1.41409,2.52474,1.26599,1.32754,0,0,0,0.79235,0.71907,0.77276,0.596,0.69827,0.65741,0.67266,0.4079,1.00543,2.05877,0.90773,1.15913,0,0,0,3.5819e-05,3.5819e-05,3.5819e-05
582,3916.13,1.31503,2.46415,1.18722,1.32444,0,0,0,0.77086,0.72671,0.77009,0.5941,0.69834,0.65874,0.67065,0.40381,1.00806,2.05973,0.90806,1.16031,0,0,0,3.44445e-05,3.44445e-05,3.44445e-05
583,3922.73,1.4299,2.62107,1.2231,1.32865,0,0,0,0.7955,0.71977,0.77289,0.59184,0.70882,0.65135,0.66903,0.4032,1.0068,2.05736,0.90659,1.15966,0,0,0,3.30701e-05,3.30701e-05,3.30701e-05
584,3929.39,1.34489,2.49256,1.19275,1.32825,0,0,0,0.78986,0.72603,0.77158,0.59174,0.70741,0.65344,0.66801,0.40388,1.00757,2.05753,0.90645,1.15947,0,0,0,3.16956e-05,3.16956e-05,3.16956e-05
585,3935.97,1.40314,2.54386,1.25059,1.35244,0,0,0,0.79126,0.72664,0.76989,0.5949,0.71067,0.66379,0.67197,0.40548,1.00679,2.05613,0.90906,1.15901,0,0,0,3.03212e-05,3.03212e-05,3.03212e-05
586,3942.75,1.32271,2.49453,1.21298,1.32792,0,0,0,0.78585,0.71707,0.76917,0.59522,0.71363,0.66055,0.67708,0.40364,1.00605,2.05962,0.91054,1.15856,0,0,0,2.89468e-05,2.89468e-05,2.89468e-05
587,3949.33,1.36258,2.49841,1.2281,1.32567,0,0,0,0.80455,0.707,0.77083,0.59642,0.6937,0.67724,0.67911,0.40532,1.00488,2.05828,0.90876,1.15795,0,0,0,2.75723e-05,2.75723e-05,2.75723e-05
588,3956.09,1.34793,2.5206,1.20827,1.31706,0,0,0,0.77964,0.72598,0.76889,0.58866,0.69808,0.67638,0.67885,0.40498,1.00455,2.0573,0.90906,1.15755,0,0,0,2.61978e-05,2.61978e-05,2.61978e-05
589,3962.75,1.38273,2.57524,1.24776,1.33431,0,0,0,0.76693,0.73093,0.7674,0.58509,0.70004,0.66497,0.67893,0.40878,1.00356,2.05766,0.90957,1.1574,0,0,0,2.48234e-05,2.48234e-05,2.48234e-05
590,3969.26,1.37208,2.56854,1.22808,1.33441,0,0,0,0.77073,0.73528,0.76925,0.58788,0.70184,0.66917,0.67792,0.41039,1.00285,2.05687,0.91078,1.15645,0,0,0,2.34489e-05,2.34489e-05,2.34489e-05
591,3980.41,1.43469,2.55592,1.27123,1.3583,0,0,0,0.76242,0.73616,0.76966,0.58392,0.6899,0.66259,0.67056,0.40135,1.0247,2.08021,0.92811,1.16487,0,0,0,2.20745e-05,2.20745e-05,2.20745e-05
592,3986.65,1.38034,2.54744,1.2359,1.35217,0,0,0,0.78273,0.68633,0.76884,0.56684,0.62344,0.68281,0.66139,0.38788,1.06024,2.11994,0.95247,1.1802,0,0,0,2.07001e-05,2.07001e-05,2.07001e-05
593,3992.85,1.37915,2.56332,1.22816,1.36438,0,0,0,0.70778,0.75069,0.76376,0.55761,0.60975,0.67986,0.65424,0.37973,1.08608,2.15087,0.96222,1.19403,0,0,0,1.93256e-05,1.93256e-05,1.93256e-05
594,3998.91,1.33948,2.51074,1.223,1.34151,0,0,0,0.76401,0.68171,0.76001,0.55569,0.69135,0.61007,0.65915,0.38113,1.09748,2.1606,0.96382,1.19848,0,0,0,1.79512e-05,1.79512e-05,1.79512e-05
595,4005.11,1.3293,2.476,1.17679,1.3306,0,0,0,0.77326,0.67086,0.75853,0.55141,0.6965,0.6053,0.65663,0.38027,1.10585,2.15557,0.96522,1.20296,0,0,0,1.65767e-05,1.65767e-05,1.65767e-05
596,4011.26,1.32435,2.40702,1.16866,1.34695,0,0,0,0.78125,0.67668,0.76606,0.55895,0.70714,0.61107,0.66548,0.38671,1.10094,2.14542,0.96109,1.20088,0,0,0,1.52022e-05,1.52022e-05,1.52022e-05
597,4017.73,1.30123,2.40312,1.13087,1.28816,0,0,0,0.6774,0.75882,0.76491,0.55736,0.60219,0.70543,0.66541,0.38894,1.10063,2.14301,0.96116,1.20084,0,0,0,1.38278e-05,1.38278e-05,1.38278e-05
598,4023.8,1.31971,2.48088,1.18831,1.32743,0,0,0,0.71456,0.73307,0.76815,0.56189,0.62795,0.687,0.66643,0.39101,1.09813,2.13624,0.95824,1.19945,0,0,0,1.24534e-05,1.24534e-05,1.24534e-05
599,4029.93,1.339,2.48788,1.18598,1.29989,0,0,0,0.70584,0.73047,0.76691,0.55989,0.62914,0.67293,0.66542,0.38948,1.09748,2.13311,0.95809,1.19825,0,0,0,1.10789e-05,1.10789e-05,1.10789e-05
600,4036.13,1.34247,2.44858,1.18433,1.33563,0,0,0,0.71845,0.73782,0.76571,0.56108,0.63046,0.67287,0.66575,0.39017,1.09575,2.12982,0.95687,1.19691,0,0,0,9.70445e-06,9.70445e-06,9.70445e-06
