epoch,time,train/box_loss,train/seg_loss,train/cls_loss,train/dfl_loss,train/sem_loss,train/heat_loss,train/seed_loss,metrics/precision(B),metrics/recall(B),metrics/mAP50(B),metrics/mAP50-95(B),metrics/precision(M),metrics/recall(M),metrics/mAP50(M),metrics/mAP50-95(M),val/box_loss,val/seg_loss,val/cls_loss,val/dfl_loss,val/sem_loss,val/heat_loss,val/seed_loss,lr/pg0,lr/pg1,lr/pg2
1,21.6811,3.72133,7.8233,5.79224,4.21792,0.85905,0.85819,0.84984,2e-05,0.09375,2e-05,1e-05,0,0,0,0,3.65487,5.20804,5.0316,4.15839,0,0,0,0.00012495,0.00012495,0.00012495
2,37.0511,3.74719,6.61846,5.74519,4.19069,0.85368,0.85367,0.84445,9e-05,0.00662,0,0,0,0,0,0,3.65756,5.19235,5.02694,4.15562,0,0,0,0.000257804,0.000257804,0.000257804
3,52.6877,3.87839,5.88094,5.68428,4.18016,0.84596,0.84683,0.83808,5e-05,0.00161,0,0,0,0,0,0,3.66116,5.15616,4.97153,4.14699,0,0,0,0.000390218,0.000390218,0.000390218
4,68.2469,3.71243,5.46752,5.5652,4.16319,0.83565,0.83854,0.83027,9e-05,0.01003,0,0,5e-05,0.00181,0,0,3.65924,5.08747,4.86383,4.13143,0,0,0,0.000522192,0.000522192,0.000522192
5,83.8459,3.75608,5.03729,5.53917,4.13328,0.82307,0.82871,0.81973,7e-05,0.00241,0,0,0.0001,0.00862,0,0,3.64249,4.85996,4.76615,4.0988,0,0,0,0.000653727,0.000653727,0.000653727
6,99.0918,3.73591,4.66738,5.51009,4.08694,0.80834,0.81494,0.80764,9e-05,0.00562,2e-05,0,0.00012,0.01103,1e-05,0,3.66826,4.39501,4.69186,4.02825,0,0,0,0.000784821,0.000784821,0.000784821
7,115.12,3.74243,4.64895,5.41441,4.04963,0.79372,0.80316,0.79463,9e-05,0.00783,1e-05,0,8e-05,0.00722,1e-05,0,3.68998,4.40743,4.73915,3.97843,0,0,0,0.000824753,0.000824753,0.000824753
8,130.757,3.78319,4.46969,5.46644,4.00962,0.78064,0.78972,0.781,9e-05,0.00923,1e-05,0,0.00015,0.03887,0.00046,5e-05,3.68736,4.42529,5.05472,4.03076,0,0,0,0.000823379,0.000823379,0.000823379
9,146.633,3.68753,4.40984,5.36712,3.9551,0.76527,0.77399,0.7655,0.0002,0.04706,3e-05,1e-05,7e-05,0.00562,1e-05,0,3.64852,4.97173,4.97218,3.98115,0,0,0,0.000822004,0.000822004,0.000822004
10,162.033,3.61894,4.4762,5.24481,3.85833,0.75026,0.75769,0.75025,0.00012,0.00903,2e-05,0,0.00013,0.03867,2e-05,0,3.51112,4.62415,5.07969,4.0169,0,0,0,0.00082063,0.00082063,0.00082063
11,177.679,3.57542,4.43204,5.17982,3.77877,0.73619,0.7421,0.73671,0.87619,0.0006,0.00035,8e-05,0.00017,0.04289,3e-05,0,3.51158,4.71533,5.12739,3.98366,0,0,0,0.000819255,0.000819255,0.000819255
12,193.582,3.49377,4.45905,5.04672,3.69831,0.72103,0.72646,0.72242,0.62586,0.0012,0.00068,9e-05,0.87608,0.001,0.0008,9e-05,3.48106,4.43931,5.1299,3.83289,0,0,0,0.000817881,0.000817881,0.000817881
13,209.277,3.55061,4.36404,5.01123,3.62903,0.70696,0.71164,0.70989,0.00032,0.06251,9e-05,2e-05,0.00021,0.0471,9e-05,1e-05,3.53829,4.53082,4.49553,3.68704,0,0,0,0.000816507,0.000816507,0.000816507
14,224.875,3.518,4.46994,5.05057,3.52971,0.69457,0.69797,0.69782,0.00037,0.04063,0.00023,4e-05,0.00022,0.01845,0.00016,4e-05,3.46014,4.60306,4.40642,3.6033,0,0,0,0.000815132,0.000815132,0.000815132
15,240.22,3.40754,4.33925,5.00733,3.50364,0.68238,0.68509,0.68531,0.00041,0.03626,0.00012,2e-05,0.00042,0.01082,0.00012,2e-05,3.42085,4.68883,4.42709,3.54908,0,0,0,0.000813758,0.000813758,0.000813758
16,255.688,3.28269,4.3529,4.95479,3.46138,0.67022,0.6715,0.67321,0.00035,0.03486,5e-05,1e-05,0.00025,0.02186,5e-05,1e-05,3.36274,4.58729,4.43134,3.51264,0,0,0,0.000812383,0.000812383,0.000812383
17,271.236,3.17733,4.31513,4.852,3.40186,0.65803,0.65861,0.66065,0.62783,0.0012,0.00019,4e-05,0.7541,0.0012,0.00025,3e-05,3.25858,4.40258,4.47409,3.49461,0,0,0,0.000811009,0.000811009,0.000811009
18,286.632,3.13077,4.29496,4.83399,3.36782,0.6473,0.64795,0.65041,0.00054,0.04586,0.00015,3e-05,0.75204,0.0004,0.00012,2e-05,3.15482,4.33923,4.34863,3.4361,0,0,0,0.000809634,0.000809634,0.000809634
19,302.514,3.16559,4.4076,4.89114,3.32764,0.63735,0.63774,0.64015,0.75133,0.00241,0.00018,4e-05,0.751,0.00181,7e-05,1e-05,3.09517,4.34886,4.23789,3.32807,0,0,0,0.00080826,0.00080826,0.00080826
20,317.78,3.11879,4.36272,4.9127,3.36338,0.62792,0.62781,0.63051,0.8778,0.0012,0.0029,0.00081,0.87874,0.0014,0.0009,0.0001,3.05687,4.31331,4.17263,3.25412,0,0,0,0.000806885,0.000806885,0.000806885
21,333.486,3.11738,4.27572,4.76961,3.25839,0.61929,0.61899,0.62168,0.87897,0.0012,0.0029,0.00122,0.87786,0.00261,0.00125,0.00015,3.01944,4.26994,4.03051,3.20734,0,0,0,0.000805511,0.000805511,0.000805511
22,348.835,3.04814,4.28551,4.72433,3.20293,0.6123,0.61127,0.61385,0.87907,0.00181,0.00065,0.00014,0.88275,0.001,0.00056,9e-05,2.99424,4.26819,4.07015,3.18745,0,0,0,0.000804137,0.000804137,0.000804137
23,364.627,3.0184,4.2759,4.75882,3.15643,0.60462,0.60317,0.60576,0.75379,0.0014,0.00055,0.00012,0.75547,0.00181,0.00031,6e-05,2.97448,4.24547,4.09957,3.13625,0,0,0,0.000802762,0.000802762,0.000802762
24,379.84,2.98399,4.27618,4.67446,3.15999,0.59831,0.5959,0.59856,0.7551,0.00221,0.00066,0.00016,0.75438,0.001,0.00074,0.00013,2.96535,4.22175,4.06231,3.08433,0,0,0,0.000801388,0.000801388,0.000801388
25,395.643,2.95279,4.26862,4.63699,3.14891,0.5917,0.58905,0.59147,0.00109,0.12815,0.00133,0.00027,0.00093,0.10871,0.0011,0.00047,2.95945,4.24806,4.07108,3.0959,0,0,0,0.000800013,0.000800013,0.000800013
26,411.189,2.92382,4.29279,4.65445,3.13874,0.58631,0.58299,0.58537,0.6293,0.00221,0.00085,0.00021,0.68397,0.00317,0.00128,0.00027,2.9965,4.24213,4.09777,3.13714,0,0,0,0.000798639,0.000798639,0.000798639
27,426.792,2.93583,4.29094,4.51388,3.05996,0.58165,0.57849,0.58087,0.6347,0.00795,0.00173,0.00036,0.62928,0.01656,0.00113,0.00021,2.95417,4.21933,4.00586,3.06914,0,0,0,0.000797264,0.000797264,0.000797264
28,442.13,2.92728,4.32591,4.52054,3.08868,0.57714,0.57461,0.57655,0.0013,0.11428,0.00187,0.0004,0.001,0.08782,0.00128,0.00022,2.90056,4.20728,3.9521,2.97107,0,0,0,0.00079589,0.00079589,0.00079589
29,457.689,2.93912,4.20949,4.53993,3.00728,0.5715,0.56913,0.571,0.72303,0.007,0.0037,0.00111,0.73221,0.00771,0.00358,0.00046,2.8906,4.21286,4.00763,2.9652,0,0,0,0.000794515,0.000794515,0.000794515
30,473.437,2.82927,4.1795,4.52063,2.98356,0.56831,0.5646,0.56662,0.65706,0.00538,0.00351,0.00093,0.65763,0.00518,0.00332,0.00049,2.87369,4.18467,4.06584,2.9579,0,0,0,0.000793141,0.000793141,0.000793141
31,488.875,2.85929,4.11572,4.51803,2.96208,0.56416,0.56059,0.56248,0.64947,0.00502,0.00357,0.00099,0.64888,0.00321,0.00286,0.00046,2.87265,4.15323,3.87892,2.93692,0,0,0,0.000791767,0.000791767,0.000791767
32,504.165,2.82512,4.19229,4.50939,2.94779,0.56131,0.55672,0.55874,0.7577,0.00642,0.00193,0.00047,0.75671,0.00582,0.00143,0.00029,2.85073,4.13922,3.88729,2.91573,0,0,0,0.000790392,0.000790392,0.000790392
33,519.557,2.76054,4.17541,4.43969,2.96275,0.55941,0.55405,0.55622,0.75645,0.00281,0.00229,0.00052,0.00152,0.14941,0.00209,0.00046,2.82714,4.15376,3.84976,2.91926,0,0,0,0.000789018,0.000789018,0.000789018
34,535.354,2.89488,4.09418,4.3222,2.91541,0.55649,0.55111,0.55315,0.75875,0.01153,0.00267,0.00073,0.76059,0.01312,0.00255,0.00053,2.81837,4.14922,3.83331,2.8987,0,0,0,0.000787643,0.000787643,0.000787643
35,551.022,2.76391,4.15432,4.36209,2.89723,0.55428,0.54867,0.55063,0.64438,0.01664,0.00482,0.00135,0.64416,0.01463,0.00312,0.00071,2.80419,4.13541,3.88167,2.913,0,0,0,0.000786269,0.000786269,0.000786269
36,567.185,2.80378,4.16063,4.17228,2.85024,0.55238,0.54658,0.54883,0.64052,0.0139,0.00439,0.00116,0.63408,0.01586,0.0015,0.00028,2.77441,4.11857,4.08106,2.87377,0,0,0,0.000784894,0.000784894,0.000784894
37,582.61,2.78951,4.16076,4.30664,2.8736,0.5503,0.54437,0.54636,0.65389,0.01339,0.00743,0.00171,0.64437,0.01202,0.00428,0.00101,2.75438,4.08244,3.79442,2.84552,0,0,0,0.00078352,0.00078352,0.00078352
38,598.845,2.79405,4.21152,4.19402,2.84945,0.54785,0.54194,0.54392,0.65588,0.014,0.00433,0.00097,0.63449,0.00919,0.00236,0.00053,2.78541,4.08502,3.78671,2.84592,0,0,0,0.000782145,0.000782145,0.000782145
39,614.207,2.7525,4.11409,4.35687,2.86676,0.54607,0.54028,0.54222,0.64432,0.01423,0.00425,0.0011,0.63204,0.00899,0.00149,0.00031,2.76817,4.07634,3.89379,2.83165,0,0,0,0.000780771,0.000780771,0.000780771
40,629.692,2.81193,4.08496,4.17878,2.88642,0.54659,0.53918,0.54144,0.69407,0.01863,0.00748,0.00193,0.64327,0.01636,0.00391,0.00111,2.76541,4.04605,3.73692,2.83581,0,0,0,0.000779396,0.000779396,0.000779396
41,645.521,2.73731,4.08407,4.26775,2.84557,0.54407,0.53758,0.53953,0.65082,0.0232,0.00828,0.00223,0.64974,0.01021,0.00515,0.00129,2.74598,4.04694,3.76217,2.87231,0,0,0,0.000778022,0.000778022,0.000778022
42,661.384,2.73838,4.09532,4.17271,2.80468,0.54249,0.53665,0.53842,0.647,0.01337,0.00519,0.00149,0.6428,0.0116,0.00439,0.00088,2.75019,4.04719,3.79913,2.84413,0,0,0,0.000776648,0.000776648,0.000776648
43,676.615,2.66265,4.04491,4.26797,2.78586,0.54096,0.53533,0.53709,0.65014,0.01157,0.00387,0.00109,0.64489,0.01038,0.00268,0.00065,2.76873,4.06312,3.81236,2.81143,0,0,0,0.000775273,0.000775273,0.000775273
44,692.229,2.74487,4.09159,4.24855,2.80902,0.5387,0.53327,0.53493,0.64866,0.02784,0.0096,0.00273,0.636,0.02372,0.00343,0.00082,2.75436,4.02912,3.75325,2.78922,0,0,0,0.000773899,0.000773899,0.000773899
45,707.751,2.69507,4.04629,4.23212,2.80307,0.53943,0.53255,0.53459,0.01899,0.21172,0.01813,0.00425,0.64574,0.00898,0.00424,0.00095,2.70747,4.02521,3.64558,2.78418,0,0,0,0.000772524,0.000772524,0.000772524
46,723.748,2.68517,4.0199,4.20719,2.78552,0.53712,0.53033,0.53249,0.64896,0.01662,0.01245,0.00352,0.64659,0.01429,0.00626,0.00148,2.66593,4.00345,3.60893,2.77614,0,0,0,0.00077115,0.00077115,0.00077115
47,739.42,2.65872,3.99155,4.0819,2.73736,0.53572,0.52918,0.53116,0.5208,0.03021,0.01501,0.00394,0.51789,0.01881,0.005,0.00105,2.65949,3.99569,3.6702,2.72707,0,0,0,0.000769775,0.000769775,0.000769775
48,755.152,2.66617,4.06217,4.04487,2.74332,0.53487,0.52846,0.5303,0.64653,0.02188,0.00979,0.00231,0.63707,0.02118,0.004,0.00087,2.69356,3.98552,3.61001,2.7442,0,0,0,0.000768401,0.000768401,0.000768401
49,770.634,2.67106,3.99697,4.15346,2.76642,0.53407,0.52767,0.52939,0.67355,0.0235,0.0221,0.00544,0.64562,0.01578,0.00685,0.00176,2.63568,3.96523,3.5366,2.72569,0,0,0,0.000767026,0.000767026,0.000767026
50,786.294,2.63704,4.06458,4.02903,2.76352,0.53287,0.52672,0.52847,0.66842,0.03131,0.01553,0.0037,0.64526,0.02536,0.00636,0.00151,2.68723,3.99363,3.59334,2.74433,0,0,0,0.000765652,0.000765652,0.000765652
51,801.957,2.73016,4.01234,4.00025,2.72818,0.53084,0.52557,0.52712,0.655,0.03089,0.04568,0.00988,0.64521,0.02279,0.03906,0.00495,2.69878,3.99995,3.62542,2.74049,0,0,0,0.000764278,0.000764278,0.000764278
52,817.72,2.59391,4.04217,4.02678,2.74785,0.53002,0.52413,0.52603,0.65016,0.04481,0.03313,0.00811,0.54282,0.02164,0.00888,0.00196,2.62024,3.93813,3.45941,2.68655,0,0,0,0.000762903,0.000762903,0.000762903
53,832.869,2.66095,4.04898,4.01239,2.75732,0.5293,0.52369,0.52551,0.55806,0.04359,0.03018,0.00902,0.52788,0.02757,0.00778,0.00173,2.61157,3.93043,3.42244,2.69423,0,0,0,0.000761529,0.000761529,0.000761529
54,848.373,2.64442,3.94225,3.94484,2.66242,0.5289,0.52289,0.52453,0.54475,0.04574,0.0293,0.00963,0.5398,0.02994,0.01736,0.00576,2.61431,3.92308,3.47322,2.66332,0,0,0,0.000760154,0.000760154,0.000760154
55,863.82,2.57665,4.05525,3.95717,2.74007,0.5272,0.52199,0.52355,0.43211,0.03838,0.02228,0.00986,0.40174,0.02541,0.01622,0.00631,2.58198,3.8999,3.58436,2.62727,0,0,0,0.00075878,0.00075878,0.00075878
56,879.56,2.60422,4.01997,3.91894,2.68693,0.52669,0.5212,0.52288,0.39748,0.04643,0.01572,0.00516,0.52225,0.02083,0.00699,0.0019,2.58276,3.94384,3.53349,2.70733,0,0,0,0.000757405,0.000757405,0.000757405
57,894.974,2.54466,3.9694,3.96938,2.70119,0.52578,0.52029,0.52206,0.63937,0.0612,0.03298,0.01333,0.58158,0.03934,0.01097,0.00282,2.54924,3.89188,3.44888,2.655,0,0,0,0.000756031,0.000756031,0.000756031
58,910.357,2.58076,3.99066,3.90882,2.68691,0.52567,0.52025,0.52173,0.65273,0.04707,0.02782,0.00844,0.65412,0.02876,0.00901,0.00222,2.59296,3.93196,3.4545,2.66109,0,0,0,0.000754656,0.000754656,0.000754656
59,925.495,2.59049,3.89879,3.90072,2.66613,0.52282,0.51846,0.52005,0.66373,0.03799,0.02727,0.00797,0.65472,0.03073,0.01119,0.00253,2.57067,3.88391,3.39551,2.64398,0,0,0,0.000753282,0.000753282,0.000753282
60,941.375,2.64494,3.89942,3.82601,2.64014,0.52455,0.51841,0.52023,0.59066,0.06691,0.03238,0.01151,0.52092,0.04539,0.01953,0.00357,2.55956,3.92842,3.46238,2.64131,0,0,0,0.000751907,0.000751907,0.000751907
61,956.671,2.58425,3.9035,3.81892,2.62156,0.52239,0.51746,0.51915,0.31604,0.0491,0.03785,0.01265,0.29007,0.03864,0.02065,0.00523,2.52569,3.90724,3.58392,2.5926,0,0,0,0.000750533,0.000750533,0.000750533
62,973.228,2.5828,3.9057,3.80627,2.63447,0.52248,0.51683,0.51848,0.51678,0.04691,0.03309,0.01078,0.43326,0.04032,0.02019,0.00573,2.54274,3.8914,3.3923,2.61191,0,0,0,0.000749159,0.000749159,0.000749159
63,989.437,2.54258,3.92499,3.81036,2.63358,0.52168,0.5163,0.51813,0.66912,0.04809,0.04038,0.01428,0.65961,0.03613,0.02521,0.00834,2.55518,3.87334,3.40473,2.63129,0,0,0,0.000747784,0.000747784,0.000747784
64,1005.81,2.5555,3.95445,3.80382,2.6249,0.52127,0.51601,0.51742,0.60851,0.06431,0.0511,0.01393,0.56491,0.05031,0.03026,0.00744,2.51151,3.83077,3.31488,2.59138,0,0,0,0.00074641,0.00074641,0.00074641
65,1022.12,2.55465,3.97516,3.71316,2.58601,0.51901,0.51509,0.51669,0.49898,0.06143,0.04117,0.01256,0.43802,0.03959,0.0192,0.00545,2.49193,3.8772,3.41264,2.60079,0,0,0,0.000745035,0.000745035,0.000745035
66,1038.23,2.54991,3.90435,3.71099,2.63382,0.51988,0.51465,0.5165,0.63028,0.06148,0.04297,0.01347,0.43755,0.04963,0.02302,0.00693,2.51135,3.83435,3.37992,2.59746,0,0,0,0.000743661,0.000743661,0.000743661
67,1053.63,2.56559,3.95018,3.73065,2.61061,0.51866,0.5141,0.51592,0.54574,0.07096,0.03555,0.01081,0.53679,0.05383,0.01529,0.00428,2.51274,3.82816,3.3607,2.6022,0,0,0,0.000742286,0.000742286,0.000742286
68,1069.19,2.52558,3.85178,3.72329,2.62759,0.51803,0.51347,0.51527,0.52591,0.09346,0.06413,0.02247,0.45351,0.06025,0.04251,0.01079,2.47432,3.81177,3.33744,2.57877,0,0,0,0.000740912,0.000740912,0.000740912
69,1084.87,2.51532,3.83831,3.69323,2.59553,0.51852,0.51358,0.51513,0.56298,0.07556,0.05346,0.0192,0.56148,0.05865,0.06292,0.01314,2.43373,3.80732,3.17846,2.54195,0,0,0,0.000739537,0.000739537,0.000739537
70,1100.38,2.49899,3.77922,3.66287,2.57283,0.51563,0.51259,0.51376,0.53683,0.08296,0.05884,0.02185,0.4219,0.062,0.02962,0.00907,2.49333,3.82631,3.20027,2.55178,0,0,0,0.000738163,0.000738163,0.000738163
71,1116.02,2.4925,3.85744,3.61663,2.54606,0.51579,0.51207,0.51337,0.47553,0.08687,0.09073,0.03812,0.45723,0.07359,0.06975,0.01831,2.45939,3.79258,3.2803,2.55974,0,0,0,0.000736788,0.000736788,0.000736788
72,1131.67,2.52048,3.88616,3.60738,2.53094,0.51629,0.51227,0.5134,0.47423,0.09362,0.07598,0.0286,0.33784,0.07589,0.05116,0.01792,2.42189,3.81239,3.24282,2.56848,0,0,0,0.000735414,0.000735414,0.000735414
73,1147.62,2.51214,3.89167,3.61614,2.55115,0.51391,0.51127,0.51252,0.50281,0.0872,0.06998,0.02705,0.47362,0.07075,0.05673,0.01552,2.44088,3.77307,3.15996,2.5192,0,0,0,0.00073404,0.00073404,0.00073404
74,1162.95,2.47807,3.80414,3.62899,2.5235,0.5157,0.51106,0.51277,0.46767,0.07869,0.06265,0.02113,0.44078,0.05591,0.0728,0.0162,2.44794,3.75525,3.12263,2.50302,0,0,0,0.000732665,0.000732665,0.000732665
75,1178.65,2.50548,3.80874,3.53912,2.52199,0.5131,0.51008,0.51133,0.5028,0.06363,0.06616,0.02381,0.45326,0.05295,0.03595,0.01126,2.41879,3.75699,3.13444,2.51571,0,0,0,0.000731291,0.000731291,0.000731291
76,1194.2,2.47687,3.88818,3.64119,2.5989,0.51615,0.51096,0.51233,0.5199,0.09636,0.06113,0.02421,0.49586,0.07441,0.03928,0.01249,2.43908,3.77303,3.14916,2.53107,0,0,0,0.000729916,0.000729916,0.000729916
77,1209.78,2.4124,3.84448,3.52274,2.52905,0.51319,0.50957,0.51107,0.33676,0.09344,0.07231,0.02231,0.31723,0.06699,0.03571,0.01226,2.42948,3.76522,3.12692,2.5189,0,0,0,0.000728542,0.000728542,0.000728542
78,1225.4,2.46917,3.77198,3.49241,2.49156,0.51246,0.50917,0.5105,0.34231,0.10984,0.10129,0.04452,0.31728,0.07608,0.04976,0.01483,2.39749,3.76465,3.05067,2.49488,0,0,0,0.000727167,0.000727167,0.000727167
79,1241.08,2.43766,3.80181,3.46261,2.51438,0.51134,0.50848,0.50959,0.5379,0.11106,0.07218,0.02502,0.49753,0.08715,0.04482,0.01405,2.39577,3.75518,3.11471,2.46917,0,0,0,0.000725793,0.000725793,0.000725793
80,1256.62,2.49322,3.85612,3.45388,2.49063,0.51078,0.50826,0.5091,0.5211,0.07771,0.07292,0.0256,0.50338,0.0571,0.04061,0.01299,2.40494,3.71908,3.09992,2.4754,0,0,0,0.000724418,0.000724418,0.000724418
81,1271.91,2.4012,3.78527,3.44035,2.45901,0.51129,0.50791,0.50909,0.5122,0.08535,0.10654,0.02957,0.47049,0.07151,0.04635,0.01539,2.37266,3.72064,3.02275,2.47536,0,0,0,0.000723044,0.000723044,0.000723044
82,1287.65,2.45428,3.83258,3.4536,2.50879,0.51029,0.50722,0.50837,0.59008,0.09985,0.15153,0.04685,0.52379,0.07307,0.05941,0.01993,2.36849,3.71482,3.04881,2.47652,0,0,0,0.00072167,0.00072167,0.00072167
83,1303.41,2.42282,3.8199,3.47035,2.51822,0.50898,0.50709,0.50779,0.51824,0.12517,0.09155,0.03088,0.48513,0.0791,0.04614,0.01411,2.39505,3.74005,2.99348,2.47823,0,0,0,0.000720295,0.000720295,0.000720295
84,1319.25,2.50323,3.77047,3.39337,2.445,0.50866,0.5066,0.50755,0.23252,0.14032,0.07514,0.02652,0.39557,0.09174,0.04563,0.01437,2.38736,3.70011,3.08552,2.46428,0,0,0,0.000718921,0.000718921,0.000718921
85,1335,2.43342,3.78703,3.3377,2.45084,0.50879,0.50607,0.50762,0.25022,0.13909,0.0907,0.03308,0.29605,0.08625,0.05398,0.01652,2.37644,3.69476,3.04659,2.44276,0,0,0,0.000717546,0.000717546,0.000717546
86,1350.68,2.43812,3.78766,3.39803,2.44483,0.50868,0.5062,0.5073,0.24395,0.13401,0.10064,0.0371,0.44462,0.07389,0.05895,0.02297,2.36389,3.69094,2.95362,2.44453,0,0,0,0.000716172,0.000716172,0.000716172
87,1366.35,2.44898,3.81709,3.32072,2.47942,0.50734,0.50527,0.50637,0.50032,0.12346,0.10874,0.04407,0.47279,0.08035,0.0608,0.02189,2.36363,3.67065,2.88929,2.48554,0,0,0,0.000714797,0.000714797,0.000714797
88,1381.51,2.38483,3.72827,3.40398,2.48156,0.50838,0.50547,0.50678,0.47701,0.11682,0.09045,0.03729,0.44277,0.10386,0.06026,0.01997,2.35147,3.67001,2.90961,2.4506,0,0,0,0.000713423,0.000713423,0.000713423
89,1397.46,2.43435,3.84677,3.37391,2.44974,0.50687,0.50509,0.50602,0.41087,0.17755,0.10813,0.04282,0.33909,0.1396,0.05343,0.01685,2.38508,3.6979,3.09676,2.44647,0,0,0,0.000712048,0.000712048,0.000712048
90,1412.76,2.40641,3.77385,3.34445,2.47875,0.50732,0.50498,0.50634,0.47487,0.18681,0.15784,0.06728,0.39258,0.11314,0.09089,0.03004,2.32952,3.66209,2.8332,2.42503,0,0,0,0.000710674,0.000710674,0.000710674
91,1428.94,2.43206,3.75154,3.2994,2.45774,0.50651,0.5045,0.50575,0.43354,0.18181,0.16434,0.07014,0.34727,0.11642,0.10144,0.02957,2.31332,3.65082,2.8964,2.43134,0,0,0,0.000709299,0.000709299,0.000709299
92,1444.47,2.36986,3.75332,3.28698,2.40415,0.50443,0.5031,0.50427,0.53935,0.12339,0.16106,0.06567,0.43094,0.07036,0.09783,0.02822,2.29735,3.62482,2.77787,2.40199,0,0,0,0.000707925,0.000707925,0.000707925
93,1460.1,2.40296,3.70355,3.19281,2.38376,0.50208,0.5026,0.50275,0.43496,0.15493,0.1681,0.08086,0.37123,0.10949,0.11598,0.03761,2.32121,3.63294,2.85735,2.39963,0,0,0,0.000706551,0.000706551,0.000706551
94,1475.66,2.37773,3.77202,3.30863,2.4673,0.50448,0.50319,0.50421,0.26362,0.15835,0.1101,0.04235,0.23825,0.11946,0.08213,0.02198,2.3203,3.6248,2.81071,2.40576,0,0,0,0.000705176,0.000705176,0.000705176
95,1491.21,2.36582,3.74056,3.2802,2.45225,0.50431,0.50234,0.50338,0.50449,0.12579,0.14629,0.06155,0.3763,0.1204,0.09164,0.02401,2.3278,3.64178,2.83696,2.40862,0,0,0,0.000703802,0.000703802,0.000703802
96,1506.55,2.34133,3.72683,3.20678,2.44405,0.50402,0.50228,0.50377,0.44686,0.17809,0.14363,0.05802,0.34808,0.10872,0.0789,0.02416,2.34143,3.63935,2.8644,2.40408,0,0,0,0.000702427,0.000702427,0.000702427
97,1521.84,2.3022,3.64907,3.32601,2.43454,0.50584,0.50243,0.50363,0.45927,0.12601,0.13853,0.06058,0.37272,0.09167,0.08304,0.02408,2.27034,3.63613,2.76797,2.39596,0,0,0,0.000701053,0.000701053,0.000701053
98,1537.08,2.35046,3.73988,3.26609,2.43137,0.50464,0.50223,0.50362,0.43168,0.17943,0.20912,0.09042,0.31956,0.12345,0.15397,0.04384,2.23923,3.58859,2.68356,2.35481,0,0,0,0.000699678,0.000699678,0.000699678
99,1552.67,2.35543,3.64562,3.22561,2.39818,0.50211,0.5011,0.50168,0.4892,0.15405,0.19335,0.07438,0.33233,0.14496,0.13257,0.0407,2.30275,3.56042,2.78874,2.3844,0,0,0,0.000698304,0.000698304,0.000698304
100,1568.46,2.36655,3.77326,3.11519,2.37441,0.50189,0.501,0.50161,0.4643,0.15797,0.1614,0.06686,0.40196,0.09603,0.10129,0.02747,2.21642,3.59411,2.72853,2.36011,0,0,0,0.000696929,0.000696929,0.000696929
101,1584.19,2.36801,3.73616,3.16683,2.38222,0.50398,0.5012,0.50213,0.38131,0.19568,0.15701,0.0712,0.3246,0.13001,0.09399,0.02853,2.25013,3.59399,2.74994,2.35763,0,0,0,0.000695555,0.000695555,0.000695555
102,1599.58,2.36973,3.64891,3.10224,2.4105,0.50163,0.50051,0.50128,0.36979,0.25662,0.19917,0.08495,0.19191,0.20722,0.12766,0.04522,2.24519,3.56708,2.71499,2.34032,0,0,0,0.000694181,0.000694181,0.000694181
103,1615.15,2.34136,3.7073,3.13041,2.37052,0.50337,0.50084,0.5017,0.26111,0.22899,0.19065,0.08323,0.21307,0.16214,0.12511,0.04061,2.21851,3.55593,2.68752,2.31272,0,0,0,0.000692806,0.000692806,0.000692806
104,1630.47,2.31953,3.6686,3.08082,2.36343,0.49946,0.49928,0.4999,0.21057,0.23108,0.18539,0.08302,0.1449,0.17568,0.12679,0.04091,2.20529,3.54772,2.63526,2.30665,0,0,0,0.000691432,0.000691432,0.000691432
105,1645.89,2.29269,3.71993,3.16519,2.37326,0.50096,0.49937,0.50028,0.25345,0.254,0.18237,0.07759,0.17187,0.16839,0.12792,0.04079,2.22291,3.57636,2.68915,2.34311,0,0,0,0.000690057,0.000690057,0.000690057
106,1661.12,2.27572,3.67297,3.11156,2.38534,0.50145,0.4989,0.50019,0.22741,0.28476,0.2073,0.08833,0.18016,0.21018,0.15194,0.04342,2.17338,3.55556,2.63333,2.29883,0,0,0,0.000688683,0.000688683,0.000688683
107,1676.47,2.34671,3.63981,3.09894,2.37359,0.50097,0.49813,0.49989,0.25112,0.26358,0.20052,0.08802,0.13124,0.18031,0.12947,0.04045,2.16559,3.53691,2.57535,2.29119,0,0,0,0.000687308,0.000687308,0.000687308
108,1691.93,2.35092,3.66419,3.04898,2.32603,0.49869,0.49804,0.49914,0.2641,0.28465,0.19723,0.07155,0.18422,0.21905,0.10965,0.02697,2.2305,3.54388,2.67413,2.3001,0,0,0,0.000685934,0.000685934,0.000685934
109,1707.72,2.29701,3.62002,3.09379,2.35022,0.49875,0.49783,0.49919,0.21171,0.23753,0.15482,0.05672,0.13906,0.20291,0.09567,0.02599,2.21484,3.52172,2.71407,2.30724,0,0,0,0.000684559,0.000684559,0.000684559
110,1723.09,2.28203,3.5887,3.03486,2.3234,0.49707,0.49709,0.49787,0.22593,0.19338,0.17029,0.0677,0.09133,0.17679,0.10023,0.03186,2.17755,3.5349,2.88188,2.28698,0,0,0,0.000683185,0.000683185,0.000683185
111,1738.82,2.32364,3.66797,2.94262,2.2845,0.49649,0.49653,0.49702,0.24596,0.26124,0.22819,0.08105,0.17306,0.19201,0.13052,0.04001,2.18666,3.50417,2.54377,2.28579,0,0,0,0.00068181,0.00068181,0.00068181
112,1754.4,2.25715,3.66813,3.04909,2.31782,0.49581,0.49547,0.49653,0.32793,0.29598,0.17888,0.0768,0.25222,0.21083,0.11253,0.03705,2.2081,3.50008,2.52998,2.3025,0,0,0,0.000680436,0.000680436,0.000680436
113,1770.11,2.29009,3.67159,2.98576,2.31754,0.49788,0.49623,0.4974,0.29096,0.3284,0.21714,0.08843,0.15508,0.24541,0.12862,0.03735,2.19333,3.4617,2.48485,2.2832,0,0,0,0.000679062,0.000679062,0.000679062
114,1785.38,2.2907,3.5825,3.10907,2.34287,0.50198,0.4975,0.49912,0.35531,0.2707,0.19972,0.07775,0.15504,0.24746,0.10636,0.03531,2.19511,3.47572,2.47923,2.29586,0,0,0,0.000677687,0.000677687,0.000677687
115,1801.16,2.26465,3.68565,2.99475,2.30252,0.49581,0.49548,0.49622,0.35106,0.32597,0.24985,0.10072,0.30349,0.18702,0.17877,0.05711,2.12402,3.46016,2.4583,2.2535,0,0,0,0.000676313,0.000676313,0.000676313
116,1817.12,2.2967,3.57556,3.00922,2.31603,0.49739,0.4962,0.49708,0.2965,0.30596,0.23393,0.08529,0.39913,0.18342,0.18508,0.05532,2.14049,3.49461,2.49517,2.27084,0,0,0,0.000674938,0.000674938,0.000674938
117,1832.8,2.19834,3.66388,2.89527,2.28963,0.49329,0.49425,0.4955,0.22368,0.23251,0.18252,0.0676,0.18315,0.15722,0.13876,0.0394,2.11044,3.47317,2.69892,2.24101,0,0,0,0.000673564,0.000673564,0.000673564
118,1848.04,2.25019,3.52686,2.80997,2.29939,0.4925,0.49351,0.49477,0.37378,0.24469,0.24246,0.10059,0.25385,0.17691,0.15435,0.05069,2.11987,3.44626,2.45871,2.25582,0,0,0,0.000672189,0.000672189,0.000672189
119,1863.37,2.22949,3.52845,2.88411,2.30314,0.49642,0.49442,0.49592,0.35237,0.33848,0.28552,0.12207,0.23931,0.24631,0.18843,0.06751,2.10801,3.44632,2.4411,2.24268,0,0,0,0.000670815,0.000670815,0.000670815
120,1879.24,2.26773,3.60791,2.92188,2.31077,0.49393,0.49355,0.49501,0.33983,0.29712,0.27616,0.1183,0.28252,0.25291,0.19853,0.05883,2.11328,3.45501,2.39953,2.23604,0,0,0,0.00066944,0.00066944,0.00066944
121,1894.58,2.23276,3.58707,2.87413,2.29829,0.49174,0.49307,0.49355,0.36588,0.36229,0.30252,0.13209,0.25825,0.24108,0.17587,0.06221,2.1107,3.42909,2.3978,2.2252,0,0,0,0.000668066,0.000668066,0.000668066
122,1910.82,2.25944,3.55878,2.84683,2.25913,0.49391,0.49285,0.49396,0.25441,0.31294,0.2445,0.08829,0.18246,0.21899,0.16974,0.04338,2.129,3.48846,2.45345,2.23975,0,0,0,0.000666692,0.000666692,0.000666692
123,1926.38,2.26881,3.57019,2.80776,2.29658,0.49344,0.49189,0.49389,0.29846,0.38212,0.25131,0.10327,0.2111,0.30155,0.16876,0.05594,2.12863,3.41478,2.39061,2.24551,0,0,0,0.000665317,0.000665317,0.000665317
124,1941.63,2.21766,3.58557,2.86144,2.27181,0.49137,0.49169,0.49303,0.31603,0.30042,0.24236,0.10144,0.24052,0.25753,0.1627,0.05538,2.0899,3.42778,2.40003,2.22364,0,0,0,0.000663943,0.000663943,0.000663943
125,1957.51,2.21933,3.52023,2.73571,2.20916,0.4886,0.49014,0.49082,0.33993,0.31403,0.26449,0.11929,0.25282,0.23429,0.17145,0.05662,2.07422,3.42729,2.31872,2.2135,0,0,0,0.000662568,0.000662568,0.000662568
126,1973.12,2.19684,3.50772,2.83615,2.26713,0.49279,0.49149,0.49277,0.35759,0.32541,0.27118,0.11618,0.24103,0.2397,0.16357,0.05432,2.07706,3.40793,2.2773,2.21269,0,0,0,0.000661194,0.000661194,0.000661194
127,1988.78,2.20269,3.50408,2.76007,2.22781,0.49236,0.4913,0.49258,0.29877,0.36898,0.28675,0.13368,0.1548,0.26414,0.15402,0.05713,2.05555,3.39273,2.32153,2.20714,0,0,0,0.000659819,0.000659819,0.000659819
128,2004.41,2.22952,3.54522,2.7514,2.22969,0.49253,0.49032,0.49201,0.53124,0.25488,0.30619,0.13757,0.33781,0.18228,0.18142,0.06689,2.03826,3.3871,2.30475,2.17469,0,0,0,0.000658445,0.000658445,0.000658445
129,2019.89,2.14197,3.5057,2.77999,2.25603,0.48971,0.48909,0.49105,0.32949,0.36265,0.29216,0.12331,0.23249,0.26585,0.17542,0.0559,2.07,3.38145,2.35938,2.18825,0,0,0,0.00065707,0.00065707,0.00065707
130,2035.27,2.21278,3.49942,2.7965,2.24304,0.49107,0.49014,0.49143,0.33684,0.35457,0.30019,0.13123,0.18296,0.30546,0.17999,0.06346,2.05221,3.37791,2.35833,2.18005,0,0,0,0.000655696,0.000655696,0.000655696
131,2050.59,2.21019,3.53916,2.75846,2.2451,0.48988,0.48822,0.49016,0.34975,0.35079,0.28669,0.12621,0.15994,0.3522,0.17751,0.06203,2.076,3.37562,2.29526,2.20456,0,0,0,0.000654321,0.000654321,0.000654321
132,2066.07,2.19812,3.47191,2.66921,2.21809,0.48981,0.4878,0.48979,0.44132,0.32396,0.33684,0.15195,0.37094,0.24702,0.23479,0.0804,2.0229,3.37104,2.32464,2.14841,0,0,0,0.000652947,0.000652947,0.000652947
133,2081.59,2.11517,3.52523,2.67146,2.21464,0.4871,0.48665,0.48836,0.32383,0.34896,0.28941,0.13261,0.22753,0.26587,0.17177,0.0571,2.03749,3.34445,2.29222,2.15469,0,0,0,0.000651573,0.000651573,0.000651573
134,2097.12,2.14302,3.46105,2.77386,2.2727,0.48742,0.48584,0.48852,0.31969,0.28072,0.25652,0.11793,0.23257,0.24135,0.17837,0.06976,2.02993,3.37276,2.41024,2.14961,0,0,0,0.000650198,0.000650198,0.000650198
135,2112.74,2.11312,3.52586,2.68079,2.23035,0.48691,0.48555,0.48802,0.44491,0.29775,0.3042,0.141,0.31328,0.22114,0.19286,0.06451,2.03752,3.34851,2.24428,2.15502,0,0,0,0.000648824,0.000648824,0.000648824
136,2128.34,2.19826,3.4678,2.70087,2.22148,0.48745,0.4857,0.48783,0.39695,0.30511,0.29453,0.13304,0.20748,0.37893,0.17042,0.06079,2.02189,3.30225,2.25263,2.13645,0,0,0,0.000647449,0.000647449,0.000647449
137,2143.98,2.16568,3.51019,2.70516,2.20732,0.48614,0.48446,0.48732,0.30013,0.36932,0.28522,0.1322,0.21359,0.33395,0.19279,0.06391,2.02738,3.29901,2.24048,2.1454,0,0,0,0.000646075,0.000646075,0.000646075
138,2159.22,2.17226,3.42962,2.72892,2.20328,0.48535,0.48379,0.48667,0.37415,0.34844,0.31668,0.14836,0.28634,0.25668,0.20535,0.06635,2.00753,3.33148,2.21703,2.15686,0,0,0,0.0006447,0.0006447,0.0006447
139,2174.7,2.18104,3.49922,2.65593,2.2094,0.48369,0.48272,0.48553,0.41072,0.33828,0.30631,0.14996,0.30828,0.27257,0.19895,0.06434,2.00537,3.31905,2.22252,2.14495,0,0,0,0.000643326,0.000643326,0.000643326
140,2190.39,2.16217,3.46872,2.63722,2.2105,0.48387,0.4827,0.4858,0.46177,0.32982,0.32833,0.15903,0.32286,0.24935,0.21097,0.07781,1.99916,3.31554,2.25537,2.12854,0,0,0,0.000641951,0.000641951,0.000641951
141,2206.47,2.17497,3.42925,2.65454,2.23133,0.48409,0.48247,0.48575,0.41507,0.35292,0.34307,0.15656,0.30367,0.27503,0.21642,0.07433,1.97788,3.30557,2.32421,2.12637,0,0,0,0.000640577,0.000640577,0.000640577
142,2221.62,2.12021,3.51838,2.6257,2.21108,0.48392,0.48188,0.48527,0.33831,0.38769,0.31717,0.14566,0.1741,0.3293,0.16148,0.05537,2.00262,3.33336,2.1564,2.14549,0,0,0,0.000639203,0.000639203,0.000639203
143,2237.36,2.12454,3.42075,2.61035,2.19195,0.48422,0.48075,0.48504,0.40002,0.42491,0.36772,0.1726,0.23926,0.34784,0.24366,0.08378,1.99256,3.27531,2.1519,2.13536,0,0,0,0.000637828,0.000637828,0.000637828
144,2252.9,2.13779,3.38511,2.64291,2.18809,0.48403,0.47952,0.48393,0.36132,0.41758,0.35654,0.17383,0.25214,0.38065,0.23152,0.08553,1.94018,3.26388,2.12503,2.0997,0,0,0,0.000636454,0.000636454,0.000636454
145,2268.46,2.12796,3.39715,2.62344,2.21712,0.48316,0.47817,0.48325,0.42615,0.40191,0.36988,0.16308,0.29848,0.30085,0.22858,0.07753,2.05165,3.32766,2.194,2.16014,0,0,0,0.000635079,0.000635079,0.000635079
146,2284.23,2.15621,3.50944,2.6196,2.18097,0.48267,0.47718,0.48287,0.35772,0.42868,0.36212,0.15033,0.3043,0.2934,0.25238,0.08885,2.05179,3.2885,2.17834,2.16426,0,0,0,0.000633705,0.000633705,0.000633705
147,2299.43,2.12932,3.38251,2.56426,2.16752,0.47868,0.47462,0.48003,0.34085,0.42382,0.35394,0.1581,0.26305,0.34509,0.25585,0.0915,1.98534,3.2852,2.1486,2.10401,0,0,0,0.00063233,0.00063233,0.00063233
148,2315.17,2.12793,3.51593,2.56013,2.18434,0.48133,0.47415,0.48062,0.37756,0.41855,0.33595,0.15001,0.31339,0.33696,0.24213,0.09409,1.9422,3.2914,2.17548,2.09552,0,0,0,0.000630956,0.000630956,0.000630956
149,2330.49,2.15046,3.39963,2.52482,2.16544,0.48131,0.47296,0.48063,0.36848,0.46792,0.37261,0.15865,0.29222,0.37998,0.25808,0.09053,1.94823,3.28323,2.26422,2.09968,0,0,0,0.000629581,0.000629581,0.000629581
150,2346,2.09271,3.40718,2.59591,2.16283,0.48059,0.47085,0.47933,0.44342,0.40642,0.34348,0.15783,0.30304,0.31179,0.22074,0.07937,2.01458,3.32485,2.19121,2.12257,0,0,0,0.000628207,0.000628207,0.000628207
151,2361.64,2.13509,3.52104,2.5966,2.13866,0.47998,0.46789,0.47838,0.35485,0.47861,0.37837,0.18876,0.32247,0.33604,0.2749,0.10991,1.93555,3.27398,2.14444,2.08517,0,0,0,0.000626832,0.000626832,0.000626832
152,2377.17,2.11033,3.43872,2.51975,2.16496,0.47708,0.46488,0.47623,0.42791,0.45191,0.4163,0.21702,0.33728,0.37059,0.30164,0.11914,1.93024,3.24439,2.05143,2.08896,0,0,0,0.000625458,0.000625458,0.000625458
153,2393.17,2.12083,3.37909,2.5524,2.19747,0.47895,0.46461,0.47673,0.43795,0.42355,0.40147,0.2022,0.27221,0.34662,0.27671,0.10783,1.90308,3.22799,2.09337,2.08092,0,0,0,0.000624084,0.000624084,0.000624084
154,2408.47,2.07967,3.31011,2.53107,2.16852,0.47829,0.459,0.47464,0.45264,0.40199,0.37292,0.18272,0.32097,0.32291,0.23585,0.09226,1.91597,3.22925,2.10899,2.08256,0,0,0,0.000622709,0.000622709,0.000622709
155,2423.82,2.09126,3.35558,2.5088,2.15815,0.47496,0.45344,0.4723,0.41465,0.43045,0.40757,0.19776,0.22532,0.37428,0.25082,0.10392,1.95571,3.22292,2.08123,2.09885,0,0,0,0.000621335,0.000621335,0.000621335
156,2438.94,2.08971,3.33634,2.50945,2.15047,0.47516,0.44878,0.47102,0.4112,0.46973,0.43263,0.21692,0.28006,0.37081,0.2816,0.12107,1.90372,3.16911,2.00648,2.07381,0,0,0,0.00061996,0.00061996,0.00061996
157,2455.01,2.10579,3.37623,2.4584,2.15569,0.47227,0.44336,0.46827,0.48102,0.34289,0.36772,0.18158,0.38096,0.25318,0.23915,0.08134,1.90485,3.19241,2.0661,2.05987,0,0,0,0.000618586,0.000618586,0.000618586
158,2470.56,2.06017,3.39301,2.50617,2.13604,0.46977,0.43477,0.46496,0.44121,0.38858,0.41346,0.19812,0.30114,0.3461,0.27327,0.10599,1.88306,3.19038,2.01288,2.04996,0,0,0,0.000617211,0.000617211,0.000617211
159,2485.79,2.04124,3.37498,2.47528,2.14438,0.46958,0.4248,0.46252,0.42797,0.37769,0.37807,0.17818,0.32056,0.28139,0.24643,0.08854,1.9076,3.17854,2.04822,2.04561,0,0,0,0.000615837,0.000615837,0.000615837
160,2501.52,2.01655,3.40973,2.48243,2.12339,0.47154,0.41419,0.46043,0.44917,0.41859,0.41769,0.19803,0.27328,0.37193,0.25193,0.08845,1.89664,3.18814,2.02761,2.04455,0,0,0,0.000614462,0.000614462,0.000614462
161,2516.86,2.06357,3.42307,2.50739,2.12997,0.46955,0.40188,0.45622,0.45071,0.41411,0.43391,0.21653,0.2605,0.29884,0.25688,0.10046,1.8857,3.19718,2.10933,2.03829,0,0,0,0.000613088,0.000613088,0.000613088
162,2532.46,2.06246,3.37464,2.48882,2.10674,0.46707,0.38282,0.45125,0.3583,0.48939,0.43837,0.23018,0.28976,0.39043,0.29581,0.12217,1.86262,3.14223,2.00076,2.03274,0,0,0,0.000611714,0.000611714,0.000611714
163,2548.42,2.12286,3.30689,2.47478,2.11687,0.46211,0.3604,0.44294,0.46688,0.39625,0.43062,0.21471,0.35409,0.33843,0.29734,0.12777,1.92562,3.16964,2.05425,2.08277,0,0,0,0.000610339,0.000610339,0.000610339
164,2564.06,2.08052,3.33301,2.46944,2.09937,0.45823,0.33599,0.43592,0.37176,0.45948,0.39907,0.20022,0.30838,0.35779,0.28038,0.11761,1.8707,3.16088,2.13711,2.03634,0,0,0,0.000608965,0.000608965,0.000608965
165,2579.27,2.09335,3.27801,2.50912,2.15981,0.45437,0.31309,0.42613,0.49075,0.34353,0.40065,0.19915,0.39825,0.28184,0.27834,0.11385,1.86048,3.1693,2.06585,2.0314,0,0,0,0.00060759,0.00060759,0.00060759
166,2594.58,2.06001,3.32407,2.47398,2.14648,0.45362,0.29128,0.41818,0.48059,0.39808,0.40212,0.20391,0.38196,0.32043,0.25877,0.1059,1.91306,3.16065,2.00637,2.06542,0,0,0,0.000606216,0.000606216,0.000606216
167,2610.11,2.08464,3.30629,2.39719,2.10565,0.44637,0.27099,0.40541,0.49277,0.40769,0.45925,0.24055,0.49436,0.30604,0.32722,0.13482,1.86618,3.14555,1.93271,2.03622,0,0,0,0.000604841,0.000604841,0.000604841
168,2625.64,2.02761,3.38144,2.46157,2.12431,0.44545,0.25576,0.39405,0.4136,0.48147,0.44873,0.23946,0.37427,0.34444,0.31605,0.1322,1.86101,3.1384,1.94129,2.00762,0,0,0,0.000603467,0.000603467,0.000603467
169,2641.12,2.06371,3.3404,2.38786,2.09993,0.43459,0.23846,0.37693,0.45609,0.43776,0.44118,0.23397,0.33928,0.36067,0.30451,0.12313,1.88757,3.1417,2.01841,2.02808,0,0,0,0.000602092,0.000602092,0.000602092
170,2656.6,2.00769,3.3962,2.41685,2.11785,0.42992,0.22825,0.36003,0.46605,0.46569,0.44319,0.23494,0.35153,0.36718,0.30577,0.12322,1.81686,3.15098,1.92981,2.00588,0,0,0,0.000600718,0.000600718,0.000600718
171,2672.09,2.01362,3.28378,2.34048,2.12113,0.41231,0.21297,0.33565,0.54955,0.37539,0.41297,0.23309,0.4154,0.28576,0.26883,0.11952,1.83058,3.10311,1.93472,2.00108,0,0,0,0.000599343,0.000599343,0.000599343
172,2687.24,2.07424,3.33472,2.46233,2.13621,0.4047,0.20799,0.3181,0.42196,0.49244,0.43607,0.23432,0.30523,0.3775,0.27495,0.11699,1.87236,3.11177,1.96737,2.0188,0,0,0,0.000597969,0.000597969,0.000597969
173,2703.04,2.02561,3.27636,2.39398,2.10189,0.38671,0.1958,0.2955,0.50179,0.45547,0.47851,0.24811,0.43032,0.34724,0.33689,0.14012,1.82713,3.10487,1.92386,2.00417,0,0,0,0.000596595,0.000596595,0.000596595
174,2718.87,2.0349,3.25673,2.32119,2.07166,0.36844,0.19386,0.28035,0.37454,0.53566,0.47925,0.25517,0.31431,0.44268,0.33946,0.14381,1.85288,3.09809,1.90892,1.99544,0,0,0,0.00059522,0.00059522,0.00059522
175,2734.8,2.07149,3.29184,2.30019,2.04139,0.34904,0.18678,0.26358,0.41051,0.5113,0.48988,0.26646,0.34923,0.38796,0.32528,0.11993,1.82864,3.09622,1.88907,1.98463,0,0,0,0.000593846,0.000593846,0.000593846
176,2750.39,1.99563,3.25157,2.37626,2.08576,0.33779,0.18587,0.25591,0.49694,0.48897,0.49659,0.27193,0.36097,0.41406,0.33522,0.13737,1.81861,3.08949,1.88407,1.98354,0,0,0,0.000592471,0.000592471,0.000592471
177,2766.02,2.00538,3.28123,2.3799,2.10355,0.30986,0.17402,0.23603,0.43448,0.47672,0.46163,0.25633,0.34734,0.37608,0.31197,0.1508,1.78703,3.06174,1.92253,1.9664,0,0,0,0.000591097,0.000591097,0.000591097
178,2781.41,2.03409,3.31097,2.29657,2.08181,0.29215,0.16994,0.22459,0.41151,0.47638,0.45958,0.25393,0.31504,0.39191,0.3116,0.14712,1.81922,3.05398,1.92858,1.97782,0,0,0,0.000589722,0.000589722,0.000589722
179,2796.66,2.00035,3.23068,2.38867,2.08027,0.27719,0.17019,0.21821,0.4636,0.48688,0.47032,0.25512,0.33729,0.38858,0.32221,0.14635,1.83266,3.09099,1.91555,1.97801,0,0,0,0.000588348,0.000588348,0.000588348
180,2812.45,2.00816,3.34177,2.33595,2.05753,0.27118,0.17546,0.21766,0.4386,0.51459,0.46556,0.24697,0.32378,0.43829,0.32252,0.14653,1.79614,3.05683,1.84068,1.95985,0,0,0,0.000586973,0.000586973,0.000586973
181,2828.04,2.02732,3.29161,2.30215,2.04421,0.25682,0.16884,0.20692,0.48915,0.50467,0.51328,0.29104,0.39646,0.40388,0.34346,0.15915,1.76885,3.02177,1.78391,1.94845,0,0,0,0.000585599,0.000585599,0.000585599
182,2843.48,2.00195,3.30111,2.34556,2.00674,0.24351,0.16069,0.19536,0.44624,0.59919,0.52582,0.29986,0.34557,0.47925,0.36097,0.16284,1.75268,2.98624,1.77945,1.94126,0,0,0,0.000584225,0.000584225,0.000584225
183,2859.28,1.95522,3.17781,2.20183,2.02529,0.23702,0.1665,0.19664,0.51448,0.47235,0.49324,0.28032,0.3918,0.3895,0.35003,0.17192,1.77392,2.98402,1.8295,1.94988,0,0,0,0.00058285,0.00058285,0.00058285
184,2874.4,1.91941,3.20176,2.27346,2.05272,0.24062,0.17017,0.19945,0.48789,0.50964,0.48492,0.25929,0.35712,0.41757,0.32259,0.15112,1.77742,2.99114,1.82095,1.94046,0,0,0,0.000581476,0.000581476,0.000581476
185,2890.26,1.96585,3.22875,2.24149,2.02902,0.23238,0.1651,0.19049,0.46181,0.51141,0.50508,0.27142,0.29876,0.46199,0.35277,0.16006,1.77524,3.01522,1.87306,1.93845,0,0,0,0.000580101,0.000580101,0.000580101
186,2905.46,1.99114,3.26707,2.25948,2.00141,0.2179,0.15784,0.17948,0.43208,0.53223,0.49218,0.25923,0.34259,0.44418,0.3559,0.14577,1.78299,3.01524,1.83573,1.94925,0,0,0,0.000578727,0.000578727,0.000578727
187,2921.11,1.99347,3.2235,2.32124,2.05053,0.22479,0.16127,0.18348,0.56515,0.44264,0.49221,0.27455,0.44879,0.3591,0.34331,0.13717,1.73305,3.02547,1.77714,1.92718,0,0,0,0.000577352,0.000577352,0.000577352
188,2936.36,1.91715,3.27618,2.26897,2.04943,0.22923,0.1709,0.18902,0.48862,0.51497,0.5378,0.29951,0.39302,0.42065,0.38436,0.16765,1.73008,2.99606,1.81272,1.92012,0,0,0,0.000575978,0.000575978,0.000575978
189,2952.35,1.97282,3.21415,2.26901,2.04561,0.21699,0.15943,0.17784,0.43573,0.53735,0.51411,0.26485,0.32735,0.42188,0.34292,0.15111,1.80481,3.0171,1.92892,1.95372,0,0,0,0.000574603,0.000574603,0.000574603
190,2967.66,1.93547,3.22609,2.2169,2.05038,0.21163,0.16378,0.17885,0.47501,0.48702,0.50529,0.27171,0.34461,0.39865,0.34726,0.1482,1.7582,2.99501,1.81514,1.91964,0,0,0,0.000573229,0.000573229,0.000573229
191,2983.18,2.01818,3.22565,2.27697,2.01115,0.21428,0.16486,0.17809,0.49842,0.47801,0.48788,0.27302,0.38193,0.3904,0.3447,0.15873,1.7637,3.0121,1.78273,1.92254,0,0,0,0.000571854,0.000571854,0.000571854
192,2998.8,1.94651,3.19258,2.3087,2.04541,0.20817,0.15834,0.17316,0.41145,0.50509,0.49316,0.26555,0.32131,0.45688,0.34081,0.15831,1.75885,2.99388,1.75721,1.92348,0,0,0,0.00057048,0.00057048,0.00057048
193,3014.55,1.95564,3.20703,2.22341,2.01366,0.21042,0.16031,0.1721,0.49315,0.51003,0.52495,0.28353,0.34748,0.45231,0.38784,0.17257,1.72502,2.96823,1.83189,1.9036,0,0,0,0.000569106,0.000569106,0.000569106
194,3029.88,1.9498,3.15065,2.25386,2.02042,0.21149,0.15895,0.1729,0.44109,0.49969,0.48569,0.25334,0.36082,0.41984,0.3537,0.15405,1.78202,2.98586,1.8171,1.93475,0,0,0,0.000567731,0.000567731,0.000567731
195,3045.58,1.91249,3.17287,2.13216,2.01788,0.20463,0.16001,0.17218,0.4581,0.55096,0.48324,0.2646,0.41495,0.4232,0.35058,0.15065,1.73782,2.94698,1.80194,1.91454,0,0,0,0.000566357,0.000566357,0.000566357
196,3061.27,2.00245,3.21141,2.1815,1.98045,0.20558,0.15586,0.16688,0.46425,0.51758,0.48449,0.28532,0.36628,0.4209,0.34428,0.16053,1.69681,2.93557,1.77929,1.8872,0,0,0,0.000564982,0.000564982,0.000564982
197,3076.6,2.00582,3.18286,2.2503,2.01328,0.20364,0.15738,0.16882,0.3939,0.57398,0.4862,0.27329,0.36143,0.39585,0.32786,0.14224,1.69606,2.95884,1.75056,1.88449,0,0,0,0.000563608,0.000563608,0.000563608
198,3091.98,1.93691,3.18979,2.18491,2.00062,0.20241,0.15795,0.16989,0.56267,0.48256,0.50985,0.29533,0.41652,0.36118,0.32113,0.14053,1.67269,2.93504,1.70598,1.87721,0,0,0,0.000562233,0.000562233,0.000562233
199,3107.19,1.91498,3.2545,2.21792,2.00328,0.21324,0.1631,0.17514,0.53131,0.56179,0.53809,0.31049,0.39078,0.46326,0.35859,0.15951,1.67703,2.93271,1.71386,1.87609,0,0,0,0.000560859,0.000560859,0.000560859
200,3122.83,1.91421,3.16225,2.20925,2.01389,0.20523,0.15967,0.17242,0.52707,0.54971,0.54083,0.31147,0.43785,0.44625,0.38932,0.17476,1.68122,2.91601,1.76614,1.87432,0,0,0,0.000559484,0.000559484,0.000559484
201,3138.27,1.90776,3.23344,2.2105,2.01876,0.20417,0.1634,0.17213,0.44711,0.5261,0.50705,0.29617,0.36033,0.43704,0.36714,0.17149,1.69274,2.91485,1.71109,1.8832,0,0,0,0.00055811,0.00055811,0.00055811
202,3153.94,1.84993,3.20071,2.17279,2.02511,0.20321,0.16661,0.17627,0.48685,0.57229,0.51274,0.29696,0.40008,0.47556,0.38075,0.16741,1.66017,2.88736,1.69555,1.87156,0,0,0,0.000556736,0.000556736,0.000556736
203,3169.15,1.87461,3.15427,2.13812,2.0009,0.19942,0.15983,0.16929,0.52496,0.52537,0.51475,0.30413,0.40593,0.44867,0.3723,0.17531,1.66614,2.87236,1.72117,1.87832,0,0,0,0.000555361,0.000555361,0.000555361
204,3184.88,1.93672,3.13594,2.17108,1.96253,0.2009,0.15667,0.16739,0.46962,0.48863,0.49391,0.27803,0.36569,0.40517,0.34384,0.15866,1.68871,2.88897,1.78462,1.88081,0,0,0,0.000553987,0.000553987,0.000553987
205,3200.02,1.89476,3.1209,2.09416,1.97814,0.20011,0.15276,0.16264,0.45863,0.54163,0.53276,0.28204,0.3314,0.48391,0.37181,0.15518,1.70094,2.88505,1.7902,1.87749,0,0,0,0.000552612,0.000552612,0.000552612
206,3215.75,1.96252,3.17375,2.20245,1.98421,0.19183,0.1477,0.15852,0.51085,0.54073,0.51057,0.26476,0.37285,0.48762,0.36899,0.15248,1.71724,2.89681,1.76579,1.88795,0,0,0,0.000551238,0.000551238,0.000551238
207,3230.92,1.88281,3.15448,2.13586,1.99027,0.19273,0.15168,0.16033,0.55499,0.52616,0.52091,0.29326,0.51575,0.41284,0.38274,0.17043,1.66391,2.89193,1.72698,1.86431,0,0,0,0.000549863,0.000549863,0.000549863
208,3246.59,1.87641,3.16798,2.10122,2.0023,0.20139,0.15617,0.16729,0.43812,0.5391,0.50102,0.29282,0.53614,0.31592,0.34976,0.15797,1.69586,2.92443,1.74805,1.88459,0,0,0,0.000548489,0.000548489,0.000548489
209,3262.1,1.91839,3.24338,2.17571,2.00436,0.19639,0.15041,0.16153,0.54708,0.52495,0.54332,0.32282,0.43576,0.40875,0.34864,0.15894,1.67937,2.9053,1.74216,1.87425,0,0,0,0.000547114,0.000547114,0.000547114
210,3277.28,1.85444,3.13959,2.18109,1.99637,0.19744,0.15398,0.16465,0.49976,0.52715,0.52836,0.30552,0.40166,0.42559,0.36659,0.16847,1.67587,2.85902,1.73912,1.86602,0,0,0,0.00054574,0.00054574,0.00054574
211,3293.1,1.90303,3.20327,2.12359,1.95738,0.19693,0.15517,0.16544,0.47051,0.5324,0.52981,0.28866,0.36189,0.46859,0.37964,0.16779,1.68822,2.85561,1.7252,1.85145,0,0,0,0.000544365,0.000544365,0.000544365
212,3308.4,1.91816,3.16116,2.13914,1.98361,0.19384,0.15596,0.16684,0.43391,0.54777,0.51806,0.29833,0.38572,0.43916,0.38817,0.17715,1.66216,2.83904,1.72686,1.85467,0,0,0,0.000542991,0.000542991,0.000542991
213,3324.12,1.92017,3.16516,2.12056,1.98252,0.19786,0.16127,0.17304,0.46722,0.52831,0.50504,0.27835,0.39595,0.45759,0.37155,0.16282,1.67075,2.87469,1.76507,1.86476,0,0,0,0.000541617,0.000541617,0.000541617
214,3339.31,1.87225,3.12416,2.16391,1.97704,0.1902,0.14611,0.15772,0.50329,0.57301,0.52872,0.30616,0.43625,0.43322,0.38739,0.17594,1.63192,2.82893,1.68355,1.83819,0,0,0,0.000540242,0.000540242,0.000540242
215,3354.69,1.87067,3.10408,2.12223,1.98287,0.1936,0.15103,0.16134,0.51949,0.54292,0.53563,0.31637,0.39785,0.44737,0.3706,0.16958,1.61579,2.84008,1.6527,1.82832,0,0,0,0.000538868,0.000538868,0.000538868
216,3369.84,1.83398,3.06404,2.07153,1.9595,0.19375,0.1543,0.16382,0.57014,0.55156,0.5805,0.34351,0.47732,0.45766,0.40914,0.1949,1.61931,2.81961,1.62377,1.82451,0,0,0,0.000537493,0.000537493,0.000537493
217,3385.84,1.95605,3.16189,2.14826,1.9686,0.19999,0.15431,0.16413,0.59967,0.58906,0.59771,0.34037,0.50379,0.50281,0.43815,0.19577,1.61569,2.79797,1.62415,1.82162,0,0,0,0.000536119,0.000536119,0.000536119
218,3401.01,1.89892,3.08433,2.11385,1.96143,0.18926,0.1533,0.16243,0.48419,0.58144,0.5239,0.29385,0.42414,0.50592,0.39297,0.17122,1.6451,2.82407,1.63861,1.8364,0,0,0,0.000534744,0.000534744,0.000534744
219,3416.77,1.89932,3.12007,2.11402,1.91975,0.19245,0.15186,0.16139,0.51342,0.57628,0.56191,0.33451,0.44149,0.47618,0.42752,0.19781,1.60949,2.82514,1.69431,1.8143,0,0,0,0.00053337,0.00053337,0.00053337
220,3432.31,1.87014,3.11119,2.08505,1.96244,0.1934,0.15413,0.16638,0.53713,0.57562,0.57279,0.33544,0.44061,0.47963,0.41817,0.19974,1.64551,2.80983,1.64726,1.83646,0,0,0,0.000531995,0.000531995,0.000531995
221,3447.57,1.84421,3.07039,2.02794,1.95323,0.1919,0.15107,0.16247,0.4926,0.58945,0.55184,0.31612,0.39619,0.48782,0.40419,0.18623,1.61424,2.79185,1.60246,1.81952,0,0,0,0.000530621,0.000530621,0.000530621
222,3462.82,1.82025,3.02488,2.01555,1.93021,0.18259,0.15039,0.15877,0.52163,0.55364,0.5725,0.33024,0.41549,0.46711,0.41326,0.2029,1.60927,2.78114,1.6352,1.8219,0,0,0,0.000529247,0.000529247,0.000529247
223,3478.1,1.87028,3.0202,2.03921,1.91958,0.18114,0.1438,0.1545,0.54565,0.53351,0.5449,0.3287,0.47586,0.4636,0.41505,0.19419,1.61508,2.80282,1.63291,1.82558,0,0,0,0.000527872,0.000527872,0.000527872
224,3493.51,1.83492,3.08191,2.05167,1.94496,0.19543,0.15722,0.16858,0.50925,0.59303,0.54253,0.32688,0.4278,0.45987,0.38716,0.18375,1.57873,2.7913,1.64248,1.80063,0,0,0,0.000526498,0.000526498,0.000526498
225,3509.09,1.8706,3.02124,2.06589,1.94558,0.18509,0.148,0.15853,0.51938,0.54591,0.54128,0.30836,0.40923,0.42981,0.37552,0.16143,1.61113,2.79432,1.65298,1.81672,0,0,0,0.000525123,0.000525123,0.000525123
226,3524.67,1.83138,3.01564,1.99101,1.90881,0.1798,0.1448,0.15544,0.55886,0.55542,0.53266,0.29495,0.46874,0.4653,0.39111,0.17447,1.59303,2.76495,1.64643,1.8016,0,0,0,0.000523749,0.000523749,0.000523749
227,3540.23,1.81531,3.0327,2.05612,1.90569,0.19112,0.14975,0.16199,0.6121,0.49583,0.54934,0.32717,0.51239,0.43605,0.4212,0.20449,1.58459,2.76688,1.66953,1.80128,0,0,0,0.000522374,0.000522374,0.000522374
228,3555.41,1.80204,3.03565,2.04928,1.93351,0.18462,0.15365,0.1647,0.58383,0.56008,0.57131,0.35216,0.50127,0.49264,0.42671,0.20213,1.57086,2.77409,1.61165,1.79669,0,0,0,0.000521,0.000521,0.000521
229,3571.18,1.8762,3.09863,2.05997,1.9265,0.18143,0.1488,0.1594,0.54022,0.52419,0.55205,0.34141,0.39446,0.50555,0.39323,0.19374,1.57431,2.74212,1.59415,1.80096,0,0,0,0.000519625,0.000519625,0.000519625
230,3586.77,1.80394,3.02544,1.95376,1.89576,0.18468,0.15148,0.16323,0.50291,0.62776,0.56724,0.3427,0.43402,0.5135,0.42233,0.21053,1.56455,2.73301,1.58056,1.78002,0,0,0,0.000518251,0.000518251,0.000518251
231,3602.35,1.86718,3.01465,2.02728,1.94228,0.17885,0.14569,0.1558,0.62908,0.47753,0.55022,0.31452,0.41102,0.48128,0.38725,0.1859,1.57432,2.74396,1.63888,1.77972,0,0,0,0.000516877,0.000516877,0.000516877
232,3617.86,1.81311,3.01388,2.04356,1.92082,0.17986,0.14825,0.15926,0.58696,0.54225,0.58817,0.35354,0.49808,0.45883,0.42128,0.2078,1.55877,2.74577,1.58242,1.7807,0,0,0,0.000515502,0.000515502,0.000515502
233,3633.64,1.8384,3.04552,2.06027,1.93049,0.17708,0.14751,0.15844,0.52582,0.58009,0.56728,0.3332,0.44554,0.48796,0.42806,0.19589,1.54994,2.73804,1.59233,1.78573,0,0,0,0.000514128,0.000514128,0.000514128
234,3648.8,1.86234,3.08092,2.04534,1.94817,0.17188,0.14331,0.15489,0.55607,0.58569,0.5789,0.34806,0.45474,0.49562,0.4393,0.20295,1.5381,2.72632,1.60544,1.77137,0,0,0,0.000512753,0.000512753,0.000512753
235,3664.22,1.86524,3.00279,1.99813,1.91686,0.17794,0.15174,0.16361,0.5885,0.57202,0.57726,0.34047,0.47663,0.48402,0.43567,0.20369,1.55414,2.73033,1.58668,1.78402,0,0,0,0.000511379,0.000511379,0.000511379
236,3679.88,1.83762,3.05905,1.99248,1.9396,0.1822,0.15156,0.16418,0.52193,0.58096,0.55267,0.32523,0.43176,0.48023,0.40104,0.19335,1.55661,2.72711,1.59225,1.77476,0,0,0,0.000510004,0.000510004,0.000510004
237,3694.97,1.82398,3.00863,2.03516,1.9381,0.18426,0.15299,0.1679,0.56363,0.55097,0.55005,0.33132,0.41311,0.5151,0.40308,0.19814,1.55349,2.7215,1.60641,1.77267,0,0,0,0.00050863,0.00050863,0.00050863
238,3710.73,1.8098,2.91558,1.97595,1.89046,0.17314,0.14918,0.15955,0.5853,0.57562,0.59083,0.34987,0.4876,0.47881,0.43885,0.2151,1.57443,2.73873,1.58032,1.78149,0,0,0,0.000507255,0.000507255,0.000507255
239,3726.57,1.80113,2.94407,1.97002,1.88149,0.17345,0.1471,0.15872,0.52439,0.60745,0.58447,0.3388,0.44874,0.51915,0.44402,0.2127,1.57914,2.69204,1.56693,1.77434,0,0,0,0.000505881,0.000505881,0.000505881
240,3741.72,1.79083,3.0219,1.97997,1.92719,0.18034,0.15069,0.16294,0.56467,0.54887,0.57886,0.34842,0.50882,0.4838,0.44675,0.20739,1.51175,2.69501,1.55279,1.74944,0,0,0,0.000504506,0.000504506,0.000504506
241,3757.1,1.783,2.93537,1.94918,1.90228,0.16864,0.14162,0.15369,0.49698,0.59996,0.58081,0.35957,0.48827,0.46161,0.44457,0.21071,1.52316,2.678,1.51781,1.75111,0,0,0,0.000503132,0.000503132,0.000503132
242,3772.51,1.88072,2.95615,1.99741,1.88197,0.17002,0.14391,0.15548,0.58106,0.57429,0.56695,0.34384,0.48818,0.48481,0.42337,0.20754,1.53403,2.67066,1.52995,1.75631,0,0,0,0.000501758,0.000501758,0.000501758
243,3788.21,1.84524,3.02402,1.96219,1.8731,0.1716,0.14759,0.15759,0.50888,0.62279,0.56532,0.34232,0.42253,0.52421,0.41459,0.208,1.52445,2.65978,1.60612,1.74995,0,0,0,0.000500383,0.000500383,0.000500383
244,3803.76,1.76203,2.93351,1.93812,1.86008,0.17706,0.15011,0.16194,0.5173,0.5996,0.58567,0.34069,0.46581,0.49851,0.44434,0.21198,1.56213,2.69138,1.54021,1.76977,0,0,0,0.000499009,0.000499009,0.000499009
245,3819.21,1.79902,2.91442,1.93645,1.89524,0.16583,0.14159,0.15337,0.55911,0.57017,0.58471,0.32828,0.46656,0.52742,0.45675,0.19319,1.56201,2.70296,1.55552,1.76737,0,0,0,0.000497634,0.000497634,0.000497634
246,3834.38,1.79576,3.00738,1.99615,1.92902,0.16897,0.14109,0.15336,0.56643,0.59158,0.5804,0.33281,0.48305,0.50484,0.4355,0.19635,1.56022,2.69577,1.56539,1.77049,0,0,0,0.00049626,0.00049626,0.00049626
247,3850.01,1.83134,2.97562,1.97474,1.88791,0.16622,0.1448,0.15484,0.58811,0.57302,0.63424,0.37049,0.47199,0.52549,0.48671,0.22926,1.54514,2.68318,1.52118,1.74766,0,0,0,0.000494885,0.000494885,0.000494885
248,3865.94,1.8292,2.95623,1.88981,1.85632,0.16299,0.14456,0.15426,0.53954,0.57924,0.59125,0.35136,0.40258,0.51505,0.4321,0.20727,1.56413,2.6778,1.58876,1.75403,0,0,0,0.000493511,0.000493511,0.000493511
249,3881.11,1.80147,2.97234,1.99292,1.92024,0.1777,0.14818,0.16142,0.65734,0.50158,0.59891,0.3564,0.53782,0.4164,0.44198,0.21082,1.55601,2.63731,1.51938,1.76074,0,0,0,0.000492136,0.000492136,0.000492136
250,3896.51,1.7942,2.91956,1.90353,1.86911,0.16679,0.14483,0.15639,0.58485,0.54757,0.5891,0.37117,0.47627,0.49166,0.44519,0.21898,1.52913,2.63934,1.49376,1.75404,0,0,0,0.000490762,0.000490762,0.000490762
251,3911.61,1.79877,2.94201,1.94714,1.8718,0.16506,0.1427,0.15364,0.65294,0.46055,0.57397,0.35104,0.44323,0.45447,0.42065,0.20346,1.5391,2.66135,1.53747,1.75098,0,0,0,0.000489387,0.000489387,0.000489387
252,3927.2,1.79499,2.93734,1.91499,1.89541,0.16417,0.1424,0.1536,0.6351,0.5337,0.59959,0.3758,0.5329,0.44026,0.45292,0.21964,1.47759,2.6158,1.49197,1.71899,0,0,0,0.000488013,0.000488013,0.000488013
253,3942.43,1.7926,2.9765,1.90863,1.88644,0.17008,0.14467,0.157,0.62345,0.62084,0.64034,0.39057,0.53084,0.52923,0.48586,0.24768,1.48152,2.61598,1.54486,1.70616,0,0,0,0.000486639,0.000486639,0.000486639
254,3958.15,1.81738,3.0559,1.99155,1.91978,0.17009,0.14526,0.15707,0.61203,0.62419,0.61219,0.37823,0.53594,0.54482,0.47831,0.23403,1.4928,2.61903,1.57368,1.72226,0,0,0,0.000485264,0.000485264,0.000485264
255,3973.46,1.83065,2.90924,1.86287,1.86287,0.16511,0.14438,0.1552,0.59765,0.58022,0.62371,0.39587,0.49415,0.51284,0.47734,0.24365,1.48181,2.59678,1.50455,1.70985,0,0,0,0.00048389,0.00048389,0.00048389
256,3989.52,1.79246,2.9653,1.93868,1.8629,0.16784,0.14754,0.15977,0.5369,0.60185,0.60573,0.3831,0.46042,0.52687,0.47209,0.23309,1.46612,2.60605,1.48711,1.70071,0,0,0,0.000482515,0.000482515,0.000482515
257,4004.65,1.77932,2.88276,1.92018,1.86269,0.16051,0.13593,0.14628,0.57842,0.56098,0.60478,0.36663,0.4933,0.48821,0.45968,0.2254,1.50161,2.60641,1.43141,1.73452,0,0,0,0.000481141,0.000481141,0.000481141
258,4020.05,1.76195,2.91473,1.90281,1.86259,0.16578,0.14112,0.15315,0.64282,0.53956,0.6328,0.38441,0.4949,0.52407,0.48471,0.24192,1.49733,2.56773,1.42519,1.73366,0,0,0,0.000479766,0.000479766,0.000479766
259,4035.19,1.78114,2.87152,1.94837,1.852,0.16795,0.14236,0.15384,0.56009,0.60222,0.64109,0.38394,0.50223,0.51088,0.49909,0.24449,1.49746,2.58676,1.4872,1.72692,0,0,0,0.000478392,0.000478392,0.000478392
260,4051.03,1.85535,2.9467,1.91489,1.83307,0.16128,0.13653,0.14889,0.52074,0.63637,0.6223,0.37416,0.45344,0.54404,0.47975,0.23856,1.50182,2.60761,1.50011,1.72607,0,0,0,0.000477017,0.000477017,0.000477017
261,4066.36,1.82751,2.96867,1.95439,1.85651,0.17382,0.14762,0.15929,0.62011,0.58869,0.64336,0.37924,0.55017,0.48185,0.50322,0.2483,1.49068,2.60364,1.52117,1.71787,0,0,0,0.000475643,0.000475643,0.000475643
262,4082.02,1.79596,2.92833,1.94871,1.88098,0.16439,0.14052,0.15161,0.62935,0.56,0.64939,0.38264,0.51541,0.52171,0.51715,0.26301,1.45908,2.57428,1.52317,1.69546,0,0,0,0.000474269,0.000474269,0.000474269
263,4097.42,1.7475,2.90746,1.8607,1.81605,0.16582,0.14313,0.15451,0.60611,0.54686,0.63143,0.37686,0.53349,0.48276,0.50535,0.25428,1.49732,2.56768,1.48577,1.72005,0,0,0,0.000472894,0.000472894,0.000472894
264,4113.02,1.74841,2.89127,1.91276,1.85064,0.18029,0.15235,0.16516,0.58099,0.59534,0.63593,0.38564,0.53336,0.54998,0.5223,0.26399,1.49893,2.59137,1.50371,1.72396,0,0,0,0.00047152,0.00047152,0.00047152
265,4128.37,1.77473,2.86756,1.92055,1.89024,0.16885,0.13967,0.15352,0.67061,0.53298,0.6426,0.38176,0.57836,0.46939,0.49975,0.24765,1.51345,2.59284,1.52807,1.73857,0,0,0,0.000470145,0.000470145,0.000470145
266,4143.82,1.77553,2.92061,1.90425,1.8602,0.16061,0.13433,0.14626,0.66439,0.60519,0.68259,0.42051,0.57389,0.51653,0.51582,0.25773,1.47082,2.58949,1.49803,1.70598,0,0,0,0.000468771,0.000468771,0.000468771
267,4159.27,1.77702,2.8808,1.93164,1.87806,0.16693,0.14275,0.15418,0.60328,0.66261,0.64835,0.40411,0.5237,0.57847,0.48291,0.2472,1.46811,2.58533,1.507,1.70117,0,0,0,0.000467396,0.000467396,0.000467396
268,4174.65,1.76483,2.87391,1.93479,1.88657,0.16368,0.13899,0.15108,0.68217,0.59527,0.65422,0.41668,0.58908,0.50314,0.50108,0.26107,1.45391,2.56611,1.51991,1.69485,0,0,0,0.000466022,0.000466022,0.000466022
269,4190.28,1.77673,2.94275,1.84892,1.84036,0.16089,0.13958,0.15097,0.64279,0.59974,0.66099,0.40719,0.56403,0.51914,0.52177,0.26544,1.46674,2.55405,1.48186,1.69657,0,0,0,0.000464647,0.000464647,0.000464647
270,4205.51,1.75774,2.88297,1.83545,1.84484,0.16476,0.1418,0.15295,0.62081,0.59671,0.63837,0.38844,0.53628,0.52461,0.50535,0.24893,1.48167,2.56727,1.46665,1.70459,0,0,0,0.000463273,0.000463273,0.000463273
271,4220.86,1.81856,2.96768,1.95446,1.88013,0.16882,0.14396,0.15662,0.56343,0.67269,0.66576,0.40528,0.48836,0.58827,0.52526,0.26355,1.47385,2.56162,1.45783,1.69657,0,0,0,0.000461898,0.000461898,0.000461898
272,4236.25,1.78916,2.86582,1.88871,1.84749,0.16634,0.14442,0.15636,0.5991,0.65414,0.68108,0.42747,0.5413,0.53485,0.53115,0.26686,1.49511,2.56845,1.54042,1.70156,0,0,0,0.000460524,0.000460524,0.000460524
273,4252.26,1.79603,2.8168,1.84274,1.8395,0.16262,0.14514,0.15625,0.61758,0.62334,0.6602,0.41789,0.52038,0.53103,0.49705,0.26525,1.47661,2.55687,1.43305,1.70222,0,0,0,0.00045915,0.00045915,0.00045915
274,4267.46,1.86908,2.92236,1.90622,1.85328,0.17199,0.14328,0.15622,0.58791,0.6309,0.66919,0.42479,0.49295,0.56318,0.50763,0.26803,1.47056,2.54215,1.40915,1.6981,0,0,0,0.000457775,0.000457775,0.000457775
275,4283.23,1.77486,2.91073,1.84365,1.83264,0.16315,0.136,0.14617,0.5736,0.64549,0.67198,0.43067,0.53582,0.52405,0.50954,0.26847,1.44317,2.53709,1.4527,1.67665,0,0,0,0.000456401,0.000456401,0.000456401
276,4298.73,1.70306,2.87373,1.84142,1.8249,0.17391,0.15037,0.16051,0.66834,0.5685,0.65314,0.42349,0.58986,0.46531,0.49426,0.25645,1.44372,2.51566,1.4426,1.68257,0,0,0,0.000455026,0.000455026,0.000455026
277,4314.4,1.76365,2.82449,1.91211,1.8358,0.16204,0.13784,0.14976,0.62566,0.58112,0.63088,0.40856,0.5103,0.50092,0.47174,0.24133,1.46202,2.5434,1.42417,1.69522,0,0,0,0.000453652,0.000453652,0.000453652
278,4329.68,1.76672,2.90635,1.83323,1.82389,0.1667,0.14361,0.15582,0.59067,0.6111,0.6085,0.39632,0.5041,0.52216,0.44715,0.22938,1.44448,2.53857,1.4446,1.6811,0,0,0,0.000452277,0.000452277,0.000452277
279,4344.99,1.72074,2.78216,1.79038,1.80867,0.15654,0.12991,0.14242,0.54247,0.63176,0.65048,0.4334,0.47488,0.56052,0.49683,0.265,1.4412,2.52967,1.41004,1.66845,0,0,0,0.000450903,0.000450903,0.000450903
280,4360.54,1.76249,2.88363,1.88531,1.82118,0.16453,0.14114,0.15234,0.53579,0.65094,0.64986,0.4271,0.46022,0.57194,0.5077,0.26426,1.45506,2.54435,1.43051,1.67843,0,0,0,0.000449528,0.000449528,0.000449528
281,4376.07,1.7068,2.82647,1.80036,1.80941,0.1638,0.14074,0.15195,0.74254,0.53972,0.65288,0.42391,0.62337,0.4826,0.52509,0.27426,1.45155,2.56129,1.42893,1.68446,0,0,0,0.000448154,0.000448154,0.000448154
282,4391.3,1.70924,2.85467,1.81705,1.83591,0.16773,0.1415,0.15369,0.62958,0.59218,0.67357,0.42726,0.59675,0.48439,0.52973,0.26618,1.47919,2.59019,1.41271,1.70087,0,0,0,0.00044678,0.00044678,0.00044678
283,4407.06,1.74824,2.85068,1.81372,1.80931,0.1679,0.14426,0.15499,0.61102,0.62302,0.64786,0.41784,0.44859,0.56922,0.50109,0.26037,1.45192,2.57226,1.46773,1.6845,0,0,0,0.000445405,0.000445405,0.000445405
284,4422.61,1.7335,2.86387,1.825,1.82855,0.16438,0.13808,0.14993,0.60176,0.63086,0.6564,0.41672,0.51316,0.54286,0.52032,0.26925,1.43664,2.54335,1.48627,1.66821,0,0,0,0.000444031,0.000444031,0.000444031
285,4437.76,1.68412,2.88217,1.7801,1.78563,0.15868,0.13609,0.14906,0.57276,0.64186,0.66746,0.43268,0.47672,0.54337,0.52221,0.27402,1.42697,2.53173,1.41244,1.66695,0,0,0,0.000442656,0.000442656,0.000442656
286,4453.3,1.69694,2.86922,1.82715,1.82114,0.168,0.14616,0.15787,0.6931,0.57882,0.66567,0.43661,0.57365,0.5156,0.51529,0.26871,1.40967,2.48555,1.4123,1.65108,0,0,0,0.000441282,0.000441282,0.000441282
287,4468.81,1.64687,2.81468,1.77074,1.79452,0.16307,0.14222,0.15208,0.65587,0.6038,0.66433,0.43344,0.50593,0.56909,0.53157,0.28195,1.46773,2.51064,1.41204,1.67433,0,0,0,0.000439907,0.000439907,0.000439907
288,4484.57,1.72557,2.90396,1.81232,1.79568,0.15685,0.13199,0.14485,0.63988,0.63724,0.67961,0.44082,0.53723,0.56323,0.53774,0.2936,1.44498,2.46983,1.41206,1.66866,0,0,0,0.000438533,0.000438533,0.000438533
289,4499.98,1.75385,2.80742,1.78092,1.80837,0.15473,0.13146,0.14251,0.63597,0.62309,0.65071,0.41323,0.53523,0.53728,0.50937,0.26502,1.44605,2.46954,1.41891,1.66587,0,0,0,0.000437158,0.000437158,0.000437158
290,4515.76,1.75123,2.8722,1.82495,1.81567,0.1617,0.13751,0.14935,0.56118,0.65927,0.68043,0.43572,0.48979,0.56548,0.53207,0.28206,1.43678,2.45982,1.4137,1.66039,0,0,0,0.000435784,0.000435784,0.000435784
291,4531.39,1.71513,2.84558,1.80511,1.8029,0.16334,0.1419,0.15195,0.64876,0.65519,0.6848,0.44481,0.54217,0.59802,0.56836,0.2961,1.41005,2.47097,1.40783,1.6461,0,0,0,0.000434409,0.000434409,0.000434409
292,4547.23,1.7585,2.81564,1.88376,1.80246,0.15472,0.13476,0.14561,0.60648,0.60145,0.66546,0.43616,0.51745,0.54052,0.52592,0.27456,1.41986,2.47105,1.38293,1.65367,0,0,0,0.000433035,0.000433035,0.000433035
293,4562.29,1.71016,2.79879,1.83931,1.82657,0.16278,0.13999,0.15107,0.65824,0.57052,0.66419,0.43086,0.55369,0.49045,0.51183,0.26703,1.47159,2.50672,1.38851,1.69214,0,0,0,0.000431661,0.000431661,0.000431661
294,4577.57,1.70984,2.80567,1.77064,1.827,0.1642,0.14409,0.1549,0.54844,0.6671,0.68287,0.44421,0.57212,0.50398,0.54278,0.29099,1.42998,2.45489,1.39768,1.6635,0,0,0,0.000430286,0.000430286,0.000430286
295,4592.75,1.68241,2.78394,1.81036,1.78267,0.15643,0.1309,0.14297,0.55433,0.66725,0.6664,0.42972,0.47129,0.5742,0.51222,0.27111,1.40617,2.47734,1.39027,1.646,0,0,0,0.000428912,0.000428912,0.000428912
296,4608.11,1.75343,2.89928,1.81357,1.79944,0.15312,0.13276,0.14311,0.58568,0.65715,0.68302,0.44393,0.49872,0.56024,0.5289,0.28131,1.39047,2.44537,1.39042,1.6385,0,0,0,0.000427537,0.000427537,0.000427537
297,4623.69,1.72199,2.85418,1.80789,1.78762,0.16288,0.14123,0.15361,0.63644,0.62434,0.66133,0.42435,0.53226,0.53069,0.51248,0.26903,1.42682,2.45101,1.38483,1.65324,0,0,0,0.000426163,0.000426163,0.000426163
298,4638.87,1.69213,2.80565,1.8416,1.83136,0.16471,0.13976,0.15085,0.6471,0.65197,0.67953,0.43645,0.56515,0.57081,0.54866,0.27885,1.40533,2.44095,1.37931,1.63571,0,0,0,0.000424788,0.000424788,0.000424788
299,4654.6,1.70212,2.7705,1.76782,1.81228,0.1608,0.13939,0.15114,0.60386,0.67322,0.68338,0.44059,0.58585,0.54864,0.54343,0.27734,1.43378,2.47924,1.43327,1.65379,0,0,0,0.000423414,0.000423414,0.000423414
300,4669.79,1.64522,2.76815,1.76861,1.80355,0.15659,0.13246,0.14352,0.7162,0.64947,0.70113,0.45728,0.6267,0.5764,0.56487,0.28748,1.4094,2.45155,1.41464,1.63706,0,0,0,0.000422039,0.000422039,0.000422039
301,4685.52,1.68864,2.82229,1.76888,1.77395,0.16564,0.14163,0.15382,0.74058,0.57424,0.68943,0.45656,0.64134,0.50082,0.56454,0.30189,1.3898,2.42796,1.38608,1.629,0,0,0,0.000420665,0.000420665,0.000420665
302,4700.89,1.65792,2.7832,1.77211,1.80666,0.15707,0.1345,0.14463,0.70177,0.62291,0.70189,0.4538,0.65498,0.50729,0.5653,0.29893,1.40399,2.43185,1.37218,1.63728,0,0,0,0.000419291,0.000419291,0.000419291
303,4716.78,1.7674,2.92512,1.7857,1.76528,0.15948,0.14104,0.15034,0.70422,0.64031,0.70067,0.45837,0.59191,0.56188,0.56028,0.29802,1.39176,2.42424,1.36426,1.62319,0,0,0,0.000417916,0.000417916,0.000417916
304,4732.27,1.66905,2.7835,1.70443,1.7572,0.15472,0.13625,0.14658,0.70065,0.62108,0.68676,0.44804,0.56976,0.59899,0.55049,0.29125,1.40283,2.43319,1.36242,1.62431,0,0,0,0.000416542,0.000416542,0.000416542
305,4747.83,1.63769,2.72516,1.69996,1.76656,0.16337,0.14108,0.15015,0.68448,0.66635,0.69592,0.46221,0.61342,0.58112,0.56755,0.30039,1.35828,2.40874,1.31716,1.60348,0,0,0,0.000415167,0.000415167,0.000415167
306,4763.26,1.69548,2.69231,1.73598,1.75791,0.15318,0.13226,0.14398,0.61576,0.67877,0.69222,0.4507,0.60081,0.57098,0.55066,0.27759,1.37756,2.42612,1.31077,1.61527,0,0,0,0.000413793,0.000413793,0.000413793
307,4778.61,1.70635,2.79838,1.745,1.79444,0.15941,0.1357,0.14554,0.6256,0.64558,0.68399,0.44232,0.55937,0.55974,0.53643,0.27896,1.39942,2.45058,1.31709,1.63113,0,0,0,0.000412418,0.000412418,0.000412418
308,4794.14,1.65137,2.77328,1.72857,1.7766,0.15925,0.13906,0.1492,0.60522,0.67725,0.67879,0.44239,0.51413,0.58693,0.53036,0.27874,1.39011,2.43997,1.34505,1.62372,0,0,0,0.000411044,0.000411044,0.000411044
309,4809.91,1.74905,2.85046,1.76816,1.75432,0.16211,0.13746,0.15022,0.62545,0.67992,0.7175,0.46568,0.52655,0.5914,0.56321,0.30327,1.38195,2.41927,1.34741,1.62048,0,0,0,0.000409669,0.000409669,0.000409669
310,4825.84,1.71634,2.80439,1.78189,1.76306,0.15861,0.13963,0.15076,0.68055,0.63426,0.70362,0.45606,0.57564,0.56228,0.55297,0.2894,1.3725,2.40834,1.35774,1.61352,0,0,0,0.000408295,0.000408295,0.000408295
311,4841.37,1.67577,2.8306,1.75206,1.74329,0.16289,0.14133,0.15097,0.64997,0.66654,0.70193,0.4633,0.55469,0.59768,0.54474,0.3012,1.35344,2.39308,1.34494,1.60554,0,0,0,0.00040692,0.00040692,0.00040692
312,4856.89,1.72531,2.82877,1.77344,1.76199,0.15377,0.13247,0.14256,0.71176,0.63528,0.7137,0.4751,0.61388,0.58391,0.57154,0.30132,1.36524,2.40109,1.33509,1.60718,0,0,0,0.000405546,0.000405546,0.000405546
313,4872.63,1.66695,2.74614,1.72046,1.79449,0.15861,0.13993,0.15049,0.641,0.6624,0.7228,0.48286,0.56542,0.58084,0.55854,0.29698,1.38031,2.40631,1.32434,1.621,0,0,0,0.000404172,0.000404172,0.000404172
314,4888,1.63563,2.70301,1.70203,1.75707,0.14474,0.12698,0.13725,0.6385,0.67518,0.7143,0.48168,0.54049,0.58101,0.55604,0.29804,1.35105,2.38694,1.30914,1.60567,0,0,0,0.000402797,0.000402797,0.000402797
315,4903.77,1.67446,2.73986,1.70896,1.75003,0.15425,0.13439,0.14412,0.61958,0.64982,0.68681,0.45406,0.52867,0.56719,0.54083,0.28577,1.36525,2.40844,1.32363,1.618,0,0,0,0.000401423,0.000401423,0.000401423
316,4918.95,1.67873,2.77538,1.74659,1.78174,0.15152,0.13077,0.14168,0.75011,0.57834,0.68662,0.45079,0.64498,0.47559,0.54848,0.29186,1.34025,2.3995,1.34713,1.6,0,0,0,0.000400048,0.000400048,0.000400048
317,4934.28,1.60228,2.71816,1.71131,1.73632,0.15718,0.13698,0.14864,0.68799,0.60664,0.66647,0.43459,0.60851,0.5285,0.54237,0.28157,1.35543,2.40078,1.36632,1.61125,0,0,0,0.000398674,0.000398674,0.000398674
318,4949.86,1.67985,2.80995,1.76884,1.77592,0.15721,0.13471,0.14572,0.65254,0.65705,0.68069,0.44726,0.57517,0.55117,0.54909,0.28813,1.37433,2.41458,1.35318,1.62183,0,0,0,0.000397299,0.000397299,0.000397299
319,4965.4,1.62267,2.74182,1.68463,1.75593,0.16486,0.14338,0.15393,0.65583,0.6308,0.68814,0.46257,0.6075,0.53208,0.56017,0.30359,1.33741,2.37283,1.36617,1.59476,0,0,0,0.000395925,0.000395925,0.000395925
320,4980.61,1.61972,2.78469,1.73272,1.74645,0.15471,0.13516,0.14555,0.63912,0.63843,0.69781,0.47017,0.53533,0.54942,0.54804,0.29719,1.33965,2.38792,1.33404,1.59643,0,0,0,0.00039455,0.00039455,0.00039455
321,4995.96,1.63893,2.65139,1.73769,1.76345,0.14818,0.13035,0.14036,0.5767,0.66762,0.70971,0.46579,0.46655,0.59642,0.55995,0.30264,1.3416,2.38816,1.34677,1.59125,0,0,0,0.000393176,0.000393176,0.000393176
322,5011.13,1.61622,2.67197,1.63072,1.75238,0.15469,0.13974,0.14815,0.65487,0.5951,0.68849,0.46247,0.54508,0.5136,0.54994,0.30392,1.34113,2.38119,1.39008,1.58987,0,0,0,0.000391802,0.000391802,0.000391802
323,5026.45,1.61094,2.64464,1.72645,1.78107,0.15149,0.12827,0.14074,0.68198,0.60308,0.67985,0.46206,0.57845,0.49987,0.54738,0.29192,1.3501,2.37911,1.30878,1.59666,0,0,0,0.000390427,0.000390427,0.000390427
324,5041.53,1.59353,2.78056,1.73553,1.79214,0.15795,0.13667,0.1469,0.64497,0.62396,0.67501,0.44151,0.55648,0.57855,0.56074,0.2949,1.33766,2.3724,1.29612,1.59618,0,0,0,0.000389053,0.000389053,0.000389053
325,5057.17,1.64163,2.69349,1.73326,1.77523,0.15603,0.13759,0.14901,0.6196,0.64436,0.67931,0.43842,0.51374,0.58326,0.56455,0.29615,1.34988,2.37993,1.33651,1.60118,0,0,0,0.000387678,0.000387678,0.000387678
326,5072.79,1.69021,2.72135,1.70562,1.7773,0.15494,0.13829,0.14912,0.61122,0.67934,0.66835,0.43141,0.53498,0.60895,0.55636,0.29922,1.37616,2.3819,1.36626,1.61012,0,0,0,0.000386304,0.000386304,0.000386304
327,5088.06,1.66996,2.80932,1.72219,1.77564,0.16578,0.14424,0.15619,0.63605,0.61671,0.68442,0.44788,0.5499,0.58629,0.56919,0.31383,1.364,2.37477,1.34259,1.60205,0,0,0,0.000384929,0.000384929,0.000384929
328,5103.78,1.63681,2.7237,1.65581,1.73197,0.16098,0.14059,0.15291,0.59292,0.69281,0.69476,0.46421,0.51452,0.60303,0.56711,0.31336,1.34671,2.3653,1.31172,1.57953,0,0,0,0.000383555,0.000383555,0.000383555
329,5119.38,1.6623,2.73855,1.7037,1.73753,0.14693,0.13315,0.14247,0.58247,0.71011,0.71047,0.47588,0.55105,0.5978,0.59697,0.32346,1.346,2.35459,1.30181,1.58196,0,0,0,0.00038218,0.00038218,0.00038218
330,5135.16,1.64872,2.75816,1.71632,1.77158,0.15816,0.13851,0.14962,0.60312,0.72271,0.68837,0.46004,0.52782,0.62711,0.5688,0.30353,1.35001,2.32003,1.31917,1.58321,0,0,0,0.000380806,0.000380806,0.000380806
331,5150.3,1.64614,2.67577,1.7237,1.76949,0.1609,0.14154,0.15455,0.66515,0.6795,0.69321,0.45341,0.58797,0.59032,0.55787,0.30495,1.33726,2.34293,1.29394,1.58597,0,0,0,0.000379431,0.000379431,0.000379431
332,5165.72,1.6366,2.72497,1.65627,1.72076,0.15429,0.13626,0.14743,0.67203,0.6452,0.6946,0.44597,0.50486,0.60988,0.54196,0.29819,1.33196,2.34175,1.27002,1.58349,0,0,0,0.000378057,0.000378057,0.000378057
333,5180.88,1.59631,2.63379,1.65922,1.74014,0.16475,0.14249,0.15331,0.69873,0.66444,0.71446,0.47654,0.6024,0.57316,0.56763,0.30721,1.3354,2.31615,1.2894,1.58503,0,0,0,0.000376683,0.000376683,0.000376683
334,5196.08,1.58531,2.6346,1.63089,1.72554,0.14943,0.13499,0.14446,0.62236,0.68112,0.69264,0.45391,0.53571,0.61285,0.56497,0.30604,1.34636,2.309,1.30973,1.59073,0,0,0,0.000375308,0.000375308,0.000375308
335,5211.54,1.57991,2.52925,1.59442,1.72623,0.15734,0.13497,0.14493,0.63283,0.67762,0.67481,0.44603,0.56021,0.61105,0.55895,0.30891,1.34029,2.30409,1.31419,1.5845,0,0,0,0.000373934,0.000373934,0.000373934
336,5227.05,1.69831,2.656,1.771,1.79378,0.15894,0.1328,0.14607,0.62151,0.67596,0.68616,0.45743,0.54959,0.58668,0.56674,0.31141,1.34495,2.30518,1.29955,1.5822,0,0,0,0.000372559,0.000372559,0.000372559
337,5242.61,1.67224,2.73837,1.72572,1.74145,0.15645,0.13145,0.14313,0.5892,0.68968,0.68866,0.45923,0.52203,0.58304,0.56187,0.31214,1.3248,2.29797,1.29196,1.58094,0,0,0,0.000371185,0.000371185,0.000371185
338,5258.2,1.63269,2.66952,1.71442,1.74806,0.15649,0.13685,0.14712,0.61571,0.67791,0.68297,0.46324,0.5536,0.60561,0.56608,0.31124,1.3209,2.31221,1.31461,1.57447,0,0,0,0.00036981,0.00036981,0.00036981
339,5273.38,1.58636,2.67916,1.66053,1.7271,0.15586,0.13945,0.14875,0.61071,0.70393,0.68799,0.46079,0.54515,0.63149,0.57512,0.32444,1.32558,2.30017,1.29716,1.57407,0,0,0,0.000368436,0.000368436,0.000368436
340,5288.68,1.60702,2.65989,1.71784,1.75321,0.15749,0.13834,0.14863,0.63102,0.69688,0.69596,0.45948,0.53162,0.63804,0.57651,0.30406,1.36075,2.30663,1.27119,1.58953,0,0,0,0.000367061,0.000367061,0.000367061
341,5303.84,1.68107,2.70099,1.67824,1.74093,0.14831,0.13039,0.14048,0.61692,0.66929,0.6857,0.4502,0.5095,0.58839,0.53854,0.2883,1.35069,2.31476,1.26042,1.58634,0,0,0,0.000365687,0.000365687,0.000365687
342,5319.12,1.5687,2.5917,1.68186,1.72653,0.15794,0.13711,0.14764,0.68814,0.65229,0.70761,0.47283,0.52678,0.58753,0.55402,0.30655,1.30725,2.27557,1.27195,1.55902,0,0,0,0.000364313,0.000364313,0.000364313
343,5334.63,1.63239,2.67106,1.64629,1.71414,0.15415,0.13959,0.14845,0.7404,0.60731,0.71087,0.47558,0.49334,0.65367,0.56165,0.31606,1.30731,2.27914,1.27739,1.56101,0,0,0,0.000362938,0.000362938,0.000362938
344,5349.94,1.64213,2.68038,1.62914,1.69911,0.14609,0.13236,0.14013,0.6566,0.66673,0.70609,0.4836,0.56631,0.60712,0.57989,0.3267,1.29313,2.27068,1.26402,1.55966,0,0,0,0.000361564,0.000361564,0.000361564
345,5365.72,1.58184,2.63892,1.66389,1.73121,0.14583,0.13048,0.13893,0.61764,0.69652,0.70046,0.47744,0.52783,0.63262,0.57992,0.32661,1.28892,2.27386,1.27047,1.55854,0,0,0,0.000360189,0.000360189,0.000360189
346,5381.34,1.6304,2.67971,1.63779,1.71698,0.14387,0.13206,0.1419,0.70693,0.60283,0.70635,0.47496,0.65286,0.52543,0.58306,0.3281,1.30046,2.27932,1.26114,1.56034,0,0,0,0.000358815,0.000358815,0.000358815
347,5396.52,1.59483,2.6554,1.62404,1.70997,0.15143,0.13269,0.14313,0.70447,0.6543,0.72363,0.48603,0.61753,0.57612,0.59335,0.33091,1.29119,2.26405,1.24986,1.55269,0,0,0,0.00035744,0.00035744,0.00035744
348,5412.39,1.61537,2.63581,1.65401,1.71773,0.14402,0.12856,0.13729,0.75166,0.63802,0.72741,0.49537,0.67385,0.52916,0.58907,0.32422,1.29475,2.2753,1.28158,1.54829,0,0,0,0.000356066,0.000356066,0.000356066
349,5427.6,1.57457,2.64353,1.60969,1.71717,0.14782,0.13324,0.1419,0.6707,0.65775,0.71197,0.48746,0.57767,0.56789,0.5692,0.31538,1.31321,2.26925,1.26748,1.5591,0,0,0,0.000354691,0.000354691,0.000354691
350,5442.9,1.5872,2.65152,1.62966,1.71874,0.15914,0.13718,0.14822,0.68088,0.65694,0.71781,0.49483,0.58426,0.5718,0.57413,0.32192,1.29527,2.25079,1.26482,1.55218,0,0,0,0.000353317,0.000353317,0.000353317
351,5458.39,1.57424,2.64826,1.6069,1.716,0.162,0.1423,0.1522,0.71135,0.66051,0.74227,0.50338,0.54635,0.61229,0.59509,0.34394,1.28279,2.24277,1.25966,1.54217,0,0,0,0.000351942,0.000351942,0.000351942
352,5474.17,1.62333,2.67881,1.70034,1.73813,0.15055,0.13329,0.14436,0.67641,0.68591,0.73889,0.50298,0.54559,0.59318,0.58548,0.3361,1.30028,2.25055,1.25178,1.54979,0,0,0,0.000350568,0.000350568,0.000350568
353,5489.78,1.61614,2.64483,1.61106,1.70065,0.15115,0.13525,0.1456,0.71391,0.63443,0.73204,0.50233,0.58069,0.56564,0.59923,0.3403,1.29922,2.24145,1.21272,1.55345,0,0,0,0.000349194,0.000349194,0.000349194
354,5505.03,1.59885,2.68472,1.60371,1.71388,0.16188,0.14139,0.15179,0.6922,0.70114,0.72391,0.50569,0.5995,0.62111,0.60737,0.33651,1.27559,2.24175,1.22513,1.53902,0,0,0,0.000347819,0.000347819,0.000347819
355,5520.82,1.59331,2.66017,1.61235,1.71745,0.15239,0.13482,0.14501,0.6818,0.69589,0.72984,0.50481,0.58316,0.62852,0.60248,0.3365,1.2808,2.23427,1.25799,1.53706,0,0,0,0.000346445,0.000346445,0.000346445
356,5536.29,1.61643,2.59195,1.65852,1.74085,0.15078,0.13516,0.14529,0.73321,0.63163,0.70391,0.47568,0.57329,0.62488,0.57374,0.31091,1.29182,2.22981,1.27843,1.53903,0,0,0,0.00034507,0.00034507,0.00034507
357,5551.78,1.64488,2.62519,1.65156,1.7203,0.15012,0.13008,0.13958,0.67884,0.63443,0.71493,0.49085,0.59923,0.54007,0.58898,0.32362,1.28996,2.21337,1.23937,1.54404,0,0,0,0.000343696,0.000343696,0.000343696
358,5567.04,1.61219,2.59882,1.59817,1.6998,0.14649,0.13065,0.14091,0.69924,0.61577,0.70747,0.4899,0.60758,0.55224,0.57678,0.32442,1.28354,2.23994,1.2484,1.54169,0,0,0,0.000342321,0.000342321,0.000342321
359,5582.38,1.56884,2.65897,1.63659,1.7363,0.15842,0.13931,0.14907,0.60679,0.70027,0.70285,0.49562,0.53609,0.61387,0.58203,0.33152,1.27107,2.24344,1.26913,1.53999,0,0,0,0.000340947,0.000340947,0.000340947
360,5597.55,1.61187,2.65137,1.65917,1.69961,0.15108,0.13295,0.14188,0.67868,0.64808,0.71886,0.50042,0.58029,0.57352,0.59401,0.3367,1.2753,2.23559,1.27265,1.54455,0,0,0,0.000339572,0.000339572,0.000339572
361,5612.87,1.60389,2.6562,1.68019,1.72491,0.15336,0.13607,0.14606,0.66637,0.68349,0.73801,0.50846,0.57624,0.60831,0.60555,0.3469,1.26402,2.22424,1.25566,1.53281,0,0,0,0.000338198,0.000338198,0.000338198
362,5628.32,1.55951,2.72244,1.5799,1.70324,0.15414,0.13626,0.14711,0.63712,0.69112,0.74195,0.50602,0.55377,0.61828,0.61556,0.35082,1.26747,2.20689,1.22064,1.53449,0,0,0,0.000336824,0.000336824,0.000336824
363,5643.89,1.61556,2.63422,1.633,1.72635,0.14381,0.12635,0.13799,0.62902,0.69281,0.73473,0.50553,0.53662,0.61681,0.60296,0.34564,1.25051,2.21408,1.24414,1.52299,0,0,0,0.000335449,0.000335449,0.000335449
364,5659.13,1.59115,2.67167,1.62457,1.70044,0.14632,0.13241,0.14132,0.63703,0.68908,0.72891,0.5214,0.57212,0.5924,0.61401,0.35654,1.23149,2.20125,1.22422,1.51678,0,0,0,0.000334075,0.000334075,0.000334075
365,5674.7,1.55309,2.62306,1.65014,1.72829,0.15661,0.13474,0.14642,0.68476,0.65449,0.73722,0.5198,0.63552,0.56313,0.61142,0.34384,1.24497,2.20831,1.20901,1.53715,0,0,0,0.0003327,0.0003327,0.0003327
366,5690.17,1.60182,2.61133,1.61528,1.71629,0.14804,0.1323,0.14252,0.69107,0.64898,0.71035,0.49344,0.6072,0.57065,0.58326,0.3338,1.26473,2.20636,1.2559,1.53974,0,0,0,0.000331326,0.000331326,0.000331326
367,5705.53,1.60245,2.59409,1.6345,1.70813,0.14055,0.12759,0.13726,0.73437,0.59758,0.71411,0.48844,0.63736,0.51825,0.58926,0.33402,1.26721,2.19569,1.26869,1.53324,0,0,0,0.000329951,0.000329951,0.000329951
368,5720.96,1.55514,2.56576,1.58297,1.68701,0.14768,0.12969,0.13948,0.65939,0.67292,0.71717,0.48861,0.53194,0.64217,0.59226,0.34367,1.24043,2.17222,1.22935,1.513,0,0,0,0.000328577,0.000328577,0.000328577
369,5736.44,1.55032,2.53718,1.52422,1.68977,0.14747,0.13486,0.14459,0.63049,0.68611,0.71434,0.4888,0.52895,0.62143,0.5867,0.33702,1.25835,2.18202,1.196,1.52388,0,0,0,0.000327202,0.000327202,0.000327202
370,5751.62,1.60401,2.67671,1.59485,1.68939,0.14335,0.1284,0.1386,0.66835,0.70791,0.72786,0.51192,0.59325,0.62503,0.60166,0.34031,1.26079,2.16964,1.20959,1.52446,0,0,0,0.000325828,0.000325828,0.000325828
371,5766.92,1.57074,2.56938,1.54645,1.6912,0.14738,0.135,0.14329,0.70794,0.71184,0.74548,0.51752,0.63217,0.63556,0.61266,0.35395,1.23345,2.16252,1.20788,1.51028,0,0,0,0.000324453,0.000324453,0.000324453
372,5782.29,1.58963,2.5652,1.55892,1.66907,0.14121,0.12695,0.1365,0.71713,0.69183,0.75357,0.51843,0.61396,0.61408,0.6031,0.34669,1.25487,2.17222,1.21018,1.51892,0,0,0,0.000323079,0.000323079,0.000323079
373,5797.51,1.64592,2.61012,1.60469,1.68634,0.13648,0.12097,0.13046,0.67338,0.66981,0.72206,0.4953,0.6073,0.58344,0.5847,0.33373,1.28005,2.18075,1.20499,1.53287,0,0,0,0.000321705,0.000321705,0.000321705
374,5812.97,1.5837,2.55039,1.57731,1.70722,0.15225,0.13492,0.14505,0.67753,0.66203,0.72997,0.49488,0.60568,0.59541,0.61325,0.34664,1.25766,2.17937,1.19201,1.52876,0,0,0,0.00032033,0.00032033,0.00032033
375,5828.09,1.55248,2.51826,1.5816,1.69631,0.13332,0.12552,0.13356,0.72811,0.67852,0.74203,0.50377,0.65979,0.60432,0.62038,0.3506,1.24672,2.18583,1.20802,1.51647,0,0,0,0.000318956,0.000318956,0.000318956
376,5843.82,1.56339,2.57605,1.59138,1.69922,0.15762,0.13887,0.14878,0.72361,0.66874,0.74326,0.51406,0.63633,0.57838,0.60563,0.35588,1.25767,2.17235,1.22732,1.51461,0,0,0,0.000317581,0.000317581,0.000317581
377,5858.97,1.60477,2.55654,1.59211,1.68306,0.14858,0.13305,0.14216,0.73566,0.67129,0.75365,0.51851,0.66463,0.57744,0.60281,0.35087,1.24294,2.17198,1.20464,1.50317,0,0,0,0.000316207,0.000316207,0.000316207
378,5874.5,1.49971,2.56072,1.56191,1.6522,0.15508,0.1412,0.1512,0.79181,0.64041,0.76086,0.53101,0.59265,0.65129,0.63,0.36481,1.24227,2.18246,1.19548,1.50183,0,0,0,0.000314832,0.000314832,0.000314832
379,5889.89,1.57705,2.57352,1.56828,1.67517,0.14623,0.13075,0.14027,0.70779,0.69321,0.76039,0.53723,0.61264,0.65144,0.64027,0.37535,1.24108,2.16638,1.20627,1.50111,0,0,0,0.000313458,0.000313458,0.000313458
380,5905.57,1.53386,2.51909,1.54691,1.67006,0.14788,0.13075,0.14015,0.66646,0.69634,0.76542,0.52716,0.57548,0.65022,0.63317,0.36788,1.24332,2.16941,1.19091,1.50413,0,0,0,0.000312083,0.000312083,0.000312083
381,5920.75,1.5811,2.60974,1.55477,1.6791,0.14918,0.13095,0.14113,0.73766,0.69264,0.77546,0.53303,0.62018,0.61548,0.64046,0.36054,1.26246,2.18852,1.19403,1.51753,0,0,0,0.000310709,0.000310709,0.000310709
382,5936.49,1.58039,2.63864,1.6053,1.7025,0.15607,0.13577,0.14763,0.72265,0.69101,0.7711,0.52925,0.6419,0.6201,0.64196,0.35606,1.27032,2.18748,1.19924,1.51432,0,0,0,0.000309335,0.000309335,0.000309335
383,5951.65,1.58725,2.60105,1.5719,1.68741,0.14653,0.12897,0.13856,0.7002,0.7004,0.75943,0.53073,0.59938,0.63158,0.62188,0.34855,1.25235,2.17371,1.18508,1.50623,0,0,0,0.00030796,0.00030796,0.00030796
384,5967.24,1.53104,2.519,1.5649,1.66813,0.14251,0.1285,0.13665,0.77014,0.6724,0.77658,0.54759,0.67806,0.59065,0.63439,0.36117,1.2321,2.16088,1.17062,1.49805,0,0,0,0.000306586,0.000306586,0.000306586
385,5982.39,1.52766,2.54048,1.52251,1.64531,0.14266,0.12703,0.1364,0.79369,0.64584,0.77283,0.52392,0.62542,0.60975,0.62585,0.34349,1.24172,2.16504,1.17771,1.50566,0,0,0,0.000305211,0.000305211,0.000305211
386,5997.67,1.58834,2.5742,1.53541,1.6831,0.13891,0.12792,0.13635,0.77465,0.6589,0.77039,0.5171,0.66828,0.5757,0.62168,0.34922,1.24063,2.1654,1.18359,1.50119,0,0,0,0.000303837,0.000303837,0.000303837
387,6013.14,1.5898,2.58036,1.55912,1.64697,0.13965,0.12273,0.13178,0.76691,0.6768,0.77609,0.53117,0.67105,0.61018,0.65495,0.36712,1.23765,2.14759,1.17357,1.49768,0,0,0,0.000302462,0.000302462,0.000302462
388,6028.76,1.60023,2.62346,1.5677,1.66228,0.14443,0.13332,0.14078,0.73876,0.70247,0.77525,0.5346,0.66366,0.6234,0.64402,0.37499,1.22037,2.13844,1.17274,1.49008,0,0,0,0.000301088,0.000301088,0.000301088
389,6044.36,1.61554,2.64854,1.59047,1.65707,0.14069,0.13018,0.1377,0.71094,0.69345,0.7688,0.5339,0.62798,0.60757,0.63186,0.36385,1.21077,2.12677,1.15479,1.4867,0,0,0,0.000299713,0.000299713,0.000299713
390,6059.92,1.56149,2.50524,1.5163,1.63442,0.14213,0.13352,0.14195,0.68343,0.72098,0.77341,0.54697,0.60935,0.66352,0.63614,0.37301,1.19038,2.11772,1.15193,1.47121,0,0,0,0.000298339,0.000298339,0.000298339
391,6075.44,1.4985,2.46565,1.52283,1.65833,0.14544,0.13075,0.14089,0.69641,0.70578,0.76954,0.54177,0.59868,0.65109,0.62538,0.36991,1.21287,2.13019,1.16839,1.47842,0,0,0,0.000296964,0.000296964,0.000296964
392,6090.99,1.53582,2.52705,1.55398,1.67114,0.1456,0.12804,0.13694,0.70194,0.69502,0.76833,0.53328,0.61258,0.60347,0.62978,0.35566,1.2228,2.13836,1.15577,1.48359,0,0,0,0.00029559,0.00029559,0.00029559
393,6106.53,1.55975,2.61777,1.57123,1.65004,0.14077,0.12701,0.13599,0.66372,0.70474,0.75295,0.52052,0.58564,0.61394,0.6075,0.34752,1.25208,2.14242,1.18058,1.49946,0,0,0,0.000294216,0.000294216,0.000294216
394,6121.67,1.55156,2.46935,1.57324,1.68142,0.15081,0.13484,0.14415,0.67444,0.73893,0.75533,0.5193,0.60172,0.62718,0.60514,0.34772,1.22346,2.13359,1.20151,1.48789,0,0,0,0.000292841,0.000292841,0.000292841
395,6137.34,1.58235,2.53214,1.58259,1.64786,0.14065,0.12725,0.13652,0.68702,0.70492,0.75642,0.52415,0.62518,0.63609,0.63493,0.36465,1.20941,2.12533,1.17835,1.47543,0,0,0,0.000291467,0.000291467,0.000291467
396,6152.6,1.53089,2.49981,1.49037,1.64584,0.13688,0.12715,0.13571,0.73973,0.70171,0.75275,0.52747,0.66885,0.63336,0.63218,0.36727,1.21764,2.12059,1.16883,1.47881,0,0,0,0.000290092,0.000290092,0.000290092
397,6167.86,1.52175,2.49137,1.56029,1.67407,0.14594,0.12737,0.13623,0.77222,0.6778,0.73811,0.51457,0.6723,0.6193,0.61983,0.35764,1.22628,2.12943,1.19317,1.48025,0,0,0,0.000288718,0.000288718,0.000288718
398,6183.38,1.55124,2.65109,1.5587,1.64834,0.1404,0.12288,0.13463,0.76933,0.66288,0.75726,0.52049,0.68864,0.59742,0.63335,0.36373,1.23256,2.11769,1.20359,1.48695,0,0,0,0.000287343,0.000287343,0.000287343
399,6198.9,1.55755,2.55628,1.56153,1.65685,0.14698,0.12967,0.13936,0.73706,0.6719,0.76803,0.52632,0.64939,0.60394,0.64669,0.37318,1.22659,2.10428,1.17658,1.48465,0,0,0,0.000285969,0.000285969,0.000285969
400,6214.15,1.56262,2.49812,1.50335,1.61031,0.14187,0.12864,0.1388,0.71132,0.69723,0.76316,0.52544,0.61983,0.61785,0.63253,0.36978,1.22782,2.10792,1.16076,1.48767,0,0,0,0.000284594,0.000284594,0.000284594
401,6229.51,1.61626,2.64231,1.57775,1.67128,0.15616,0.1369,0.14732,0.69951,0.71261,0.7698,0.53636,0.61623,0.62131,0.62719,0.37445,1.24062,2.1108,1.1716,1.49415,0,0,0,0.00028322,0.00028322,0.00028322
402,6244.8,1.50646,2.50886,1.51009,1.61769,0.1471,0.13352,0.14296,0.68551,0.74496,0.7686,0.53241,0.59272,0.67177,0.63488,0.37694,1.21314,2.09145,1.17745,1.48073,0,0,0,0.000281846,0.000281846,0.000281846
403,6260.53,1.5387,2.50842,1.52628,1.64913,0.14712,0.13392,0.14343,0.71241,0.71408,0.7678,0.54318,0.60652,0.63625,0.62867,0.38227,1.19815,2.08486,1.16439,1.4732,0,0,0,0.000280471,0.000280471,0.000280471
404,6275.93,1.50779,2.46745,1.5437,1.65035,0.14038,0.12676,0.13704,0.73252,0.6933,0.76442,0.53976,0.62429,0.63452,0.63092,0.37046,1.20252,2.09666,1.13926,1.47483,0,0,0,0.000279097,0.000279097,0.000279097
405,6291.69,1.48312,2.53065,1.50197,1.63276,0.14773,0.13525,0.14408,0.74244,0.71948,0.77338,0.5443,0.64988,0.63501,0.62417,0.35993,1.20386,2.1019,1.12976,1.47513,0,0,0,0.000277722,0.000277722,0.000277722
406,6306.84,1.46203,2.44028,1.48408,1.63965,0.142,0.12659,0.138,0.70782,0.70942,0.76883,0.54254,0.64346,0.64179,0.64625,0.3749,1.184,2.07739,1.13745,1.46273,0,0,0,0.000276348,0.000276348,0.000276348
407,6322.11,1.47773,2.41895,1.47795,1.64851,0.13253,0.12075,0.1283,0.73924,0.6732,0.76364,0.53107,0.67264,0.61136,0.64395,0.37706,1.206,2.08187,1.14133,1.47222,0,0,0,0.000274973,0.000274973,0.000274973
408,6337.21,1.53879,2.51186,1.53768,1.66284,0.14296,0.12813,0.13742,0.74196,0.66985,0.76105,0.53497,0.65151,0.60349,0.63503,0.36177,1.2063,2.09024,1.1417,1.47422,0,0,0,0.000273599,0.000273599,0.000273599
409,6352.91,1.49065,2.3694,1.47611,1.64754,0.13358,0.121,0.12982,0.72128,0.67705,0.76002,0.53224,0.63407,0.59761,0.61262,0.35403,1.18164,2.07626,1.14373,1.46353,0,0,0,0.000272224,0.000272224,0.000272224
410,6368.47,1.49118,2.52614,1.48554,1.65764,0.1515,0.13683,0.14688,0.68603,0.72702,0.77187,0.54264,0.60369,0.65157,0.62351,0.36372,1.1859,2.1002,1.14328,1.46175,0,0,0,0.00027085,0.00027085,0.00027085
411,6383.68,1.53523,2.48765,1.47671,1.63913,0.13948,0.12935,0.13653,0.71448,0.68542,0.75256,0.5316,0.62031,0.61791,0.60628,0.35501,1.205,2.12943,1.14616,1.46911,0,0,0,0.000269475,0.000269475,0.000269475
412,6399.24,1.50108,2.42262,1.52899,1.64422,0.13879,0.12461,0.13273,0.70802,0.71391,0.76731,0.55651,0.61805,0.63517,0.63769,0.37435,1.18256,2.10575,1.14484,1.45422,0,0,0,0.000268101,0.000268101,0.000268101
413,6415.12,1.53101,2.5246,1.51839,1.63429,0.14411,0.12967,0.13792,0.75238,0.68397,0.78324,0.56802,0.66704,0.59694,0.66369,0.39621,1.16514,2.07417,1.15278,1.44733,0,0,0,0.000266727,0.000266727,0.000266727
414,6430.72,1.53841,2.58046,1.50433,1.63372,0.15579,0.13973,0.15003,0.67629,0.7461,0.77164,0.55649,0.60692,0.67096,0.6464,0.38299,1.17515,2.06736,1.14806,1.45138,0,0,0,0.000265352,0.000265352,0.000265352
415,6445.99,1.53863,2.5289,1.50527,1.63363,0.14553,0.13042,0.14093,0.64354,0.76936,0.76138,0.53815,0.56331,0.69726,0.63953,0.37883,1.19635,2.07833,1.13254,1.4598,0,0,0,0.000263978,0.000263978,0.000263978
416,6461.21,1.46518,2.50679,1.48297,1.63769,0.14143,0.12883,0.13695,0.69572,0.73238,0.7698,0.54684,0.59796,0.69039,0.64379,0.37845,1.17681,2.06811,1.12165,1.45184,0,0,0,0.000262603,0.000262603,0.000262603
417,6477.04,1.5363,2.51945,1.51194,1.60606,0.14173,0.12508,0.13664,0.77107,0.70981,0.76325,0.53056,0.69594,0.64235,0.63941,0.37222,1.18305,2.07087,1.12776,1.45681,0,0,0,0.000261229,0.000261229,0.000261229
418,6492.15,1.49866,2.49049,1.50676,1.65257,0.14189,0.13057,0.14001,0.72464,0.71777,0.77255,0.53725,0.65526,0.64318,0.65858,0.37914,1.17597,2.06774,1.12405,1.45126,0,0,0,0.000259854,0.000259854,0.000259854
419,6507.59,1.53694,2.47446,1.48608,1.58851,0.13609,0.12533,0.13431,0.72294,0.69104,0.76757,0.5414,0.66228,0.63295,0.65246,0.37782,1.18424,2.09087,1.12316,1.45561,0,0,0,0.00025848,0.00025848,0.00025848
420,6523.16,1.49882,2.47395,1.53764,1.6388,0.14187,0.13098,0.13953,0.6949,0.74072,0.79129,0.5632,0.63476,0.68239,0.67664,0.4038,1.17171,2.06885,1.11886,1.45126,0,0,0,0.000257105,0.000257105,0.000257105
421,6538.83,1.53149,2.45279,1.54126,1.62636,0.14688,0.13089,0.14148,0.70653,0.72055,0.78492,0.55859,0.62826,0.68699,0.67794,0.40378,1.17219,2.07862,1.14144,1.45221,0,0,0,0.000255731,0.000255731,0.000255731
422,6554.59,1.51774,2.45196,1.48526,1.59694,0.13985,0.12829,0.13748,0.71243,0.74076,0.78445,0.54794,0.62255,0.6969,0.6713,0.38682,1.17061,2.07655,1.14512,1.44753,0,0,0,0.000254357,0.000254357,0.000254357
423,6569.78,1.51052,2.4741,1.50365,1.62881,0.13871,0.12176,0.13158,0.67883,0.76726,0.77681,0.54507,0.59446,0.69165,0.6383,0.37842,1.16731,2.06585,1.12714,1.44814,0,0,0,0.000252982,0.000252982,0.000252982
424,6585.1,1.48902,2.41164,1.51657,1.64866,0.13885,0.12662,0.13595,0.68743,0.74935,0.77969,0.55481,0.62677,0.66177,0.63717,0.38776,1.16492,2.05439,1.1326,1.44294,0,0,0,0.000251608,0.000251608,0.000251608
425,6600.35,1.51133,2.51743,1.46057,1.6117,0.14135,0.12861,0.13845,0.70136,0.73817,0.78589,0.56127,0.62377,0.66193,0.65251,0.38985,1.16875,2.05507,1.14094,1.44182,0,0,0,0.000250233,0.000250233,0.000250233
426,6616.08,1.5013,2.49562,1.4624,1.61648,0.13647,0.12343,0.1341,0.74618,0.72692,0.78869,0.57115,0.66669,0.65843,0.66013,0.395,1.1662,2.06709,1.14734,1.43866,0,0,0,0.000248859,0.000248859,0.000248859
427,6631.76,1.57749,2.53733,1.52338,1.61936,0.13752,0.12494,0.13373,0.74069,0.70828,0.78677,0.55724,0.58603,0.6863,0.63893,0.38537,1.15979,2.05682,1.13653,1.43522,0,0,0,0.000247484,0.000247484,0.000247484
428,6647.25,1.50108,2.42396,1.45756,1.6139,0.13507,0.12401,0.13247,0.75646,0.68628,0.76809,0.54628,0.67312,0.61684,0.64398,0.37784,1.16936,2.06751,1.13384,1.44417,0,0,0,0.00024611,0.00024611,0.00024611
429,6662.81,1.50332,2.45756,1.4611,1.6151,0.14071,0.12817,0.13814,0.74121,0.69997,0.77435,0.55557,0.70774,0.62212,0.65433,0.38031,1.15491,2.04641,1.09778,1.43669,0,0,0,0.000244735,0.000244735,0.000244735
430,6678.27,1.479,2.39614,1.44459,1.59544,0.13574,0.1243,0.13295,0.7846,0.68688,0.77679,0.55365,0.70024,0.61608,0.65537,0.38283,1.15395,2.05094,1.11407,1.43643,0,0,0,0.000243361,0.000243361,0.000243361
431,6693.96,1.50684,2.42765,1.46786,1.58389,0.12654,0.11644,0.12483,0.76193,0.68453,0.77505,0.54946,0.6613,0.62395,0.63587,0.37411,1.15022,2.05468,1.1447,1.43385,0,0,0,0.000241986,0.000241986,0.000241986
432,6709.2,1.45355,2.38573,1.43109,1.60843,0.13113,0.12142,0.13005,0.70135,0.72603,0.76276,0.54479,0.6155,0.65802,0.63368,0.36514,1.15354,2.05412,1.12146,1.43379,0,0,0,0.000240612,0.000240612,0.000240612
433,6724.87,1.4707,2.48758,1.49381,1.61701,0.14563,0.12908,0.1395,0.69319,0.71981,0.76371,0.55079,0.61625,0.65324,0.63179,0.36861,1.14931,2.03398,1.11441,1.43193,0,0,0,0.000239238,0.000239238,0.000239238
434,6740.42,1.51588,2.40336,1.48652,1.62753,0.1451,0.12838,0.13738,0.67781,0.73942,0.77268,0.55413,0.59958,0.66249,0.6269,0.37592,1.15298,2.03711,1.13053,1.43132,0,0,0,0.000237863,0.000237863,0.000237863
435,6755.52,1.45083,2.34323,1.45405,1.60563,0.13761,0.12284,0.13218,0.71321,0.73169,0.79207,0.56478,0.63451,0.65451,0.64614,0.38222,1.16933,2.04168,1.12606,1.43829,0,0,0,0.000236489,0.000236489,0.000236489
436,6771.14,1.49594,2.387,1.47644,1.62813,0.13736,0.12512,0.13423,0.69667,0.75171,0.79251,0.57263,0.62964,0.69108,0.66887,0.39282,1.14694,2.05402,1.11624,1.42881,0,0,0,0.000235114,0.000235114,0.000235114
437,6786.29,1.50368,2.43443,1.49793,1.65226,0.13499,0.12058,0.13025,0.75887,0.71281,0.79976,0.58298,0.67036,0.672,0.68872,0.40828,1.14507,2.04457,1.11578,1.42959,0,0,0,0.00023374,0.00023374,0.00023374
438,6802.22,1.50706,2.42229,1.49564,1.61414,0.13227,0.12113,0.13058,0.7141,0.73326,0.78884,0.57724,0.64184,0.6649,0.67091,0.39232,1.16422,2.0461,1.11221,1.43749,0,0,0,0.000232365,0.000232365,0.000232365
439,6817.64,1.49889,2.44265,1.46585,1.6452,0.14343,0.12761,0.13859,0.733,0.73367,0.79693,0.57844,0.65375,0.66381,0.67358,0.40101,1.17463,2.03669,1.10775,1.44082,0,0,0,0.000230991,0.000230991,0.000230991
440,6833.09,1.46417,2.45025,1.46339,1.61616,0.13686,0.12459,0.13411,0.73089,0.7441,0.80013,0.57545,0.65532,0.67668,0.68765,0.41637,1.14512,2.0264,1.10152,1.42362,0,0,0,0.000229616,0.000229616,0.000229616
441,6848.5,1.42597,2.43545,1.43932,1.59032,0.14368,0.13174,0.14152,0.78563,0.71582,0.79619,0.58374,0.68305,0.64929,0.6764,0.40737,1.13499,2.0173,1.09532,1.42202,0,0,0,0.000228242,0.000228242,0.000228242
442,6864.08,1.43432,2.47384,1.48193,1.6157,0.14357,0.12802,0.13746,0.74639,0.71318,0.7894,0.57948,0.65307,0.64765,0.6577,0.39146,1.14125,2.01374,1.08396,1.42679,0,0,0,0.000226868,0.000226868,0.000226868
443,6879.25,1.4958,2.44939,1.43858,1.60906,0.13871,0.12769,0.13667,0.77505,0.64693,0.77457,0.56106,0.63823,0.61212,0.63106,0.38385,1.14331,2.01043,1.09156,1.43253,0,0,0,0.000225493,0.000225493,0.000225493
444,6894.8,1.46601,2.45981,1.478,1.62347,0.14668,0.13185,0.14117,0.72038,0.67732,0.76848,0.5526,0.62594,0.61455,0.62417,0.37805,1.14512,2.00514,1.11116,1.43109,0,0,0,0.000224119,0.000224119,0.000224119
445,6909.99,1.4596,2.45548,1.46539,1.59866,0.14465,0.13142,0.1411,0.702,0.70536,0.7633,0.54465,0.59571,0.64283,0.621,0.37303,1.15645,2.01746,1.1349,1.42888,0,0,0,0.000222744,0.000222744,0.000222744
446,6925.64,1.45767,2.46453,1.46308,1.61854,0.13946,0.12782,0.13702,0.75191,0.68898,0.77096,0.55719,0.65743,0.62262,0.62378,0.36415,1.15166,2.02363,1.12009,1.42721,0,0,0,0.00022137,0.00022137,0.00022137
447,6941.19,1.47494,2.44066,1.43552,1.56338,0.14215,0.13107,0.13893,0.70493,0.73939,0.78306,0.56002,0.6128,0.66973,0.63066,0.37069,1.15303,2.0151,1.10684,1.43038,0,0,0,0.000219995,0.000219995,0.000219995
448,6956.78,1.5601,2.43787,1.48726,1.57496,0.13088,0.12069,0.12929,0.80125,0.64745,0.78145,0.55503,0.57691,0.67315,0.62331,0.36673,1.15138,2.01113,1.11393,1.42726,0,0,0,0.000218621,0.000218621,0.000218621
449,6972.36,1.49426,2.39111,1.46483,1.60261,0.13104,0.12248,0.13112,0.66969,0.74183,0.78126,0.55014,0.5851,0.66399,0.63119,0.36785,1.15337,2.00631,1.10168,1.42324,0,0,0,0.000217246,0.000217246,0.000217246
450,6987.48,1.43455,2.34895,1.43834,1.60368,0.13487,0.12146,0.13136,0.67118,0.76652,0.7735,0.54586,0.62044,0.64586,0.62262,0.37335,1.15134,1.97928,1.0791,1.42296,0,0,0,0.000215872,0.000215872,0.000215872
451,7003.19,1.45337,2.41713,1.38468,1.58576,0.13559,0.1273,0.13502,0.69751,0.75428,0.78283,0.55437,0.64308,0.66716,0.63372,0.3784,1.15696,1.98122,1.08374,1.43031,0,0,0,0.000214497,0.000214497,0.000214497
452,7018.54,1.54688,2.50509,1.49051,1.61552,0.139,0.12765,0.13592,0.78465,0.70808,0.77745,0.56053,0.70118,0.63212,0.63248,0.38493,1.15463,1.98643,1.10155,1.43274,0,0,0,0.000213123,0.000213123,0.000213123
453,7033.8,1.48586,2.49339,1.51029,1.63873,0.1367,0.12586,0.13396,0.76505,0.71416,0.78367,0.56627,0.65339,0.66768,0.64144,0.38946,1.14923,1.98816,1.10241,1.42877,0,0,0,0.000211749,0.000211749,0.000211749
454,7049.24,1.48577,2.45052,1.4586,1.60539,0.14374,0.12997,0.13974,0.7459,0.71673,0.79146,0.57099,0.65369,0.65055,0.65384,0.39188,1.13128,1.98666,1.08267,1.41947,0,0,0,0.000210374,0.000210374,0.000210374
455,7064.43,1.42521,2.36404,1.39427,1.57276,0.13881,0.12888,0.13785,0.71166,0.73546,0.78931,0.55554,0.62724,0.67907,0.65174,0.3915,1.12322,1.97878,1.07576,1.41083,0,0,0,0.000209,0.000209,0.000209
456,7080.2,1.4663,2.3306,1.43674,1.5859,0.14606,0.13397,0.14301,0.68382,0.76315,0.78476,0.55352,0.62638,0.67517,0.6459,0.38615,1.1416,1.98938,1.07952,1.41886,0,0,0,0.000207625,0.000207625,0.000207625
457,7095.41,1.43505,2.41961,1.40629,1.57241,0.13411,0.12479,0.13346,0.72889,0.7248,0.7844,0.55673,0.66939,0.66527,0.6698,0.38885,1.14027,1.98374,1.07049,1.41902,0,0,0,0.000206251,0.000206251,0.000206251
458,7111.03,1.43602,2.364,1.38157,1.58943,0.13917,0.12873,0.13739,0.74666,0.72986,0.79412,0.56695,0.66285,0.66123,0.65139,0.39234,1.13596,1.97907,1.06061,1.41819,0,0,0,0.000204876,0.000204876,0.000204876
459,7126.53,1.46925,2.39197,1.44449,1.6055,0.13528,0.12302,0.13224,0.73556,0.73985,0.80083,0.5776,0.65253,0.66137,0.65257,0.39691,1.13684,1.97027,1.07342,1.41614,0,0,0,0.000203502,0.000203502,0.000203502
460,7142.24,1.55797,2.44092,1.44707,1.60186,0.13403,0.12373,0.13331,0.72257,0.72018,0.79986,0.57559,0.62241,0.67485,0.65186,0.39677,1.13232,1.97798,1.09129,1.41633,0,0,0,0.000202127,0.000202127,0.000202127
461,7157.9,1.48088,2.42812,1.3939,1.54844,0.136,0.12153,0.13148,0.75371,0.70832,0.78618,0.56276,0.65649,0.62857,0.63655,0.38271,1.1394,1.98592,1.09169,1.41395,0,0,0,0.000200753,0.000200753,0.000200753
462,7173.39,1.51783,2.4961,1.45309,1.57633,0.13072,0.12093,0.12977,0.74373,0.7015,0.78435,0.56099,0.65028,0.65323,0.66844,0.39357,1.12726,1.97902,1.08614,1.40633,0,0,0,0.000199379,0.000199379,0.000199379
463,7188.84,1.48677,2.52549,1.45433,1.58562,0.13419,0.12166,0.13028,0.81042,0.65876,0.78914,0.56022,0.68613,0.62781,0.66894,0.39804,1.12928,1.97705,1.07829,1.40456,0,0,0,0.000198004,0.000198004,0.000198004
464,7204.26,1.40878,2.41086,1.43986,1.61111,0.13124,0.12074,0.12876,0.72251,0.73195,0.78316,0.56439,0.64963,0.66578,0.65158,0.39515,1.12189,1.95955,1.07239,1.40544,0,0,0,0.00019663,0.00019663,0.00019663
465,7219.9,1.49804,2.37675,1.50287,1.62047,0.13565,0.12127,0.13145,0.70334,0.73531,0.78179,0.56791,0.65174,0.68037,0.67123,0.39243,1.11934,1.96357,1.07758,1.40596,0,0,0,0.000195255,0.000195255,0.000195255
466,7235,1.46363,2.38132,1.47059,1.59671,0.1354,0.12303,0.1327,0.68404,0.75615,0.78113,0.56458,0.6382,0.68896,0.66986,0.38852,1.13119,1.98182,1.09799,1.41015,0,0,0,0.000193881,0.000193881,0.000193881
467,7250.37,1.48657,2.5,1.49523,1.63769,0.13433,0.12184,0.13124,0.70699,0.70914,0.77376,0.55233,0.63289,0.64942,0.65793,0.37872,1.14919,2.00677,1.10723,1.41646,0,0,0,0.000192506,0.000192506,0.000192506
468,7265.81,1.4795,2.44455,1.49234,1.59133,0.13588,0.12231,0.13112,0.75571,0.67707,0.77369,0.55642,0.65635,0.61829,0.6545,0.37913,1.13893,1.97656,1.10378,1.40991,0,0,0,0.000191132,0.000191132,0.000191132
469,7281.29,1.46732,2.38719,1.43489,1.6079,0.12765,0.11877,0.12605,0.79747,0.65891,0.78791,0.57344,0.61756,0.68977,0.65772,0.38624,1.12507,1.96277,1.0883,1.40223,0,0,0,0.000189757,0.000189757,0.000189757
470,7296.93,1.41644,2.37633,1.40323,1.5508,0.13432,0.12388,0.13185,0.79734,0.67437,0.7912,0.57727,0.62348,0.71078,0.66303,0.38953,1.13422,1.96332,1.07541,1.40571,0,0,0,0.000188383,0.000188383,0.000188383
471,7312.13,1.4285,2.34234,1.37768,1.55794,0.13065,0.12339,0.131,0.80125,0.66592,0.7913,0.57496,0.65997,0.65382,0.64833,0.38749,1.13458,1.97498,1.06891,1.41128,0,0,0,0.000187008,0.000187008,0.000187008
472,7327.76,1.49916,2.42034,1.47957,1.59807,0.1267,0.11564,0.12461,0.81658,0.6448,0.7938,0.58127,0.69485,0.63313,0.68331,0.4044,1.12218,1.95612,1.064,1.40273,0,0,0,0.000185634,0.000185634,0.000185634
473,7342.9,1.38782,2.30055,1.36171,1.53964,0.12892,0.11951,0.13039,0.72535,0.72049,0.78753,0.5743,0.66115,0.66384,0.67865,0.40052,1.12087,1.95415,1.05887,1.4004,0,0,0,0.00018426,0.00018426,0.00018426
474,7358.19,1.36242,2.31845,1.39092,1.56491,0.13026,0.12098,0.13001,0.71669,0.72788,0.77974,0.57002,0.63232,0.69016,0.66603,0.39123,1.1172,1.95932,1.06131,1.3993,0,0,0,0.000182885,0.000182885,0.000182885
475,7373.66,1.48113,2.47035,1.49481,1.60369,0.14533,0.13053,0.14013,0.77358,0.68393,0.78087,0.57733,0.70036,0.62603,0.6624,0.39458,1.11007,1.9525,1.06528,1.39715,0,0,0,0.000181511,0.000181511,0.000181511
476,7388.81,1.44041,2.39931,1.40241,1.57696,0.13974,0.12602,0.13491,0.8155,0.64321,0.78496,0.58187,0.65906,0.64585,0.65391,0.39521,1.1115,1.94138,1.05023,1.39612,0,0,0,0.000180136,0.000180136,0.000180136
477,7404.42,1.52231,2.3739,1.47496,1.61822,0.13107,0.11774,0.1279,0.80505,0.67325,0.78811,0.5653,0.71783,0.62629,0.66688,0.39635,1.1035,1.93912,1.05463,1.39643,0,0,0,0.000178762,0.000178762,0.000178762
478,7419.57,1.46847,2.38568,1.40554,1.56763,0.12941,0.12228,0.12969,0.83489,0.68656,0.78699,0.56216,0.73151,0.62893,0.67059,0.39829,1.10264,1.95217,1.05726,1.39818,0,0,0,0.000177387,0.000177387,0.000177387
479,7435.29,1.46811,2.36735,1.38811,1.57208,0.11976,0.11552,0.12292,0.78063,0.69854,0.79287,0.56923,0.69507,0.64417,0.66141,0.38961,1.10239,1.96057,1.05986,1.39142,0,0,0,0.000176013,0.000176013,0.000176013
480,7450.75,1.41701,2.35821,1.39965,1.59787,0.13194,0.12004,0.12867,0.77861,0.71669,0.7999,0.57793,0.69068,0.64547,0.65471,0.40077,1.0933,1.95205,1.07056,1.38501,0,0,0,0.000174638,0.000174638,0.000174638
481,7466.41,1.47081,2.39488,1.40269,1.57166,0.13751,0.12767,0.13724,0.77211,0.7174,0.80284,0.58288,0.67592,0.65663,0.66119,0.40576,1.09222,1.94462,1.07655,1.3856,0,0,0,0.000173264,0.000173264,0.000173264
482,7481.95,1.46047,2.3614,1.39632,1.56437,0.13202,0.12298,0.1315,0.79924,0.70873,0.80325,0.57474,0.69943,0.62327,0.65211,0.39548,1.11384,1.95165,1.06581,1.39806,0,0,0,0.00017189,0.00017189,0.00017189
483,7497.24,1.39299,2.29308,1.33601,1.55924,0.12799,0.12088,0.12904,0.77226,0.73337,0.8021,0.57515,0.69237,0.66446,0.66198,0.40385,1.12316,1.95092,1.05498,1.40213,0,0,0,0.000170515,0.000170515,0.000170515
484,7513.01,1.45716,2.47907,1.38682,1.57612,0.1312,0.12294,0.13084,0.79156,0.71959,0.80211,0.59334,0.6978,0.65687,0.65786,0.41092,1.0922,1.93729,1.05973,1.38611,0,0,0,0.000169141,0.000169141,0.000169141
485,7528.53,1.44971,2.34798,1.41899,1.59272,0.13471,0.12401,0.13474,0.78589,0.74177,0.80449,0.58415,0.70029,0.66386,0.66479,0.40368,1.08689,1.94969,1.07029,1.38328,0,0,0,0.000167766,0.000167766,0.000167766
486,7544.21,1.48877,2.43584,1.44747,1.58516,0.14208,0.13362,0.14161,0.8022,0.74252,0.80797,0.58736,0.71874,0.66358,0.66818,0.40425,1.09093,1.93587,1.08229,1.38337,0,0,0,0.000166392,0.000166392,0.000166392
487,7559.9,1.50353,2.42107,1.41997,1.57593,0.13296,0.12435,0.13146,0.79467,0.73107,0.80107,0.57882,0.72912,0.65494,0.67378,0.405,1.10446,1.93677,1.06983,1.39014,0,0,0,0.000165017,0.000165017,0.000165017
488,7575.4,1.40895,2.30206,1.38344,1.55693,0.13755,0.12569,0.13531,0.7769,0.72646,0.79952,0.58541,0.7133,0.66678,0.6828,0.41103,1.11049,1.92624,1.06613,1.39303,0,0,0,0.000163643,0.000163643,0.000163643
489,7590.55,1.4409,2.33529,1.36,1.52409,0.12751,0.11937,0.12694,0.76828,0.70501,0.78954,0.585,0.7088,0.65019,0.68242,0.4156,1.09893,1.92878,1.06552,1.38688,0,0,0,0.000162268,0.000162268,0.000162268
490,7605.84,1.36521,2.32092,1.35294,1.55598,0.12752,0.11933,0.12744,0.78321,0.70854,0.79002,0.58756,0.70295,0.63434,0.66186,0.40799,1.09485,1.9315,1.05744,1.38348,0,0,0,0.000160894,0.000160894,0.000160894
491,7621.14,1.45895,2.40034,1.4084,1.57372,0.13244,0.12426,0.13174,0.71999,0.72745,0.78508,0.57395,0.61674,0.64372,0.63265,0.38796,1.11049,1.94985,1.06222,1.39111,0,0,0,0.00015952,0.00015952,0.00015952
492,7636.84,1.40617,2.25782,1.37773,1.56661,0.12922,0.1226,0.13044,0.69744,0.74296,0.7835,0.5762,0.60706,0.67312,0.63871,0.38794,1.10166,1.94787,1.05913,1.38259,0,0,0,0.000158145,0.000158145,0.000158145
493,7652.44,1.45414,2.35929,1.37595,1.57462,0.13161,0.12351,0.1304,0.77772,0.69881,0.79244,0.59118,0.65703,0.64789,0.6571,0.3934,1.08762,1.94058,1.05024,1.37678,0,0,0,0.000156771,0.000156771,0.000156771
494,7667.52,1.42865,2.29735,1.36621,1.53372,0.13314,0.12305,0.13108,0.74536,0.7544,0.80142,0.59129,0.66364,0.68199,0.65431,0.39625,1.07609,1.92176,1.04268,1.37049,0,0,0,0.000155396,0.000155396,0.000155396
495,7682.88,1.45977,2.35102,1.39492,1.56908,0.13337,0.12241,0.13082,0.78518,0.75969,0.80981,0.60021,0.70517,0.69291,0.67921,0.41271,1.08727,1.91481,1.03774,1.37408,0,0,0,0.000154022,0.000154022,0.000154022
496,7698.19,1.38213,2.2923,1.34692,1.57116,0.12913,0.12263,0.13027,0.79926,0.73005,0.81635,0.60443,0.72126,0.65952,0.6853,0.42193,1.08697,1.91113,1.04586,1.37496,0,0,0,0.000152647,0.000152647,0.000152647
497,7714.08,1.42705,2.35732,1.40115,1.57324,0.1234,0.11575,0.12431,0.77922,0.71922,0.81465,0.6023,0.67759,0.67003,0.68161,0.42029,1.09279,1.91837,1.04806,1.37718,0,0,0,0.000151273,0.000151273,0.000151273
498,7729.29,1.39583,2.33738,1.35931,1.57689,0.14241,0.13107,0.14003,0.71651,0.77669,0.81128,0.5923,0.64084,0.70845,0.67191,0.41276,1.09278,1.91445,1.05161,1.37806,0,0,0,0.000149898,0.000149898,0.000149898
499,7744.73,1.42152,2.39163,1.40652,1.58393,0.13937,0.12776,0.1358,0.72163,0.75357,0.8063,0.59579,0.64322,0.68633,0.66976,0.41112,1.09947,1.92019,1.07136,1.38319,0,0,0,0.000148524,0.000148524,0.000148524
500,7760.28,1.39744,2.2949,1.33503,1.5487,0.12977,0.1186,0.1272,0.75171,0.73549,0.78933,0.58471,0.67051,0.66655,0.65307,0.40216,1.10121,1.92781,1.06577,1.38763,0,0,0,0.000147149,0.000147149,0.000147149
501,7775.49,1.43379,2.37178,1.37883,1.55485,0.13888,0.12783,0.13649,0.72261,0.75352,0.78968,0.59155,0.6556,0.68765,0.65983,0.40684,1.09395,1.91861,1.05291,1.38086,0,0,0,0.000145775,0.000145775,0.000145775
502,7790.7,1.38465,2.34723,1.38315,1.57009,0.13513,0.1284,0.13566,0.75586,0.76004,0.7999,0.59968,0.6839,0.69748,0.66927,0.41563,1.08261,1.90501,1.04015,1.37579,0,0,0,0.000144401,0.000144401,0.000144401
503,7805.97,1.40923,2.26891,1.37452,1.56226,0.13359,0.12502,0.13384,0.80154,0.72188,0.81108,0.60444,0.72682,0.65455,0.68016,0.41791,1.07647,1.89418,1.03463,1.37272,0,0,0,0.000143026,0.000143026,0.000143026
504,7821.2,1.38028,2.25284,1.37444,1.55033,0.12978,0.12214,0.13028,0.78385,0.73286,0.81191,0.60218,0.70845,0.65096,0.67437,0.41574,1.0764,1.89357,1.04109,1.3712,0,0,0,0.000141652,0.000141652,0.000141652
505,7836.37,1.397,2.33122,1.41078,1.56856,0.13253,0.12267,0.13119,0.76952,0.73692,0.81601,0.60207,0.68779,0.65847,0.67856,0.42042,1.08007,1.88088,1.02905,1.37015,0,0,0,0.000140277,0.000140277,0.000140277
506,7852.01,1.39791,2.28923,1.36779,1.55678,0.12931,0.12276,0.13029,0.77123,0.74822,0.81832,0.61157,0.68119,0.67921,0.68411,0.42618,1.07573,1.87566,1.02329,1.36676,0,0,0,0.000138903,0.000138903,0.000138903
507,7867.46,1.39921,2.32985,1.35713,1.56462,0.13136,0.12356,0.13256,0.73711,0.76345,0.81553,0.60454,0.66513,0.6982,0.70906,0.43551,1.07393,1.87534,1.03125,1.36818,0,0,0,0.000137528,0.000137528,0.000137528
508,7883.44,1.40325,2.35104,1.36891,1.55379,0.14095,0.12931,0.13856,0.76536,0.7406,0.80649,0.59283,0.71425,0.64501,0.69603,0.42514,1.08045,1.87631,1.05631,1.3725,0,0,0,0.000136154,0.000136154,0.000136154
509,7898.49,1.39065,2.31425,1.35576,1.55353,0.13557,0.12676,0.13472,0.76906,0.72029,0.79897,0.58773,0.71727,0.64715,0.68168,0.41494,1.08532,1.88606,1.04784,1.37638,0,0,0,0.000134779,0.000134779,0.000134779
510,7913.9,1.39891,2.35363,1.35684,1.55399,0.13474,0.12788,0.13537,0.73557,0.73576,0.79615,0.58367,0.6693,0.66259,0.67348,0.41052,1.08686,1.88446,1.03268,1.37948,0,0,0,0.000133405,0.000133405,0.000133405
511,7929.01,1.41372,2.32611,1.3849,1.57802,0.13187,0.11991,0.12819,0.71804,0.76645,0.80029,0.58835,0.64356,0.70405,0.68138,0.41442,1.08072,1.8718,1.03156,1.37815,0,0,0,0.000132031,0.000132031,0.000132031
512,7944.73,1.44869,2.26428,1.40095,1.57846,0.1385,0.1284,0.13696,0.71439,0.78371,0.81241,0.60115,0.63927,0.71267,0.68622,0.42317,1.072,1.87107,1.02714,1.37526,0,0,0,0.000130656,0.000130656,0.000130656
513,7960.23,1.38255,2.31596,1.36072,1.55004,0.13533,0.12696,0.13426,0.71323,0.77512,0.81601,0.6129,0.64492,0.6991,0.6912,0.42948,1.0651,1.8677,1.01756,1.36794,0,0,0,0.000129282,0.000129282,0.000129282
514,7975.59,1.39861,2.35652,1.35404,1.55159,0.1283,0.121,0.12911,0.81454,0.70325,0.81503,0.61038,0.73663,0.64283,0.69512,0.43712,1.06085,1.87317,1.01923,1.36143,0,0,0,0.000127907,0.000127907,0.000127907
515,7991.49,1.42061,2.34403,1.35443,1.5525,0.12948,0.11861,0.12569,0.8027,0.69943,0.80939,0.60741,0.7328,0.63407,0.691,0.43367,1.05635,1.87072,1.02607,1.35866,0,0,0,0.000126533,0.000126533,0.000126533
516,8006.93,1.43722,2.33534,1.39393,1.57013,0.13409,0.13002,0.13733,0.79891,0.71111,0.81043,0.60274,0.71648,0.63558,0.68871,0.43201,1.05847,1.87107,1.03165,1.36171,0,0,0,0.000125158,0.000125158,0.000125158
517,8022.1,1.42093,2.31722,1.40746,1.55016,0.13177,0.12086,0.12974,0.82489,0.69999,0.81457,0.60084,0.70349,0.65531,0.68302,0.42986,1.07087,1.87331,1.02934,1.36836,0,0,0,0.000123784,0.000123784,0.000123784
518,8037.31,1.36053,2.26612,1.34117,1.54097,0.12491,0.1148,0.12344,0.81197,0.72524,0.81748,0.60935,0.71421,0.65652,0.68222,0.42706,1.07686,1.87049,1.02061,1.36994,0,0,0,0.000122409,0.000122409,0.000122409
519,8052.46,1.403,2.35116,1.33753,1.53838,0.1302,0.1213,0.12953,0.75036,0.75282,0.81086,0.59908,0.67912,0.68907,0.69228,0.42317,1.07125,1.86235,1.019,1.36869,0,0,0,0.000121035,0.000121035,0.000121035
520,8068.3,1.4295,2.32439,1.32815,1.53308,0.13175,0.12318,0.13186,0.82231,0.68954,0.80845,0.60703,0.75585,0.63612,0.69819,0.42684,1.06961,1.85944,1.02346,1.3677,0,0,0,0.00011966,0.00011966,0.00011966
521,8083.36,1.38388,2.30682,1.36559,1.54605,0.13471,0.12729,0.13575,0.75316,0.7473,0.8074,0.60447,0.68695,0.6826,0.68626,0.42637,1.06805,1.8567,1.03218,1.36475,0,0,0,0.000118286,0.000118286,0.000118286
522,8099.15,1.40893,2.32834,1.36471,1.53239,0.1357,0.12431,0.1325,0.77701,0.72182,0.80897,0.60594,0.69495,0.68643,0.69229,0.42419,1.06647,1.85754,1.03445,1.36216,0,0,0,0.000116912,0.000116912,0.000116912
523,8114.65,1.43186,2.33535,1.42053,1.57184,0.13115,0.11982,0.13003,0.75403,0.74592,0.80985,0.61082,0.698,0.69323,0.69753,0.42872,1.06233,1.85445,1.02532,1.3583,0,0,0,0.000115537,0.000115537,0.000115537
524,8130.17,1.48403,2.38286,1.3788,1.54884,0.13159,0.12388,0.13174,0.79454,0.71366,0.80939,0.60932,0.70765,0.69093,0.69482,0.42794,1.06616,1.85853,1.01924,1.35916,0,0,0,0.000114163,0.000114163,0.000114163
525,8145.36,1.4533,2.30521,1.37512,1.54659,0.1367,0.12514,0.13515,0.78782,0.73301,0.80902,0.6101,0.70637,0.67928,0.6889,0.42388,1.06896,1.86222,1.02208,1.36174,0,0,0,0.000112788,0.000112788,0.000112788
526,8161.05,1.3951,2.30023,1.32127,1.5255,0.12727,0.12026,0.12835,0.78977,0.72511,0.80633,0.60329,0.72179,0.66658,0.68459,0.42507,1.07953,1.8647,1.02444,1.36946,0,0,0,0.000111414,0.000111414,0.000111414
527,8176.38,1.43818,2.31655,1.37459,1.56519,0.13128,0.12525,0.13267,0.75327,0.73522,0.81139,0.60417,0.69086,0.6749,0.68761,0.43091,1.0781,1.86316,1.01602,1.36807,0,0,0,0.000110039,0.000110039,0.000110039
528,8191.76,1.40444,2.30421,1.34989,1.53401,0.12316,0.11641,0.12341,0.73153,0.74112,0.80746,0.60828,0.64925,0.68392,0.67594,0.43125,1.06297,1.85369,1.01108,1.35992,0,0,0,0.000108665,0.000108665,0.000108665
529,8206.97,1.42883,2.30216,1.37039,1.54633,0.13443,0.12423,0.13449,0.69619,0.78532,0.80021,0.60423,0.62325,0.71114,0.663,0.42156,1.05963,1.84869,1.01369,1.3575,0,0,0,0.00010729,0.00010729,0.00010729
530,8222.37,1.39851,2.30937,1.34947,1.54392,0.13708,0.12437,0.13344,0.77492,0.71322,0.8112,0.60929,0.63126,0.70497,0.67739,0.42941,1.0628,1.85578,1.01856,1.35679,0,0,0,0.000105916,0.000105916,0.000105916
531,8237.47,1.41443,2.2553,1.39256,1.55735,0.12205,0.11635,0.12345,0.74188,0.72725,0.81163,0.60958,0.67015,0.65367,0.67294,0.4273,1.06428,1.8593,1.01182,1.35687,0,0,0,0.000104542,0.000104542,0.000104542
532,8253.18,1.41011,2.30686,1.36409,1.56137,0.1352,0.12261,0.13251,0.70413,0.77795,0.81412,0.61569,0.62318,0.70876,0.67327,0.41926,1.0577,1.85369,1.00474,1.35538,0,0,0,0.000103167,0.000103167,0.000103167
533,8268.35,1.39802,2.27136,1.32096,1.54776,0.1333,0.12583,0.13365,0.70494,0.77711,0.81216,0.61222,0.6279,0.71319,0.68171,0.42163,1.05244,1.84363,1.00359,1.35245,0,0,0,0.000101793,0.000101793,0.000101793
534,8283.65,1.45281,2.39996,1.38176,1.55032,0.13829,0.12827,0.13692,0.74277,0.73645,0.8139,0.61593,0.66578,0.65632,0.67353,0.41753,1.05384,1.84257,1.01221,1.35041,0,0,0,0.000100418,0.000100418,0.000100418
535,8299.21,1.43086,2.37103,1.41273,1.5733,0.13158,0.12325,0.13101,0.76652,0.74383,0.81082,0.60701,0.68847,0.66029,0.66567,0.41389,1.06192,1.84518,1.01704,1.35187,0,0,0,9.90437e-05,9.90437e-05,9.90437e-05
536,8314.77,1.44362,2.36469,1.38761,1.54177,0.13225,0.12237,0.1305,0.74568,0.77631,0.82043,0.61322,0.65996,0.69453,0.67387,0.41945,1.05552,1.84341,1.01069,1.34874,0,0,0,9.76692e-05,9.76692e-05,9.76692e-05
537,8330.39,1.44903,2.31667,1.37805,1.53575,0.12392,0.11724,0.12542,0.74789,0.7715,0.81812,0.61228,0.66982,0.69105,0.68273,0.42498,1.04982,1.84592,1.01,1.34387,0,0,0,9.62948e-05,9.62948e-05,9.62948e-05
538,8345.87,1.37084,2.28071,1.33989,1.55204,0.12998,0.12007,0.13004,0.76178,0.75914,0.81864,0.61655,0.68929,0.68237,0.69078,0.42888,1.05302,1.85511,1.0115,1.344,0,0,0,9.49203e-05,9.49203e-05,9.49203e-05
539,8360.93,1.33064,2.25419,1.31612,1.52507,0.12942,0.11923,0.12795,0.72771,0.77949,0.81689,0.62034,0.67168,0.70605,0.69621,0.43585,1.04,1.84648,1.00725,1.33879,0,0,0,9.35459e-05,9.35459e-05,9.35459e-05
540,8376.62,1.37124,2.17238,1.329,1.52878,0.1336,0.12485,0.13224,0.71608,0.76959,0.80738,0.60934,0.6558,0.70666,0.68659,0.42549,1.03475,1.84661,1.00511,1.33804,0,0,0,9.21715e-05,9.21715e-05,9.21715e-05
541,8391.8,1.35338,2.25517,1.31444,1.52483,0.1296,0.1221,0.13063,0.72572,0.76184,0.8078,0.6033,0.66472,0.6988,0.68759,0.42144,1.038,1.84682,1.00496,1.33962,0,0,0,9.0797e-05,9.0797e-05,9.0797e-05
542,8407.21,1.42061,2.3233,1.35036,1.52601,0.1281,0.12037,0.12757,0.73434,0.76857,0.80728,0.60504,0.6645,0.69656,0.6689,0.41936,1.0456,1.85249,1.00545,1.34135,0,0,0,8.94226e-05,8.94226e-05,8.94226e-05
543,8422.33,1.4441,2.34546,1.39909,1.5558,0.12321,0.11708,0.12448,0.73452,0.75571,0.8084,0.60646,0.65985,0.68633,0.67424,0.42198,1.04704,1.84537,1.00373,1.34122,0,0,0,8.80481e-05,8.80481e-05,8.80481e-05
544,8437.51,1.36672,2.31995,1.36512,1.569,0.13015,0.12319,0.13115,0.73265,0.75815,0.80536,0.60385,0.65174,0.69295,0.67273,0.42409,1.04068,1.84567,1.00476,1.33912,0,0,0,8.66736e-05,8.66736e-05,8.66736e-05
545,8452.78,1.39046,2.23814,1.31941,1.51936,0.12096,0.11563,0.12326,0.72146,0.77162,0.80355,0.60619,0.65516,0.71142,0.67032,0.41927,1.04245,1.84119,1.00283,1.34017,0,0,0,8.52992e-05,8.52992e-05,8.52992e-05
546,8468.45,1.39226,2.2924,1.36261,1.52792,0.126,0.11774,0.12596,0.74563,0.74811,0.8076,0.60631,0.67481,0.69594,0.6765,0.42213,1.04931,1.84229,0.99152,1.34218,0,0,0,8.39248e-05,8.39248e-05,8.39248e-05
547,8483.49,1.33886,2.32284,1.34671,1.54154,0.12792,0.12236,0.13105,0.74093,0.75632,0.80937,0.60461,0.66983,0.69095,0.6727,0.42145,1.05255,1.83993,0.99196,1.3417,0,0,0,8.25503e-05,8.25503e-05,8.25503e-05
548,8498.81,1.38074,2.35197,1.32731,1.52564,0.13562,0.12759,0.13706,0.73479,0.76197,0.81072,0.61258,0.66579,0.70263,0.67826,0.42321,1.04804,1.83285,0.99579,1.33855,0,0,0,8.11759e-05,8.11759e-05,8.11759e-05
549,8514,1.4092,2.3123,1.32919,1.51247,0.14114,0.13007,0.14093,0.77909,0.72471,0.81126,0.61664,0.70556,0.66607,0.69201,0.42933,1.03909,1.82711,1.0025,1.33569,0,0,0,7.98014e-05,7.98014e-05,7.98014e-05
550,8529.37,1.41002,2.26768,1.36775,1.52565,0.13201,0.12371,0.13156,0.77107,0.72968,0.81094,0.60818,0.69983,0.66567,0.68838,0.42444,1.03122,1.82547,1.01301,1.33227,0,0,0,7.84269e-05,7.84269e-05,7.84269e-05
551,8544.51,1.36434,2.20418,1.33485,1.52725,0.12684,0.11608,0.12543,0.75985,0.73268,0.80527,0.6102,0.69723,0.68807,0.68953,0.42295,1.02461,1.82435,1.00965,1.32883,0,0,0,7.70525e-05,7.70525e-05,7.70525e-05
552,8559.79,1.29031,2.1947,1.26756,1.49574,0.12271,0.11755,0.12392,0.76764,0.74136,0.81772,0.61849,0.69828,0.68975,0.70039,0.43148,1.0219,1.82411,1.00113,1.32821,0,0,0,7.5678e-05,7.5678e-05,7.5678e-05
553,8574.96,1.3432,2.27436,1.33021,1.52533,0.13447,0.126,0.13456,0.76209,0.74374,0.81878,0.62001,0.70069,0.68529,0.69905,0.43323,1.02074,1.82141,0.99107,1.32809,0,0,0,7.43036e-05,7.43036e-05,7.43036e-05
554,8590.39,1.34993,2.2714,1.31727,1.51706,0.12373,0.11723,0.12464,0.74502,0.75199,0.8168,0.61921,0.6829,0.69182,0.69577,0.43019,1.02263,1.81887,0.98869,1.33006,0,0,0,7.29292e-05,7.29292e-05,7.29292e-05
555,8605.6,1.38828,2.30853,1.32321,1.5213,0.12887,0.12259,0.13094,0.75444,0.75763,0.81925,0.62308,0.67638,0.70257,0.68966,0.42765,1.027,1.82109,0.98892,1.33178,0,0,0,7.15547e-05,7.15547e-05,7.15547e-05
556,8620.99,1.4186,2.25482,1.35404,1.54159,0.12421,0.11863,0.12543,0.74217,0.76744,0.81894,0.61858,0.67043,0.70715,0.68768,0.42972,1.03067,1.82129,0.99465,1.33372,0,0,0,7.01802e-05,7.01802e-05,7.01802e-05
557,8636.22,1.33753,2.19728,1.28808,1.53125,0.13162,0.12036,0.1295,0.72935,0.79309,0.82025,0.62904,0.66611,0.72748,0.69158,0.43611,1.0332,1.8255,0.99168,1.33434,0,0,0,6.88058e-05,6.88058e-05,6.88058e-05
558,8652.25,1.38874,2.31289,1.31718,1.53717,0.13075,0.12509,0.13185,0.77589,0.73318,0.82283,0.62443,0.6917,0.68331,0.70511,0.43844,1.03155,1.82521,0.9915,1.3327,0,0,0,6.74313e-05,6.74313e-05,6.74313e-05
559,8667.48,1.34466,2.24119,1.26916,1.49113,0.12996,0.12493,0.13214,0.79003,0.73178,0.82459,0.62297,0.71783,0.67701,0.70561,0.43881,1.02634,1.82373,0.99146,1.3295,0,0,0,6.60569e-05,6.60569e-05,6.60569e-05
560,8683.29,1.40133,2.2949,1.31191,1.50943,0.12707,0.12174,0.1292,0.76445,0.75722,0.82281,0.62178,0.69724,0.70138,0.70114,0.44082,1.02271,1.81854,0.99272,1.32732,0,0,0,6.46825e-05,6.46825e-05,6.46825e-05
561,8698.98,1.39487,2.34449,1.32456,1.51552,0.1374,0.12773,0.13546,0.77027,0.74936,0.81649,0.61552,0.70238,0.70404,0.69744,0.44045,1.02134,1.8181,0.99114,1.32559,0,0,0,6.3308e-05,6.3308e-05,6.3308e-05
562,8714.15,1.33715,2.23802,1.30329,1.53335,0.12895,0.12213,0.13069,0.78052,0.73938,0.81598,0.61754,0.70716,0.6957,0.69787,0.44432,1.02274,1.82192,0.99422,1.32651,0,0,0,6.19335e-05,6.19335e-05,6.19335e-05
563,8729.74,1.35871,2.248,1.316,1.5103,0.12615,0.11889,0.12783,0.80245,0.71294,0.81476,0.61377,0.69653,0.67455,0.69327,0.44438,1.01997,1.82191,0.9941,1.32604,0,0,0,6.05591e-05,6.05591e-05,6.05591e-05
564,8745.26,1.37587,2.22263,1.29416,1.5189,0.13655,0.1278,0.13601,0.79696,0.72874,0.8231,0.61977,0.71817,0.67742,0.69503,0.44958,1.02041,1.81382,0.99,1.32584,0,0,0,5.91846e-05,5.91846e-05,5.91846e-05
565,8760.98,1.41569,2.27635,1.35523,1.54404,0.13005,0.12256,0.13015,0.78042,0.73205,0.8225,0.62454,0.7104,0.6868,0.69874,0.44644,1.02274,1.80914,0.98679,1.32756,0,0,0,5.78102e-05,5.78102e-05,5.78102e-05
566,8776.45,1.40395,2.33199,1.36559,1.52896,0.12153,0.1202,0.12634,0.77673,0.7363,0.8224,0.62107,0.70591,0.70012,0.69402,0.43814,1.02247,1.80988,0.98831,1.32729,0,0,0,5.64358e-05,5.64358e-05,5.64358e-05
567,8792.1,1.37369,2.22956,1.34202,1.53011,0.13453,0.12331,0.13222,0.7689,0.75987,0.8241,0.61983,0.69707,0.69355,0.68496,0.43278,1.02181,1.81111,0.98735,1.32768,0,0,0,5.50613e-05,5.50613e-05,5.50613e-05
568,8807.23,1.36316,2.25702,1.28584,1.49274,0.1271,0.12063,0.1293,0.77292,0.74793,0.8253,0.63016,0.69625,0.69243,0.68977,0.43601,1.02275,1.8095,0.98511,1.32904,0,0,0,5.36869e-05,5.36869e-05,5.36869e-05
569,8822.96,1.40614,2.27928,1.34012,1.53836,0.12966,0.12351,0.13137,0.76561,0.74111,0.82441,0.62403,0.69637,0.68134,0.68681,0.43689,1.02537,1.81053,0.98474,1.33141,0,0,0,5.23124e-05,5.23124e-05,5.23124e-05
570,8838.55,1.3842,2.2663,1.33572,1.50682,0.12948,0.12322,0.1318,0.74916,0.75237,0.82448,0.62321,0.68056,0.69283,0.69309,0.43247,1.02383,1.81406,0.98522,1.33146,0,0,0,5.09379e-05,5.09379e-05,5.09379e-05
571,8853.6,1.33636,2.15286,1.3053,1.51171,0.12511,0.12,0.12758,0.75961,0.75123,0.82162,0.62132,0.67916,0.68231,0.68233,0.43502,1.02118,1.81076,0.98593,1.3298,0,0,0,4.95635e-05,4.95635e-05,4.95635e-05
572,8868.99,1.34262,2.24433,1.30335,1.49421,0.12834,0.12305,0.13167,0.75925,0.73818,0.81934,0.62224,0.67841,0.66899,0.67776,0.43565,1.01609,1.80527,0.98236,1.32764,0,0,0,4.81891e-05,4.81891e-05,4.81891e-05
573,8884.64,1.41452,2.26738,1.32619,1.50449,0.12425,0.12016,0.12658,0.77193,0.7303,0.81706,0.62672,0.66913,0.66938,0.6775,0.43815,1.01482,1.80197,0.97724,1.32755,0,0,0,4.68146e-05,4.68146e-05,4.68146e-05
574,8899.98,1.41364,2.23855,1.35474,1.50395,0.12939,0.12268,0.13012,0.76637,0.7396,0.81877,0.62446,0.68122,0.6697,0.68082,0.44003,1.01305,1.79912,0.9742,1.32628,0,0,0,4.54402e-05,4.54402e-05,4.54402e-05
575,8915.37,1.36329,2.22624,1.30387,1.52048,0.12888,0.11916,0.12762,0.75877,0.74085,0.82113,0.62617,0.67221,0.6864,0.68997,0.44165,1.01363,1.79594,0.97532,1.32552,0,0,0,4.40657e-05,4.40657e-05,4.40657e-05
576,8930.83,1.38133,2.2678,1.31779,1.52472,0.12161,0.11697,0.1238,0.76479,0.73665,0.82059,0.62736,0.68108,0.67386,0.68769,0.43994,1.012,1.79211,0.97555,1.32415,0,0,0,4.26912e-05,4.26912e-05,4.26912e-05
577,8946.01,1.40405,2.27229,1.30829,1.50624,0.11844,0.11731,0.12328,0.77729,0.74183,0.82033,0.62896,0.70264,0.67317,0.69208,0.44122,1.00967,1.79499,0.97842,1.32404,0,0,0,4.13168e-05,4.13168e-05,4.13168e-05
578,8961.69,1.37477,2.21101,1.31349,1.50205,0.12618,0.12071,0.12765,0.77903,0.73752,0.82245,0.63043,0.70477,0.67009,0.69517,0.44152,1.01041,1.79751,0.97434,1.32338,0,0,0,3.99423e-05,3.99423e-05,3.99423e-05
579,8977.04,1.29921,2.12749,1.28291,1.5049,0.12947,0.12209,0.13084,0.7947,0.73217,0.82292,0.62949,0.71458,0.66965,0.69799,0.44629,1.00919,1.7954,0.97238,1.3212,0,0,0,3.85679e-05,3.85679e-05,3.85679e-05
580,8992.95,1.361,2.22803,1.32657,1.51876,0.12632,0.11847,0.12568,0.8135,0.72664,0.82476,0.63239,0.70713,0.6722,0.7,0.45354,1.00511,1.79406,0.97008,1.31825,0,0,0,3.71935e-05,3.71935e-05,3.71935e-05
581,9008.93,1.37994,2.19013,1.34241,1.50685,0.13174,0.12179,0.13103,0.80301,0.72685,0.82336,0.62997,0.72501,0.66155,0.70433,0.45143,0.99999,1.79267,0.9679,1.31716,0,0,0,3.5819e-05,3.5819e-05,3.5819e-05
582,9024.42,1.33182,2.17843,1.2911,1.50861,0.12977,0.12515,0.13322,0.78889,0.73479,0.82394,0.63148,0.70638,0.67257,0.70099,0.44817,0.99965,1.79246,0.96911,1.3174,0,0,0,3.44445e-05,3.44445e-05,3.44445e-05
583,9040.04,1.41433,2.33842,1.31388,1.50741,0.1327,0.12574,0.13424,0.76917,0.74375,0.8234,0.62999,0.68133,0.70109,0.70647,0.44863,1.00105,1.79201,0.97126,1.31735,0,0,0,3.30701e-05,3.30701e-05,3.30701e-05
584,9055.51,1.33525,2.1616,1.30841,1.51307,0.13329,0.12441,0.13355,0.77616,0.74707,0.82299,0.63106,0.70813,0.68678,0.70324,0.44383,1.00487,1.79453,0.97541,1.31788,0,0,0,3.16956e-05,3.16956e-05,3.16956e-05
585,9070.57,1.37157,2.21324,1.3417,1.53851,0.12311,0.11604,0.12402,0.76159,0.75346,0.82288,0.62728,0.69643,0.69403,0.70213,0.44341,1.00544,1.79367,0.9776,1.3179,0,0,0,3.03212e-05,3.03212e-05,3.03212e-05
586,9085.79,1.30978,2.17581,1.29622,1.51421,0.12067,0.11466,0.12245,0.75765,0.76238,0.816,0.61992,0.69313,0.69832,0.69462,0.43769,1.00713,1.79341,0.98021,1.31822,0,0,0,2.89468e-05,2.89468e-05,2.89468e-05
587,9101.28,1.33261,2.19533,1.32313,1.51945,0.13043,0.1214,0.12898,0.7398,0.76592,0.82436,0.62541,0.68002,0.70484,0.70654,0.44615,1.00624,1.79201,0.98035,1.31832,0,0,0,2.75723e-05,2.75723e-05,2.75723e-05
588,9116.48,1.34445,2.21775,1.33401,1.52692,0.12239,0.11814,0.12521,0.74706,0.76794,0.82593,0.62762,0.68698,0.70256,0.70064,0.44409,1.00816,1.79206,0.98056,1.31849,0,0,0,2.61978e-05,2.61978e-05,2.61978e-05
589,9131.78,1.38207,2.29814,1.3545,1.54488,0.12393,0.11672,0.12515,0.74718,0.76668,0.82566,0.62956,0.69124,0.70142,0.70048,0.44427,1.00869,1.79089,0.97961,1.31789,0,0,0,2.48234e-05,2.48234e-05,2.48234e-05
590,9146.89,1.36986,2.28867,1.34247,1.54438,0.1217,0.11507,0.123,0.75193,0.77873,0.82649,0.63013,0.6885,0.70483,0.70647,0.44929,1.00702,1.78894,0.97884,1.31754,0,0,0,2.34489e-05,2.34489e-05,2.34489e-05
591,9166,1.42934,2.24493,1.34049,1.58539,0.09552,0.07967,0.08802,0.736,0.78445,0.82462,0.61613,0.66971,0.71965,0.70513,0.4409,1.03179,1.80593,0.99181,1.32411,0,0,0,2.20745e-05,2.20745e-05,2.20745e-05
592,9181.37,1.36636,2.18327,1.25961,1.55204,0.09341,0.07871,0.08586,0.74776,0.76769,0.81873,0.59805,0.66165,0.71574,0.6925,0.43194,1.0655,1.83721,1.00803,1.34019,0,0,0,2.07001e-05,2.07001e-05,2.07001e-05
593,9196.38,1.37977,2.23911,1.26093,1.56635,0.0918,0.07824,0.08573,0.75904,0.74728,0.81225,0.58578,0.69413,0.68061,0.6899,0.42093,1.08324,1.86302,1.01377,1.35181,0,0,0,1.93256e-05,1.93256e-05,1.93256e-05
594,9211.95,1.33842,2.21536,1.25646,1.51377,0.09032,0.0777,0.08452,0.76966,0.72631,0.80899,0.58152,0.70272,0.66274,0.68945,0.41833,1.08777,1.8793,1.01478,1.35559,0,0,0,1.79512e-05,1.79512e-05,1.79512e-05
595,9227.3,1.34044,2.17266,1.2691,1.52686,0.09353,0.07892,0.08673,0.77357,0.71812,0.8086,0.58097,0.70671,0.65584,0.68753,0.41618,1.08986,1.89086,1.01612,1.35871,0,0,0,1.65767e-05,1.65767e-05,1.65767e-05
596,9242.67,1.29808,2.18336,1.19867,1.49981,0.08947,0.07744,0.08396,0.77414,0.71437,0.79935,0.57858,0.70667,0.65112,0.67715,0.41038,1.08656,1.88874,1.01268,1.35777,0,0,0,1.52022e-05,1.52022e-05,1.52022e-05
597,9257.81,1.29666,2.09429,1.18335,1.48059,0.08537,0.07558,0.08176,0.77161,0.72223,0.79938,0.57837,0.70571,0.65978,0.67849,0.40935,1.0838,1.88842,1.01116,1.35663,0,0,0,1.38278e-05,1.38278e-05,1.38278e-05
598,9273.12,1.3149,2.21032,1.201,1.50435,0.08871,0.07806,0.08445,0.78966,0.71566,0.80006,0.57975,0.72379,0.65407,0.67905,0.41083,1.08038,1.88599,1.00711,1.35459,0,0,0,1.24534e-05,1.24534e-05,1.24534e-05
599,9288.3,1.3283,2.16975,1.19069,1.45882,0.08617,0.07579,0.08209,0.76873,0.72443,0.79939,0.58146,0.70125,0.66126,0.68146,0.41303,1.08008,1.88464,1.00613,1.35371,0,0,0,1.10789e-05,1.10789e-05,1.10789e-05
600,9303.59,1.32935,2.10104,1.18919,1.50712,0.08673,0.0763,0.08215,0.78738,0.71758,0.79833,0.58587,0.69356,0.6629,0.68124,0.41438,1.07872,1.88435,1.0038,1.35249,0,0,0,9.70445e-06,9.70445e-06,9.70445e-06
