epoch,time,train/box_loss,train/seg_loss,train/cls_loss,train/dfl_loss,train/sem_loss,train/heat_loss,train/seed_loss,metrics/precision(B),metrics/recall(B),metrics/mAP50(B),metrics/mAP50-95(B),metrics/precision(M),metrics/recall(M),metrics/mAP50(M),metrics/mAP50-95(M),val/box_loss,val/seg_loss,val/cls_loss,val/dfl_loss,val/sem_loss,val/heat_loss,val/seed_loss,lr/pg0,lr/pg1,lr/pg2
1,13.3009,3.86851,6.68284,5.2812,4.213,0,0,0,8e-05,0.09495,0.00015,6e-05,0.00016,0.07048,0.00011,3e-05,3.88946,5.2046,4.31527,4.15838,0,0,0,0.00012495,0.00012495,0.00012495
2,19.5993,3.98219,6.32248,5.30029,4.18296,0,0,0,0.0001,0.09554,7e-05,3e-05,0.00017,0.07048,6e-05,2e-05,3.88921,5.18813,4.31453,4.15425,0,0,0,0.000257804,0.000257804,0.000257804
3,26.0228,4.04449,5.2764,5.23784,4.1599,0,0,0,9e-05,0.09976,3e-05,1e-05,0.00019,0.0695,2e-05,1e-05,3.889,5.12743,4.30389,4.1381,0,0,0,0.000390218,0.000390218,0.000390218
4,32.3796,3.87568,4.79313,5.10205,4.12578,0,0,0,0.00016,0.10497,3e-05,1e-05,0.00014,0.06891,2e-05,0,3.88489,4.90093,4.27858,4.10378,0,0,0,0.000522192,0.000522192,0.000522192
5,38.579,3.93506,4.53697,5.07145,4.08135,0,0,0,0.00016,0.10334,4e-05,1e-05,0.00015,0.09656,4e-05,1e-05,3.85743,4.60722,4.24829,4.07033,0,0,0,0.000653727,0.000653727,0.000653727
6,44.9216,3.93876,4.36478,5.03794,4.03169,0,0,0,0.00016,0.02453,2e-05,1e-05,0.00016,0.00458,1e-05,0,3.86199,4.50783,4.20572,4.04565,0,0,0,0.000784821,0.000784821,0.000784821
7,51.0564,3.85986,4.45174,4.95052,3.97268,0,0,0,0.00018,0.02121,5e-05,1e-05,0.00016,0.01419,2e-05,0,3.85871,4.4439,4.15562,4.00142,0,0,0,0.000824753,0.000824753,0.000824753
8,57.2465,3.87669,4.405,4.94791,3.88709,0,0,0,0.0002,0.0222,5e-05,1e-05,0.0001,0.00841,2e-05,0,3.88989,4.44109,4.13607,3.97258,0,0,0,0.000823379,0.000823379,0.000823379
9,63.5604,3.79829,4.3862,4.86126,3.83842,0,0,0,0.00017,0.02488,5e-05,1e-05,0.00012,0.01541,3e-05,1e-05,3.82297,4.43275,4.14854,3.86679,0,0,0,0.000822004,0.000822004,0.000822004
10,69.8423,3.80583,4.44115,4.80526,3.77895,0,0,0,0.00022,0.02286,0.00012,3e-05,0.00019,0.01343,5e-05,1e-05,3.74109,4.38703,4.19479,3.93092,0,0,0,0.00082063,0.00082063,0.00082063
11,76.2009,3.80251,4.48783,4.7385,3.7237,0,0,0,0.00027,0.0603,0.0011,0.00043,0.00021,0.04269,0.0001,3e-05,3.71285,4.39047,4.10642,3.79094,0,0,0,0.000819255,0.000819255,0.000819255
12,82.4574,3.68835,4.43506,4.65209,3.64787,0,0,0,0.00031,0.10537,0.00017,4e-05,0.00027,0.07271,7e-05,1e-05,3.6661,4.47009,4.1354,3.86613,0,0,0,0.000817881,0.000817881,0.000817881
13,88.8413,3.81094,4.4109,4.68504,3.62273,0,0,0,0.00062,0.10438,0.00055,0.00018,0.00031,0.04688,6e-05,1e-05,3.64059,4.39841,4.07851,3.69233,0,0,0,0.000816507,0.000816507,0.000816507
14,95.089,3.79251,4.46457,4.70176,3.55337,0,0,0,0.00159,0.09536,0.00068,0.00015,0.00071,0.11101,0.00103,0.00012,3.58531,4.32258,3.98661,3.52535,0,0,0,0.000815132,0.000815132,0.000815132
15,101.284,3.60439,4.30811,4.66779,3.53105,0,0,0,0.00173,0.10117,0.00038,0.0001,0.00051,0.11,0.00043,9e-05,3.47305,4.34055,3.93357,3.47944,0,0,0,0.000813758,0.000813758,0.000813758
16,107.589,3.52145,4.34763,4.56406,3.49073,0,0,0,0.00082,0.07073,0.00029,7e-05,0.00048,0.08297,0.00049,0.0001,3.44532,4.29398,3.90334,3.42127,0,0,0,0.000812383,0.000812383,0.000812383
17,113.809,3.51615,4.29565,4.47802,3.42186,0,0,0,0.00099,0.06571,0.00028,7e-05,0.00071,0.0232,0.00016,4e-05,3.36363,4.32082,3.96826,3.41986,0,0,0,0.000811009,0.000811009,0.000811009
18,120.004,3.40875,4.33173,4.49546,3.38938,0,0,0,0.87827,0.0006,0.00015,4e-05,0.87827,0.0006,0.00014,3e-05,3.37468,4.31789,4.01343,3.37242,0,0,0,0.000809634,0.000809634,0.000809634
19,126.07,3.37144,4.41981,4.57763,3.34826,0,0,0,0.75265,0.0008,0.0009,0.00019,0.7652,0.0006,0.00079,0.00012,3.34837,4.30074,3.99478,3.28617,0,0,0,0.00080826,0.00080826,0.00080826
20,132.296,3.28948,4.3369,4.57586,3.38375,0,0,0,0.63432,0.0006,0.00082,0.00019,0.6378,0.0006,0.00073,0.00016,3.36342,4.31001,3.85344,3.26461,0,0,0,0.000806885,0.000806885,0.000806885
21,138.457,3.40181,4.30805,4.52367,3.35324,0,0,0,0.64403,0.0006,0.00142,0.00046,0.64449,0.0006,0.00116,0.00024,3.28638,4.29927,3.88225,3.26345,0,0,0,0.000805511,0.000805511,0.000805511
22,144.604,3.27649,4.27731,4.49953,3.28501,0,0,0,0.00041,0.03672,0.00097,0.00019,0.50086,0.01184,0.00024,5e-05,3.28747,4.28517,3.93368,3.27566,0,0,0,0.000804137,0.000804137,0.000804137
23,150.753,3.27608,4.3105,4.50867,3.28324,0,0,0,0.00065,0.0383,0.00126,0.00042,0.00053,0.02767,0.00059,0.00012,3.28515,4.29009,3.93228,3.25395,0,0,0,0.000802762,0.000802762,0.000802762
24,156.997,3.26231,4.30059,4.42228,3.27188,0,0,0,0.12557,0.02669,0.00086,0.00015,0.00074,0.03307,0.00021,4e-05,3.24878,4.26664,3.8779,3.19453,0,0,0,0.000801388,0.000801388,0.000801388
25,163.266,3.294,4.31608,4.43568,3.29435,0,0,0,0.00071,0.05195,0.00031,7e-05,0.00056,0.03168,0.00021,4e-05,3.22809,4.27274,3.96587,3.16855,0,0,0,0.000800013,0.000800013,0.000800013
26,169.436,3.27797,4.34365,4.43267,3.2234,0,0,0,0.00105,0.04958,0.00106,0.00017,0.00079,0.03336,0.00029,6e-05,3.25825,4.26803,3.83457,3.17476,0,0,0,0.000798639,0.000798639,0.000798639
27,175.866,3.26897,4.39265,4.3276,3.1542,0,0,0,0.00102,0.0437,0.00194,0.00043,0.00084,0.03247,0.00072,0.0001,3.33685,4.23553,3.82858,3.18134,0,0,0,0.000797264,0.000797264,0.000797264
28,182.018,3.23418,4.40449,4.30753,3.17092,0,0,0,0.00088,0.04916,0.00043,9e-05,0.12582,0.01364,0.00035,6e-05,3.21234,4.23413,3.80997,3.14289,0,0,0,0.00079589,0.00079589,0.00079589
29,188.224,3.27903,4.27335,4.33138,3.1321,0,0,0,0.25175,0.01445,0.00226,0.00047,0.376,0.00562,0.00024,5e-05,3.25481,4.22591,3.92318,3.09249,0,0,0,0.000794515,0.000794515,0.000794515
30,194.381,3.1828,4.25117,4.28485,3.08056,0,0,0,0.00099,0.0616,0.00104,0.00024,0.37745,0.00401,0.00078,0.00016,3.2009,4.22266,3.8083,3.08133,0,0,0,0.000793141,0.000793141,0.000793141
31,200.506,3.23512,4.23099,4.35573,3.08719,0,0,0,0.37822,0.00461,0.00066,0.00014,0.37651,0.00602,0.00067,0.0001,3.20953,4.25592,3.9144,3.09465,0,0,0,0.000791767,0.000791767,0.000791767
32,206.742,3.24046,4.25481,4.36688,3.10957,0,0,0,0.37859,0.00401,0.00056,0.00012,0.37802,0.00201,0.00034,5e-05,3.22412,4.24651,3.94273,3.11127,0,0,0,0.000790392,0.000790392,0.000790392
33,212.996,3.17588,4.27867,4.3113,3.1288,0,0,0,0.0011,0.06142,0.00088,0.00022,0.50341,0.0014,0.00069,0.00016,3.10651,4.23564,3.79308,3.04012,0,0,0,0.000789018,0.000789018,0.000789018
34,219.343,3.23721,4.2015,4.22469,3.04852,0,0,0,0.12661,0.05361,0.00128,0.00023,0.38033,0.00161,0.00055,0.00011,3.10782,4.22844,3.82099,3.03049,0,0,0,0.000787643,0.000787643,0.000787643
35,225.749,3.09802,4.26423,4.2385,3.01209,0,0,0,0.37739,0.00722,0.00101,0.00026,0.37706,0.00522,0.00121,0.00022,3.16271,4.24554,3.75636,3.0054,0,0,0,0.000786269,0.000786269,0.000786269
36,232.017,3.15217,4.23914,4.12743,2.9807,0,0,0,0.37859,0.00562,0.00313,0.00099,0.37886,0.00201,0.00198,0.00031,3.12062,4.20246,3.742,2.99069,0,0,0,0.000784894,0.000784894,0.000784894
37,238.481,3.07044,4.26472,4.21125,2.97977,0,0,0,0.12908,0.02902,0.00145,0.00033,0.37863,0.00221,0.00138,0.00029,3.08731,4.1945,3.80638,2.97727,0,0,0,0.00078352,0.00078352,0.00078352
38,244.688,3.10854,4.33249,4.15528,2.99263,0,0,0,0.37886,0.00181,0.00135,0.00031,0.37817,0.0014,0.00108,0.00022,3.0723,4.17649,3.85376,2.98686,0,0,0,0.000782145,0.000782145,0.000782145
39,250.99,3.08527,4.22911,4.23617,2.97337,0,0,0,0.37957,0.00221,0.00133,0.00036,0.37844,0.00161,0.00085,0.0002,3.09835,4.19637,3.81283,2.96998,0,0,0,0.000780771,0.000780771,0.000780771
40,257.175,3.1586,4.20845,4.07814,2.96761,0,0,0,0.38309,0.00221,0.00182,0.00042,0.38189,0.00181,0.00086,0.0002,3.06187,4.2011,3.77507,3.00035,0,0,0,0.000779396,0.000779396,0.000779396
41,263.308,3.10069,4.21752,4.16962,2.94535,0,0,0,0.38142,0.00682,0.00428,0.00142,0.38029,0.00562,0.00199,0.00052,3.04044,4.18857,3.74286,2.89163,0,0,0,0.000778022,0.000778022,0.000778022
42,269.609,3.10216,4.19675,4.08359,2.91014,0,0,0,0.50822,0.00602,0.00262,0.00069,0.50593,0.00421,0.00178,0.00038,3.09118,4.1922,3.81128,2.91847,0,0,0,0.000776648,0.000776648,0.000776648
43,276.35,3.1031,4.20202,4.21077,2.93052,0,0,0,0.63503,0.00582,0.00256,0.00068,0.63243,0.00421,0.00143,0.00036,3.07255,4.18513,3.69544,2.92553,0,0,0,0.000775273,0.000775273,0.000775273
44,282.552,3.1069,4.23175,4.17341,2.89116,0,0,0,0.05084,0.08418,0.00838,0.00146,0.63118,0.00401,0.00135,0.00024,3.12305,4.21597,3.7698,2.93206,0,0,0,0.000773899,0.000773899,0.000773899
45,288.758,3.06493,4.15118,4.16321,2.88592,0,0,0,0.00712,0.09043,0.00224,0.00056,0.00285,0.057,0.00133,0.00031,3.08898,4.18409,3.72834,2.94113,0,0,0,0.000772524,0.000772524,0.000772524
46,294.95,3.05612,4.20879,4.17371,2.90948,0,0,0,0.00377,0.13173,0.00572,0.00102,0.00204,0.11992,0.00317,0.00075,3.07501,4.17612,3.67199,2.90106,0,0,0,0.00077115,0.00077115,0.00077115
47,301.174,3.04047,4.1474,4.07042,2.83435,0,0,0,0.63151,0.00642,0.00443,0.00112,0.63099,0.00522,0.0029,0.00047,3.11891,4.1993,3.71544,2.88844,0,0,0,0.000769775,0.000769775,0.000769775
48,307.58,3.0017,4.21737,4.03755,2.82789,0,0,0,0.63138,0.00943,0.00222,0.00051,0.62948,0.00642,0.00113,0.00022,3.02856,4.16258,3.7442,2.86957,0,0,0,0.000768401,0.000768401,0.000768401
49,313.757,2.99198,4.2011,4.15224,2.8635,0,0,0,0.6332,0.00482,0.00224,0.00057,0.63149,0.00381,0.00126,0.00028,3.03631,4.16595,3.70986,2.86651,0,0,0,0.000767026,0.000767026,0.000767026
50,320.061,3.02044,4.22751,4.08012,2.85008,0,0,0,0.63558,0.00281,0.00274,0.00074,0.63176,0.00261,0.00181,0.00047,3.02766,4.18134,3.67791,2.86595,0,0,0,0.000765652,0.000765652,0.000765652
51,326.16,3.00678,4.20077,4.00844,2.77544,0,0,0,0.03434,0.09733,0.00767,0.00245,0.01325,0.06448,0.0034,0.00073,3.11529,4.15617,3.68791,2.91364,0,0,0,0.000764278,0.000764278,0.000764278
52,332.417,2.88813,4.18225,4.02605,2.82899,0,0,0,0.02395,0.1178,0.0136,0.00453,0.00802,0.07596,0.00528,0.00095,2.99189,4.1459,3.68384,2.83828,0,0,0,0.000762903,0.000762903,0.000762903
53,338.811,3.02014,4.2756,4.02857,2.82425,0,0,0,0.51637,0.00642,0.0048,0.00132,0.51381,0.00542,0.00398,0.00076,2.96613,4.1532,3.61502,2.83403,0,0,0,0.000761529,0.000761529,0.000761529
54,345.081,3.00608,4.13563,3.94406,2.72474,0,0,0,0.38213,0.04648,0.00739,0.00234,0.39232,0.0208,0.00441,0.00083,2.94186,4.12364,3.61343,2.80787,0,0,0,0.000760154,0.000760154,0.000760154
55,351.432,2.88435,4.24065,3.96222,2.77247,0,0,0,0.50626,0.00903,0.0053,0.00127,0.50514,0.00742,0.00312,0.00072,2.92703,4.12586,3.62938,2.79937,0,0,0,0.00075878,0.00075878,0.00075878
56,357.514,2.97428,4.20283,3.95289,2.75568,0,0,0,0.5118,0.00923,0.00686,0.00228,0.51084,0.00783,0.00324,0.00073,2.90457,4.12279,3.59057,2.78882,0,0,0,0.000757405,0.000757405,0.000757405
57,363.847,2.8805,4.16878,3.95925,2.75693,0,0,0,0.51125,0.00883,0.00479,0.00137,0.50959,0.00722,0.00316,0.00057,2.9556,4.13856,3.5863,2.79604,0,0,0,0.000756031,0.000756031,0.000756031
58,370.017,2.96042,4.18624,3.95697,2.75008,0,0,0,0.63777,0.00783,0.00704,0.00202,0.63515,0.00622,0.00678,0.0013,2.91454,4.15209,3.58948,2.7979,0,0,0,0.000754656,0.000754656,0.000754656
59,376.211,2.91838,4.10541,3.92368,2.70331,0,0,0,0.51133,0.01023,0.00625,0.00163,0.50911,0.00803,0.00415,0.00119,2.91082,4.14391,3.54657,2.7756,0,0,0,0.000753282,0.000753282,0.000753282
60,382.6,2.89559,4.13736,3.91575,2.67983,0,0,0,0.31146,0.01611,0.0062,0.00172,0.29928,0.01087,0.0046,0.00124,2.89719,4.12894,3.54702,2.7524,0,0,0,0.000751907,0.000751907,0.000751907
61,388.927,2.87816,4.09175,3.86545,2.69056,0,0,0,0.52852,0.01324,0.00707,0.00188,0.51605,0.00943,0.00998,0.00215,2.82316,4.09626,3.51074,2.69771,0,0,0,0.000750533,0.000750533,0.000750533
62,395.211,2.86912,4.15801,3.86017,2.68261,0,0,0,0.40037,0.03482,0.00661,0.00163,0.38755,0.02102,0.00391,0.00098,2.85517,4.1116,3.55233,2.70551,0,0,0,0.000749159,0.000749159,0.000749159
63,401.452,2.82487,4.14415,3.89332,2.68551,0,0,0,0.51264,0.01083,0.00836,0.00246,0.63483,0.00783,0.00501,0.00126,2.85409,4.10636,3.52548,2.73773,0,0,0,0.000747784,0.000747784,0.000747784
64,407.783,2.86977,4.15938,3.91348,2.69616,0,0,0,0.38933,0.02787,0.00603,0.00164,0.38552,0.00903,0.00327,0.00078,2.86895,4.09981,3.49515,2.72167,0,0,0,0.00074641,0.00074641,0.00074641
65,414.031,2.8518,4.19393,3.74864,2.64389,0,0,0,0.52998,0.01625,0.00747,0.00237,0.52438,0.01224,0.00536,0.00138,2.87455,4.11526,3.57363,2.70706,0,0,0,0.000745035,0.000745035,0.000745035
66,420.336,2.86029,4.17252,3.76082,2.64718,0,0,0,0.63671,0.04467,0.00588,0.00159,0.88232,0.01104,0.00273,0.00077,2.85469,4.1008,3.67848,2.6772,0,0,0,0.000743661,0.000743661,0.000743661
67,426.625,2.87701,4.19137,3.81634,2.64883,0,0,0,0.64329,0.01404,0.00517,0.00137,0.63956,0.01204,0.00414,0.00094,2.80382,4.08779,3.48896,2.66256,0,0,0,0.000742286,0.000742286,0.000742286
68,432.819,2.83169,4.09539,3.77641,2.64942,0,0,0,0.64466,0.01585,0.00812,0.00212,0.63981,0.01264,0.00524,0.00126,2.83659,4.08101,3.53955,2.63983,0,0,0,0.000740912,0.000740912,0.000740912
69,439.244,2.8641,4.07564,3.79232,2.65469,0,0,0,0.65491,0.01746,0.01313,0.00326,0.64453,0.01593,0.01659,0.00243,2.76867,4.0883,3.57082,2.62092,0,0,0,0.000739537,0.000739537,0.000739537
70,445.577,2.83835,4.04545,3.80207,2.60748,0,0,0,0.66152,0.01844,0.0099,0.00262,0.63394,0.01404,0.00933,0.00176,2.75035,4.08599,3.46425,2.60457,0,0,0,0.000738163,0.000738163,0.000738163
71,451.932,2.75721,4.11729,3.70472,2.54709,0,0,0,0.63466,0.01924,0.00868,0.00229,0.64772,0.01802,0.00552,0.00125,2.78648,4.07168,3.56119,2.64562,0,0,0,0.000736788,0.000736788,0.000736788
72,458.245,2.82467,4.12154,3.6892,2.52714,0,0,0,0.53345,0.02063,0.01208,0.00303,0.51472,0.01643,0.0077,0.00155,2.78364,4.053,3.50288,2.64039,0,0,0,0.000735414,0.000735414,0.000735414
73,464.655,2.79468,4.13213,3.76254,2.54908,0,0,0,0.64401,0.02272,0.01244,0.00319,0.63921,0.01324,0.00773,0.00152,2.73705,4.05388,3.42123,2.63593,0,0,0,0.00073404,0.00073404,0.00073404
74,470.816,2.75227,4.05517,3.74742,2.57318,0,0,0,0.66388,0.01755,0.01084,0.00296,0.65319,0.01222,0.00613,0.00122,2.7391,4.04157,3.42974,2.62297,0,0,0,0.000732665,0.000732665,0.000732665
75,477.078,2.7671,4.05566,3.62895,2.5325,0,0,0,0.64429,0.02399,0.00979,0.0024,0.64365,0.02258,0.00723,0.00129,2.78474,4.02761,3.40756,2.60985,0,0,0,0.000731291,0.000731291,0.000731291
76,483.343,2.754,4.17051,3.74389,2.6072,0,0,0,0.65997,0.02661,0.0105,0.0026,0.64451,0.01817,0.01565,0.00521,2.75315,4.05108,3.44332,2.61443,0,0,0,0.000729916,0.000729916,0.000729916
77,489.733,2.71336,4.11689,3.63265,2.54879,0,0,0,0.66227,0.02686,0.01186,0.00368,0.64338,0.01882,0.00683,0.00149,2.75258,4.04312,3.466,2.58417,0,0,0,0.000728542,0.000728542,0.000728542
78,496.051,2.75898,4.06709,3.6595,2.5261,0,0,0,0.70151,0.02645,0.02345,0.00685,0.66287,0.01724,0.01025,0.00283,2.67881,4.03179,3.38401,2.5753,0,0,0,0.000727167,0.000727167,0.000727167
79,502.299,2.69691,4.07823,3.57698,2.51205,0,0,0,0.64893,0.02603,0.01165,0.00298,0.63298,0.01746,0.00442,0.00095,2.7099,4.04026,3.38105,2.57527,0,0,0,0.000725793,0.000725793,0.000725793
80,508.737,2.78054,4.11478,3.58533,2.51236,0,0,0,0.66757,0.02599,0.0134,0.0033,0.64196,0.01684,0.00496,0.001,2.76695,4.04631,3.4183,2.58216,0,0,0,0.000724418,0.000724418,0.000724418
81,515.063,2.70015,4.04059,3.5409,2.47449,0,0,0,0.67422,0.02683,0.01419,0.00409,0.6519,0.02203,0.0084,0.00183,2.71488,4.02656,3.32774,2.54953,0,0,0,0.000723044,0.000723044,0.000723044
82,521.384,2.72011,4.07234,3.54815,2.48402,0,0,0,0.68222,0.02866,0.02288,0.00624,0.66258,0.02003,0.03959,0.01466,2.67815,4.02042,3.28909,2.55948,0,0,0,0.00072167,0.00072167,0.00072167
83,527.821,2.70516,4.06459,3.60122,2.52063,0,0,0,0.69123,0.01903,0.02411,0.00701,0.6565,0.01404,0.01639,0.00591,2.68945,4.01673,3.32255,2.59434,0,0,0,0.000720295,0.000720295,0.000720295
84,534.099,2.75652,4.0744,3.57592,2.47019,0,0,0,0.67104,0.03263,0.02941,0.00783,0.64836,0.02441,0.01194,0.00363,2.65054,3.99505,3.2945,2.53358,0,0,0,0.000718921,0.000718921,0.000718921
85,540.467,2.69043,4.08677,3.51181,2.45135,0,0,0,0.66218,0.03468,0.01942,0.00535,0.64046,0.03072,0.00903,0.00214,2.64278,3.97549,3.29833,2.52659,0,0,0,0.000717546,0.000717546,0.000717546
86,546.698,2.73441,4.06636,3.53897,2.4598,0,0,0,0.65384,0.03032,0.02251,0.00577,0.63757,0.02143,0.01414,0.00302,2.66758,4.01633,3.27935,2.52448,0,0,0,0.000716172,0.000716172,0.000716172
87,553.018,2.68046,4.09325,3.50326,2.43806,0,0,0,0.55316,0.03468,0.01755,0.00502,0.52141,0.02446,0.01004,0.00254,2.60515,4.01171,3.25102,2.50438,0,0,0,0.000714797,0.000714797,0.000714797
88,559.442,2.6064,4.01065,3.57795,2.47815,0,0,0,0.57834,0.0338,0.0184,0.00605,0.54694,0.02421,0.01018,0.00277,2.63318,3.97888,3.33702,2.50527,0,0,0,0.000713423,0.000713423,0.000713423
89,565.685,2.63584,4.15192,3.55844,2.44808,0,0,0,0.69471,0.03208,0.02299,0.00729,0.67041,0.01941,0.01188,0.00348,2.67894,3.99074,3.23153,2.49955,0,0,0,0.000712048,0.000712048,0.000712048
90,572.003,2.67551,4.06158,3.60531,2.46749,0,0,0,0.66452,0.02988,0.02916,0.00806,0.64779,0.03362,0.01905,0.0049,2.64793,3.95905,3.25973,2.4722,0,0,0,0.000710674,0.000710674,0.000710674
91,578.283,2.65048,4.05764,3.49931,2.43836,0,0,0,0.66943,0.04167,0.0277,0.00718,0.64236,0.02643,0.01482,0.0038,2.55271,3.94532,3.17446,2.42127,0,0,0,0.000709299,0.000709299,0.000709299
92,584.751,2.61423,4.0434,3.43271,2.38713,0,0,0,0.65158,0.03001,0.05397,0.01323,0.65111,0.02494,0.04144,0.0157,2.60552,3.9549,3.27902,2.45962,0,0,0,0.000707925,0.000707925,0.000707925
93,591.073,2.65385,4.02506,3.35754,2.39412,0,0,0,0.52568,0.05246,0.02175,0.00587,0.51659,0.03546,0.01256,0.00403,2.56403,3.96338,3.29621,2.45692,0,0,0,0.000706551,0.000706551,0.000706551
94,597.4,2.6034,4.05123,3.48056,2.44308,0,0,0,0.55061,0.04387,0.03766,0.01016,0.5392,0.03291,0.02072,0.00593,2.59636,3.9179,3.15628,2.44312,0,0,0,0.000705176,0.000705176,0.000705176
95,603.602,2.61963,4.03477,3.43358,2.45484,0,0,0,0.57641,0.0444,0.03273,0.0102,0.53243,0.02818,0.02738,0.00634,2.58274,3.93643,3.20205,2.45973,0,0,0,0.000703802,0.000703802,0.000703802
96,609.75,2.58728,4.01053,3.44733,2.46962,0,0,0,0.6719,0.0486,0.04013,0.01188,0.61916,0.03584,0.0167,0.00563,2.59421,3.94726,3.13869,2.46299,0,0,0,0.000702427,0.000702427,0.000702427
97,616.002,2.56803,3.95211,3.48673,2.44737,0,0,0,0.62767,0.0514,0.0505,0.01426,0.6111,0.03803,0.01873,0.0053,2.55484,3.96234,3.12193,2.41338,0,0,0,0.000701053,0.000701053,0.000701053
98,622.106,2.5952,4.01727,3.43194,2.40224,0,0,0,0.66055,0.05202,0.04264,0.01146,0.65161,0.033,0.01864,0.00442,2.56972,3.92523,3.13977,2.42272,0,0,0,0.000699678,0.000699678,0.000699678
99,628.411,2.58028,3.91594,3.48531,2.42847,0,0,0,0.53049,0.03893,0.02826,0.00948,0.52277,0.0243,0.0078,0.00185,2.5898,3.93672,3.15866,2.4442,0,0,0,0.000698304,0.000698304,0.000698304
100,634.654,2.6364,4.06877,3.31456,2.36693,0,0,0,0.57013,0.04271,0.03321,0.01027,0.52695,0.03446,0.01365,0.00321,2.5446,3.94888,3.10356,2.39963,0,0,0,0.000696929,0.000696929,0.000696929
101,641.084,2.67791,4.00777,3.3804,2.37231,0,0,0,0.56409,0.04958,0.06395,0.01937,0.52261,0.0454,0.04563,0.00688,2.52101,3.92513,3.06699,2.38711,0,0,0,0.000695555,0.000695555,0.000695555
102,647.327,2.61517,4.00132,3.33102,2.34854,0,0,0,0.57487,0.06836,0.08038,0.02609,0.55291,0.04001,0.04565,0.01587,2.47251,3.91373,3.0677,2.40456,0,0,0,0.000694181,0.000694181,0.000694181
103,653.606,2.59038,4.00486,3.337,2.3513,0,0,0,0.68134,0.04934,0.05452,0.01409,0.64629,0.04515,0.02384,0.00605,2.50336,3.91627,3.19276,2.38518,0,0,0,0.000692806,0.000692806,0.000692806
104,659.758,2.57993,3.98378,3.36754,2.35352,0,0,0,0.57983,0.07979,0.06552,0.02381,0.55704,0.05479,0.03708,0.00911,2.51147,3.87245,3.07501,2.39012,0,0,0,0.000691432,0.000691432,0.000691432
105,665.91,2.58695,4.05941,3.44083,2.37881,0,0,0,0.59453,0.05118,0.08387,0.02643,0.54956,0.03634,0.057,0.01726,2.47774,3.88226,3.09734,2.39789,0,0,0,0.000690057,0.000690057,0.000690057
106,672.169,2.5556,3.95256,3.38823,2.34855,0,0,0,0.68995,0.05952,0.07957,0.02646,0.59423,0.04387,0.04509,0.0148,2.44743,3.85534,2.98792,2.3635,0,0,0,0.000688683,0.000688683,0.000688683
107,678.48,2.56504,3.94543,3.33362,2.32004,0,0,0,0.63327,0.06413,0.09002,0.02573,0.52928,0.03944,0.05402,0.01787,2.4604,3.84675,2.96702,2.36769,0,0,0,0.000687308,0.000687308,0.000687308
108,684.689,2.54333,3.96993,3.24244,2.27639,0,0,0,0.62442,0.07608,0.08034,0.01967,0.52633,0.04524,0.04688,0.01336,2.49533,3.86332,2.99226,2.34888,0,0,0,0.000685934,0.000685934,0.000685934
109,691.012,2.54598,3.96077,3.26901,2.34367,0,0,0,0.42439,0.09246,0.0724,0.0227,0.41149,0.06252,0.04951,0.01408,2.47496,3.84518,2.99442,2.31896,0,0,0,0.000684559,0.000684559,0.000684559
110,697.379,2.53636,3.91529,3.29376,2.30488,0,0,0,0.56404,0.09001,0.0786,0.02938,0.53698,0.05911,0.05316,0.01794,2.44793,3.86585,3.0826,2.28867,0,0,0,0.000683185,0.000683185,0.000683185
111,703.686,2.58383,4.00888,3.17718,2.23608,0,0,0,0.58955,0.09405,0.05608,0.02044,0.5463,0.04444,0.03311,0.00852,2.4828,3.85543,2.99323,2.32445,0,0,0,0.00068181,0.00068181,0.00068181
112,709.971,2.54265,3.95674,3.27614,2.34521,0,0,0,0.67488,0.09767,0.11102,0.03663,0.58158,0.06557,0.07892,0.02543,2.46038,3.82875,2.91914,2.32168,0,0,0,0.000680436,0.000680436,0.000680436
113,716.283,2.54287,3.99991,3.22136,2.29065,0,0,0,0.67005,0.09977,0.10305,0.03818,0.56927,0.06094,0.06735,0.02404,2.49658,3.83132,2.95273,2.32913,0,0,0,0.000679062,0.000679062,0.000679062
114,722.702,2.50886,3.92,3.36899,2.32604,0,0,0,0.60242,0.09887,0.0972,0.03234,0.57625,0.06597,0.06455,0.01754,2.48832,3.81172,2.93509,2.34903,0,0,0,0.000677687,0.000677687,0.000677687
115,729.112,2.46734,3.99282,3.21408,2.26556,0,0,0,0.56323,0.10036,0.09309,0.02934,0.53769,0.05826,0.06766,0.01778,2.40985,3.79891,2.8889,2.30574,0,0,0,0.000676313,0.000676313,0.000676313
116,735.475,2.50554,3.85883,3.22699,2.30766,0,0,0,0.55907,0.08175,0.05062,0.01727,0.53324,0.05752,0.03416,0.00794,2.4194,3.83274,2.94292,2.31398,0,0,0,0.000674938,0.000674938,0.000674938
117,741.655,2.42089,3.98355,3.14881,2.30467,0,0,0,0.58044,0.09655,0.11079,0.04584,0.55571,0.07238,0.07995,0.02266,2.4422,3.83605,2.92014,2.31545,0,0,0,0.000673564,0.000673564,0.000673564
118,747.994,2.46059,3.87406,3.12415,2.25464,0,0,0,0.64428,0.10473,0.11371,0.04089,0.52862,0.06024,0.06746,0.01897,2.42259,3.81124,2.88262,2.29963,0,0,0,0.000672189,0.000672189,0.000672189
119,754.24,2.42263,3.85514,3.1287,2.26465,0,0,0,0.58273,0.13353,0.12832,0.05124,0.49174,0.09662,0.07727,0.02061,2.38308,3.78592,2.8213,2.29917,0,0,0,0.000670815,0.000670815,0.000670815
120,760.599,2.47086,3.97135,3.26471,2.29135,0,0,0,0.45126,0.09716,0.08518,0.03069,0.41557,0.05661,0.0411,0.01082,2.3699,3.81293,2.79068,2.26089,0,0,0,0.00066944,0.00066944,0.00066944
121,766.899,2.44637,3.88245,3.14833,2.255,0,0,0,0.32695,0.1125,0.09927,0.03526,0.281,0.05714,0.04749,0.0104,2.41331,3.82156,2.88243,2.27327,0,0,0,0.000668066,0.000668066,0.000668066
122,773.324,2.47314,3.89856,3.09137,2.18676,0,0,0,0.31629,0.12725,0.07854,0.02685,0.24846,0.07547,0.03631,0.00981,2.43317,3.81429,2.81257,2.25988,0,0,0,0.000666692,0.000666692,0.000666692
123,779.508,2.48439,3.8613,3.0939,2.25586,0,0,0,0.24437,0.15638,0.1157,0.03871,0.25432,0.08484,0.0442,0.01042,2.43055,3.78242,2.89207,2.28639,0,0,0,0.000665317,0.000665317,0.000665317
124,785.806,2.44865,3.93903,3.14089,2.25655,0,0,0,0.44001,0.13964,0.1223,0.04385,0.37511,0.08934,0.05397,0.01644,2.3587,3.76444,2.8637,2.22973,0,0,0,0.000663943,0.000663943,0.000663943
125,792.035,2.49377,3.90283,3.05732,2.21742,0,0,0,0.55176,0.11185,0.12363,0.0527,0.48082,0.07303,0.07245,0.02253,2.34707,3.77205,2.76068,2.2415,0,0,0,0.000662568,0.000662568,0.000662568
126,798.446,2.46354,3.86711,3.21893,2.25059,0,0,0,0.55949,0.10198,0.0854,0.03346,0.46098,0.06618,0.03917,0.01048,2.35515,3.77769,2.85384,2.24288,0,0,0,0.000661194,0.000661194,0.000661194
127,804.788,2.43421,3.88651,3.0948,2.18614,0,0,0,0.35892,0.11636,0.0863,0.03476,0.30913,0.05949,0.03871,0.01037,2.37521,3.79395,2.79864,2.26112,0,0,0,0.000659819,0.000659819,0.000659819
128,810.938,2.44895,3.88004,2.99204,2.16664,0,0,0,0.29975,0.12653,0.1032,0.03977,0.19443,0.06796,0.04118,0.01047,2.34501,3.76053,2.76739,2.2453,0,0,0,0.000658445,0.000658445,0.000658445
129,817.29,2.36379,3.85458,3.04674,2.22426,0,0,0,0.41761,0.1273,0.10892,0.04311,0.33569,0.08381,0.05379,0.01449,2.32995,3.7651,2.76871,2.23302,0,0,0,0.00065707,0.00065707,0.00065707
130,823.509,2.4165,3.82584,3.07288,2.20814,0,0,0,0.38118,0.17586,0.15093,0.05798,0.27697,0.12117,0.07736,0.02064,2.31791,3.73736,2.72295,2.22084,0,0,0,0.000655696,0.000655696,0.000655696
131,829.782,2.41268,3.8397,3.03483,2.2168,0,0,0,0.39785,0.17119,0.12349,0.04905,0.24777,0.11208,0.07573,0.02073,2.32446,3.72305,2.73874,2.20454,0,0,0,0.000654321,0.000654321,0.000654321
132,836.051,2.46463,3.85577,3.01849,2.19288,0,0,0,0.35335,0.18833,0.14477,0.05636,0.22983,0.11789,0.0789,0.02451,2.35644,3.72845,2.75888,2.23116,0,0,0,0.000652947,0.000652947,0.000652947
133,842.207,2.36362,3.87983,2.99559,2.20567,0,0,0,0.47835,0.12742,0.13277,0.05385,0.46013,0.09859,0.07973,0.02512,2.3382,3.73951,2.78649,2.21427,0,0,0,0.000651573,0.000651573,0.000651573
134,848.386,2.33592,3.77767,3.02562,2.21653,0,0,0,0.40803,0.21882,0.1555,0.05742,0.341,0.16864,0.07803,0.02539,2.30271,3.7426,2.72746,2.17474,0,0,0,0.000650198,0.000650198,0.000650198
135,854.776,2.32782,3.86305,3.01963,2.20532,0,0,0,0.365,0.27135,0.17464,0.07117,0.27441,0.20994,0.10356,0.02887,2.28608,3.71408,2.74721,2.15646,0,0,0,0.000648824,0.000648824,0.000648824
136,861.307,2.34751,3.7803,2.90751,2.14285,0,0,0,0.29495,0.2016,0.13911,0.05937,0.24519,0.1583,0.08786,0.02113,2.28533,3.74173,2.75203,2.17354,0,0,0,0.000647449,0.000647449,0.000647449
137,867.61,2.42033,3.83366,2.97245,2.17474,0,0,0,0.42932,0.21975,0.14864,0.06073,0.36488,0.14315,0.08642,0.02264,2.27136,3.70123,2.66985,2.17314,0,0,0,0.000646075,0.000646075,0.000646075
138,873.904,2.36657,3.78571,3.05826,2.14292,0,0,0,0.40002,0.22438,0.17197,0.07062,0.26597,0.17037,0.09565,0.03086,2.26647,3.70656,2.64864,2.16262,0,0,0,0.0006447,0.0006447,0.0006447
139,880.529,2.38641,3.86504,2.96313,2.14023,0,0,0,0.40842,0.16554,0.16317,0.06455,0.2833,0.12245,0.07199,0.02079,2.26897,3.70061,2.59952,2.16234,0,0,0,0.000643326,0.000643326,0.000643326
140,886.913,2.36281,3.8104,2.96381,2.15947,0,0,0,0.37469,0.21506,0.18524,0.0738,0.26299,0.14515,0.09983,0.03695,2.2461,3.70002,2.58717,2.15636,0,0,0,0.000641951,0.000641951,0.000641951
141,893.139,2.38269,3.78731,2.92263,2.16116,0,0,0,0.3294,0.22999,0.14984,0.07191,0.26875,0.17518,0.10048,0.03412,2.23074,3.70216,2.69168,2.13315,0,0,0,0.000640577,0.000640577,0.000640577
142,899.488,2.35008,3.92589,3.03047,2.18675,0,0,0,0.37264,0.22887,0.14584,0.0599,0.27035,0.16766,0.07714,0.02505,2.24347,3.69033,2.58663,2.1472,0,0,0,0.000639203,0.000639203,0.000639203
143,905.806,2.36445,3.80128,2.89318,2.14854,0,0,0,0.38659,0.21102,0.2071,0.08933,0.31735,0.15516,0.12621,0.04502,2.22609,3.66745,2.56501,2.12527,0,0,0,0.000637828,0.000637828,0.000637828
144,912.093,2.3716,3.79522,3.02565,2.15883,0,0,0,0.45842,0.238,0.20965,0.09207,0.28346,0.19098,0.12913,0.0404,2.236,3.66153,2.58265,2.1259,0,0,0,0.000636454,0.000636454,0.000636454
145,918.334,2.33907,3.74793,3.00669,2.15543,0,0,0,0.2173,0.21985,0.16967,0.06876,0.13977,0.15014,0.09952,0.03373,2.27065,3.67098,2.58934,2.15412,0,0,0,0.000635079,0.000635079,0.000635079
146,924.563,2.37609,3.88377,2.94399,2.13965,0,0,0,0.20638,0.20878,0.12838,0.05399,0.1211,0.14921,0.08196,0.02508,2.21504,3.7002,2.56938,2.13063,0,0,0,0.000633705,0.000633705,0.000633705
147,930.901,2.35354,3.76822,2.87425,2.14215,0,0,0,0.22817,0.19117,0.16056,0.06868,0.14331,0.1166,0.08916,0.02664,2.19784,3.67761,2.55879,2.11723,0,0,0,0.00063233,0.00063233,0.00063233
148,937.232,2.38081,3.94318,2.88091,2.14963,0,0,0,0.33112,0.23722,0.18816,0.08143,0.22736,0.17278,0.11762,0.02525,2.22383,3.67326,2.58479,2.12554,0,0,0,0.000630956,0.000630956,0.000630956
149,943.646,2.41812,3.82367,2.82613,2.12486,0,0,0,0.21683,0.21856,0.15135,0.06654,0.12537,0.1529,0.08623,0.02771,2.21378,3.64784,2.58492,2.12931,0,0,0,0.000629581,0.000629581,0.000629581
150,949.928,2.30601,3.72395,2.86765,2.11299,0,0,0,0.20079,0.17619,0.14368,0.06583,0.16122,0.13941,0.09774,0.0327,2.20382,3.63778,2.5266,2.10297,0,0,0,0.000628207,0.000628207,0.000628207
151,956.249,2.35348,3.86365,2.88833,2.08878,0,0,0,0.26056,0.19079,0.18153,0.08424,0.17011,0.14648,0.11497,0.03889,2.17517,3.62553,2.49904,2.09917,0,0,0,0.000626832,0.000626832,0.000626832
152,962.494,2.29061,3.79745,2.76759,2.10422,0,0,0,0.18061,0.22412,0.13561,0.05523,0.11101,0.15791,0.06917,0.02227,2.19995,3.62543,2.52892,2.10584,0,0,0,0.000625458,0.000625458,0.000625458
153,968.712,2.3457,3.74461,2.83799,2.12364,0,0,0,0.26559,0.23453,0.18185,0.07473,0.17406,0.17081,0.10887,0.03211,2.19833,3.62791,2.52466,2.1181,0,0,0,0.000624084,0.000624084,0.000624084
154,974.926,2.30497,3.66186,2.7643,2.07939,0,0,0,0.27116,0.26448,0.20088,0.08354,0.19133,0.18641,0.13154,0.0394,2.21966,3.63805,2.56484,2.12807,0,0,0,0.000622709,0.000622709,0.000622709
155,981.278,2.31812,3.66732,2.80884,2.10485,0,0,0,0.33323,0.24572,0.21518,0.07933,0.2168,0.175,0.13835,0.03337,2.24603,3.63031,2.50807,2.1201,0,0,0,0.000621335,0.000621335,0.000621335
156,987.548,2.32411,3.72712,2.83416,2.12481,0,0,0,0.29551,0.27118,0.21071,0.08109,0.1649,0.18891,0.1186,0.03242,2.18685,3.63095,2.45657,2.1043,0,0,0,0.00061996,0.00061996,0.00061996
157,993.894,2.31493,3.7508,2.75426,2.0995,0,0,0,0.36204,0.27184,0.24345,0.11057,0.2134,0.19157,0.13496,0.03774,2.16537,3.6054,2.43462,2.07013,0,0,0,0.000618586,0.000618586,0.000618586
158,1000.23,2.29747,3.77183,2.85117,2.12423,0,0,0,0.3506,0.24694,0.21558,0.09812,0.20179,0.19536,0.12516,0.03888,2.15911,3.62637,2.404,2.0641,0,0,0,0.000617211,0.000617211,0.000617211
159,1006.46,2.26506,3.78837,2.76507,2.11308,0,0,0,0.273,0.24518,0.2217,0.10232,0.18416,0.16696,0.13251,0.03567,2.14253,3.59756,2.41657,2.06502,0,0,0,0.000615837,0.000615837,0.000615837
160,1012.6,2.27038,3.79691,2.7546,2.10653,0,0,0,0.30999,0.25852,0.22225,0.10002,0.22577,0.1908,0.1493,0.04407,2.16399,3.62191,2.43915,2.07801,0,0,0,0.000614462,0.000614462,0.000614462
161,1018.89,2.25846,3.82109,2.7313,2.09103,0,0,0,0.3527,0.21837,0.225,0.09415,0.26849,0.19389,0.14453,0.03855,2.16544,3.59874,2.40237,2.06298,0,0,0,0.000613088,0.000613088,0.000613088
162,1025.38,2.32289,3.74402,2.77858,2.05967,0,0,0,0.33091,0.26406,0.21645,0.09083,0.26317,0.2025,0.13798,0.03457,2.15393,3.58629,2.40556,2.03487,0,0,0,0.000611714,0.000611714,0.000611714
163,1031.56,2.34697,3.69553,2.76022,2.02583,0,0,0,0.32562,0.28293,0.23666,0.0977,0.27798,0.1846,0.12468,0.03571,2.18564,3.63257,2.45557,2.05904,0,0,0,0.000610339,0.000610339,0.000610339
164,1037.87,2.31088,3.70147,2.76384,2.0517,0,0,0,0.31072,0.25006,0.21654,0.09886,0.20224,0.19517,0.12147,0.03322,2.10621,3.6014,2.40539,2.01645,0,0,0,0.000608965,0.000608965,0.000608965
165,1044.17,2.28351,3.71467,2.70267,2.06351,0,0,0,0.31189,0.30944,0.2658,0.12112,0.25412,0.24766,0.16812,0.05212,2.12175,3.61891,2.38878,2.03471,0,0,0,0.00060759,0.00060759,0.00060759
166,1050.51,2.26894,3.73897,2.7748,2.08625,0,0,0,0.31686,0.23681,0.23571,0.10985,0.193,0.20883,0.13754,0.04527,2.1296,3.59601,2.36979,2.02663,0,0,0,0.000606216,0.000606216,0.000606216
167,1056.75,2.30618,3.68633,2.65033,2.04509,0,0,0,0.38801,0.28954,0.24415,0.10368,0.29934,0.14941,0.14671,0.04613,2.12554,3.60301,2.35382,2.03135,0,0,0,0.000604841,0.000604841,0.000604841
168,1063.08,2.24739,3.79003,2.71953,2.07477,0,0,0,0.37008,0.29668,0.2525,0.11446,0.27338,0.2317,0.15755,0.04986,2.11748,3.59938,2.30486,2.02735,0,0,0,0.000603467,0.000603467,0.000603467
169,1069.59,2.30791,3.76786,2.69442,2.08251,0,0,0,0.309,0.29737,0.26057,0.11847,0.22498,0.2476,0.15866,0.05225,2.10807,3.57534,2.37058,2.03241,0,0,0,0.000602092,0.000602092,0.000602092
170,1075.84,2.21263,3.75421,2.69922,2.05571,0,0,0,0.33823,0.31918,0.26093,0.12131,0.21086,0.15974,0.13448,0.04631,2.10998,3.57828,2.33794,2.02587,0,0,0,0.000600718,0.000600718,0.000600718
171,1082.1,2.23674,3.70582,2.60348,2.06126,0,0,0,0.2842,0.20428,0.20323,0.09989,0.29158,0.12681,0.12792,0.04522,2.12642,3.54881,2.33439,2.02082,0,0,0,0.000599343,0.000599343,0.000599343
172,1088.35,2.2634,3.74749,2.71174,2.09119,0,0,0,0.32271,0.26458,0.24685,0.12254,0.28104,0.22596,0.15678,0.0538,2.08399,3.54824,2.3115,2.00285,0,0,0,0.000597969,0.000597969,0.000597969
173,1094.8,2.24352,3.67795,2.66452,2.06423,0,0,0,0.3718,0.28018,0.2787,0.12697,0.24041,0.23251,0.16346,0.05027,2.06304,3.55917,2.27913,1.9797,0,0,0,0.000596595,0.000596595,0.000596595
174,1101.27,2.31268,3.68052,2.61389,2.06088,0,0,0,0.52323,0.26984,0.30792,0.14725,0.38612,0.14005,0.16265,0.05679,2.04809,3.53766,2.27199,1.97392,0,0,0,0.00059522,0.00059522,0.00059522
175,1107.59,2.26639,3.74871,2.58286,1.98574,0,0,0,0.34228,0.32656,0.28788,0.13499,0.22073,0.23692,0.1689,0.05759,2.05236,3.54639,2.30439,1.97418,0,0,0,0.000593846,0.000593846,0.000593846
176,1114,2.23215,3.71118,2.69527,2.03555,0,0,0,0.35557,0.28393,0.24666,0.11489,0.21226,0.25318,0.15227,0.05847,2.0414,3.53237,2.27194,1.96433,0,0,0,0.000592471,0.000592471,0.000592471
177,1120.37,2.20329,3.67078,2.65133,2.03925,0,0,0,0.37259,0.30532,0.27887,0.13625,0.27811,0.25767,0.19054,0.06559,2.04884,3.5033,2.23185,1.96353,0,0,0,0.000591097,0.000591097,0.000591097
178,1126.55,2.23592,3.72768,2.62599,2.02912,0,0,0,0.39863,0.29609,0.26963,0.12877,0.31149,0.2731,0.19022,0.06555,2.06386,3.51918,2.26607,1.99972,0,0,0,0.000589722,0.000589722,0.000589722
179,1132.85,2.26332,3.65659,2.68122,2.05562,0,0,0,0.43685,0.24302,0.25619,0.11246,0.43849,0.17497,0.16818,0.05346,2.07698,3.53131,2.28691,1.98423,0,0,0,0.000588348,0.000588348,0.000588348
180,1139.23,2.29031,3.77999,2.67714,2.0146,0,0,0,0.33457,0.29955,0.25268,0.11839,0.26595,0.24715,0.16864,0.05158,2.08344,3.53701,2.35197,1.97604,0,0,0,0.000586973,0.000586973,0.000586973
181,1145.48,2.25602,3.73829,2.64511,2.0125,0,0,0,0.35953,0.31331,0.2842,0.11869,0.20344,0.2793,0.1732,0.05264,2.04912,3.50393,2.33455,1.95819,0,0,0,0.000585599,0.000585599,0.000585599
182,1151.82,2.25087,3.70139,2.6663,1.98997,0,0,0,0.41034,0.327,0.30592,0.12936,0.33193,0.22552,0.16966,0.05365,2.01761,3.50906,2.28462,1.95134,0,0,0,0.000584225,0.000584225,0.000584225
183,1158.22,2.19534,3.60865,2.56117,1.98328,0,0,0,0.30436,0.35434,0.2893,0.13959,0.208,0.28425,0.18199,0.06353,2.02442,3.47683,2.20624,1.94371,0,0,0,0.00058285,0.00058285,0.00058285
184,1164.43,2.13076,3.59614,2.53288,2.02766,0,0,0,0.30691,0.27691,0.25978,0.12898,0.23841,0.19594,0.15259,0.05924,2.03133,3.48198,2.20959,1.96363,0,0,0,0.000581476,0.000581476,0.000581476
185,1170.79,2.17727,3.66005,2.52316,1.99359,0,0,0,0.35061,0.29328,0.26823,0.1271,0.3043,0.22826,0.17168,0.05865,2.02545,3.47483,2.20638,1.95067,0,0,0,0.000580101,0.000580101,0.000580101
186,1177.07,2.23125,3.70262,2.55182,1.94695,0,0,0,0.36345,0.33325,0.29061,0.14404,0.29147,0.2607,0.19321,0.06734,2.00122,3.48352,2.1707,1.93799,0,0,0,0.000578727,0.000578727,0.000578727
187,1183.28,2.19858,3.64207,2.56647,1.96105,0,0,0,0.32244,0.27553,0.26979,0.14036,0.25711,0.20594,0.17839,0.05589,2.0026,3.45453,2.16592,1.93116,0,0,0,0.000577352,0.000577352,0.000577352
188,1189.53,2.15679,3.70518,2.59546,2.01147,0,0,0,0.43145,0.33535,0.3307,0.1549,0.30058,0.23014,0.20694,0.07476,2.00574,3.46878,2.16376,1.93932,0,0,0,0.000575978,0.000575978,0.000575978
189,1195.89,2.22408,3.67396,2.58674,2.01504,0,0,0,0.37037,0.30296,0.30454,0.14256,0.28452,0.22114,0.18877,0.06724,2.03351,3.48345,2.17156,1.94307,0,0,0,0.000574603,0.000574603,0.000574603
190,1202.45,2.15781,3.6824,2.50134,1.99444,0,0,0,0.43568,0.30259,0.33495,0.14864,0.33641,0.2164,0.1838,0.06372,1.99455,3.46532,2.14015,1.9155,0,0,0,0.000573229,0.000573229,0.000573229
191,1208.74,2.28262,3.65409,2.50282,1.94872,0,0,0,0.38189,0.32395,0.33141,0.1691,0.23032,0.2354,0.17776,0.06425,2.01575,3.43009,2.16138,1.91727,0,0,0,0.000571854,0.000571854,0.000571854
192,1215,2.18564,3.61488,2.50672,1.97389,0,0,0,0.38875,0.33531,0.30361,0.1488,0.26322,0.25318,0.2035,0.07179,1.98079,3.42819,2.11501,1.90885,0,0,0,0.00057048,0.00057048,0.00057048
193,1221.08,2.15788,3.63352,2.4905,1.96117,0,0,0,0.3212,0.36563,0.31025,0.15793,0.25458,0.26687,0.19493,0.0665,1.97809,3.44997,2.16962,1.92372,0,0,0,0.000569106,0.000569106,0.000569106
194,1227.29,2.13235,3.59579,2.58274,1.97912,0,0,0,0.44015,0.34952,0.35516,0.17971,0.31521,0.2617,0.20843,0.07495,1.96036,3.4765,2.14976,1.90556,0,0,0,0.000567731,0.000567731,0.000567731
195,1233.7,2.11131,3.62754,2.43381,1.96223,0,0,0,0.46051,0.37895,0.36036,0.18136,0.33432,0.31626,0.23992,0.07862,1.96926,3.43016,2.1055,1.91371,0,0,0,0.000566357,0.000566357,0.000566357
196,1240.15,2.21353,3.6527,2.44401,1.91714,0,0,0,0.38353,0.39342,0.33112,0.17905,0.28575,0.3142,0.21895,0.08581,1.98149,3.43367,2.11114,1.90013,0,0,0,0.000564982,0.000564982,0.000564982
197,1246.59,2.21075,3.59577,2.45443,1.93718,0,0,0,0.38253,0.3908,0.35783,0.17909,0.27522,0.29316,0.23703,0.09047,1.96884,3.41936,2.06593,1.8832,0,0,0,0.000563608,0.000563608,0.000563608
198,1252.95,2.14729,3.6053,2.41993,1.94198,0,0,0,0.37465,0.41739,0.37528,0.19301,0.29324,0.3072,0.24262,0.08928,1.96042,3.40986,2.03921,1.87865,0,0,0,0.000562233,0.000562233,0.000562233
199,1259.22,2.12583,3.66375,2.47866,1.95032,0,0,0,0.36966,0.43019,0.37665,0.1991,0.24008,0.30283,0.23455,0.08515,1.96032,3.39611,2.07216,1.89005,0,0,0,0.000560859,0.000560859,0.000560859
200,1265.4,2.13017,3.57035,2.44868,1.94499,0,0,0,0.39491,0.36973,0.37224,0.19971,0.28341,0.26172,0.23706,0.08067,1.94137,3.41075,2.08531,1.87318,0,0,0,0.000559484,0.000559484,0.000559484
201,1271.63,2.15407,3.65386,2.42535,1.96179,0,0,0,0.36302,0.43622,0.37545,0.19064,0.25291,0.30197,0.23984,0.08219,1.9474,3.41785,2.09898,1.88527,0,0,0,0.00055811,0.00055811,0.00055811
202,1277.94,2.10532,3.62164,2.38023,1.98802,0,0,0,0.37988,0.38596,0.38929,0.17791,0.25816,0.30333,0.2506,0.08317,1.96663,3.37605,2.02759,1.90187,0,0,0,0.000556736,0.000556736,0.000556736
203,1284.36,2.1281,3.60217,2.35433,1.95807,0,0,0,0.32138,0.38271,0.36461,0.19013,0.266,0.25798,0.23674,0.08226,1.95346,3.39858,2.01714,1.87339,0,0,0,0.000555361,0.000555361,0.000555361
204,1290.67,2.21249,3.59093,2.40586,1.93952,0,0,0,0.43363,0.34475,0.37304,0.19404,0.38764,0.24598,0.22809,0.0866,1.93099,3.41047,2.05022,1.84604,0,0,0,0.000553987,0.000553987,0.000553987
205,1296.77,2.13364,3.55761,2.35638,1.92784,0,0,0,0.40737,0.39454,0.38788,0.20508,0.29094,0.31417,0.26112,0.09991,1.91686,3.37245,2.0081,1.84659,0,0,0,0.000552612,0.000552612,0.000552612
206,1303.08,2.14083,3.59272,2.40991,1.90995,0,0,0,0.39544,0.39996,0.37644,0.1933,0.28285,0.26306,0.23824,0.08603,1.96541,3.3771,2.01581,1.87521,0,0,0,0.000551238,0.000551238,0.000551238
207,1309.3,2.1387,3.57028,2.40835,1.94902,0,0,0,0.40965,0.3748,0.34574,0.17918,0.34848,0.26165,0.23401,0.08235,1.94471,3.37276,2.02052,1.86293,0,0,0,0.000549863,0.000549863,0.000549863
208,1315.5,2.0403,3.60369,2.35402,1.92274,0,0,0,0.44088,0.35712,0.36868,0.18653,0.32693,0.26702,0.22345,0.07692,1.90882,3.37595,2.03706,1.84802,0,0,0,0.000548489,0.000548489,0.000548489
209,1321.77,2.09056,3.63509,2.3876,1.91297,0,0,0,0.38532,0.42309,0.35056,0.18535,0.28495,0.31333,0.23046,0.08196,1.9062,3.36791,2.12758,1.82969,0,0,0,0.000547114,0.000547114,0.000547114
210,1328.06,2.08425,3.55756,2.40377,1.95265,0,0,0,0.39089,0.34106,0.3444,0.17423,0.28364,0.26601,0.22218,0.07378,1.93361,3.39469,2.16107,1.87081,0,0,0,0.00054574,0.00054574,0.00054574
211,1334.29,2.16832,3.67629,2.37531,1.90963,0,0,0,0.41009,0.43287,0.3688,0.18702,0.30055,0.34338,0.22243,0.07585,1.93235,3.38853,2.00887,1.8752,0,0,0,0.000544365,0.000544365,0.000544365
212,1340.59,2.15224,3.60072,2.40148,1.9411,0,0,0,0.38979,0.43357,0.36,0.19157,0.25144,0.32601,0.22426,0.08095,1.89467,3.33497,1.93166,1.84919,0,0,0,0.000542991,0.000542991,0.000542991
213,1346.72,2.11743,3.54442,2.37319,1.90647,0,0,0,0.40293,0.41229,0.37257,0.19377,0.29718,0.28182,0.22252,0.08047,1.90681,3.34645,1.96825,1.83733,0,0,0,0.000541617,0.000541617,0.000541617
214,1352.97,2.09452,3.57969,2.41726,1.92876,0,0,0,0.41924,0.39993,0.37385,0.19684,0.36396,0.301,0.25499,0.09635,1.88571,3.35369,2.01075,1.82966,0,0,0,0.000540242,0.000540242,0.000540242
215,1359.43,2.11006,3.50353,2.30815,1.89656,0,0,0,0.36733,0.36122,0.32531,0.1759,0.23327,0.29681,0.22057,0.08083,1.87231,3.34346,2.0344,1.82308,0,0,0,0.000538868,0.000538868,0.000538868
216,1365.71,2.06566,3.48083,2.29985,1.90706,0,0,0,0.39606,0.41715,0.37137,0.20543,0.22532,0.34427,0.24169,0.09978,1.86682,3.32991,1.98076,1.81593,0,0,0,0.000537493,0.000537493,0.000537493
217,1372.04,2.20198,3.61411,2.39647,1.90799,0,0,0,0.44601,0.39354,0.36918,0.20181,0.3093,0.30889,0.24572,0.09607,1.84536,3.33512,1.95287,1.81066,0,0,0,0.000536119,0.000536119,0.000536119
218,1378.32,2.10533,3.55849,2.34135,1.91059,0,0,0,0.42653,0.41512,0.37587,0.19686,0.35033,0.28747,0.23567,0.08801,1.84163,3.34069,1.96716,1.79887,0,0,0,0.000534744,0.000534744,0.000534744
219,1384.55,2.16422,3.58404,2.42584,1.88737,0,0,0,0.41381,0.39389,0.34527,0.18689,0.29032,0.27864,0.21628,0.08186,1.83868,3.31975,1.99814,1.79794,0,0,0,0.00053337,0.00053337,0.00053337
220,1390.83,2.09387,3.56928,2.30996,1.90247,0,0,0,0.42455,0.38623,0.3717,0.20517,0.26391,0.34102,0.23086,0.08402,1.85476,3.30584,1.97706,1.80674,0,0,0,0.000531995,0.000531995,0.000531995
221,1397.03,2.02213,3.48313,2.28672,1.8563,0,0,0,0.41143,0.44462,0.37898,0.21161,0.28814,0.36286,0.23043,0.09463,1.83227,3.29234,1.91402,1.78486,0,0,0,0.000530621,0.000530621,0.000530621
222,1403.45,2.02093,3.52582,2.26497,1.8627,0,0,0,0.46422,0.41918,0.40227,0.22431,0.36965,0.33417,0.26551,0.10566,1.84831,3.29451,1.90602,1.79587,0,0,0,0.000529247,0.000529247,0.000529247
223,1409.7,2.07079,3.43429,2.25145,1.85254,0,0,0,0.52948,0.34995,0.39611,0.21577,0.40359,0.26289,0.25556,0.09889,1.84412,3.30493,1.96852,1.79497,0,0,0,0.000527872,0.000527872,0.000527872
224,1415.96,2.07554,3.51008,2.28534,1.89662,0,0,0,0.40408,0.45607,0.40282,0.22301,0.28156,0.33872,0.24844,0.09387,1.83854,3.29136,1.8919,1.8059,0,0,0,0.000526498,0.000526498,0.000526498
225,1422.19,2.11708,3.49445,2.3208,1.88597,0,0,0,0.50733,0.40794,0.43469,0.22425,0.32029,0.34326,0.27459,0.09807,1.84321,3.26422,1.85682,1.82214,0,0,0,0.000525123,0.000525123,0.000525123
226,1428.41,2.08954,3.54478,2.35598,1.90664,0,0,0,0.46201,0.47358,0.4425,0.22824,0.33773,0.35082,0.29667,0.10214,1.83051,3.30025,1.90936,1.79561,0,0,0,0.000523749,0.000523749,0.000523749
227,1434.78,2.0523,3.48221,2.28703,1.87553,0,0,0,0.51018,0.39,0.42077,0.22248,0.27191,0.36091,0.27632,0.09581,1.84876,3.28172,1.89431,1.80281,0,0,0,0.000522374,0.000522374,0.000522374
228,1441.09,2.03755,3.52078,2.30221,1.87456,0,0,0,0.52954,0.42916,0.44345,0.22761,0.3676,0.34047,0.29064,0.09665,1.86136,3.29955,1.89086,1.79915,0,0,0,0.000521,0.000521,0.000521
229,1447.54,2.10085,3.54191,2.30839,1.85108,0,0,0,0.48268,0.40096,0.43073,0.20807,0.36775,0.30984,0.28967,0.09044,1.84548,3.28772,1.86805,1.79438,0,0,0,0.000519625,0.000519625,0.000519625
230,1453.86,2.01104,3.51349,2.21182,1.84376,0,0,0,0.49566,0.39007,0.43458,0.23132,0.3925,0.31868,0.27496,0.1022,1.85624,3.28269,1.84764,1.78471,0,0,0,0.000518251,0.000518251,0.000518251
231,1460.21,2.07278,3.52649,2.28576,1.84485,0,0,0,0.47483,0.41955,0.42669,0.2259,0.44544,0.27713,0.27674,0.09431,1.83182,3.27998,1.88978,1.78154,0,0,0,0.000516877,0.000516877,0.000516877
232,1466.46,2.05361,3.45342,2.26264,1.88734,0,0,0,0.41187,0.43525,0.41529,0.22799,0.45763,0.28576,0.30496,0.11088,1.83247,3.28023,1.85069,1.77998,0,0,0,0.000515502,0.000515502,0.000515502
233,1472.83,2.06825,3.49384,2.29663,1.86026,0,0,0,0.40266,0.42134,0.3881,0.21758,0.29806,0.36747,0.29242,0.1197,1.81216,3.24367,1.89307,1.77516,0,0,0,0.000514128,0.000514128,0.000514128
234,1479.85,2.07565,3.57423,2.29246,1.89252,0,0,0,0.53141,0.39003,0.4189,0.22217,0.36819,0.29819,0.25893,0.09892,1.81143,3.23144,1.84006,1.77529,0,0,0,0.000512753,0.000512753,0.000512753
235,1486.13,2.06545,3.48426,2.21968,1.83009,0,0,0,0.42339,0.47135,0.43801,0.23736,0.32787,0.36137,0.26229,0.0942,1.83138,3.24093,1.85571,1.78868,0,0,0,0.000511379,0.000511379,0.000511379
236,1492.3,2.06665,3.48497,2.23561,1.86924,0,0,0,0.51496,0.45004,0.45125,0.24419,0.45229,0.31802,0.32364,0.11857,1.77818,3.21982,1.82798,1.77204,0,0,0,0.000510004,0.000510004,0.000510004
237,1498.63,1.99543,3.48352,2.2843,1.87818,0,0,0,0.42407,0.46695,0.417,0.2267,0.31615,0.35983,0.29064,0.10531,1.75815,3.22723,1.89424,1.7406,0,0,0,0.00050863,0.00050863,0.00050863
238,1504.95,2.01905,3.3761,2.22025,1.82962,0,0,0,0.4635,0.48091,0.43682,0.25189,0.3656,0.34729,0.31196,0.12575,1.76703,3.24704,1.89109,1.73889,0,0,0,0.000507255,0.000507255,0.000507255
239,1511.19,2.00627,3.42702,2.17428,1.81033,0,0,0,0.48006,0.48407,0.45997,0.26351,0.39044,0.38885,0.33907,0.13346,1.76287,3.23818,1.85555,1.73642,0,0,0,0.000505881,0.000505881,0.000505881
240,1517.38,1.99701,3.51001,2.21097,1.86939,0,0,0,0.50968,0.48376,0.47436,0.26249,0.45871,0.39013,0.35843,0.13266,1.79508,3.21038,1.79777,1.74071,0,0,0,0.000504506,0.000504506,0.000504506
241,1523.65,2.01366,3.41172,2.18155,1.83799,0,0,0,0.49771,0.50064,0.46564,0.25833,0.35556,0.36781,0.27637,0.10212,1.78941,3.24659,1.80042,1.74447,0,0,0,0.000503132,0.000503132,0.000503132
242,1529.97,2.07407,3.4135,2.156,1.79948,0,0,0,0.47128,0.48757,0.4347,0.24262,0.36421,0.31906,0.25934,0.10083,1.792,3.22056,1.81399,1.75124,0,0,0,0.000501758,0.000501758,0.000501758
243,1536.16,2.07215,3.53657,2.21014,1.81143,0,0,0,0.4745,0.39359,0.42246,0.24166,0.2894,0.34772,0.26453,0.10713,1.78518,3.19926,1.88324,1.74221,0,0,0,0.000500383,0.000500383,0.000500383
244,1542.43,2.0024,3.44245,2.1902,1.83459,0,0,0,0.48614,0.43711,0.42389,0.23808,0.34805,0.34389,0.27646,0.10754,1.76742,3.20479,1.84468,1.72339,0,0,0,0.000499009,0.000499009,0.000499009
245,1548.52,2.02591,3.4218,2.20051,1.8373,0,0,0,0.52257,0.46384,0.47956,0.2541,0.38725,0.33618,0.29565,0.11551,1.75764,3.18528,1.78514,1.71777,0,0,0,0.000497634,0.000497634,0.000497634
246,1554.78,2.00004,3.47218,2.22597,1.8487,0,0,0,0.53463,0.47626,0.48797,0.25938,0.40555,0.35243,0.30885,0.11056,1.74971,3.17831,1.79123,1.71766,0,0,0,0.00049626,0.00049626,0.00049626
247,1561.14,2.02778,3.42053,2.23557,1.82284,0,0,0,0.51125,0.4381,0.47784,0.26125,0.36666,0.35701,0.31243,0.12173,1.75093,3.19827,1.85433,1.71905,0,0,0,0.000494885,0.000494885,0.000494885
248,1567.55,2.06874,3.45142,2.17332,1.78186,0,0,0,0.42847,0.47634,0.46518,0.25701,0.32925,0.35659,0.32276,0.12556,1.74908,3.17152,1.84689,1.72127,0,0,0,0.000493511,0.000493511,0.000493511
249,1573.77,2.0107,3.48333,2.21764,1.82042,0,0,0,0.52673,0.45564,0.47378,0.24749,0.33789,0.3579,0.30168,0.11335,1.80414,3.20316,1.79493,1.74896,0,0,0,0.000492136,0.000492136,0.000492136
250,1580.08,2.0028,3.40234,2.14091,1.80451,0,0,0,0.54794,0.46067,0.4841,0.26326,0.3804,0.33762,0.29721,0.11742,1.80609,3.19107,1.78327,1.73855,0,0,0,0.000490762,0.000490762,0.000490762
251,1586.24,2.02083,3.43924,2.15864,1.81925,0,0,0,0.53112,0.46359,0.50266,0.2936,0.37125,0.35489,0.31139,0.13597,1.74253,3.16634,1.76511,1.71445,0,0,0,0.000489387,0.000489387,0.000489387
252,1592.53,1.97877,3.47344,2.10324,1.82179,0,0,0,0.52244,0.47724,0.48294,0.27811,0.43911,0.39325,0.34148,0.13465,1.7148,3.14588,1.77777,1.70208,0,0,0,0.000488013,0.000488013,0.000488013
253,1598.81,2.01648,3.42347,2.13217,1.8018,0,0,0,0.51576,0.46672,0.49073,0.27407,0.37096,0.40611,0.31814,0.11334,1.71756,3.13624,1.76339,1.69663,0,0,0,0.000486639,0.000486639,0.000486639
254,1605.06,1.99422,3.52373,2.19311,1.83405,0,0,0,0.44739,0.47875,0.4724,0.25812,0.34768,0.39903,0.30074,0.10943,1.73116,3.13656,1.79768,1.70636,0,0,0,0.000485264,0.000485264,0.000485264
255,1611.46,2.07852,3.43199,2.1194,1.80691,0,0,0,0.54101,0.47646,0.46599,0.25872,0.40616,0.34529,0.29872,0.12201,1.71877,3.13254,1.82535,1.70051,0,0,0,0.00048389,0.00048389,0.00048389
256,1617.65,2.00734,3.42415,2.14463,1.79165,0,0,0,0.48215,0.51197,0.49153,0.28924,0.39116,0.39784,0.33764,0.14053,1.70748,3.12781,1.78333,1.68588,0,0,0,0.000482515,0.000482515,0.000482515
257,1624.07,1.98177,3.38317,2.12175,1.80054,0,0,0,0.49063,0.50168,0.47008,0.29043,0.40802,0.39379,0.327,0.14415,1.72374,3.13064,1.73064,1.70083,0,0,0,0.000481141,0.000481141,0.000481141
258,1630.28,1.95513,3.38185,2.07899,1.80512,0,0,0,0.50051,0.5424,0.49177,0.31036,0.45666,0.44326,0.34825,0.14988,1.69579,3.12231,1.68283,1.69769,0,0,0,0.000479766,0.000479766,0.000479766
259,1636.76,1.9998,3.35863,2.16825,1.79957,0,0,0,0.47271,0.5219,0.47712,0.28483,0.42299,0.40252,0.34083,0.14794,1.70309,3.12418,1.70881,1.6945,0,0,0,0.000478392,0.000478392,0.000478392
260,1643.09,2.09001,3.45343,2.12524,1.76334,0,0,0,0.53984,0.49122,0.49189,0.28905,0.54375,0.36803,0.36515,0.15297,1.68757,3.10957,1.67884,1.67955,0,0,0,0.000477017,0.000477017,0.000477017
261,1649.42,2.04156,3.45676,2.1258,1.80424,0,0,0,0.49781,0.51009,0.47516,0.28098,0.40365,0.38619,0.32387,0.1393,1.71455,3.14688,1.76589,1.697,0,0,0,0.000475643,0.000475643,0.000475643
262,1655.97,1.99973,3.41471,2.17623,1.78592,0,0,0,0.5415,0.51312,0.49537,0.29844,0.45659,0.39005,0.33632,0.14832,1.72164,3.12436,1.75579,1.69162,0,0,0,0.000474269,0.000474269,0.000474269
263,1662.35,1.92945,3.47159,2.00806,1.71106,0,0,0,0.5328,0.55164,0.51376,0.31272,0.43187,0.43603,0.35907,0.15589,1.69613,3.11491,1.68827,1.67115,0,0,0,0.000472894,0.000472894,0.000472894
264,1668.73,1.9538,3.37725,2.09326,1.78837,0,0,0,0.50199,0.55792,0.52401,0.31875,0.39312,0.42654,0.33561,0.14285,1.67622,3.08634,1.6553,1.65637,0,0,0,0.00047152,0.00047152,0.00047152
265,1675.07,1.94051,3.35548,2.09627,1.78683,0,0,0,0.54424,0.50994,0.51162,0.3004,0.4228,0.40961,0.3382,0.1409,1.69509,3.09131,1.70449,1.67138,0,0,0,0.000470145,0.000470145,0.000470145
266,1681.29,1.95193,3.44875,2.12984,1.76654,0,0,0,0.42471,0.55762,0.47043,0.27474,0.33022,0.44027,0.3303,0.14359,1.70571,3.096,1.73078,1.67578,0,0,0,0.000468771,0.000468771,0.000468771
267,1687.49,1.9657,3.38247,2.14263,1.81176,0,0,0,0.48625,0.55074,0.48113,0.27404,0.44058,0.41144,0.34746,0.14484,1.69901,3.07098,1.71419,1.67956,0,0,0,0.000467396,0.000467396,0.000467396
268,1693.81,1.96176,3.38423,2.09368,1.82355,0,0,0,0.60435,0.52408,0.54752,0.31991,0.4905,0.40606,0.38115,0.15971,1.66045,3.05992,1.65179,1.65673,0,0,0,0.000466022,0.000466022,0.000466022
269,1700.29,1.98672,3.45776,2.02288,1.73078,0,0,0,0.61443,0.5456,0.55467,0.34643,0.45532,0.42023,0.37241,0.16812,1.68991,3.089,1.67201,1.66467,0,0,0,0.000464647,0.000464647,0.000464647
270,1706.64,1.97064,3.38538,2.02156,1.76901,0,0,0,0.55048,0.5654,0.54285,0.33836,0.43123,0.48513,0.38633,0.18795,1.63908,3.08875,1.70726,1.63715,0,0,0,0.000463273,0.000463273,0.000463273
271,1713.15,2.00887,3.4353,2.14994,1.83332,0,0,0,0.52442,0.55974,0.5209,0.31479,0.40571,0.47389,0.36129,0.16354,1.65228,3.09204,1.70486,1.63963,0,0,0,0.000461898,0.000461898,0.000461898
272,1719.52,1.99488,3.33529,2.03039,1.75249,0,0,0,0.55163,0.5229,0.52345,0.31514,0.40196,0.4278,0.36528,0.1668,1.65469,3.05965,1.68461,1.62937,0,0,0,0.000460524,0.000460524,0.000460524
273,1725.83,2.00343,3.33921,2.00511,1.74708,0,0,0,0.54406,0.57503,0.5363,0.32892,0.43362,0.44166,0.36246,0.17171,1.68362,3.06224,1.65416,1.64144,0,0,0,0.00045915,0.00045915,0.00045915
274,1732.17,2.08032,3.44769,2.13729,1.80415,0,0,0,0.49352,0.5538,0.53416,0.33112,0.42607,0.43906,0.35941,0.16437,1.67664,3.07498,1.66074,1.64264,0,0,0,0.000457775,0.000457775,0.000457775
275,1738.51,1.99473,3.46717,2.04022,1.74771,0,0,0,0.52762,0.56598,0.53301,0.33241,0.4342,0.46091,0.38587,0.16432,1.63682,3.05524,1.62576,1.63168,0,0,0,0.000456401,0.000456401,0.000456401
276,1744.96,1.92081,3.34035,2.02143,1.76215,0,0,0,0.57751,0.5555,0.5465,0.33619,0.46951,0.42186,0.38748,0.17121,1.6522,3.05616,1.64021,1.63937,0,0,0,0.000455026,0.000455026,0.000455026
277,1751.26,1.97688,3.34382,2.08585,1.73197,0,0,0,0.55081,0.5546,0.53689,0.32012,0.56648,0.39119,0.40034,0.17464,1.65196,3.04033,1.63087,1.63294,0,0,0,0.000453652,0.000453652,0.000453652
278,1757.43,1.98646,3.40659,2.06989,1.76413,0,0,0,0.63246,0.52347,0.52299,0.31715,0.52597,0.42173,0.39165,0.17659,1.68302,3.06924,1.65691,1.64728,0,0,0,0.000452277,0.000452277,0.000452277
279,1763.64,1.93236,3.25492,1.96307,1.73526,0,0,0,0.54449,0.5362,0.50759,0.30903,0.47029,0.42422,0.34978,0.163,1.65173,3.06215,1.73589,1.63684,0,0,0,0.000450903,0.000450903,0.000450903
280,1769.9,1.95374,3.39766,2.05268,1.76866,0,0,0,0.53915,0.53998,0.5213,0.33327,0.4419,0.42795,0.35488,0.16621,1.65365,3.04848,1.69608,1.63753,0,0,0,0.000449528,0.000449528,0.000449528
281,1776.06,1.9302,3.32276,2.04032,1.76835,0,0,0,0.50737,0.56662,0.56563,0.34922,0.42206,0.48572,0.39063,0.17196,1.63447,3.03856,1.64745,1.63294,0,0,0,0.000448154,0.000448154,0.000448154
282,1782.5,1.92148,3.30627,1.96425,1.75444,0,0,0,0.56239,0.56114,0.55911,0.33544,0.44863,0.44586,0.37497,0.15857,1.66267,3.07389,1.62658,1.6376,0,0,0,0.00044678,0.00044678,0.00044678
283,1788.94,1.93811,3.33805,1.98424,1.73764,0,0,0,0.54714,0.56379,0.55227,0.33042,0.46549,0.42802,0.37002,0.16627,1.6809,3.06463,1.64156,1.63453,0,0,0,0.000445405,0.000445405,0.000445405
284,1795.25,1.95892,3.31029,2.00295,1.74162,0,0,0,0.56307,0.54063,0.55742,0.36633,0.45043,0.44877,0.41073,0.18991,1.60855,3.00734,1.596,1.60214,0,0,0,0.000444031,0.000444031,0.000444031
285,1801.42,1.90241,3.35075,1.9493,1.71833,0,0,0,0.54503,0.54734,0.54232,0.34562,0.42101,0.43986,0.38744,0.17786,1.59377,3.01553,1.59209,1.60046,0,0,0,0.000442656,0.000442656,0.000442656
286,1807.72,1.88832,3.35259,2.04548,1.76031,0,0,0,0.53958,0.59549,0.56067,0.35252,0.44218,0.44794,0.38938,0.1849,1.63005,3.02483,1.59815,1.61413,0,0,0,0.000441282,0.000441282,0.000441282
287,1814.03,1.84635,3.27939,1.94116,1.71102,0,0,0,0.51659,0.56621,0.56358,0.35127,0.43524,0.47487,0.41379,0.18763,1.60491,3.0096,1.58514,1.60693,0,0,0,0.000439907,0.000439907,0.000439907
288,1820.23,1.96978,3.3205,1.98001,1.72938,0,0,0,0.52231,0.57874,0.52447,0.31039,0.43839,0.46298,0.38425,0.16792,1.63315,3.029,1.64381,1.62286,0,0,0,0.000438533,0.000438533,0.000438533
289,1826.6,1.94294,3.33714,1.95396,1.74925,0,0,0,0.56765,0.54418,0.56277,0.33635,0.49047,0.41385,0.40861,0.18018,1.5969,3.04086,1.67,1.6014,0,0,0,0.000437158,0.000437158,0.000437158
290,1832.87,1.94261,3.30976,1.99313,1.75586,0,0,0,0.57294,0.56337,0.56282,0.34534,0.4076,0.42751,0.36484,0.15336,1.57608,3.01481,1.60966,1.59069,0,0,0,0.000435784,0.000435784,0.000435784
291,1839.16,1.90728,3.32799,1.98307,1.72883,0,0,0,0.64448,0.45304,0.55131,0.33849,0.33682,0.45436,0.35256,0.15827,1.57245,3.00915,1.59878,1.59041,0,0,0,0.000434409,0.000434409,0.000434409
292,1845.32,1.9478,3.31904,2.04001,1.75255,0,0,0,0.55794,0.52477,0.55853,0.35584,0.47311,0.44087,0.42452,0.18461,1.60119,3.00908,1.57149,1.60182,0,0,0,0.000433035,0.000433035,0.000433035
293,1851.53,1.90009,3.26798,2.03014,1.76403,0,0,0,0.50695,0.54311,0.55008,0.34328,0.43083,0.42119,0.37922,0.17202,1.58334,2.97527,1.56485,1.58643,0,0,0,0.000431661,0.000431661,0.000431661
294,1857.64,1.90138,3.274,1.9524,1.75095,0,0,0,0.50309,0.61009,0.5622,0.36425,0.38195,0.44087,0.38082,0.17773,1.60226,2.98438,1.59004,1.59808,0,0,0,0.000430286,0.000430286,0.000430286
295,1863.91,1.87195,3.25243,2.0151,1.73336,0,0,0,0.51729,0.53432,0.55694,0.36073,0.35997,0.46609,0.38724,0.17899,1.59263,2.96744,1.57057,1.5995,0,0,0,0.000428912,0.000428912,0.000428912
296,1870.26,1.90359,3.3656,1.99209,1.71341,0,0,0,0.54787,0.5539,0.54192,0.34438,0.41431,0.4174,0.3707,0.16596,1.59287,2.97274,1.58725,1.60341,0,0,0,0.000427537,0.000427537,0.000427537
297,1876.43,1.90005,3.29843,1.98243,1.71304,0,0,0,0.51642,0.60077,0.56953,0.35409,0.36766,0.47021,0.38104,0.17699,1.58562,2.99003,1.57191,1.58973,0,0,0,0.000426163,0.000426163,0.000426163
298,1882.81,1.91804,3.28262,2.05,1.774,0,0,0,0.58827,0.54152,0.56232,0.35097,0.49492,0.39937,0.39261,0.17625,1.58876,2.9933,1.54595,1.5939,0,0,0,0.000424788,0.000424788,0.000424788
299,1888.99,1.93588,3.28053,1.98311,1.74322,0,0,0,0.64377,0.48153,0.558,0.35727,0.51719,0.3782,0.40944,0.19336,1.57628,2.98792,1.54984,1.5722,0,0,0,0.000423414,0.000423414,0.000423414
300,1895.25,1.82736,3.22484,1.93138,1.72253,0,0,0,0.60015,0.53761,0.56374,0.35193,0.48256,0.4301,0.40364,0.18651,1.58932,2.99445,1.60055,1.57463,0,0,0,0.000422039,0.000422039,0.000422039
301,1901.52,1.89396,3.30336,1.94059,1.71359,0,0,0,0.5882,0.55951,0.58473,0.36227,0.49971,0.4529,0.42154,0.18249,1.59497,2.96966,1.56487,1.58607,0,0,0,0.000420665,0.000420665,0.000420665
302,1908,1.85376,3.29745,1.95741,1.73894,0,0,0,0.61291,0.51948,0.55504,0.34467,0.47612,0.42705,0.36595,0.1667,1.57458,2.98629,1.62828,1.56914,0,0,0,0.000419291,0.000419291,0.000419291
303,1914.28,2.01963,3.38464,1.96358,1.68736,0,0,0,0.5841,0.55072,0.5396,0.33424,0.44997,0.42969,0.35486,0.16419,1.59912,2.98751,1.63026,1.58203,0,0,0,0.000417916,0.000417916,0.000417916
304,1920.62,1.85106,3.29877,1.86042,1.67836,0,0,0,0.60659,0.55355,0.55794,0.35047,0.48439,0.45935,0.4027,0.18609,1.58096,2.99097,1.57966,1.5715,0,0,0,0.000416542,0.000416542,0.000416542
305,1927.03,1.83294,3.24713,1.89845,1.68189,0,0,0,0.62551,0.53309,0.55857,0.36028,0.53745,0.4464,0.41254,0.18648,1.56012,2.96146,1.58074,1.55691,0,0,0,0.000415167,0.000415167,0.000415167
306,1933.2,1.93804,3.24304,1.9514,1.70012,0,0,0,0.62964,0.52047,0.54823,0.34699,0.49591,0.41143,0.37032,0.17655,1.57914,2.96253,1.56952,1.56124,0,0,0,0.000413793,0.000413793,0.000413793
307,1939.46,1.95203,3.26599,1.94951,1.73125,0,0,0,0.57777,0.56501,0.55863,0.33873,0.46189,0.41103,0.38494,0.17334,1.57839,2.95562,1.57882,1.58288,0,0,0,0.000412418,0.000412418,0.000412418
308,1945.97,1.85572,3.26509,1.90104,1.69413,0,0,0,0.71147,0.51412,0.58346,0.36188,0.58255,0.39739,0.41411,0.18769,1.54621,2.93794,1.52988,1.56125,0,0,0,0.000411044,0.000411044,0.000411044
309,1952.25,1.98123,3.32725,1.97705,1.66543,0,0,0,0.64149,0.54422,0.58505,0.38115,0.51725,0.4479,0.43755,0.20029,1.56364,2.93007,1.51394,1.56417,0,0,0,0.000409669,0.000409669,0.000409669
310,1958.51,1.8922,3.31286,1.9826,1.68126,0,0,0,0.55332,0.59175,0.56614,0.35611,0.4543,0.48118,0.3961,0.18021,1.58463,2.92895,1.51506,1.56975,0,0,0,0.000408295,0.000408295,0.000408295
311,1964.86,1.89796,3.33938,1.91013,1.70057,0,0,0,0.60807,0.58187,0.60813,0.38942,0.5279,0.47243,0.44665,0.20105,1.55087,2.90779,1.48602,1.5528,0,0,0,0.00040692,0.00040692,0.00040692
312,1971.23,1.89048,3.33657,1.91855,1.65987,0,0,0,0.75519,0.51496,0.59939,0.38096,0.63169,0.4203,0.43182,0.20465,1.5618,2.93727,1.53496,1.55558,0,0,0,0.000405546,0.000405546,0.000405546
313,1977.19,1.8619,3.27381,1.90756,1.70984,0,0,0,0.6611,0.5403,0.60348,0.39798,0.54658,0.44103,0.43032,0.20404,1.55851,2.95237,1.51186,1.55184,0,0,0,0.000404172,0.000404172,0.000404172
314,1983.45,1.85997,3.18446,1.89519,1.67879,0,0,0,0.60354,0.57316,0.59042,0.38098,0.477,0.45976,0.42866,0.20122,1.53568,2.9365,1.51833,1.54251,0,0,0,0.000402797,0.000402797,0.000402797
315,1989.57,1.88626,3.26135,1.87166,1.66705,0,0,0,0.58933,0.56487,0.58686,0.37274,0.45093,0.45225,0.41142,0.19714,1.53858,2.94162,1.52826,1.55569,0,0,0,0.000401423,0.000401423,0.000401423
316,1995.74,1.84669,3.27673,1.89753,1.6784,0,0,0,0.52862,0.57854,0.56317,0.35512,0.41644,0.452,0.40679,0.18669,1.53736,2.91516,1.50786,1.55042,0,0,0,0.000400048,0.000400048,0.000400048
317,2002.02,1.80789,3.22047,1.83142,1.66842,0,0,0,0.61079,0.59533,0.62088,0.39758,0.47016,0.47275,0.43519,0.20021,1.52029,2.92465,1.47847,1.54107,0,0,0,0.000398674,0.000398674,0.000398674
318,2008.42,1.89105,3.29296,1.90982,1.6981,0,0,0,0.60326,0.57909,0.58558,0.37576,0.48215,0.47878,0.41199,0.19031,1.55055,2.93908,1.5178,1.55827,0,0,0,0.000397299,0.000397299,0.000397299
319,2014.63,1.84894,3.26088,1.87846,1.69211,0,0,0,0.63012,0.57374,0.58929,0.37216,0.51893,0.46385,0.4119,0.18592,1.53074,2.89921,1.53684,1.54357,0,0,0,0.000395925,0.000395925,0.000395925
320,2020.89,1.85371,3.29682,1.9313,1.71265,0,0,0,0.65341,0.57971,0.61891,0.39764,0.52537,0.45708,0.43155,0.19984,1.52722,2.91648,1.54746,1.53378,0,0,0,0.00039455,0.00039455,0.00039455
321,2027.09,1.84921,3.1585,1.87826,1.67065,0,0,0,0.62424,0.59061,0.63233,0.39099,0.46046,0.50664,0.4312,0.20228,1.53345,2.91873,1.51529,1.54425,0,0,0,0.000393176,0.000393176,0.000393176
322,2033.28,1.80804,3.17419,1.81321,1.66815,0,0,0,0.65433,0.59519,0.62969,0.40518,0.541,0.48801,0.44912,0.21147,1.51252,2.90761,1.5228,1.53344,0,0,0,0.000391802,0.000391802,0.000391802
323,2039.46,1.82468,3.18038,1.87676,1.71449,0,0,0,0.59601,0.61319,0.63556,0.42327,0.48643,0.50454,0.45363,0.22225,1.50094,2.89168,1.46892,1.52732,0,0,0,0.000390427,0.000390427,0.000390427
324,2045.75,1.79456,3.23809,1.87288,1.73022,0,0,0,0.60116,0.58761,0.61003,0.3827,0.47692,0.47188,0.4518,0.2212,1.51822,2.88212,1.46419,1.54105,0,0,0,0.000389053,0.000389053,0.000389053
325,2052.22,1.82078,3.17297,1.87978,1.69848,0,0,0,0.60987,0.61118,0.62336,0.3944,0.47556,0.50382,0.45249,0.20667,1.50979,2.91288,1.47058,1.5319,0,0,0,0.000387678,0.000387678,0.000387678
326,2058.32,1.89424,3.24646,1.91269,1.67441,0,0,0,0.59416,0.61167,0.63267,0.39264,0.46723,0.53263,0.45317,0.21296,1.50764,2.90384,1.47844,1.52558,0,0,0,0.000386304,0.000386304,0.000386304
327,2064.62,1.85772,3.27458,1.9169,1.69255,0,0,0,0.64071,0.57551,0.62164,0.39004,0.48723,0.5143,0.47452,0.22744,1.50018,2.85947,1.44915,1.52117,0,0,0,0.000384929,0.000384929,0.000384929
328,2070.83,1.81358,3.22817,1.82049,1.66645,0,0,0,0.62063,0.58667,0.62466,0.4005,0.47348,0.51573,0.44575,0.21666,1.51248,2.84525,1.45249,1.52621,0,0,0,0.000383555,0.000383555,0.000383555
329,2077.73,1.85244,3.20012,1.85691,1.66365,0,0,0,0.56625,0.60726,0.59506,0.38503,0.46943,0.49794,0.4274,0.20972,1.47914,2.8548,1.48792,1.50983,0,0,0,0.00038218,0.00038218,0.00038218
330,2083.92,1.80152,3.25259,1.86793,1.68356,0,0,0,0.60873,0.5721,0.59394,0.39611,0.50172,0.4706,0.41304,0.20404,1.48846,2.87249,1.52178,1.50792,0,0,0,0.000380806,0.000380806,0.000380806
331,2090.2,1.81435,3.17486,1.86949,1.67141,0,0,0,0.58557,0.56902,0.59516,0.38326,0.49992,0.48424,0.42646,0.20272,1.50157,2.87287,1.49336,1.51658,0,0,0,0.000379431,0.000379431,0.000379431
332,2096.48,1.84306,3.24073,1.87696,1.65586,0,0,0,0.60923,0.57318,0.60215,0.39494,0.52435,0.45512,0.4443,0.21749,1.48237,2.84358,1.48043,1.49892,0,0,0,0.000378057,0.000378057,0.000378057
333,2102.71,1.78371,3.13273,1.81741,1.66826,0,0,0,0.73397,0.52639,0.61545,0.40745,0.63768,0.42848,0.45588,0.22787,1.48075,2.84589,1.48594,1.50108,0,0,0,0.000376683,0.000376683,0.000376683
334,2108.89,1.79114,3.14377,1.78862,1.65237,0,0,0,0.70824,0.56837,0.6338,0.41905,0.60403,0.46198,0.4497,0.22576,1.46782,2.85624,1.44647,1.49497,0,0,0,0.000375308,0.000375308,0.000375308
335,2115.14,1.75202,3.05744,1.76313,1.64077,0,0,0,0.57488,0.60538,0.61593,0.42448,0.53967,0.45419,0.45619,0.2301,1.47882,2.84346,1.41431,1.50105,0,0,0,0.000373934,0.000373934,0.000373934
336,2121.39,1.86442,3.16907,1.88857,1.69274,0,0,0,0.61038,0.57123,0.60577,0.40215,0.51124,0.48103,0.45793,0.22153,1.50812,2.8635,1.42579,1.51013,0,0,0,0.000372559,0.000372559,0.000372559
337,2127.76,1.90558,3.22081,1.86402,1.66868,0,0,0,0.58983,0.60025,0.6051,0.39682,0.50139,0.47013,0.45553,0.22231,1.48266,2.86206,1.43666,1.49844,0,0,0,0.000371185,0.000371185,0.000371185
338,2134.03,1.85504,3.17986,1.83732,1.68107,0,0,0,0.69158,0.56274,0.62275,0.40753,0.5581,0.47962,0.45704,0.22737,1.47867,2.84493,1.44462,1.49537,0,0,0,0.00036981,0.00036981,0.00036981
339,2140.28,1.77831,3.15625,1.78984,1.64113,0,0,0,0.61991,0.58352,0.61178,0.40194,0.51618,0.49425,0.47426,0.22639,1.50096,2.86359,1.44463,1.50882,0,0,0,0.000368436,0.000368436,0.000368436
340,2146.6,1.78139,3.17691,1.82565,1.67036,0,0,0,0.63752,0.6067,0.6276,0.41848,0.53148,0.52842,0.50501,0.25406,1.46921,2.82889,1.41657,1.49548,0,0,0,0.000367061,0.000367061,0.000367061
341,2152.81,1.8432,3.15532,1.8054,1.63111,0,0,0,0.6479,0.58775,0.62983,0.41788,0.54491,0.49277,0.48132,0.23959,1.47155,2.8334,1.4238,1.49915,0,0,0,0.000365687,0.000365687,0.000365687
342,2159.03,1.76064,3.10931,1.8139,1.65629,0,0,0,0.60589,0.61082,0.62841,0.41125,0.50204,0.53294,0.499,0.24622,1.4545,2.81451,1.42323,1.48665,0,0,0,0.000364313,0.000364313,0.000364313
343,2165.35,1.81573,3.18553,1.76057,1.62797,0,0,0,0.65683,0.58422,0.61213,0.39684,0.59388,0.44557,0.45525,0.22303,1.4642,2.8169,1.44479,1.48866,0,0,0,0.000362938,0.000362938,0.000362938
344,2171.44,1.80965,3.15776,1.74014,1.61325,0,0,0,0.61486,0.61454,0.6268,0.4174,0.51128,0.51433,0.4749,0.23505,1.45484,2.80867,1.43055,1.48233,0,0,0,0.000361564,0.000361564,0.000361564
345,2177.94,1.78709,3.16573,1.81456,1.67246,0,0,0,0.64723,0.59695,0.62945,0.42228,0.56722,0.51364,0.50923,0.24782,1.45093,2.81119,1.40223,1.48611,0,0,0,0.000360189,0.000360189,0.000360189
346,2184.35,1.83794,3.14247,1.7572,1.62316,0,0,0,0.63691,0.5875,0.61487,0.4043,0.53287,0.46552,0.47625,0.22559,1.47649,2.81129,1.40304,1.49948,0,0,0,0.000358815,0.000358815,0.000358815
347,2190.64,1.82833,3.19312,1.79507,1.6491,0,0,0,0.63446,0.55916,0.60816,0.39957,0.5585,0.45372,0.47017,0.22187,1.48428,2.78686,1.42288,1.50372,0,0,0,0.00035744,0.00035744,0.00035744
348,2196.82,1.81946,3.17044,1.80834,1.65526,0,0,0,0.62088,0.55726,0.60944,0.39208,0.54837,0.46107,0.46043,0.22089,1.45588,2.81405,1.44665,1.48566,0,0,0,0.000356066,0.000356066,0.000356066
349,2202.94,1.7508,3.12553,1.78051,1.64614,0,0,0,0.54433,0.64064,0.63046,0.4051,0.45195,0.54182,0.46037,0.2271,1.44313,2.83707,1.40904,1.48573,0,0,0,0.000354691,0.000354691,0.000354691
350,2209.14,1.74992,3.17227,1.75843,1.64443,0,0,0,0.59807,0.59575,0.62476,0.41105,0.48434,0.49286,0.45259,0.23094,1.45008,2.82594,1.41256,1.48444,0,0,0,0.000353317,0.000353317,0.000353317
351,2215.37,1.77516,3.12985,1.76127,1.63788,0,0,0,0.66783,0.5672,0.62674,0.41911,0.57152,0.47485,0.47049,0.23877,1.42337,2.77957,1.42894,1.46553,0,0,0,0.000351942,0.000351942,0.000351942
352,2221.81,1.80027,3.18074,1.82548,1.64995,0,0,0,0.59893,0.60984,0.62803,0.43049,0.5556,0.46296,0.46871,0.23476,1.44653,2.79903,1.41959,1.47525,0,0,0,0.000350568,0.000350568,0.000350568
353,2228.19,1.79005,3.08511,1.78354,1.62241,0,0,0,0.62184,0.58983,0.62455,0.41247,0.55728,0.492,0.48376,0.24377,1.43974,2.7991,1.39966,1.47202,0,0,0,0.000349194,0.000349194,0.000349194
354,2234.51,1.78727,3.2416,1.74486,1.63004,0,0,0,0.60061,0.60376,0.60742,0.40881,0.52742,0.48852,0.47567,0.24265,1.41001,2.78064,1.41592,1.45926,0,0,0,0.000347819,0.000347819,0.000347819
355,2240.76,1.78817,3.21005,1.76425,1.61596,0,0,0,0.56843,0.62015,0.61813,0.42874,0.56384,0.45213,0.45868,0.23696,1.40794,2.78277,1.42483,1.45298,0,0,0,0.000346445,0.000346445,0.000346445
356,2247.08,1.80412,3.12992,1.81306,1.66585,0,0,0,0.72712,0.54858,0.62522,0.41966,0.62404,0.45697,0.48189,0.23933,1.43506,2.79959,1.43587,1.47291,0,0,0,0.00034507,0.00034507,0.00034507
357,2253.24,1.8481,3.12696,1.81256,1.63373,0,0,0,0.58644,0.60683,0.61407,0.41145,0.52822,0.48252,0.48326,0.2416,1.43642,2.78454,1.41873,1.47166,0,0,0,0.000343696,0.000343696,0.000343696
358,2259.39,1.78567,3.10893,1.74492,1.61883,0,0,0,0.55824,0.62913,0.62578,0.41297,0.47418,0.53685,0.50226,0.24682,1.4441,2.80158,1.41637,1.46903,0,0,0,0.000342321,0.000342321,0.000342321
359,2265.59,1.7356,3.1831,1.79102,1.6414,0,0,0,0.59312,0.62618,0.61285,0.39848,0.51235,0.52824,0.48224,0.23111,1.43524,2.77242,1.43217,1.46349,0,0,0,0.000340947,0.000340947,0.000340947
360,2271.98,1.7957,3.15929,1.7919,1.61918,0,0,0,0.6109,0.60739,0.63106,0.42613,0.52188,0.50418,0.4732,0.24295,1.42798,2.7741,1.42423,1.46248,0,0,0,0.000339572,0.000339572,0.000339572
361,2278.2,1.7833,3.22577,1.79507,1.62228,0,0,0,0.63972,0.61715,0.64079,0.44287,0.53817,0.52559,0.50039,0.25649,1.42667,2.79799,1.38672,1.46411,0,0,0,0.000338198,0.000338198,0.000338198
362,2284.39,1.76217,3.17642,1.71311,1.62173,0,0,0,0.65944,0.62813,0.63473,0.43053,0.55097,0.52794,0.47919,0.25252,1.43572,2.77264,1.38447,1.46406,0,0,0,0.000336824,0.000336824,0.000336824
363,2290.54,1.80142,3.09431,1.79732,1.63219,0,0,0,0.59248,0.61935,0.62159,0.41971,0.4796,0.53305,0.4806,0.24831,1.41696,2.75917,1.36695,1.45853,0,0,0,0.000335449,0.000335449,0.000335449
364,2296.68,1.7733,3.17875,1.78901,1.62942,0,0,0,0.60456,0.61302,0.62488,0.41874,0.50638,0.54944,0.48335,0.2381,1.41983,2.73267,1.34396,1.46406,0,0,0,0.000334075,0.000334075,0.000334075
365,2302.94,1.71222,3.06608,1.75221,1.64445,0,0,0,0.65536,0.59683,0.64298,0.42524,0.54311,0.4869,0.44933,0.22691,1.42554,2.75277,1.36162,1.45971,0,0,0,0.0003327,0.0003327,0.0003327
366,2309.2,1.75289,3.08335,1.73758,1.60436,0,0,0,0.676,0.58482,0.65837,0.4398,0.54356,0.53397,0.49883,0.24775,1.42863,2.75324,1.40628,1.45957,0,0,0,0.000331326,0.000331326,0.000331326
367,2315.58,1.78943,3.08083,1.7712,1.59309,0,0,0,0.64729,0.60228,0.65435,0.4356,0.56152,0.51692,0.50261,0.25871,1.45193,2.77432,1.41647,1.46876,0,0,0,0.000329951,0.000329951,0.000329951
368,2321.81,1.81017,3.05445,1.7437,1.62163,0,0,0,0.60491,0.63518,0.62834,0.41703,0.53324,0.53686,0.49662,0.24162,1.43458,2.77814,1.388,1.45833,0,0,0,0.000328577,0.000328577,0.000328577
369,2328.03,1.71793,3.03518,1.66824,1.6054,0,0,0,0.61156,0.6152,0.61895,0.40449,0.50371,0.51211,0.44672,0.22542,1.4418,2.75499,1.38424,1.46455,0,0,0,0.000327202,0.000327202,0.000327202
370,2334.24,1.79236,3.1042,1.7433,1.62883,0,0,0,0.593,0.62149,0.61492,0.41837,0.50286,0.50008,0.4637,0.23562,1.4058,2.72547,1.3602,1.44413,0,0,0,0.000325828,0.000325828,0.000325828
371,2340.62,1.74261,3.09173,1.7006,1.58256,0,0,0,0.66906,0.6288,0.65703,0.45649,0.57722,0.52582,0.52247,0.2649,1.38548,2.71992,1.33474,1.43897,0,0,0,0.000324453,0.000324453,0.000324453
372,2346.92,1.80334,3.05082,1.69064,1.58585,0,0,0,0.66886,0.63465,0.65221,0.4473,0.61664,0.48725,0.51216,0.2579,1.40165,2.7371,1.32777,1.4449,0,0,0,0.000323079,0.000323079,0.000323079
373,2353.2,1.82219,3.0957,1.75146,1.5953,0,0,0,0.68993,0.6198,0.64437,0.44144,0.59522,0.52681,0.50814,0.25241,1.4309,2.72899,1.35694,1.45202,0,0,0,0.000321705,0.000321705,0.000321705
374,2359.57,1.75814,3.0528,1.71462,1.59752,0,0,0,0.62733,0.63031,0.63607,0.43355,0.59404,0.49136,0.46912,0.23469,1.40389,2.75755,1.36438,1.4478,0,0,0,0.00032033,0.00032033,0.00032033
375,2366.01,1.74049,3.05368,1.69301,1.58987,0,0,0,0.66751,0.61366,0.64689,0.43072,0.52933,0.51778,0.47433,0.23831,1.4129,2.74111,1.3717,1.43686,0,0,0,0.000318956,0.000318956,0.000318956
376,2372.25,1.75012,3.11108,1.73113,1.59875,0,0,0,0.66708,0.61051,0.65265,0.43892,0.53042,0.51098,0.48099,0.24066,1.41192,2.73206,1.35547,1.43838,0,0,0,0.000317581,0.000317581,0.000317581
377,2378.43,1.83045,3.09138,1.7612,1.62758,0,0,0,0.65097,0.62913,0.65157,0.43707,0.54474,0.55224,0.50228,0.2595,1.39819,2.71063,1.31892,1.4442,0,0,0,0.000316207,0.000316207,0.000316207
378,2384.62,1.65788,3.05279,1.70017,1.5673,0,0,0,0.62017,0.61731,0.64781,0.43965,0.51455,0.5365,0.50413,0.25463,1.39125,2.70694,1.32506,1.4365,0,0,0,0.000314832,0.000314832,0.000314832
379,2391.01,1.72773,3.09045,1.69505,1.57935,0,0,0,0.70738,0.57257,0.65975,0.44304,0.59539,0.48667,0.50544,0.26081,1.41856,2.71185,1.32882,1.44216,0,0,0,0.000313458,0.000313458,0.000313458
380,2397.25,1.72255,3.1029,1.68971,1.56936,0,0,0,0.6819,0.59541,0.66469,0.45358,0.57164,0.49432,0.49504,0.25355,1.39221,2.69624,1.32631,1.42717,0,0,0,0.000312083,0.000312083,0.000312083
381,2403.68,1.74786,3.11168,1.68973,1.5813,0,0,0,0.67893,0.60899,0.66222,0.44329,0.57234,0.51094,0.50683,0.25334,1.39228,2.70285,1.32707,1.42842,0,0,0,0.000310709,0.000310709,0.000310709
382,2409.82,1.76306,3.11776,1.71607,1.61613,0,0,0,0.67162,0.62302,0.67234,0.46132,0.56095,0.51696,0.51317,0.26436,1.38839,2.69168,1.32673,1.43031,0,0,0,0.000309335,0.000309335,0.000309335
383,2416.1,1.74785,3.0704,1.69187,1.58796,0,0,0,0.63616,0.64266,0.66959,0.46309,0.54887,0.53826,0.51899,0.27227,1.38131,2.6692,1.31819,1.43001,0,0,0,0.00030796,0.00030796,0.00030796
384,2422.37,1.66604,3.08211,1.67377,1.56377,0,0,0,0.7432,0.57516,0.65837,0.45806,0.66649,0.49373,0.525,0.27645,1.36531,2.66089,1.32112,1.41911,0,0,0,0.000306586,0.000306586,0.000306586
385,2428.57,1.71018,3.09504,1.66977,1.58149,0,0,0,0.73512,0.5968,0.65761,0.45482,0.63671,0.50557,0.51792,0.27297,1.37152,2.68151,1.33505,1.4124,0,0,0,0.000305211,0.000305211,0.000305211
386,2434.78,1.74668,3.06966,1.6733,1.57475,0,0,0,0.65941,0.63213,0.66719,0.44915,0.55985,0.53359,0.51588,0.27141,1.39414,2.6852,1.3431,1.42397,0,0,0,0.000303837,0.000303837,0.000303837
387,2441.06,1.7665,3.0947,1.6742,1.5714,0,0,0,0.63508,0.6338,0.66731,0.46061,0.53939,0.53262,0.51204,0.25472,1.39027,2.69693,1.33056,1.42069,0,0,0,0.000302462,0.000302462,0.000302462
388,2447.47,1.77167,3.11018,1.65738,1.56691,0,0,0,0.63019,0.63599,0.66217,0.45281,0.5419,0.54857,0.51933,0.25502,1.38214,2.67984,1.31747,1.42029,0,0,0,0.000301088,0.000301088,0.000301088
389,2453.93,1.78786,3.15187,1.71221,1.59686,0,0,0,0.69269,0.59009,0.65831,0.45902,0.56607,0.50431,0.50653,0.26621,1.37345,2.67931,1.32328,1.41655,0,0,0,0.000299713,0.000299713,0.000299713
390,2460.07,1.72911,3.08847,1.63445,1.54793,0,0,0,0.66863,0.59922,0.64954,0.46501,0.55956,0.49659,0.49596,0.26774,1.36236,2.6718,1.31968,1.41131,0,0,0,0.000298339,0.000298339,0.000298339
391,2466.26,1.6868,3.00022,1.65912,1.59903,0,0,0,0.70332,0.59329,0.6624,0.47128,0.63614,0.49062,0.51839,0.26617,1.36719,2.65998,1.31291,1.41331,0,0,0,0.000296964,0.000296964,0.000296964
392,2472.48,1.67377,3.01629,1.64893,1.55339,0,0,0,0.65095,0.60943,0.66201,0.45355,0.70496,0.43414,0.52078,0.26112,1.377,2.67511,1.30961,1.41698,0,0,0,0.00029559,0.00029559,0.00029559
393,2478.62,1.75508,3.16318,1.73848,1.57751,0,0,0,0.63628,0.59519,0.652,0.42615,0.57499,0.49565,0.52465,0.25521,1.39403,2.69259,1.35778,1.42449,0,0,0,0.000294216,0.000294216,0.000294216
394,2484.9,1.71439,3.01263,1.72352,1.59078,0,0,0,0.633,0.58871,0.65153,0.42627,0.54353,0.50757,0.52199,0.26167,1.36211,2.66497,1.35422,1.40896,0,0,0,0.000292841,0.000292841,0.000292841
395,2491.11,1.76256,3.03637,1.71337,1.56209,0,0,0,0.6151,0.61765,0.64083,0.42566,0.52183,0.53439,0.51131,0.26102,1.35272,2.65635,1.35041,1.40464,0,0,0,0.000291467,0.000291467,0.000291467
396,2497.35,1.71852,3.04216,1.64499,1.5584,0,0,0,0.64714,0.65062,0.65369,0.43769,0.55417,0.54726,0.50118,0.25852,1.34136,2.65893,1.32168,1.3951,0,0,0,0.000290092,0.000290092,0.000290092
397,2503.39,1.63568,3.00139,1.6611,1.58481,0,0,0,0.67818,0.64491,0.67413,0.46721,0.57431,0.53593,0.52053,0.278,1.35741,2.6768,1.28568,1.40636,0,0,0,0.000288718,0.000288718,0.000288718
398,2509.75,1.76438,3.14137,1.72753,1.57485,0,0,0,0.69308,0.63082,0.66578,0.45521,0.60976,0.54648,0.52522,0.28118,1.39905,2.67673,1.29146,1.4345,0,0,0,0.000287343,0.000287343,0.000287343
399,2515.97,1.7467,3.13452,1.71169,1.57038,0,0,0,0.69255,0.63083,0.6676,0.45878,0.61737,0.53687,0.53321,0.28309,1.36419,2.67031,1.28631,1.41339,0,0,0,0.000285969,0.000285969,0.000285969
400,2522.36,1.73585,3.00741,1.65308,1.51027,0,0,0,0.69252,0.62545,0.67119,0.46796,0.63016,0.51626,0.53588,0.2876,1.35748,2.66227,1.29553,1.40318,0,0,0,0.000284594,0.000284594,0.000284594
401,2528.74,1.79188,3.13997,1.72019,1.56757,0,0,0,0.63615,0.6337,0.67054,0.47138,0.62113,0.50769,0.53541,0.28431,1.33947,2.67277,1.29586,1.39484,0,0,0,0.00028322,0.00028322,0.00028322
402,2535.27,1.70056,2.99604,1.63051,1.55972,0,0,0,0.62682,0.63302,0.6616,0.45557,0.52858,0.53913,0.525,0.27344,1.34866,2.68243,1.33114,1.3988,0,0,0,0.000281846,0.000281846,0.000281846
403,2541.46,1.72036,3.00515,1.67749,1.57098,0,0,0,0.62058,0.62733,0.66529,0.46569,0.51323,0.52798,0.51535,0.27945,1.34304,2.6558,1.32431,1.39557,0,0,0,0.000280471,0.000280471,0.000280471
404,2547.81,1.68881,3.01507,1.6247,1.58322,0,0,0,0.62722,0.63773,0.67757,0.4822,0.54748,0.55083,0.53173,0.29186,1.33909,2.64868,1.28881,1.3962,0,0,0,0.000279097,0.000279097,0.000279097
405,2554.07,1.66499,3.08317,1.6087,1.55321,0,0,0,0.72198,0.5828,0.66334,0.46885,0.62706,0.50646,0.5351,0.2952,1.32881,2.6367,1.26519,1.39415,0,0,0,0.000277722,0.000277722,0.000277722
406,2560.39,1.61596,2.93699,1.60143,1.54697,0,0,0,0.66673,0.62968,0.65883,0.45439,0.58233,0.53634,0.52317,0.27535,1.34639,2.63943,1.27509,1.39496,0,0,0,0.000276348,0.000276348,0.000276348
407,2566.58,1.6462,2.95144,1.60602,1.57044,0,0,0,0.64659,0.65441,0.6618,0.46431,0.55361,0.55935,0.52339,0.28226,1.3487,2.62867,1.27484,1.39414,0,0,0,0.000274973,0.000274973,0.000274973
408,2572.9,1.67853,3.0294,1.63937,1.56882,0,0,0,0.64179,0.65168,0.6654,0.46574,0.53407,0.56006,0.529,0.28106,1.34226,2.63775,1.27915,1.38962,0,0,0,0.000273599,0.000273599,0.000273599
409,2579.24,1.63865,2.88068,1.59248,1.54382,0,0,0,0.62532,0.65006,0.66051,0.46051,0.56872,0.55096,0.53835,0.29402,1.33295,2.63654,1.27153,1.38828,0,0,0,0.000272224,0.000272224,0.000272224
410,2585.51,1.70196,3.02522,1.62594,1.57982,0,0,0,0.67233,0.64495,0.67836,0.48026,0.57527,0.55971,0.54558,0.3007,1.32556,2.63937,1.27373,1.3825,0,0,0,0.00027085,0.00027085,0.00027085
411,2591.77,1.74068,3.01053,1.61964,1.56748,0,0,0,0.69051,0.64865,0.68,0.49032,0.59701,0.55746,0.5485,0.29806,1.3123,2.61378,1.28,1.37478,0,0,0,0.000269475,0.000269475,0.000269475
412,2597.97,1.68009,2.95171,1.65903,1.57114,0,0,0,0.68799,0.63916,0.68235,0.48194,0.59472,0.54759,0.55109,0.29908,1.32818,2.6296,1.27446,1.38447,0,0,0,0.000268101,0.000268101,0.000268101
413,2604.39,1.74753,3.02988,1.67688,1.56624,0,0,0,0.68691,0.63633,0.68353,0.48942,0.56475,0.58224,0.5436,0.29362,1.30505,2.61508,1.26069,1.37514,0,0,0,0.000266727,0.000266727,0.000266727
414,2610.54,1.72694,3.09963,1.63767,1.53119,0,0,0,0.60071,0.6602,0.67293,0.47529,0.50281,0.54823,0.5242,0.28392,1.3118,2.61969,1.2784,1.37583,0,0,0,0.000265352,0.000265352,0.000265352
415,2616.81,1.6858,3.10593,1.64112,1.5637,0,0,0,0.68313,0.61332,0.66349,0.46281,0.59631,0.50915,0.51955,0.27659,1.36482,2.62474,1.31113,1.39187,0,0,0,0.000263978,0.000263978,0.000263978
416,2623.17,1.63772,2.97064,1.61408,1.54774,0,0,0,0.67852,0.63949,0.67111,0.47221,0.61016,0.5303,0.54015,0.29095,1.33053,2.60594,1.29809,1.38052,0,0,0,0.000262603,0.000262603,0.000262603
417,2629.41,1.72442,3.0486,1.61553,1.54468,0,0,0,0.6728,0.65908,0.67918,0.47255,0.57064,0.55762,0.54774,0.30045,1.32624,2.60191,1.27816,1.37831,0,0,0,0.000261229,0.000261229,0.000261229
418,2635.68,1.64522,3.07013,1.6205,1.55474,0,0,0,0.66852,0.65897,0.68107,0.4733,0.5676,0.57202,0.55099,0.29541,1.32164,2.60183,1.27,1.37708,0,0,0,0.000259854,0.000259854,0.000259854
419,2641.95,1.71053,2.99227,1.62214,1.5398,0,0,0,0.73279,0.62162,0.68623,0.46727,0.63982,0.53854,0.54951,0.2937,1.32062,2.58086,1.25482,1.37827,0,0,0,0.00025848,0.00025848,0.00025848
420,2648.16,1.70104,2.9839,1.63622,1.56698,0,0,0,0.72712,0.59567,0.67452,0.46924,0.64133,0.5155,0.53915,0.28058,1.32894,2.58856,1.26319,1.37936,0,0,0,0.000257105,0.000257105,0.000257105
421,2654.42,1.71718,3.0051,1.62889,1.53925,0,0,0,0.75196,0.58523,0.67101,0.45874,0.68578,0.50185,0.53751,0.27553,1.33757,2.58156,1.26144,1.3855,0,0,0,0.000255731,0.000255731,0.000255731
422,2660.8,1.68141,2.95069,1.60791,1.50503,0,0,0,0.65815,0.64912,0.6841,0.47231,0.54572,0.55566,0.54088,0.28264,1.34041,2.57363,1.25933,1.38544,0,0,0,0.000254357,0.000254357,0.000254357
423,2667,1.68805,3.01082,1.63171,1.543,0,0,0,0.73187,0.62581,0.68577,0.47783,0.60182,0.51526,0.50841,0.27748,1.34344,2.59599,1.27233,1.38674,0,0,0,0.000252982,0.000252982,0.000252982
424,2673.27,1.69742,2.94285,1.66326,1.57499,0,0,0,0.67213,0.66309,0.69043,0.49387,0.58035,0.56902,0.54881,0.293,1.3267,2.57774,1.26836,1.3734,0,0,0,0.000251608,0.000251608,0.000251608
425,2680.01,1.67674,3.00653,1.59659,1.5266,0,0,0,0.68395,0.64056,0.6878,0.49427,0.60118,0.55107,0.56294,0.31176,1.31984,2.58299,1.26247,1.3701,0,0,0,0.000250233,0.000250233,0.000250233
426,2686.45,1.67175,3.02556,1.58646,1.51636,0,0,0,0.68698,0.64486,0.68297,0.48741,0.61394,0.56032,0.5753,0.30889,1.31267,2.58092,1.27505,1.36428,0,0,0,0.000248859,0.000248859,0.000248859
427,2692.81,1.73287,3.03666,1.63512,1.52578,0,0,0,0.63853,0.65748,0.68204,0.48285,0.55684,0.57914,0.55968,0.30021,1.30662,2.59334,1.27448,1.3609,0,0,0,0.000247484,0.000247484,0.000247484
428,2699.08,1.68236,2.93003,1.59066,1.52193,0,0,0,0.64942,0.66582,0.68534,0.4819,0.5673,0.57765,0.5732,0.30873,1.30848,2.58121,1.27604,1.36232,0,0,0,0.00024611,0.00024611,0.00024611
429,2705.4,1.6762,2.99656,1.57893,1.5177,0,0,0,0.70377,0.6476,0.69485,0.49778,0.59943,0.54583,0.5631,0.30453,1.30929,2.57528,1.23942,1.36695,0,0,0,0.000244735,0.000244735,0.000244735
430,2711.91,1.70683,2.90245,1.60098,1.52591,0,0,0,0.71029,0.61794,0.68894,0.48357,0.65943,0.51365,0.56262,0.29748,1.32812,2.56534,1.22458,1.38319,0,0,0,0.000243361,0.000243361,0.000243361
431,2718.08,1.74922,2.94606,1.60426,1.50478,0,0,0,0.6608,0.65431,0.67956,0.46595,0.56246,0.56143,0.54843,0.29095,1.33096,2.55759,1.22602,1.38449,0,0,0,0.000241986,0.000241986,0.000241986
432,2724.19,1.6448,2.94706,1.59014,1.51955,0,0,0,0.69326,0.64257,0.68399,0.47612,0.61953,0.54038,0.55008,0.30069,1.30806,2.5508,1.23842,1.37599,0,0,0,0.000240612,0.000240612,0.000240612
433,2730.4,1.60393,3.01088,1.57081,1.5007,0,0,0,0.67285,0.64666,0.67938,0.48496,0.59867,0.55514,0.55324,0.3082,1.29716,2.53672,1.24676,1.36683,0,0,0,0.000239238,0.000239238,0.000239238
434,2736.66,1.65714,2.98055,1.58831,1.51042,0,0,0,0.62851,0.66891,0.67324,0.47779,0.55349,0.58928,0.56584,0.31719,1.30125,2.54852,1.2549,1.37089,0,0,0,0.000237863,0.000237863,0.000237863
435,2742.85,1.64078,2.95469,1.58048,1.53198,0,0,0,0.63338,0.68158,0.67792,0.47087,0.58445,0.58199,0.57042,0.31058,1.29552,2.54447,1.25767,1.36193,0,0,0,0.000236489,0.000236489,0.000236489
436,2748.99,1.65849,2.96492,1.58171,1.5367,0,0,0,0.63557,0.66491,0.67296,0.47556,0.56669,0.59153,0.57545,0.31578,1.29852,2.5245,1.24609,1.36107,0,0,0,0.000235114,0.000235114,0.000235114
437,2755.43,1.63163,2.94274,1.6392,1.5562,0,0,0,0.66436,0.63354,0.68142,0.48221,0.62683,0.54837,0.56164,0.31158,1.30224,2.52454,1.24705,1.36295,0,0,0,0.00023374,0.00023374,0.00023374
438,2761.63,1.68692,2.94163,1.57449,1.48888,0,0,0,0.7431,0.62907,0.68991,0.48831,0.6586,0.54902,0.57633,0.31407,1.29158,2.5235,1.22583,1.35487,0,0,0,0.000232365,0.000232365,0.000232365
439,2767.79,1.63777,2.95876,1.57135,1.5446,0,0,0,0.7902,0.60751,0.69435,0.49697,0.69233,0.51802,0.56299,0.31394,1.28525,2.54609,1.22086,1.34953,0,0,0,0.000230991,0.000230991,0.000230991
440,2773.97,1.62836,3.00018,1.58015,1.51538,0,0,0,0.71168,0.63949,0.6876,0.4993,0.63115,0.55051,0.56712,0.31125,1.28896,2.56176,1.23103,1.35221,0,0,0,0.000229616,0.000229616,0.000229616
441,2780.12,1.61784,2.92646,1.56862,1.53198,0,0,0,0.72132,0.61372,0.68247,0.48451,0.64466,0.52632,0.55409,0.30799,1.30761,2.56995,1.23638,1.35694,0,0,0,0.000228242,0.000228242,0.000228242
442,2786.31,1.57912,2.97908,1.56299,1.50325,0,0,0,0.65188,0.66823,0.68588,0.4838,0.63712,0.53415,0.56012,0.31149,1.2989,2.55766,1.23217,1.35543,0,0,0,0.000226868,0.000226868,0.000226868
443,2792.55,1.6539,2.93578,1.5716,1.51125,0,0,0,0.68401,0.62907,0.68349,0.48568,0.59379,0.55285,0.55341,0.31293,1.3066,2.55032,1.24538,1.36072,0,0,0,0.000225493,0.000225493,0.000225493
444,2798.77,1.63097,3.01172,1.57548,1.53563,0,0,0,0.69004,0.62143,0.68796,0.48815,0.61896,0.56541,0.57446,0.31817,1.30353,2.52836,1.25099,1.35695,0,0,0,0.000224119,0.000224119,0.000224119
445,2804.99,1.63745,3.02408,1.56584,1.51772,0,0,0,0.64242,0.67616,0.68477,0.48208,0.62575,0.55788,0.56118,0.3147,1.27897,2.50568,1.23481,1.35216,0,0,0,0.000222744,0.000222744,0.000222744
446,2811.36,1.60867,2.95157,1.57675,1.52303,0,0,0,0.69084,0.63974,0.69091,0.48163,0.62458,0.55954,0.55901,0.31182,1.29472,2.50601,1.22261,1.3642,0,0,0,0.00022137,0.00022137,0.00022137
447,2817.78,1.62935,2.95196,1.53852,1.47772,0,0,0,0.70185,0.63745,0.6871,0.48227,0.62518,0.56358,0.56025,0.31405,1.29096,2.52991,1.22962,1.34892,0,0,0,0.000219995,0.000219995,0.000219995
448,2824.05,1.73876,2.9877,1.59727,1.50697,0,0,0,0.67229,0.65408,0.68807,0.48962,0.59775,0.57591,0.56262,0.31797,1.29043,2.53349,1.23881,1.34972,0,0,0,0.000218621,0.000218621,0.000218621
449,2830.17,1.6531,2.86157,1.56044,1.51115,0,0,0,0.66615,0.67112,0.68874,0.48349,0.61511,0.56696,0.58043,0.32343,1.28985,2.50543,1.2119,1.35073,0,0,0,0.000217246,0.000217246,0.000217246
450,2836.39,1.59906,2.90571,1.59107,1.53293,0,0,0,0.67337,0.67162,0.69045,0.49016,0.63621,0.56696,0.57965,0.32918,1.26736,2.48369,1.19208,1.34221,0,0,0,0.000215872,0.000215872,0.000215872
451,2842.87,1.62201,2.971,1.52375,1.50018,0,0,0,0.72512,0.64078,0.69446,0.48346,0.6595,0.54929,0.56805,0.33127,1.26792,2.48337,1.19251,1.34322,0,0,0,0.000214497,0.000214497,0.000214497
452,2849.21,1.72875,2.98091,1.61808,1.51194,0,0,0,0.72057,0.63982,0.69419,0.49396,0.63278,0.55931,0.5695,0.32144,1.27096,2.50141,1.19811,1.34436,0,0,0,0.000213123,0.000213123,0.000213123
453,2855.45,1.63587,3.03134,1.61257,1.53181,0,0,0,0.68662,0.68377,0.69975,0.49624,0.61046,0.60265,0.5731,0.315,1.26089,2.49618,1.19865,1.3367,0,0,0,0.000211749,0.000211749,0.000211749
454,2861.64,1.56884,2.97319,1.53715,1.49553,0,0,0,0.72465,0.64785,0.70432,0.5084,0.62675,0.5667,0.586,0.32888,1.24741,2.49204,1.18356,1.33096,0,0,0,0.000210374,0.000210374,0.000210374
455,2868.04,1.57812,2.89895,1.51235,1.48812,0,0,0,0.75004,0.63981,0.70674,0.50711,0.63689,0.54816,0.57572,0.32895,1.25014,2.51175,1.19161,1.33355,0,0,0,0.000209,0.000209,0.000209
456,2874.36,1.64969,2.89586,1.52311,1.48992,0,0,0,0.6939,0.67777,0.70311,0.51162,0.60473,0.58759,0.58575,0.33243,1.24894,2.5221,1.21598,1.3281,0,0,0,0.000207625,0.000207625,0.000207625
457,2880.71,1.5744,2.91057,1.50374,1.46699,0,0,0,0.72106,0.65823,0.70411,0.50733,0.61768,0.55934,0.58042,0.33423,1.25879,2.50406,1.22643,1.33382,0,0,0,0.000206251,0.000206251,0.000206251
458,2886.92,1.59422,2.8527,1.52944,1.49589,0,0,0,0.68162,0.66918,0.69699,0.49489,0.59638,0.58586,0.57168,0.32864,1.26963,2.4934,1.21524,1.34117,0,0,0,0.000204876,0.000204876,0.000204876
459,2893.36,1.65486,2.88851,1.54103,1.51807,0,0,0,0.68513,0.66549,0.70211,0.51377,0.59493,0.6073,0.5885,0.34409,1.25658,2.48539,1.19656,1.33498,0,0,0,0.000203502,0.000203502,0.000203502
460,2899.69,1.72857,2.97155,1.55594,1.48882,0,0,0,0.68105,0.67248,0.70061,0.52158,0.60497,0.60108,0.58609,0.34326,1.25067,2.48576,1.18147,1.32992,0,0,0,0.000202127,0.000202127,0.000202127
461,2906.14,1.64511,2.91993,1.48866,1.47237,0,0,0,0.66932,0.67279,0.69525,0.50967,0.60489,0.60924,0.58017,0.34084,1.27573,2.48664,1.18753,1.33438,0,0,0,0.000200753,0.000200753,0.000200753
462,2912.33,1.70108,2.99124,1.56818,1.49355,0,0,0,0.61579,0.68655,0.70213,0.51098,0.55699,0.60903,0.58254,0.33652,1.27656,2.47094,1.19555,1.3348,0,0,0,0.000199379,0.000199379,0.000199379
463,2918.5,1.65842,3.0482,1.55171,1.51597,0,0,0,0.64149,0.66115,0.70036,0.50621,0.55853,0.57642,0.56846,0.32639,1.27084,2.49026,1.2175,1.3359,0,0,0,0.000198004,0.000198004,0.000198004
464,2924.92,1.58892,2.92984,1.5753,1.52702,0,0,0,0.6671,0.65607,0.69471,0.50225,0.58364,0.56621,0.56459,0.32411,1.26715,2.50374,1.22189,1.33541,0,0,0,0.00019663,0.00019663,0.00019663
465,2931.16,1.68547,2.94115,1.58674,1.53431,0,0,0,0.75748,0.62025,0.70056,0.50459,0.66686,0.53513,0.55185,0.31922,1.26478,2.49279,1.2048,1.3352,0,0,0,0.000195255,0.000195255,0.000195255
466,2937.4,1.61458,2.95805,1.57044,1.52351,0,0,0,0.73299,0.64104,0.70142,0.50939,0.66584,0.54245,0.57352,0.32075,1.26231,2.49157,1.20241,1.33369,0,0,0,0.000193881,0.000193881,0.000193881
467,2943.6,1.65681,3.00981,1.60462,1.55401,0,0,0,0.71452,0.65885,0.69961,0.50729,0.61917,0.55891,0.55107,0.3188,1.24898,2.4876,1.20643,1.3276,0,0,0,0.000192506,0.000192506,0.000192506
468,2949.9,1.63734,2.92601,1.55056,1.50262,0,0,0,0.7417,0.63877,0.70181,0.5035,0.63749,0.55039,0.56308,0.32857,1.25314,2.49417,1.21823,1.32647,0,0,0,0.000191132,0.000191132,0.000191132
469,2956.06,1.60979,2.90385,1.53523,1.49389,0,0,0,0.726,0.63575,0.70567,0.50469,0.63341,0.55083,0.58657,0.33299,1.25155,2.49191,1.22258,1.32274,0,0,0,0.000189757,0.000189757,0.000189757
470,2962.52,1.61642,2.91569,1.52664,1.47162,0,0,0,0.68598,0.67618,0.69859,0.5014,0.59347,0.57961,0.58093,0.32453,1.26829,2.48411,1.20708,1.33236,0,0,0,0.000188383,0.000188383,0.000188383
471,2968.66,1.61293,2.87863,1.48998,1.48663,0,0,0,0.69248,0.66846,0.69688,0.5048,0.61109,0.58637,0.57375,0.33014,1.26287,2.4783,1.18681,1.32898,0,0,0,0.000187008,0.000187008,0.000187008
472,2974.91,1.68361,2.90528,1.57363,1.49927,0,0,0,0.71036,0.65258,0.70001,0.49619,0.62805,0.57724,0.57716,0.33092,1.26066,2.47833,1.19612,1.32643,0,0,0,0.000185634,0.000185634,0.000185634
473,2981.25,1.55617,2.81914,1.46608,1.45598,0,0,0,0.77272,0.60114,0.7019,0.50536,0.57961,0.59101,0.57816,0.33607,1.24149,2.48576,1.19254,1.3207,0,0,0,0.00018426,0.00018426,0.00018426
474,2987.53,1.52704,2.80889,1.46936,1.45922,0,0,0,0.65916,0.67927,0.70724,0.51548,0.59188,0.60781,0.59252,0.34635,1.23576,2.48284,1.18848,1.31656,0,0,0,0.000182885,0.000182885,0.000182885
475,2993.7,1.65106,2.96179,1.59816,1.51044,0,0,0,0.67776,0.67118,0.70254,0.51015,0.60058,0.58863,0.57359,0.3332,1.24231,2.47206,1.18115,1.31986,0,0,0,0.000181511,0.000181511,0.000181511
476,2999.91,1.60641,2.92755,1.52078,1.48828,0,0,0,0.69343,0.66452,0.71006,0.50488,0.6155,0.58577,0.58377,0.33052,1.24208,2.47129,1.17342,1.32269,0,0,0,0.000180136,0.000180136,0.000180136
477,3006.2,1.6876,2.90205,1.6049,1.53116,0,0,0,0.67746,0.66972,0.713,0.51074,0.59539,0.58278,0.58615,0.33462,1.24746,2.46078,1.18823,1.32432,0,0,0,0.000178762,0.000178762,0.000178762
478,3012.44,1.63519,2.91854,1.52819,1.47606,0,0,0,0.73208,0.64349,0.71684,0.51433,0.64227,0.56058,0.59725,0.34466,1.24676,2.45756,1.19225,1.3225,0,0,0,0.000177387,0.000177387,0.000177387
479,3018.69,1.63412,2.85777,1.5107,1.47162,0,0,0,0.69153,0.66333,0.71017,0.4987,0.64046,0.56621,0.59144,0.33678,1.25553,2.44922,1.18951,1.32702,0,0,0,0.000176013,0.000176013,0.000176013
480,3025.03,1.54923,2.83845,1.48991,1.50081,0,0,0,0.72061,0.65221,0.70892,0.5054,0.634,0.57467,0.59223,0.34714,1.23949,2.44195,1.18637,1.32129,0,0,0,0.000174638,0.000174638,0.000174638
481,3031.36,1.63007,2.90159,1.4831,1.4817,0,0,0,0.71198,0.65816,0.70898,0.50701,0.64122,0.58009,0.58989,0.34855,1.22967,2.45578,1.18373,1.31247,0,0,0,0.000173264,0.000173264,0.000173264
482,3037.48,1.66472,2.90193,1.51594,1.45727,0,0,0,0.7507,0.64615,0.70788,0.50775,0.6692,0.56712,0.58721,0.34533,1.25703,2.45672,1.18719,1.31749,0,0,0,0.00017189,0.00017189,0.00017189
483,3043.94,1.55986,2.80464,1.44435,1.46264,0,0,0,0.72249,0.66484,0.71518,0.51382,0.64276,0.58462,0.59453,0.35043,1.26898,2.43101,1.18031,1.32113,0,0,0,0.000170515,0.000170515,0.000170515
484,3050.12,1.63315,2.9626,1.49163,1.47488,0,0,0,0.74453,0.65855,0.71572,0.51629,0.66612,0.56939,0.5947,0.34324,1.24279,2.43053,1.17138,1.31243,0,0,0,0.000169141,0.000169141,0.000169141
485,3056.44,1.63741,2.89623,1.53258,1.4989,0,0,0,0.71657,0.65744,0.71277,0.5126,0.61461,0.59191,0.5779,0.33298,1.23221,2.45015,1.18383,1.31142,0,0,0,0.000167766,0.000167766,0.000167766
486,3062.78,1.66086,2.96626,1.54252,1.50245,0,0,0,0.69771,0.67969,0.71306,0.5081,0.61301,0.59101,0.58859,0.33632,1.2353,2.4397,1.19199,1.31406,0,0,0,0.000166392,0.000166392,0.000166392
487,3068.97,1.67677,2.92119,1.52649,1.47158,0,0,0,0.68609,0.67117,0.70809,0.49742,0.62478,0.55778,0.58046,0.33178,1.24242,2.4326,1.18359,1.31647,0,0,0,0.000165017,0.000165017,0.000165017
488,3075.24,1.56522,2.8474,1.48524,1.4716,0,0,0,0.65945,0.6785,0.70818,0.50139,0.576,0.58648,0.58859,0.33055,1.24364,2.42682,1.17568,1.31489,0,0,0,0.000163643,0.000163643,0.000163643
489,3081.38,1.58518,2.84686,1.45806,1.44086,0,0,0,0.67956,0.66718,0.70741,0.50628,0.55929,0.59303,0.58189,0.33222,1.23621,2.42611,1.17087,1.31081,0,0,0,0.000162268,0.000162268,0.000162268
490,3087.82,1.53603,2.83078,1.46606,1.46416,0,0,0,0.66515,0.68445,0.71658,0.52645,0.58196,0.60595,0.59367,0.34201,1.22456,2.42047,1.15926,1.30506,0,0,0,0.000160894,0.000160894,0.000160894
491,3094.09,1.61228,2.96816,1.50928,1.47756,0,0,0,0.67908,0.6815,0.7169,0.53945,0.60871,0.60809,0.60073,0.35398,1.21596,2.42956,1.15879,1.3006,0,0,0,0.00015952,0.00015952,0.00015952
492,3100.34,1.56827,2.84057,1.47284,1.47368,0,0,0,0.67721,0.67615,0.71475,0.53187,0.60535,0.60468,0.59805,0.35638,1.21526,2.43117,1.16626,1.29808,0,0,0,0.000158145,0.000158145,0.000158145
493,3106.55,1.56727,2.85662,1.45687,1.44274,0,0,0,0.66714,0.6731,0.71171,0.52691,0.58468,0.60469,0.60135,0.36026,1.2167,2.43303,1.17975,1.29695,0,0,0,0.000156771,0.000156771,0.000156771
494,3112.79,1.55938,2.83672,1.47816,1.44313,0,0,0,0.69524,0.65972,0.70606,0.51808,0.61772,0.5848,0.58992,0.35655,1.21858,2.43693,1.17857,1.29792,0,0,0,0.000155396,0.000155396,0.000155396
495,3118.94,1.60269,2.88222,1.48878,1.47712,0,0,0,0.71761,0.66359,0.7111,0.52275,0.64478,0.59497,0.59655,0.35979,1.21515,2.43151,1.16726,1.29872,0,0,0,0.000154022,0.000154022,0.000154022
496,3125.29,1.56356,2.84967,1.51783,1.49467,0,0,0,0.71507,0.66637,0.71455,0.52643,0.642,0.59319,0.59976,0.36028,1.22285,2.43338,1.15891,1.30251,0,0,0,0.000152647,0.000152647,0.000152647
497,3131.6,1.55677,2.88086,1.48106,1.47306,0,0,0,0.70391,0.66926,0.71645,0.53497,0.62448,0.59673,0.59646,0.36214,1.22066,2.42563,1.16099,1.30058,0,0,0,0.000151273,0.000151273,0.000151273
498,3137.8,1.54367,2.86428,1.45097,1.47725,0,0,0,0.72532,0.66498,0.72491,0.53857,0.63599,0.5851,0.60007,0.36171,1.22086,2.43722,1.1646,1.29785,0,0,0,0.000149898,0.000149898,0.000149898
499,3144.1,1.52643,2.91285,1.47535,1.45494,0,0,0,0.72274,0.66577,0.72067,0.53005,0.61641,0.60483,0.59461,0.35135,1.21695,2.42455,1.17042,1.29703,0,0,0,0.000148524,0.000148524,0.000148524
500,3150.32,1.5566,2.77552,1.4228,1.45227,0,0,0,0.76928,0.64835,0.71383,0.51931,0.67404,0.57239,0.59332,0.35145,1.21027,2.41822,1.16359,1.29885,0,0,0,0.000147149,0.000147149,0.000147149
501,3156.46,1.57051,2.88219,1.48119,1.44509,0,0,0,0.76051,0.64433,0.70406,0.51714,0.6841,0.5793,0.59618,0.34708,1.21893,2.41273,1.16317,1.3023,0,0,0,0.000145775,0.000145775,0.000145775
502,3162.78,1.56061,2.85478,1.45301,1.48006,0,0,0,0.76372,0.64081,0.71067,0.52008,0.68839,0.57432,0.59576,0.34271,1.2252,2.40991,1.16288,1.30366,0,0,0,0.000144401,0.000144401,0.000144401
503,3169,1.57061,2.81849,1.48113,1.44765,0,0,0,0.71752,0.65308,0.71568,0.52863,0.64251,0.58009,0.60374,0.35395,1.21139,2.40497,1.1502,1.30054,0,0,0,0.000143026,0.000143026,0.000143026
504,3175.14,1.58097,2.80949,1.49086,1.47044,0,0,0,0.74805,0.63374,0.71551,0.53201,0.66461,0.57778,0.60469,0.35588,1.20485,2.39938,1.15314,1.29381,0,0,0,0.000141652,0.000141652,0.000141652
505,3181.39,1.52565,2.78195,1.46471,1.4766,0,0,0,0.72188,0.64819,0.71551,0.52419,0.61283,0.58883,0.60451,0.35102,1.21099,2.40548,1.15647,1.2947,0,0,0,0.000140277,0.000140277,0.000140277
506,3187.61,1.55252,2.83671,1.48852,1.47555,0,0,0,0.67458,0.68856,0.71641,0.52391,0.59936,0.60923,0.6001,0.35117,1.20834,2.41007,1.14551,1.29439,0,0,0,0.000138903,0.000138903,0.000138903
507,3193.93,1.55488,2.85419,1.45809,1.45609,0,0,0,0.70667,0.68547,0.71966,0.53974,0.64672,0.58959,0.59807,0.35893,1.19259,2.40274,1.13842,1.28917,0,0,0,0.000137528,0.000137528,0.000137528
508,3200.18,1.57125,2.89835,1.46277,1.44283,0,0,0,0.68142,0.69985,0.71954,0.53799,0.6009,0.61504,0.6056,0.35348,1.19674,2.40341,1.15,1.29016,0,0,0,0.000136154,0.000136154,0.000136154
509,3206.34,1.54728,2.82046,1.4493,1.47327,0,0,0,0.68053,0.69967,0.7178,0.52895,0.6462,0.58353,0.59245,0.34872,1.19727,2.40556,1.15896,1.29402,0,0,0,0.000134779,0.000134779,0.000134779
510,3212.68,1.544,2.85657,1.44682,1.45663,0,0,0,0.67174,0.69992,0.71491,0.5216,0.59023,0.60839,0.58884,0.35064,1.19501,2.4004,1.1641,1.2949,0,0,0,0.000133405,0.000133405,0.000133405
511,3218.84,1.54749,2.83459,1.4868,1.50025,0,0,0,0.68555,0.68963,0.71723,0.52905,0.60244,0.61278,0.59856,0.35674,1.20451,2.40251,1.16238,1.29761,0,0,0,0.000132031,0.000132031,0.000132031
512,3225.04,1.60518,2.79322,1.50324,1.46529,0,0,0,0.69549,0.68512,0.72118,0.53336,0.62861,0.61424,0.61494,0.36004,1.20433,2.3915,1.15551,1.29792,0,0,0,0.000130656,0.000130656,0.000130656
513,3231.24,1.53319,2.83557,1.46559,1.45588,0,0,0,0.68372,0.68626,0.72051,0.53432,0.60364,0.60794,0.60888,0.3568,1.19015,2.38004,1.14063,1.29198,0,0,0,0.000129282,0.000129282,0.000129282
514,3237.46,1.56093,2.86414,1.44571,1.43669,0,0,0,0.73479,0.65339,0.72219,0.54013,0.65101,0.571,0.60312,0.36118,1.18084,2.37638,1.13768,1.28494,0,0,0,0.000127907,0.000127907,0.000127907
515,3243.83,1.61788,2.88646,1.48537,1.46778,0,0,0,0.69707,0.66909,0.71751,0.53231,0.61862,0.59034,0.60512,0.36105,1.18053,2.38182,1.13828,1.28362,0,0,0,0.000126533,0.000126533,0.000126533
516,3250.16,1.58859,2.82849,1.46174,1.46597,0,0,0,0.72686,0.65362,0.71472,0.52384,0.65075,0.57499,0.60327,0.35642,1.18305,2.38311,1.1414,1.28439,0,0,0,0.000125158,0.000125158,0.000125158
517,3256.33,1.55349,2.8208,1.49077,1.47053,0,0,0,0.74015,0.63979,0.71078,0.52166,0.6587,0.57465,0.60271,0.35526,1.1924,2.38363,1.14923,1.28948,0,0,0,0.000123784,0.000123784,0.000123784
518,3262.55,1.50907,2.78403,1.45259,1.44898,0,0,0,0.73068,0.65681,0.71257,0.5219,0.65172,0.58553,0.59238,0.34809,1.19899,2.38177,1.15137,1.29113,0,0,0,0.000122409,0.000122409,0.000122409
519,3268.85,1.57057,2.8933,1.45383,1.48127,0,0,0,0.72924,0.64353,0.719,0.52423,0.62128,0.59173,0.59686,0.35907,1.1927,2.3781,1.14218,1.28725,0,0,0,0.000121035,0.000121035,0.000121035
520,3275.53,1.59149,2.83382,1.43587,1.44176,0,0,0,0.74032,0.65067,0.72287,0.52383,0.65066,0.56868,0.60401,0.35787,1.18542,2.37527,1.13402,1.28377,0,0,0,0.00011966,0.00011966,0.00011966
521,3281.82,1.5165,2.83639,1.45319,1.45698,0,0,0,0.75616,0.64647,0.72507,0.53532,0.6421,0.57734,0.60425,0.36374,1.18152,2.37711,1.13467,1.28018,0,0,0,0.000118286,0.000118286,0.000118286
522,3288.04,1.56685,2.83789,1.44744,1.44848,0,0,0,0.72481,0.64321,0.71828,0.53684,0.60624,0.59477,0.60017,0.36119,1.1826,2.37747,1.14431,1.27995,0,0,0,0.000116912,0.000116912,0.000116912
523,3294.44,1.57757,2.88676,1.52991,1.47502,0,0,0,0.73317,0.65377,0.71494,0.53711,0.63221,0.58028,0.59053,0.36173,1.18486,2.38276,1.14239,1.28109,0,0,0,0.000115537,0.000115537,0.000115537
524,3300.8,1.62948,2.92443,1.47697,1.45106,0,0,0,0.73846,0.63903,0.7145,0.53848,0.65821,0.57147,0.59937,0.36568,1.18463,2.3773,1.12851,1.2795,0,0,0,0.000114163,0.000114163,0.000114163
525,3307,1.60851,2.84354,1.46049,1.457,0,0,0,0.70809,0.6552,0.71496,0.53496,0.62495,0.57786,0.59715,0.36233,1.18453,2.37653,1.12446,1.28083,0,0,0,0.000112788,0.000112788,0.000112788
526,3313.3,1.54486,2.81405,1.43137,1.40066,0,0,0,0.70081,0.65398,0.71446,0.53215,0.61075,0.57825,0.59456,0.36479,1.18371,2.3724,1.1202,1.27916,0,0,0,0.000111414,0.000111414,0.000111414
527,3319.53,1.59624,2.80737,1.47795,1.45457,0,0,0,0.6812,0.68706,0.71632,0.52909,0.60239,0.60092,0.59763,0.36571,1.17822,2.37801,1.12557,1.2761,0,0,0,0.000110039,0.000110039,0.000110039
528,3325.88,1.53237,2.86641,1.44147,1.43258,0,0,0,0.68776,0.67696,0.71602,0.53367,0.60406,0.59634,0.59644,0.36466,1.17338,2.37455,1.13058,1.27349,0,0,0,0.000108665,0.000108665,0.000108665
529,3332.05,1.58045,2.85159,1.45125,1.4352,0,0,0,0.71199,0.67278,0.71226,0.53635,0.62714,0.58975,0.59363,0.36002,1.16897,2.3741,1.13571,1.27231,0,0,0,0.00010729,0.00010729,0.00010729
530,3338.42,1.57155,2.83183,1.48523,1.45878,0,0,0,0.7094,0.67521,0.71122,0.53077,0.62665,0.59408,0.58466,0.3546,1.16442,2.37283,1.12828,1.27116,0,0,0,0.000105916,0.000105916,0.000105916
531,3344.55,1.56137,2.81405,1.46947,1.46636,0,0,0,0.69168,0.65868,0.70899,0.52473,0.59914,0.58818,0.58217,0.3563,1.17062,2.36908,1.12226,1.2741,0,0,0,0.000104542,0.000104542,0.000104542
532,3350.77,1.55895,2.88287,1.47506,1.47651,0,0,0,0.68812,0.67467,0.70938,0.52791,0.59967,0.58571,0.58044,0.35499,1.17275,2.37457,1.1213,1.27583,0,0,0,0.000103167,0.000103167,0.000103167
533,3356.93,1.52273,2.77097,1.40744,1.43882,0,0,0,0.70435,0.68519,0.71546,0.53621,0.63304,0.61504,0.60788,0.36647,1.17347,2.36252,1.12272,1.27581,0,0,0,0.000101793,0.000101793,0.000101793
534,3363.16,1.58137,2.87993,1.48172,1.42651,0,0,0,0.70876,0.65717,0.71721,0.53296,0.63896,0.59061,0.60747,0.36446,1.18568,2.35651,1.1306,1.27891,0,0,0,0.000100418,0.000100418,0.000100418
535,3369.38,1.5861,2.8438,1.52544,1.48962,0,0,0,0.7355,0.65854,0.72322,0.53788,0.6527,0.58124,0.60955,0.3705,1.17817,2.34035,1.12603,1.27538,0,0,0,9.90437e-05,9.90437e-05,9.90437e-05
536,3375.81,1.61029,2.8429,1.48957,1.44502,0,0,0,0.69534,0.68128,0.7219,0.5357,0.62064,0.6027,0.60863,0.36884,1.16971,2.34006,1.12026,1.27385,0,0,0,9.76692e-05,9.76692e-05,9.76692e-05
537,3382.24,1.6363,2.85115,1.50336,1.43502,0,0,0,0.67903,0.69218,0.72394,0.53904,0.60185,0.61257,0.60934,0.36594,1.17004,2.34212,1.12113,1.2718,0,0,0,9.62948e-05,9.62948e-05,9.62948e-05
538,3388.37,1.53171,2.8021,1.43576,1.45691,0,0,0,0.67765,0.6968,0.721,0.52541,0.59821,0.61263,0.60291,0.36062,1.17548,2.34625,1.12357,1.27162,0,0,0,9.49203e-05,9.49203e-05,9.49203e-05
539,3394.54,1.49195,2.77785,1.40964,1.45234,0,0,0,0.68041,0.6962,0.72356,0.52602,0.6019,0.61455,0.60542,0.36301,1.17479,2.35489,1.13027,1.27071,0,0,0,9.35459e-05,9.35459e-05,9.35459e-05
540,3400.71,1.54961,2.75839,1.44697,1.45564,0,0,0,0.72442,0.67236,0.7246,0.53732,0.63538,0.59793,0.60389,0.36919,1.17146,2.35302,1.12916,1.27104,0,0,0,9.21715e-05,9.21715e-05,9.21715e-05
541,3406.92,1.50743,2.77697,1.39125,1.4319,0,0,0,0.78396,0.64013,0.72342,0.53555,0.69433,0.56681,0.60478,0.36673,1.16651,2.34048,1.1153,1.27023,0,0,0,9.0797e-05,9.0797e-05,9.0797e-05
542,3413.21,1.56991,2.84662,1.43707,1.41807,0,0,0,0.75515,0.66218,0.7252,0.53738,0.67082,0.58475,0.60881,0.36619,1.17201,2.33887,1.11064,1.27353,0,0,0,8.94226e-05,8.94226e-05,8.94226e-05
543,3419.3,1.56161,2.80242,1.46443,1.43336,0,0,0,0.75098,0.65924,0.72511,0.53677,0.6687,0.58141,0.6102,0.36849,1.16909,2.33835,1.10837,1.27261,0,0,0,8.80481e-05,8.80481e-05,8.80481e-05
544,3425.64,1.53063,2.831,1.47586,1.46496,0,0,0,0.7043,0.68162,0.72731,0.54007,0.63197,0.61039,0.62106,0.37004,1.16283,2.34158,1.10467,1.26945,0,0,0,8.66736e-05,8.66736e-05,8.66736e-05
545,3431.87,1.5669,2.7928,1.43167,1.42179,0,0,0,0.68736,0.70112,0.72794,0.5397,0.64016,0.61785,0.62539,0.37731,1.1593,2.34409,1.11149,1.26555,0,0,0,8.52992e-05,8.52992e-05,8.52992e-05
546,3438.16,1.53389,2.77063,1.47056,1.4394,0,0,0,0.72375,0.68182,0.72602,0.54407,0.64989,0.60726,0.60942,0.37072,1.16855,2.34274,1.12185,1.26757,0,0,0,8.39248e-05,8.39248e-05,8.39248e-05
547,3444.42,1.47755,2.82797,1.43966,1.4507,0,0,0,0.72896,0.67403,0.72747,0.54093,0.64994,0.60166,0.60948,0.37333,1.16926,2.34152,1.12224,1.26568,0,0,0,8.25503e-05,8.25503e-05,8.25503e-05
548,3450.57,1.5024,2.87822,1.3971,1.42085,0,0,0,0.76826,0.64943,0.72641,0.53718,0.68474,0.57884,0.60889,0.37174,1.15978,2.33595,1.11372,1.26296,0,0,0,8.11759e-05,8.11759e-05,8.11759e-05
549,3456.9,1.5346,2.85082,1.42832,1.42006,0,0,0,0.76827,0.65462,0.72672,0.5396,0.69113,0.5756,0.60811,0.37094,1.15666,2.33076,1.11109,1.26396,0,0,0,7.98014e-05,7.98014e-05,7.98014e-05
550,3463.2,1.55036,2.77746,1.4516,1.42163,0,0,0,0.73783,0.68627,0.72969,0.54362,0.65752,0.60792,0.61069,0.37113,1.15807,2.32852,1.10601,1.26381,0,0,0,7.84269e-05,7.84269e-05,7.84269e-05
551,3469.46,1.52731,2.73415,1.43926,1.42662,0,0,0,0.73936,0.69329,0.73075,0.54444,0.65738,0.61095,0.61038,0.37106,1.16351,2.32827,1.11183,1.26309,0,0,0,7.70525e-05,7.70525e-05,7.70525e-05
552,3475.68,1.41515,2.72711,1.35508,1.40448,0,0,0,0.74044,0.69082,0.73285,0.54374,0.6613,0.61446,0.61976,0.36893,1.16696,2.33253,1.11971,1.2636,0,0,0,7.5678e-05,7.5678e-05,7.5678e-05
553,3481.98,1.5042,2.81309,1.39381,1.42999,0,0,0,0.74327,0.68697,0.73527,0.54822,0.64229,0.6173,0.61449,0.37034,1.15989,2.33459,1.1128,1.25976,0,0,0,7.43036e-05,7.43036e-05,7.43036e-05
554,3488.2,1.49712,2.78465,1.37387,1.43145,0,0,0,0.76142,0.67302,0.73265,0.54394,0.68144,0.59747,0.61708,0.37423,1.1567,2.33645,1.1101,1.25725,0,0,0,7.29292e-05,7.29292e-05,7.29292e-05
555,3494.52,1.5298,2.84601,1.41285,1.44143,0,0,0,0.75623,0.67139,0.73008,0.54485,0.67778,0.59695,0.61429,0.37388,1.15665,2.34026,1.11118,1.25814,0,0,0,7.15547e-05,7.15547e-05,7.15547e-05
556,3500.7,1.56896,2.75436,1.43949,1.43296,0,0,0,0.74067,0.67615,0.73167,0.54769,0.66192,0.59667,0.6149,0.37455,1.15135,2.335,1.10957,1.25695,0,0,0,7.01802e-05,7.01802e-05,7.01802e-05
557,3507.05,1.47774,2.78952,1.39322,1.43373,0,0,0,0.73633,0.693,0.73212,0.55294,0.72004,0.5726,0.61368,0.37724,1.15331,2.32445,1.10921,1.25744,0,0,0,6.88058e-05,6.88058e-05,6.88058e-05
558,3513.57,1.57129,2.84167,1.40662,1.44925,0,0,0,0.73771,0.6784,0.7322,0.55145,0.72181,0.55219,0.608,0.37882,1.15995,2.31579,1.10814,1.26058,0,0,0,6.74313e-05,6.74313e-05,6.74313e-05
559,3520.01,1.52582,2.72744,1.37405,1.40976,0,0,0,0.72345,0.69399,0.73038,0.55152,0.64282,0.61283,0.61458,0.37798,1.15681,2.31634,1.10756,1.26087,0,0,0,6.60569e-05,6.60569e-05,6.60569e-05
560,3526.39,1.56161,2.85125,1.40663,1.41704,0,0,0,0.72736,0.69094,0.72983,0.55059,0.64393,0.61047,0.61302,0.37644,1.15247,2.31497,1.10506,1.25899,0,0,0,6.46825e-05,6.46825e-05,6.46825e-05
561,3532.57,1.55493,2.89414,1.44756,1.42266,0,0,0,0.73187,0.68263,0.73127,0.55305,0.72267,0.56041,0.60963,0.37605,1.1486,2.321,1.10426,1.25775,0,0,0,6.3308e-05,6.3308e-05,6.3308e-05
562,3538.66,1.49032,2.78051,1.38433,1.44336,0,0,0,0.80548,0.62579,0.72912,0.5462,0.73369,0.55721,0.60215,0.37087,1.14976,2.33134,1.10062,1.25752,0,0,0,6.19335e-05,6.19335e-05,6.19335e-05
563,3544.86,1.49497,2.7855,1.3966,1.41168,0,0,0,0.71454,0.69294,0.72633,0.54547,0.72307,0.55602,0.59737,0.36699,1.1505,2.32743,1.09677,1.25689,0,0,0,6.05591e-05,6.05591e-05,6.05591e-05
564,3551.21,1.52884,2.79015,1.40375,1.4307,0,0,0,0.71991,0.68599,0.72511,0.54572,0.73058,0.55115,0.59435,0.36458,1.14416,2.3206,1.09119,1.25474,0,0,0,5.91846e-05,5.91846e-05,5.91846e-05
565,3557.6,1.56673,2.87872,1.432,1.44493,0,0,0,0.75899,0.64754,0.72428,0.54459,0.70485,0.5676,0.60096,0.37022,1.14371,2.32029,1.09544,1.25435,0,0,0,5.78102e-05,5.78102e-05,5.78102e-05
566,3563.72,1.56028,2.83249,1.45754,1.43774,0,0,0,0.7638,0.65312,0.72462,0.54739,0.70977,0.567,0.60253,0.36814,1.14212,2.32327,1.10139,1.25307,0,0,0,5.64358e-05,5.64358e-05,5.64358e-05
567,3569.94,1.52707,2.80476,1.44351,1.46086,0,0,0,0.77438,0.66482,0.72684,0.552,0.68447,0.5941,0.60281,0.36664,1.1407,2.32301,1.10325,1.25301,0,0,0,5.50613e-05,5.50613e-05,5.50613e-05
568,3576.3,1.53576,2.82582,1.40513,1.41047,0,0,0,0.77002,0.6742,0.729,0.55257,0.66993,0.60266,0.6052,0.37409,1.13857,2.31734,1.09886,1.25328,0,0,0,5.36869e-05,5.36869e-05,5.36869e-05
569,3582.6,1.56326,2.82803,1.43084,1.43753,0,0,0,0.7469,0.67615,0.72898,0.54722,0.66094,0.59403,0.60553,0.3718,1.14194,2.32124,1.10092,1.25323,0,0,0,5.23124e-05,5.23124e-05,5.23124e-05
570,3588.77,1.57157,2.83521,1.43744,1.41098,0,0,0,0.78035,0.66095,0.72734,0.5503,0.65638,0.59884,0.60205,0.36715,1.14262,2.31977,1.10444,1.25117,0,0,0,5.09379e-05,5.09379e-05,5.09379e-05
571,3595.02,1.48267,2.67554,1.38191,1.43087,0,0,0,0.76685,0.67032,0.7278,0.54837,0.67044,0.5945,0.60444,0.3686,1.13989,2.3164,1.10545,1.24967,0,0,0,4.95635e-05,4.95635e-05,4.95635e-05
572,3601.52,1.50221,2.7768,1.39056,1.39874,0,0,0,0.76343,0.67347,0.72808,0.55098,0.67832,0.59162,0.60726,0.37102,1.13588,2.31591,1.10384,1.2477,0,0,0,4.81891e-05,4.81891e-05,4.81891e-05
573,3607.75,1.58131,2.82303,1.41077,1.41157,0,0,0,0.77444,0.66851,0.7268,0.55331,0.6908,0.58817,0.60668,0.37329,1.13654,2.31235,1.09889,1.24755,0,0,0,4.68146e-05,4.68146e-05,4.68146e-05
574,3613.98,1.57779,2.76905,1.4607,1.42695,0,0,0,0.76989,0.67151,0.72762,0.55262,0.68401,0.59058,0.60741,0.37336,1.13722,2.30815,1.09467,1.24813,0,0,0,4.54402e-05,4.54402e-05,4.54402e-05
575,3620.29,1.5186,2.76778,1.41264,1.42956,0,0,0,0.7657,0.65799,0.7278,0.55175,0.68852,0.5823,0.61974,0.38115,1.13893,2.3039,1.09403,1.24973,0,0,0,4.40657e-05,4.40657e-05,4.40657e-05
576,3626.62,1.56508,2.76385,1.4221,1.42262,0,0,0,0.75503,0.66364,0.72796,0.5541,0.69065,0.58496,0.62338,0.38384,1.13915,2.30158,1.09394,1.24929,0,0,0,4.26912e-05,4.26912e-05,4.26912e-05
577,3633.01,1.55351,2.84484,1.4194,1.41634,0,0,0,0.73764,0.67123,0.72476,0.55356,0.68687,0.58731,0.62,0.38223,1.14137,2.30351,1.0941,1.24938,0,0,0,4.13168e-05,4.13168e-05,4.13168e-05
578,3639.16,1.53183,2.75511,1.41242,1.43245,0,0,0,0.73435,0.67605,0.72522,0.54919,0.6518,0.59257,0.60497,0.37373,1.14366,2.30501,1.09371,1.24989,0,0,0,3.99423e-05,3.99423e-05,3.99423e-05
579,3645.58,1.43544,2.64532,1.36067,1.42639,0,0,0,0.73681,0.68593,0.73062,0.55302,0.66229,0.59298,0.61109,0.37361,1.14135,2.3034,1.09598,1.24865,0,0,0,3.85679e-05,3.85679e-05,3.85679e-05
580,3651.79,1.53795,2.74917,1.42044,1.43446,0,0,0,0.74824,0.66861,0.72701,0.55042,0.67583,0.59154,0.60732,0.37464,1.1406,2.29911,1.0923,1.24769,0,0,0,3.71935e-05,3.71935e-05,3.71935e-05
581,3658.04,1.54894,2.73669,1.44782,1.42141,0,0,0,0.72677,0.68598,0.72761,0.54984,0.6577,0.60542,0.60624,0.3744,1.13981,2.2941,1.09176,1.24715,0,0,0,3.5819e-05,3.5819e-05,3.5819e-05
582,3664.31,1.44772,2.70104,1.37242,1.41296,0,0,0,0.72488,0.69294,0.73007,0.54555,0.67381,0.58603,0.60789,0.37456,1.14224,2.29718,1.09736,1.24815,0,0,0,3.44445e-05,3.44445e-05,3.44445e-05
583,3670.6,1.55801,2.84951,1.39874,1.42167,0,0,0,0.7415,0.68738,0.73179,0.54877,0.65441,0.59995,0.60379,0.37702,1.13935,2.29803,1.10066,1.24762,0,0,0,3.30701e-05,3.30701e-05,3.30701e-05
584,3676.79,1.47275,2.71288,1.39307,1.42577,0,0,0,0.74155,0.68676,0.73256,0.55724,0.65673,0.60382,0.60737,0.37249,1.14157,2.30268,1.10435,1.24848,0,0,0,3.16956e-05,3.16956e-05,3.16956e-05
585,3682.97,1.53195,2.74217,1.43578,1.44328,0,0,0,0.73857,0.69162,0.73019,0.55525,0.65426,0.60949,0.60747,0.37415,1.14034,2.30399,1.10795,1.248,0,0,0,3.03212e-05,3.03212e-05,3.03212e-05
586,3689.27,1.45345,2.68187,1.40518,1.42576,0,0,0,0.74031,0.68328,0.73082,0.55368,0.65561,0.60057,0.60748,0.3721,1.13952,2.30255,1.10544,1.24727,0,0,0,2.89468e-05,2.89468e-05,2.89468e-05
587,3695.55,1.52585,2.76294,1.46291,1.43909,0,0,0,0.74205,0.68778,0.73067,0.55771,0.66366,0.59468,0.61009,0.37525,1.1357,2.29568,1.10292,1.24638,0,0,0,2.75723e-05,2.75723e-05,2.75723e-05
588,3701.85,1.50204,2.79859,1.38186,1.42245,0,0,0,0.75199,0.66448,0.7311,0.55751,0.67429,0.58827,0.61088,0.37562,1.13566,2.29189,1.09932,1.24568,0,0,0,2.61978e-05,2.61978e-05,2.61978e-05
589,3707.99,1.52899,2.81947,1.42726,1.43127,0,0,0,0.76854,0.65317,0.73052,0.55628,0.6969,0.5742,0.61393,0.37512,1.13674,2.29242,1.09956,1.24512,0,0,0,2.48234e-05,2.48234e-05,2.48234e-05
590,3714.13,1.48592,2.74533,1.39803,1.4287,0,0,0,0.75872,0.6582,0.72954,0.55257,0.69779,0.57467,0.6152,0.37492,1.13722,2.29495,1.10055,1.24405,0,0,0,2.34489e-05,2.34489e-05,2.34489e-05
591,3724.62,1.55219,2.7704,1.49164,1.46882,0,0,0,0.77907,0.63979,0.72859,0.54586,0.74733,0.55183,0.60707,0.37119,1.15132,2.3071,1.1243,1.24854,0,0,0,2.20745e-05,2.20745e-05,2.20745e-05
592,3730.42,1.48978,2.6996,1.4421,1.44007,0,0,0,0.74291,0.66781,0.72663,0.54542,0.7285,0.56452,0.60744,0.36975,1.17342,2.33364,1.14857,1.25937,0,0,0,2.07001e-05,2.07001e-05,2.07001e-05
593,3736.21,1.49895,2.72416,1.44208,1.46346,0,0,0,0.75177,0.6667,0.72624,0.53995,0.70256,0.57184,0.60589,0.36052,1.18835,2.35986,1.16252,1.26729,0,0,0,1.93256e-05,1.93256e-05,1.93256e-05
594,3741.81,1.47199,2.70133,1.38417,1.43769,0,0,0,0.73346,0.66267,0.72164,0.53425,0.66168,0.59464,0.6156,0.35797,1.19506,2.37285,1.16429,1.27098,0,0,0,1.79512e-05,1.79512e-05,1.79512e-05
595,3747.59,1.44391,2.64392,1.3636,1.40976,0,0,0,0.71779,0.66498,0.71867,0.52693,0.67127,0.59585,0.61413,0.3534,1.20262,2.38598,1.16264,1.27572,0,0,0,1.65767e-05,1.65767e-05,1.65767e-05
596,3753.17,1.44838,2.7238,1.35905,1.44497,0,0,0,0.7235,0.65974,0.71756,0.52214,0.64604,0.57784,0.58652,0.34436,1.20105,2.38405,1.1563,1.27558,0,0,0,1.52022e-05,1.52022e-05,1.52022e-05
597,3758.84,1.43559,2.65117,1.32187,1.38845,0,0,0,0.71128,0.66075,0.71518,0.52264,0.63171,0.57777,0.58311,0.34242,1.19986,2.38185,1.15442,1.27461,0,0,0,1.38278e-05,1.38278e-05,1.38278e-05
598,3764.46,1.46074,2.74232,1.37521,1.44234,0,0,0,0.70341,0.66934,0.71648,0.52701,0.67884,0.56943,0.58445,0.34647,1.1963,2.37926,1.15067,1.27347,0,0,0,1.24534e-05,1.24534e-05,1.24534e-05
599,3770.13,1.47335,2.72363,1.35131,1.40186,0,0,0,0.70224,0.67286,0.71518,0.52707,0.67499,0.56673,0.57941,0.34561,1.1952,2.3771,1.14876,1.27253,0,0,0,1.10789e-05,1.10789e-05,1.10789e-05
600,3775.83,1.44975,2.66842,1.37661,1.4247,0,0,0,0.68946,0.6903,0.71664,0.52839,0.64323,0.58772,0.58945,0.34549,1.19533,2.37316,1.14964,1.27219,0,0,0,9.70445e-06,9.70445e-06,9.70445e-06
