epoch,time,train/box_loss,train/seg_loss,train/cls_loss,train/dfl_loss,train/sem_loss,train/heat_loss,train/seed_loss,metrics/precision(B),metrics/recall(B),metrics/mAP50(B),metrics/mAP50-95(B),metrics/precision(M),metrics/recall(M),metrics/mAP50(M),metrics/mAP50-95(M),val/box_loss,val/seg_loss,val/cls_loss,val/dfl_loss,val/sem_loss,val/heat_loss,val/seed_loss,lr/pg0,lr/pg1,lr/pg2
1,15.7445,3.85388,6.83844,5.21782,4.23144,0.83809,0.83675,0.85127,3e-05,0.00562,0,0,2e-05,0.00077,0,0,3.88937,5.20825,4.30768,4.1594,0,0,0,0.00012495,0.00012495,0.00012495
2,24.402,3.9722,6.09807,5.19308,4.19547,0.83208,0.83006,0.84599,0.00015,0.09957,6e-05,2e-05,0.00019,0.06431,3e-05,1e-05,3.88694,5.19412,4.28533,4.15715,0,0,0,0.000257804,0.000257804,0.000257804
3,33.0941,4.03273,5.57531,5.09967,4.17131,0.82157,0.82048,0.8374,0.00011,0.00863,1e-05,0,0.00013,0.0072,1e-05,0,3.88942,5.13584,4.23705,4.14399,0,0,0,0.000390218,0.000390218,0.000390218
4,41.6239,3.87667,4.99523,4.90357,4.14205,0.80678,0.80751,0.82636,0.00016,0.10417,3e-05,1e-05,0.00015,0.0701,5e-05,1e-05,3.89004,4.98236,4.17523,4.12049,0,0,0,0.000522192,0.000522192,0.000522192
5,50.3043,3.93767,4.65839,4.82148,4.09679,0.7927,0.79443,0.81491,0.00021,0.03003,5e-05,2e-05,0.00017,0.01344,4e-05,2e-05,3.85611,4.73351,4.05766,4.09979,0,0,0,0.000653727,0.000653727,0.000653727
6,58.9633,3.91011,4.40474,4.79757,4.04482,0.77959,0.77928,0.80099,0.0002,0.02339,0.00076,0.00018,0.00017,0.01476,0.00064,0.00015,3.84477,4.41247,4.15991,4.04767,0,0,0,0.000784821,0.000784821,0.000784821
7,67.3896,3.85739,4.46734,4.71804,4.00122,0.76613,0.76559,0.78791,9e-05,0.02545,0.00045,7e-05,8e-05,0.01143,3e-05,1e-05,3.85838,4.41351,4.26525,4.06146,0,0,0,0.000824753,0.000824753,0.000824753
8,75.8323,3.8057,4.39396,4.7555,3.90893,0.75298,0.75151,0.77395,0.00014,0.02425,0.00036,7e-05,0.00117,0.04529,0.00174,0.00034,3.8377,4.5612,4.30403,3.9707,0,0,0,0.000823379,0.000823379,0.000823379
9,84.6232,3.71909,4.36178,4.71221,3.86079,0.73832,0.7378,0.75874,8e-05,0.00923,1e-05,0,0.00013,0.01063,1e-05,0,3.71011,4.69569,4.44416,3.91796,0,0,0,0.000822004,0.000822004,0.000822004
10,93.0477,3.65563,4.43099,4.6056,3.78422,0.72523,0.72795,0.74739,0.00015,0.01565,3e-05,1e-05,0.00015,0.01585,3e-05,1e-05,3.62922,4.66055,4.25557,3.89355,0,0,0,0.00082063,0.00082063,0.00082063
11,101.378,3.65753,4.46886,4.56151,3.71926,0.71162,0.71382,0.73227,0.00029,0.03892,0.00012,3e-05,0.00024,0.02207,8e-05,3e-05,3.58631,4.39745,4.25501,3.81639,0,0,0,0.000819255,0.000819255,0.000819255
12,110.173,3.53501,4.41673,4.44914,3.62159,0.69754,0.70085,0.71862,0.00079,0.06753,0.00804,0.00236,0.00039,0.05172,0.00047,6e-05,3.51283,4.49491,4.35022,3.80625,0,0,0,0.000817881,0.000817881,0.000817881
13,118.571,3.56847,4.36656,4.44101,3.54539,0.68517,0.68973,0.70586,0.00103,0.0958,0.00114,0.00028,0.00047,0.05212,0.00055,0.00012,3.46923,4.47021,4.18986,3.66965,0,0,0,0.000816507,0.000816507,0.000816507
14,126.961,3.58427,4.46345,4.46245,3.49049,0.67303,0.67847,0.69388,0.00114,0.07576,0.00074,0.00025,0.75047,0.00722,0.00042,5e-05,3.37196,4.5067,4.07729,3.47421,0,0,0,0.000815132,0.000815132,0.000815132
15,135.284,3.4251,4.30135,4.47875,3.47193,0.66055,0.66667,0.6809,0.75167,0.00281,0.00062,9e-05,0.62588,0.01822,0.00023,4e-05,3.34396,4.33487,4.00487,3.42332,0,0,0,0.000813758,0.000813758,0.000813758
16,143.777,3.35732,4.3343,4.39887,3.43703,0.64926,0.65572,0.6688,0.76874,0.00221,0.0007,0.00018,0.75143,0.001,0.00014,2e-05,3.29473,4.4321,4.11597,3.40458,0,0,0,0.000812383,0.000812383,0.000812383
17,152.205,3.35657,4.30403,4.30394,3.37227,0.63836,0.64434,0.65638,0.0006,0.04292,0.00193,0.00047,0.75268,0.00662,0.00101,0.00019,3.30403,4.39887,3.90413,3.43308,0,0,0,0.000811009,0.000811009,0.000811009
18,160.49,3.22062,4.32405,4.29698,3.35949,0.62899,0.63498,0.64625,0.62876,0.017,0.00058,0.00011,0.62592,0.00883,0.00049,8e-05,3.28001,4.36155,3.88647,3.35582,0,0,0,0.000809634,0.000809634,0.000809634
19,168.917,3.28271,4.38916,4.3558,3.33949,0.61994,0.62582,0.63631,0.01471,0.06188,0.0023,0.00037,0.00065,0.03825,0.00072,0.00017,3.22045,4.29374,3.85874,3.29463,0,0,0,0.00080826,0.00080826,0.00080826
20,177.309,3.145,4.32207,4.37864,3.33115,0.61241,0.61808,0.6278,0.38361,0.00201,0.0009,0.00024,0.38379,0.00201,0.00062,0.00018,3.21433,4.28607,3.92399,3.24671,0,0,0,0.000806885,0.000806885,0.000806885
21,185.666,3.26213,4.28421,4.32102,3.30249,0.60528,0.61084,0.61972,0.37848,0.00201,0.00091,0.00027,0.37842,0.00461,0.00062,0.00016,3.19104,4.31006,3.95662,3.24789,0,0,0,0.000805511,0.000805511,0.000805511
22,194.018,3.20789,4.24474,4.30483,3.28354,0.59876,0.60389,0.61203,0.00241,0.07042,0.00185,0.00042,0.2583,0.016,0.00118,0.00023,3.13269,4.26578,3.806,3.21955,0,0,0,0.000804137,0.000804137,0.000804137
23,202.575,3.10279,4.28614,4.25987,3.20581,0.5926,0.59642,0.60433,0.00473,0.07579,0.00261,0.00051,0.37911,0.00201,0.00175,0.00034,3.17387,4.2778,4.0048,3.22795,0,0,0,0.000802762,0.000802762,0.000802762
24,210.979,3.13712,4.27406,4.23376,3.21185,0.5874,0.59131,0.59851,0.1274,0.02576,0.00189,0.00044,0.13339,0.00775,0.00177,0.00053,3.18158,4.23975,3.90711,3.22402,0,0,0,0.000801388,0.000801388,0.000801388
25,219.358,3.17454,4.32207,4.21846,3.22084,0.58285,0.58592,0.59264,0.00062,0.06085,0.00169,0.00032,0.0005,0.04139,0.00103,0.00017,3.15947,4.25047,3.83097,3.20099,0,0,0,0.000800013,0.000800013,0.000800013
26,227.974,3.12582,4.31727,4.20129,3.16532,0.57906,0.58193,0.58827,0.00128,0.07707,0.00386,0.00087,0.00094,0.05343,0.00151,0.00039,3.14181,4.22814,3.76462,3.18462,0,0,0,0.000798639,0.000798639,0.000798639
27,236.531,3.0942,4.37119,4.09108,3.10196,0.57441,0.57665,0.58247,0.15497,0.00693,0.00293,0.00072,0.15798,0.00521,0.00215,0.00057,3.097,4.22134,3.7714,3.15792,0,0,0,0.000797264,0.000797264,0.000797264
28,244.856,3.11429,4.39241,4.14711,3.13142,0.57094,0.5722,0.57781,0.00142,0.14433,0.00284,0.00064,0.00131,0.1407,0.00241,0.00059,3.10468,4.20416,3.72874,3.17183,0,0,0,0.00079589,0.00079589,0.00079589
29,253.1,3.12057,4.22303,4.13814,3.07497,0.56623,0.56749,0.57267,0.38688,0.02043,0.00302,0.00095,0.37668,0.02941,0.0033,0.00087,3.12999,4.18425,3.68462,3.12836,0,0,0,0.000794515,0.000794515,0.000794515
30,261.613,3.05145,4.23227,4.06289,3.04588,0.56388,0.56411,0.56914,0.52684,0.00441,0.00535,0.00147,0.52351,0.00361,0.00461,0.00184,3.06584,4.1821,3.63375,3.08843,0,0,0,0.000793141,0.000793141,0.000793141
31,270.258,3.04813,4.19665,4.08674,3.00047,0.56011,0.56099,0.56568,0.39308,0.01341,0.00247,0.00054,0.62878,0.00542,0.00152,0.00045,3.09078,4.17916,3.91937,3.09118,0,0,0,0.000791767,0.000791767,0.000791767
32,278.6,3.06553,4.21962,4.11765,3.03498,0.55796,0.55799,0.5624,0.00162,0.09775,0.00257,0.00069,0.00096,0.09178,0.00139,0.00029,3.03522,4.19552,3.67135,3.02967,0,0,0,0.000790392,0.000790392,0.000790392
33,287.176,2.9763,4.22605,4.0424,3.02053,0.55669,0.55582,0.56015,0.38598,0.02658,0.00353,0.00089,0.40718,0.00516,0.00241,0.00056,3.08061,4.22995,3.68471,3.02291,0,0,0,0.000789018,0.000789018,0.000789018
34,295.654,3.10933,4.16033,3.97406,2.97366,0.55353,0.55294,0.55714,0.66352,0.00438,0.00434,0.00111,0.68115,0.00339,0.00272,0.00081,3.0227,4.16685,3.65319,3.00857,0,0,0,0.000787643,0.000787643,0.000787643
35,304.052,2.96155,4.22511,3.97313,2.9545,0.55124,0.54966,0.55373,0.00514,0.11579,0.00396,0.00111,0.00378,0.08394,0.0026,0.00064,3.02031,4.14296,3.6505,2.98839,0,0,0,0.000786269,0.000786269,0.000786269
36,312.44,3.00148,4.2539,3.92471,2.92313,0.54916,0.54724,0.55112,0.0063,0.11822,0.00338,0.00072,0.00605,0.08714,0.00269,0.00047,3.01089,4.14277,3.64725,2.98941,0,0,0,0.000784894,0.000784894,0.000784894
37,321.01,2.95329,4.24003,4.00526,2.92838,0.54762,0.54505,0.54869,0.01065,0.18895,0.006,0.00156,0.00651,0.14312,0.00378,0.00107,2.96923,4.12464,3.56292,2.93258,0,0,0,0.00078352,0.00078352,0.00078352
38,329.508,2.92854,4.29924,3.89774,2.92736,0.54514,0.54348,0.54707,0.53728,0.0108,0.00453,0.00155,0.53304,0.00739,0.00368,0.00111,2.94378,4.15809,3.67462,2.91695,0,0,0,0.000782145,0.000782145,0.000782145
39,337.951,2.97926,4.19848,3.94871,2.91995,0.54321,0.54133,0.54481,0.0081,0.17057,0.00791,0.00237,0.63212,0.00438,0.00428,0.00108,2.9061,4.13438,3.55901,2.86738,0,0,0,0.000780771,0.000780771,0.000780771
40,346.6,2.9821,4.21102,3.83438,2.88072,0.54267,0.53978,0.54337,0.01313,0.15934,0.0072,0.00227,0.51572,0.00755,0.0039,0.0011,2.8949,4.14051,3.66611,2.84463,0,0,0,0.000779396,0.000779396,0.000779396
41,355.272,2.92294,4.19115,3.95242,2.85211,0.54091,0.53764,0.54105,0.64134,0.01715,0.00399,0.00104,0.64869,0.00759,0.00648,0.00105,2.92172,4.12476,3.58277,2.85625,0,0,0,0.000778022,0.000778022,0.000778022
42,363.615,2.88817,4.16101,3.86742,2.82248,0.53929,0.53619,0.53943,0.68706,0.01423,0.00805,0.00205,0.65014,0.0122,0.00456,0.00107,2.9207,4.14074,3.53346,2.85366,0,0,0,0.000776648,0.000776648,0.000776648
43,371.899,2.95238,4.14809,3.90213,2.82853,0.53818,0.53468,0.53782,0.65116,0.00805,0.0076,0.00167,0.644,0.0062,0.00429,0.00083,2.90561,4.12759,3.53817,2.85591,0,0,0,0.000775273,0.000775273,0.000775273
44,380.297,2.98288,4.1739,3.90011,2.80584,0.53626,0.53341,0.53643,0.38176,0.08998,0.00614,0.00164,0.01607,0.10649,0.00378,0.00089,2.87534,4.11291,3.5009,2.80464,0,0,0,0.000773899,0.000773899,0.000773899
45,388.701,2.9125,4.11003,3.91526,2.81264,0.53713,0.53351,0.53665,0.6729,0.01944,0.00949,0.00196,0.63362,0.01063,0.00365,0.00075,2.90057,4.12113,3.68887,2.83311,0,0,0,0.000772524,0.000772524,0.000772524
46,397.013,2.84703,4.16336,3.90085,2.81203,0.53576,0.53215,0.53537,0.55522,0.01301,0.00794,0.00189,0.52516,0.0118,0.01251,0.00326,2.83261,4.11532,3.4737,2.78896,0,0,0,0.00077115,0.00077115,0.00077115
47,405.569,2.85265,4.12356,3.78926,2.74714,0.53384,0.53045,0.53328,0.01567,0.24786,0.02346,0.00706,0.40008,0.01396,0.00416,0.00098,2.79987,4.08133,3.50401,2.76722,0,0,0,0.000769775,0.000769775,0.000769775
48,414.414,2.82945,4.17868,3.73806,2.75531,0.53201,0.52852,0.53136,0.39778,0.02074,0.00833,0.00226,0.00737,0.12175,0.00597,0.00148,2.87429,4.08941,3.44688,2.80895,0,0,0,0.000768401,0.000768401,0.000768401
49,422.763,2.81671,4.1217,3.82407,2.77473,0.53188,0.52763,0.53039,0.65411,0.0226,0.01717,0.00561,0.64445,0.01172,0.00727,0.00216,2.84056,4.09312,3.39758,2.77064,0,0,0,0.000767026,0.000767026,0.000767026
50,431.09,2.78167,4.17411,3.73598,2.73315,0.53102,0.5268,0.52958,0.01022,0.30528,0.0215,0.00667,0.00618,0.26204,0.00984,0.00167,2.77582,4.06404,3.41397,2.74462,0,0,0,0.000765652,0.000765652,0.000765652
51,439.723,2.88116,4.1434,3.71365,2.7295,0.52931,0.52587,0.52834,0.51673,0.03357,0.03395,0.00793,0.66695,0.00775,0.00614,0.00137,2.73257,4.07069,3.37641,2.73362,0,0,0,0.000764278,0.000764278,0.000764278
52,448.292,2.78234,4.16516,3.68167,2.76944,0.52858,0.52539,0.5283,0.284,0.06606,0.03094,0.00794,0.55859,0.01321,0.0143,0.00281,2.80419,4.06952,3.39524,2.74124,0,0,0,0.000762903,0.000762903,0.000762903
53,456.917,2.84529,4.20398,3.70825,2.71419,0.52811,0.52464,0.52747,0.00835,0.30811,0.0129,0.00339,0.51952,0.01872,0.00506,0.00133,2.79129,4.07122,3.47456,2.75654,0,0,0,0.000761529,0.000761529,0.000761529
54,465.317,2.81305,4.07767,3.65222,2.64723,0.52744,0.52327,0.52588,0.26013,0.0548,0.02491,0.00693,0.38797,0.02255,0.00525,0.00101,2.79482,4.04226,3.49019,2.72238,0,0,0,0.000760154,0.000760154,0.000760154
55,473.964,2.75846,4.20815,3.67413,2.69136,0.52557,0.52239,0.52482,0.14664,0.04748,0.03143,0.00947,0.14143,0.0295,0.01508,0.00433,2.72232,4.07114,3.53328,2.65616,0,0,0,0.00075878,0.00075878,0.00075878
56,482.59,2.78561,4.12781,3.62682,2.63887,0.52567,0.52154,0.52412,0.41594,0.0414,0.03535,0.00914,0.40024,0.02775,0.01401,0.00318,2.68827,4.02721,3.33855,2.64316,0,0,0,0.000757405,0.000757405,0.000757405
57,490.867,2.71598,4.09533,3.60582,2.65639,0.52404,0.52009,0.5227,0.42449,0.04642,0.0258,0.00888,0.40496,0.02218,0.01878,0.00529,2.6967,4.03601,3.31067,2.61902,0,0,0,0.000756031,0.000756031,0.000756031
58,499.688,2.71674,4.12355,3.57591,2.61784,0.52503,0.52044,0.52297,0.43091,0.03202,0.02847,0.00712,0.39727,0.0158,0.00496,0.00162,2.73497,4.09052,3.33444,2.65724,0,0,0,0.000754656,0.000754656,0.000754656
59,508.098,2.72443,4.04424,3.56716,2.59576,0.52204,0.51875,0.52159,0.19118,0.04678,0.03041,0.01065,0.14138,0.02397,0.00762,0.0024,2.69867,3.99545,3.32051,2.62369,0,0,0,0.000753282,0.000753282,0.000753282
60,516.558,2.75663,4.03165,3.52196,2.59216,0.52295,0.51846,0.52119,0.39599,0.04386,0.02923,0.00953,0.39169,0.02319,0.00718,0.00178,2.68086,3.99963,3.29485,2.5961,0,0,0,0.000751907,0.000751907,0.000751907
61,525.051,2.68841,4.00896,3.52852,2.5859,0.52091,0.51771,0.52008,0.66358,0.02118,0.04569,0.01902,0.64852,0.01093,0.00999,0.00288,2.69695,3.99475,3.18993,2.61538,0,0,0,0.000750533,0.000750533,0.000750533
62,533.563,2.73321,4.05658,3.50616,2.60077,0.52077,0.51734,0.51974,0.67043,0.0324,0.04803,0.02049,0.65879,0.01733,0.0121,0.00391,2.65347,4.02075,3.16786,2.58706,0,0,0,0.000749159,0.000749159,0.000749159
63,542.098,2.64492,4.08244,3.52045,2.57963,0.52062,0.51617,0.51898,0.5538,0.05992,0.0514,0.01991,0.54106,0.04021,0.01589,0.0048,2.68747,3.96866,3.15717,2.63262,0,0,0,0.000747784,0.000747784,0.000747784
64,550.789,2.65254,4.1066,3.54572,2.59035,0.52145,0.51613,0.51871,0.40873,0.04317,0.04922,0.01614,0.39848,0.02134,0.01144,0.00269,2.63382,3.95645,3.19101,2.6074,0,0,0,0.00074641,0.00074641,0.00074641
65,559.263,2.6521,4.13978,3.45886,2.55028,0.51882,0.51498,0.51751,0.29131,0.04096,0.04216,0.01686,0.26941,0.02795,0.01472,0.00308,2.67686,4.00513,3.27982,2.61105,0,0,0,0.000745035,0.000745035,0.000745035
66,567.623,2.70163,4.05656,3.44557,2.56386,0.51996,0.51505,0.51778,0.53664,0.06559,0.04293,0.01865,0.52252,0.04697,0.018,0.00663,2.68787,3.96028,3.33506,2.60673,0,0,0,0.000743661,0.000743661,0.000743661
67,576.196,2.67983,4.0966,3.46248,2.53402,0.51907,0.51413,0.51675,0.65158,0.03477,0.04486,0.01899,0.64815,0.02032,0.01377,0.00347,2.61898,3.95934,3.26773,2.57819,0,0,0,0.000742286,0.000742286,0.000742286
68,584.642,2.63965,4.01711,3.42312,2.57134,0.51766,0.51357,0.51609,0.42531,0.03681,0.04152,0.01741,0.41059,0.02576,0.01407,0.00359,2.57836,3.92745,3.08893,2.5442,0,0,0,0.000740912,0.000740912,0.000740912
69,593.046,2.64794,3.96638,3.44234,2.55117,0.51817,0.51351,0.51614,0.40858,0.07263,0.0477,0.01995,0.3026,0.0504,0.01447,0.00351,2.61602,3.95672,3.14042,2.57088,0,0,0,0.000739537,0.000739537,0.000739537
70,601.524,2.62426,3.93901,3.38481,2.51236,0.51614,0.51236,0.51483,0.3375,0.06727,0.0364,0.01418,0.57406,0.01715,0.01276,0.00291,2.65319,3.96487,3.33244,2.5744,0,0,0,0.000738163,0.000738163,0.000738163
71,610.033,2.5867,4.02282,3.37577,2.48759,0.51599,0.51214,0.51477,0.21686,0.07143,0.09843,0.03473,0.18502,0.04978,0.03,0.00744,2.51624,3.91426,3.05296,2.49138,0,0,0,0.000736788,0.000736788,0.000736788
72,618.611,2.63972,4.02614,3.30717,2.429,0.5155,0.51192,0.51415,0.24172,0.0686,0.07238,0.02967,0.20626,0.04555,0.02339,0.00618,2.56196,3.92892,3.09412,2.501,0,0,0,0.000735414,0.000735414,0.000735414
73,626.897,2.62894,4.04072,3.35403,2.46313,0.51428,0.51099,0.51346,0.39444,0.0682,0.08973,0.0317,0.319,0.03844,0.0416,0.01026,2.55195,3.90139,2.95348,2.47471,0,0,0,0.00073404,0.00073404,0.00073404
74,635.315,2.58719,3.95806,3.33958,2.47139,0.51468,0.51081,0.51335,0.2523,0.08085,0.07266,0.02997,0.17684,0.03987,0.02984,0.00952,2.51519,3.93133,2.97429,2.47425,0,0,0,0.000732665,0.000732665,0.000732665
75,643.872,2.56219,3.96583,3.22855,2.41018,0.51212,0.5096,0.51249,0.27641,0.12383,0.0743,0.03048,0.22414,0.04988,0.02457,0.00702,2.52737,3.88306,3.09875,2.47154,0,0,0,0.000731291,0.000731291,0.000731291
76,652.483,2.52226,4.04463,3.36294,2.49801,0.51568,0.51114,0.51379,0.29048,0.12801,0.09687,0.0314,0.21607,0.06578,0.03633,0.0103,2.52777,3.90358,3.09606,2.46609,0,0,0,0.000729916,0.000729916,0.000729916
77,660.843,2.52422,4.01217,3.22747,2.43819,0.51257,0.50981,0.51256,0.3636,0.06542,0.091,0.03214,0.33269,0.04885,0.03703,0.01092,2.50137,3.87916,2.97102,2.45392,0,0,0,0.000728542,0.000728542,0.000728542
78,669.576,2.54039,3.96206,3.20319,2.39931,0.51263,0.50967,0.51216,0.49037,0.09758,0.08386,0.03575,0.40309,0.06761,0.04195,0.01304,2.49908,3.90509,3.00773,2.45246,0,0,0,0.000727167,0.000727167,0.000727167
79,678.167,2.53266,3.97816,3.2027,2.4186,0.51114,0.50872,0.51127,0.42704,0.12066,0.12609,0.04715,0.38902,0.07444,0.05864,0.0166,2.50809,3.90921,3.04932,2.44532,0,0,0,0.000725793,0.000725793,0.000725793
80,686.799,2.56271,4.01594,3.19718,2.39215,0.51185,0.50832,0.51074,0.48126,0.10686,0.11125,0.048,0.39233,0.0732,0.07506,0.01881,2.48376,3.87141,2.96906,2.40403,0,0,0,0.000724418,0.000724418,0.000724418
81,695.472,2.50879,3.92379,3.13061,2.36149,0.51111,0.50787,0.5104,0.30056,0.11865,0.0895,0.03938,0.18283,0.07005,0.03766,0.01135,2.47217,3.84386,2.92371,2.40071,0,0,0,0.000723044,0.000723044,0.000723044
82,704.158,2.50166,3.9969,3.14284,2.3672,0.50958,0.50694,0.50965,0.281,0.11721,0.08763,0.03627,0.18042,0.06453,0.03848,0.0116,2.46963,3.84548,2.85889,2.42738,0,0,0,0.00072167,0.00072167,0.00072167
83,712.682,2.49974,3.97753,3.13666,2.39893,0.50876,0.50683,0.50933,0.45024,0.15078,0.13213,0.04882,0.38307,0.08686,0.06055,0.01644,2.43874,3.83188,2.793,2.43914,0,0,0,0.000720295,0.000720295,0.000720295
84,721.073,2.54502,3.94418,3.12334,2.33898,0.50822,0.50626,0.50896,0.35012,0.13314,0.14175,0.05524,0.31805,0.07958,0.05503,0.01517,2.4158,3.78875,2.8303,2.3883,0,0,0,0.000718921,0.000718921,0.000718921
85,729.7,2.45377,3.95662,3.06233,2.30298,0.50846,0.50584,0.50869,0.38494,0.13535,0.1237,0.0507,0.15595,0.09551,0.07233,0.01734,2.48344,3.81367,2.92923,2.40752,0,0,0,0.000717546,0.000717546,0.000717546
86,738.079,2.49907,3.92826,3.07511,2.32747,0.50893,0.506,0.50869,0.33625,0.13917,0.14264,0.06424,0.20636,0.08171,0.0725,0.021,2.3816,3.77404,2.84627,2.35792,0,0,0,0.000716172,0.000716172,0.000716172
87,746.623,2.46426,3.97498,3.00851,2.31575,0.50644,0.50478,0.5073,0.44729,0.16324,0.16087,0.07087,0.28243,0.11611,0.06921,0.01735,2.37769,3.81047,2.74109,2.35802,0,0,0,0.000714797,0.000714797,0.000714797
88,755.28,2.42128,3.86175,3.10353,2.35872,0.50704,0.50495,0.50758,0.48679,0.13125,0.17025,0.06758,0.44061,0.09001,0.09784,0.02935,2.40643,3.81739,2.76166,2.38353,0,0,0,0.000713423,0.000713423,0.000713423
89,763.755,2.47327,4.03383,3.08327,2.33221,0.50628,0.50425,0.50674,0.35703,0.16296,0.13003,0.05529,0.2611,0.09838,0.0511,0.01551,2.47391,3.80054,2.78768,2.36616,0,0,0,0.000712048,0.000712048,0.000712048
90,772.13,2.44948,3.93474,3.08263,2.36581,0.5062,0.50409,0.50677,0.40757,0.16729,0.13562,0.06293,0.24735,0.10949,0.05976,0.01871,2.39288,3.80665,2.73755,2.33727,0,0,0,0.000710674,0.000710674,0.000710674
91,780.505,2.50144,3.95238,3.00132,2.35471,0.50618,0.50391,0.50644,0.48969,0.16877,0.1572,0.06561,0.38699,0.09862,0.08468,0.02361,2.34805,3.77664,2.73138,2.31779,0,0,0,0.000709299,0.000709299,0.000709299
92,788.979,2.44584,3.9053,2.97,2.27075,0.50386,0.50241,0.50513,0.43291,0.19858,0.19232,0.08173,0.30618,0.12566,0.10817,0.03547,2.34682,3.74106,2.70023,2.3159,0,0,0,0.000707925,0.000707925,0.000707925
93,797.503,2.47237,3.87058,2.87473,2.27874,0.50223,0.50211,0.50451,0.37524,0.1745,0.14029,0.06427,0.30417,0.12873,0.06717,0.02247,2.43897,3.73682,2.7333,2.35979,0,0,0,0.000706551,0.000706551,0.000706551
94,805.852,2.41497,3.88667,3.00968,2.32118,0.50381,0.50281,0.50523,0.33944,0.15198,0.16736,0.07179,0.22598,0.12208,0.07566,0.0259,2.3924,3.74054,2.67768,2.34332,0,0,0,0.000705176,0.000705176,0.000705176
95,814.212,2.40052,3.87345,2.97714,2.32759,0.50461,0.50227,0.505,0.1854,0.19353,0.15359,0.06361,0.16173,0.15634,0.08132,0.02896,2.35125,3.74798,2.65771,2.31478,0,0,0,0.000703802,0.000703802,0.000703802
96,822.556,2.39913,3.86332,2.92552,2.33168,0.50245,0.50165,0.50446,0.1961,0.23062,0.1692,0.07516,0.14133,0.1528,0.08898,0.0284,2.32146,3.72645,2.63998,2.30826,0,0,0,0.000702427,0.000702427,0.000702427
97,830.958,2.39938,3.78362,2.99117,2.33192,0.50421,0.50167,0.50418,0.2602,0.20172,0.15173,0.07578,0.19188,0.15714,0.09286,0.03355,2.37597,3.76902,2.69595,2.36465,0,0,0,0.000701053,0.000701053,0.000701053
98,839.129,2.4324,3.88937,3.00946,2.30723,0.50536,0.50178,0.50491,0.38783,0.25218,0.20504,0.09877,0.22363,0.16059,0.12275,0.03744,2.30045,3.72741,2.59668,2.30427,0,0,0,0.000699678,0.000699678,0.000699678
99,847.754,2.42517,3.78998,3.01373,2.30482,0.50265,0.50078,0.50352,0.35147,0.2655,0.22316,0.10167,0.18245,0.16637,0.10757,0.03328,2.29574,3.71372,2.5791,2.26552,0,0,0,0.000698304,0.000698304,0.000698304
100,856.149,2.4519,3.91442,2.88388,2.25595,0.50133,0.50033,0.50278,0.19151,0.24528,0.18198,0.08182,0.10046,0.15459,0.07928,0.024,2.27574,3.73548,2.6378,2.25113,0,0,0,0.000696929,0.000696929,0.000696929
101,864.463,2.48172,3.88916,2.86216,2.23355,0.50264,0.50025,0.50297,0.29864,0.18336,0.18769,0.07982,0.11941,0.20787,0.07425,0.02066,2.29386,3.69173,2.61045,2.27258,0,0,0,0.000695555,0.000695555,0.000695555
102,873.007,2.38771,3.82019,2.80497,2.22144,0.50123,0.49983,0.50241,0.40034,0.19356,0.20646,0.09209,0.25886,0.14987,0.13949,0.03671,2.28499,3.66981,2.49213,2.25218,0,0,0,0.000694181,0.000694181,0.000694181
103,881.27,2.41468,3.84123,2.87224,2.22977,0.50264,0.50057,0.50292,0.29944,0.21309,0.1945,0.09383,0.20904,0.17728,0.13473,0.0431,2.29366,3.67355,2.54018,2.25667,0,0,0,0.000692806,0.000692806,0.000692806
104,889.75,2.36705,3.80284,2.84685,2.24687,0.49921,0.4987,0.5015,0.41277,0.22795,0.23458,0.11152,0.26018,0.19763,0.16003,0.05732,2.27586,3.66392,2.48343,2.24156,0,0,0,0.000691432,0.000691432,0.000691432
105,898.292,2.35351,3.87534,2.88105,2.25028,0.50019,0.49879,0.50149,0.24631,0.27387,0.22258,0.09371,0.15135,0.19631,0.1002,0.032,2.27656,3.66206,2.63534,2.23989,0,0,0,0.000690057,0.000690057,0.000690057
106,906.735,2.3784,3.79346,2.8643,2.25252,0.50091,0.49849,0.50156,0.26247,0.22656,0.22055,0.09655,0.18842,0.24228,0.12401,0.03214,2.22239,3.63391,2.45363,2.20084,0,0,0,0.000688683,0.000688683,0.000688683
107,915.136,2.393,3.78932,2.82581,2.22692,0.49891,0.49766,0.5008,0.57672,0.21504,0.25399,0.10573,0.42051,0.15559,0.16071,0.05458,2.2206,3.62182,2.43901,2.18036,0,0,0,0.000687308,0.000687308,0.000687308
108,923.448,2.38452,3.83133,2.74167,2.18188,0.49752,0.49727,0.49985,0.39297,0.25042,0.26308,0.11449,0.31228,0.1747,0.15851,0.05063,2.26592,3.65352,2.42323,2.20466,0,0,0,0.000685934,0.000685934,0.000685934
109,931.9,2.3284,3.77117,2.73558,2.21853,0.49776,0.49641,0.49973,0.31008,0.25836,0.24015,0.11287,0.2504,0.23288,0.15446,0.04581,2.23533,3.62495,2.45027,2.19821,0,0,0,0.000684559,0.000684559,0.000684559
110,940.221,2.3383,3.74484,2.76306,2.19154,0.49629,0.49615,0.49906,0.29681,0.27341,0.23733,0.1054,0.22849,0.20641,0.15222,0.04352,2.25967,3.64645,2.54013,2.18326,0,0,0,0.000683185,0.000683185,0.000683185
111,948.695,2.4125,3.848,2.68955,2.12371,0.49448,0.49556,0.49793,0.35226,0.27705,0.24581,0.11361,0.30536,0.23065,0.17272,0.05489,2.19701,3.59518,2.56234,2.15342,0,0,0,0.00068181,0.00068181,0.00068181
112,957.103,2.35728,3.81624,2.78746,2.22009,0.49545,0.49529,0.4982,0.33547,0.28104,0.24617,0.11818,0.25664,0.21665,0.1527,0.06008,2.2132,3.60938,2.46864,2.16654,0,0,0,0.000680436,0.000680436,0.000680436
113,965.816,2.35588,3.82826,2.67983,2.18076,0.49592,0.4955,0.49825,0.46577,0.271,0.28038,0.13767,0.29455,0.21102,0.16937,0.0662,2.19139,3.55535,2.31581,2.13594,0,0,0,0.000679062,0.000679062,0.000679062
114,974.179,2.30062,3.71706,2.83428,2.1763,0.49959,0.49642,0.49963,0.5459,0.2304,0.29453,0.14217,0.43598,0.19167,0.19802,0.07105,2.19992,3.56227,2.36941,2.1579,0,0,0,0.000677687,0.000677687,0.000677687
115,982.784,2.33098,3.81415,2.71722,2.16329,0.49387,0.49466,0.49718,0.35584,0.26384,0.26232,0.12501,0.32201,0.20264,0.18966,0.05759,2.18167,3.60674,2.43624,2.15035,0,0,0,0.000676313,0.000676313,0.000676313
116,991.158,2.36685,3.74738,2.74421,2.18743,0.49677,0.49495,0.49807,0.31331,0.34212,0.25518,0.12479,0.24771,0.28214,0.17287,0.06002,2.16022,3.57157,2.37889,2.12955,0,0,0,0.000674938,0.000674938,0.000674938
117,999.681,2.23753,3.77839,2.58826,2.15249,0.49224,0.49207,0.49557,0.3222,0.32659,0.27815,0.13397,0.25604,0.26927,0.19875,0.0661,2.14012,3.56165,2.28501,2.12183,0,0,0,0.000673564,0.000673564,0.000673564
118,1007.84,2.25259,3.69721,2.54627,2.12462,0.49206,0.49231,0.49576,0.37533,0.24854,0.26038,0.11151,0.30588,0.20374,0.16112,0.05555,2.17442,3.54604,2.26207,2.13328,0,0,0,0.000672189,0.000672189,0.000672189
119,1016.09,2.2553,3.65891,2.59597,2.13787,0.49408,0.49227,0.49613,0.38623,0.29545,0.2831,0.13499,0.33689,0.22474,0.18846,0.07259,2.10452,3.53952,2.25835,2.08776,0,0,0,0.000670815,0.000670815,0.000670815
120,1024.49,2.31132,3.77196,2.73266,2.17828,0.49356,0.49233,0.49602,0.53155,0.2692,0.30828,0.14358,0.46451,0.21624,0.20653,0.07647,2.11566,3.49958,2.21956,2.09654,0,0,0,0.00066944,0.00066944,0.00066944
121,1033.2,2.27876,3.71058,2.60237,2.13133,0.49166,0.49206,0.49517,0.30558,0.35237,0.31141,0.14456,0.22858,0.32346,0.21709,0.07554,2.10943,3.49333,2.20208,2.08823,0,0,0,0.000668066,0.000668066,0.000668066
122,1041.81,2.26954,3.72148,2.54358,2.06726,0.49141,0.49087,0.49442,0.27642,0.33496,0.25778,0.12162,0.23332,0.27464,0.19065,0.07091,2.12279,3.54573,2.32782,2.11093,0,0,0,0.000666692,0.000666692,0.000666692
123,1050.16,2.28155,3.69195,2.53478,2.12357,0.49337,0.49082,0.49518,0.38827,0.30203,0.31208,0.15632,0.33302,0.25149,0.21257,0.08096,2.09138,3.52149,2.20249,2.09557,0,0,0,0.000665317,0.000665317,0.000665317
124,1058.85,2.26254,3.72443,2.62207,2.13251,0.48975,0.48978,0.49345,0.48697,0.2791,0.31837,0.1632,0.39092,0.22312,0.20926,0.08146,2.07667,3.49156,2.1818,2.07178,0,0,0,0.000663943,0.000663943,0.000663943
125,1067.28,2.26313,3.69894,2.47253,2.04141,0.4871,0.48768,0.49151,0.49497,0.26118,0.29153,0.14138,0.2348,0.3196,0.18811,0.07204,2.09689,3.49671,2.17901,2.07347,0,0,0,0.000662568,0.000662568,0.000662568
126,1075.63,2.23027,3.6889,2.58818,2.10221,0.49136,0.48909,0.49341,0.42233,0.3294,0.32442,0.15513,0.35804,0.27089,0.21425,0.07111,2.13299,3.50109,2.1245,2.09718,0,0,0,0.000661194,0.000661194,0.000661194
127,1083.98,2.26798,3.72336,2.50967,2.073,0.49049,0.4883,0.49293,0.4642,0.29175,0.31897,0.15187,0.29216,0.24836,0.18818,0.06976,2.09087,3.49507,2.14041,2.08798,0,0,0,0.000659819,0.000659819,0.000659819
128,1092.34,2.24753,3.76207,2.47828,2.0672,0.49036,0.48763,0.49243,0.32218,0.32196,0.28343,0.1409,0.26118,0.25879,0.19656,0.07514,2.06294,3.4678,2.15022,2.08921,0,0,0,0.000658445,0.000658445,0.000658445
129,1100.66,2.16026,3.71911,2.511,2.1025,0.48761,0.48553,0.49117,0.3605,0.40539,0.33075,0.1737,0.28838,0.33041,0.2182,0.07891,2.04372,3.46116,2.17417,2.07433,0,0,0,0.00065707,0.00065707,0.00065707
130,1109.1,2.25389,3.66276,2.54949,2.11279,0.48862,0.48655,0.49195,0.32031,0.37603,0.28813,0.15275,0.27753,0.31929,0.22721,0.07942,2.07555,3.4737,2.14303,2.09036,0,0,0,0.000655696,0.000655696,0.000655696
131,1117.56,2.21225,3.64392,2.51443,2.09313,0.48665,0.48434,0.49047,0.3372,0.41141,0.2947,0.13996,0.2595,0.34057,0.18648,0.07505,2.12402,3.47497,2.14599,2.10836,0,0,0,0.000654321,0.000654321,0.000654321
132,1125.82,2.26542,3.70499,2.41723,2.07126,0.48712,0.48342,0.49012,0.40541,0.3705,0.3315,0.17697,0.30456,0.27919,0.2289,0.08671,2.051,3.43102,2.15853,2.0587,0,0,0,0.000652947,0.000652947,0.000652947
133,1134.1,2.16148,3.67016,2.40058,2.07032,0.48548,0.48298,0.48942,0.48019,0.29678,0.32509,0.14734,0.40525,0.23054,0.19185,0.0693,2.05767,3.40045,2.12062,2.03045,0,0,0,0.000651573,0.000651573,0.000651573
134,1142.44,2.12614,3.58116,2.46424,2.07357,0.48552,0.48088,0.48884,0.41425,0.38125,0.33744,0.1693,0.32087,0.30888,0.21959,0.07438,2.07868,3.4273,2.07722,2.03782,0,0,0,0.000650198,0.000650198,0.000650198
135,1150.87,2.11754,3.61823,2.38198,2.07515,0.48343,0.47964,0.48817,0.52703,0.37274,0.38383,0.19909,0.4087,0.30651,0.25444,0.0923,2.00075,3.41405,2.0458,2.01474,0,0,0,0.000648824,0.000648824,0.000648824
136,1159.41,2.16661,3.56457,2.39393,2.0268,0.48432,0.47876,0.48783,0.49503,0.39224,0.39173,0.2158,0.41419,0.32825,0.28252,0.11401,1.9509,3.37277,2.07628,1.96735,0,0,0,0.000647449,0.000647449,0.000647449
137,1167.97,2.19633,3.60375,2.41791,2.03546,0.48363,0.47657,0.48723,0.5777,0.30477,0.3782,0.20627,0.48331,0.24113,0.24667,0.10046,2.0195,3.40927,2.04266,1.99912,0,0,0,0.000646075,0.000646075,0.000646075
138,1176.32,2.20323,3.61088,2.45502,2.0181,0.48198,0.4751,0.4865,0.43652,0.34728,0.34794,0.17125,0.32106,0.25594,0.20925,0.08048,2.0406,3.40261,2.03453,2.00888,0,0,0,0.0006447,0.0006447,0.0006447
139,1184.57,2.17374,3.65294,2.42109,2.03663,0.48158,0.47214,0.48558,0.41319,0.35503,0.35654,0.18086,0.32677,0.27982,0.24554,0.09095,2.00582,3.40961,2.0091,2.01098,0,0,0,0.000643326,0.000643326,0.000643326
140,1192.91,2.15458,3.6145,2.3884,2.03694,0.48044,0.4692,0.48411,0.4836,0.36667,0.37631,0.18141,0.3811,0.26361,0.23083,0.09699,2.01409,3.44287,2.03525,2.00288,0,0,0,0.000641951,0.000641951,0.000641951
141,1201.11,2.21664,3.55534,2.37996,2.07195,0.48027,0.46697,0.4838,0.38057,0.40168,0.36234,0.18345,0.44623,0.27056,0.27587,0.10693,2.02283,3.37248,2.01798,2.00739,0,0,0,0.000640577,0.000640577,0.000640577
142,1209.49,2.13663,3.69566,2.41527,2.04987,0.48008,0.46102,0.48252,0.36736,0.46337,0.37452,0.20636,0.32384,0.36579,0.27596,0.112,1.96427,3.35385,1.98546,1.99022,0,0,0,0.000639203,0.000639203,0.000639203
143,1217.87,2.1543,3.58626,2.36766,2.02204,0.48249,0.45756,0.48286,0.61199,0.33582,0.41137,0.2321,0.49767,0.26899,0.30073,0.12203,1.91505,3.32386,1.96197,1.9611,0,0,0,0.000637828,0.000637828,0.000637828
144,1226.3,2.16402,3.54548,2.423,2.04097,0.48023,0.4529,0.48042,0.41952,0.46408,0.37967,0.195,0.34655,0.37749,0.29136,0.11126,1.94004,3.33201,1.98046,1.97265,0,0,0,0.000636454,0.000636454,0.000636454
145,1234.66,2.12514,3.54307,2.37213,2.03397,0.4788,0.44465,0.47726,0.45597,0.43502,0.38383,0.19594,0.37014,0.33504,0.25204,0.09616,1.93869,3.32493,1.972,1.9736,0,0,0,0.000635079,0.000635079,0.000635079
146,1242.95,2.14547,3.66112,2.35736,1.9974,0.47733,0.43725,0.47476,0.48943,0.36924,0.40327,0.21514,0.33071,0.3504,0.26851,0.10299,1.95095,3.36175,2.0419,1.98105,0,0,0,0.000633705,0.000633705,0.000633705
147,1251.27,2.14277,3.5233,2.31121,2.02437,0.4737,0.4311,0.46835,0.3534,0.45543,0.36477,0.19739,0.30333,0.39631,0.27632,0.10432,1.92905,3.32338,1.94313,1.96295,0,0,0,0.00063233,0.00063233,0.00063233
148,1259.55,2.16449,3.69933,2.32207,2.01568,0.47367,0.42069,0.46276,0.41564,0.3952,0.36397,0.18245,0.34911,0.33234,0.24316,0.08915,2.00708,3.34037,2.02493,1.99478,0,0,0,0.000630956,0.000630956,0.000630956
149,1267.89,2.18139,3.57165,2.31508,1.98635,0.4723,0.41407,0.45922,0.57728,0.37203,0.41415,0.22897,0.5483,0.3108,0.31618,0.12573,1.90973,3.29284,2.03539,1.92446,0,0,0,0.000629581,0.000629581,0.000629581
150,1276.36,2.12018,3.48248,2.29488,1.99163,0.46819,0.40194,0.45028,0.66157,0.29429,0.40161,0.21695,0.41429,0.28305,0.27849,0.11243,1.97113,3.30238,1.9802,1.98294,0,0,0,0.000628207,0.000628207,0.000628207
151,1284.68,2.14598,3.60703,2.30977,1.93507,0.45977,0.39114,0.44049,0.5935,0.35698,0.41014,0.23102,0.36746,0.3669,0.28801,0.1259,1.89113,3.27778,1.88756,1.93635,0,0,0,0.000626832,0.000626832,0.000626832
152,1293.2,2.0679,3.54662,2.22342,1.96112,0.45145,0.3805,0.43356,0.5377,0.40514,0.42919,0.23402,0.39663,0.35296,0.29582,0.1285,1.90684,3.26941,1.86786,1.93281,0,0,0,0.000625458,0.000625458,0.000625458
153,1301.64,2.13101,3.47172,2.2871,2.00597,0.44699,0.37594,0.42993,0.53543,0.46551,0.44982,0.23526,0.37664,0.3392,0.30008,0.12403,1.90821,3.27455,1.90353,1.94701,0,0,0,0.000624084,0.000624084,0.000624084
154,1310.13,2.07962,3.4209,2.24482,1.968,0.4395,0.36351,0.42172,0.46993,0.43474,0.43221,0.23563,0.42961,0.35578,0.32651,0.12254,1.91477,3.28578,1.89628,1.92965,0,0,0,0.000622709,0.000622709,0.000622709
155,1318.5,2.05902,3.41791,2.23236,1.96342,0.43014,0.34857,0.41292,0.46747,0.41424,0.42135,0.22454,0.47101,0.29264,0.30421,0.11728,1.93557,3.27453,1.89096,1.93501,0,0,0,0.000621335,0.000621335,0.000621335
156,1326.81,2.09746,3.45428,2.26303,1.98011,0.42094,0.33194,0.40103,0.47673,0.42779,0.43134,0.23771,0.43391,0.35285,0.32078,0.12435,1.89289,3.2789,1.8205,1.90901,0,0,0,0.00061996,0.00061996,0.00061996
157,1335.12,2.12169,3.54908,2.27149,1.99353,0.41787,0.32454,0.39705,0.52842,0.39475,0.42584,0.23276,0.40029,0.3443,0.30422,0.1238,1.88381,3.26876,1.90513,1.89238,0,0,0,0.000618586,0.000618586,0.000618586
158,1343.33,2.0832,3.53382,2.28328,1.9798,0.40733,0.31028,0.38461,0.44069,0.42959,0.43215,0.23727,0.37419,0.33586,0.29808,0.11483,1.88546,3.25994,1.90492,1.8981,0,0,0,0.000617211,0.000617211,0.000617211
159,1351.76,2.02085,3.54848,2.18774,1.9467,0.3981,0.29781,0.37421,0.48163,0.38681,0.43523,0.23445,0.38535,0.34442,0.30881,0.11457,1.8727,3.25721,1.79765,1.88651,0,0,0,0.000615837,0.000615837,0.000615837
160,1360,2.05849,3.55343,2.20015,1.95407,0.39217,0.28089,0.36637,0.65984,0.33926,0.45001,0.24369,0.48829,0.29245,0.32892,0.11611,1.89248,3.25147,1.80595,1.91281,0,0,0,0.000614462,0.000614462,0.000614462
161,1368.27,2.05766,3.55377,2.18162,1.95076,0.38706,0.26809,0.36242,0.6128,0.38113,0.46318,0.25183,0.40948,0.32748,0.31448,0.11731,1.87292,3.25634,1.80111,1.89395,0,0,0,0.000613088,0.000613088,0.000613088
162,1376.75,2.09929,3.53847,2.22744,1.9337,0.37513,0.24816,0.35057,0.58232,0.38031,0.45597,0.25964,0.53779,0.29045,0.30719,0.12699,1.81148,3.2329,1.77832,1.85436,0,0,0,0.000611714,0.000611714,0.000611714
163,1385.33,2.11332,3.41627,2.19912,1.89017,0.36488,0.23132,0.33814,0.48171,0.48068,0.45399,0.25755,0.44978,0.38447,0.3175,0.12638,1.84747,3.19639,1.80209,1.84596,0,0,0,0.000610339,0.000610339,0.000610339
164,1393.6,2.07625,3.48114,2.16358,1.89726,0.34988,0.21621,0.3245,0.46847,0.49709,0.44702,0.25745,0.49872,0.342,0.32116,0.13031,1.83298,3.24621,1.79108,1.86677,0,0,0,0.000608965,0.000608965,0.000608965
165,1402.05,2.1174,3.44827,2.19294,1.9539,0.34641,0.20765,0.31986,0.56072,0.37586,0.45754,0.25997,0.44044,0.29808,0.32495,0.13892,1.81509,3.18724,1.76438,1.84421,0,0,0,0.00060759,0.00060759,0.00060759
166,1410.42,2.038,3.44541,2.24484,1.94557,0.33996,0.20041,0.31125,0.38664,0.45538,0.44751,0.26292,0.33196,0.40259,0.34096,0.14837,1.83484,3.20396,1.87518,1.85593,0,0,0,0.000606216,0.000606216,0.000606216
167,1419.02,2.06202,3.40802,2.12827,1.89884,0.32881,0.19422,0.30401,0.48723,0.47165,0.45266,0.27363,0.43677,0.391,0.3542,0.15386,1.81891,3.19949,1.81433,1.85803,0,0,0,0.000604841,0.000604841,0.000604841
168,1427.63,2.02683,3.49938,2.18099,1.95098,0.32052,0.19163,0.29295,0.51451,0.45148,0.47899,0.2629,0.45588,0.36942,0.36047,0.1402,1.83356,3.23125,1.79966,1.86062,0,0,0,0.000603467,0.000603467,0.000603467
169,1435.98,2.07796,3.5007,2.15122,1.94112,0.31107,0.18707,0.28318,0.52125,0.49166,0.49211,0.28685,0.41545,0.42399,0.35718,0.14689,1.79915,3.14568,1.7844,1.83599,0,0,0,0.000602092,0.000602092,0.000602092
170,1444.37,2.02364,3.49416,2.16692,1.93201,0.30422,0.18622,0.26936,0.53476,0.47992,0.52269,0.29867,0.42209,0.40774,0.39176,0.17001,1.80166,3.1496,1.7499,1.84733,0,0,0,0.000600718,0.000600718,0.000600718
171,1452.88,2.02722,3.43636,2.10154,1.91866,0.2869,0.17992,0.25768,0.6138,0.42938,0.50625,0.2802,0.52528,0.34428,0.36608,0.15397,1.80138,3.19437,1.7664,1.83644,0,0,0,0.000599343,0.000599343,0.000599343
172,1461.18,2.04054,3.49825,2.17437,1.9637,0.28059,0.17809,0.24518,0.6082,0.47585,0.51048,0.28043,0.50029,0.38539,0.36496,0.1513,1.78768,3.17081,1.74561,1.83372,0,0,0,0.000597969,0.000597969,0.000597969
173,1469.47,2.03603,3.39353,2.12694,1.92254,0.26376,0.17154,0.22589,0.59622,0.41347,0.4737,0.26258,0.57453,0.32532,0.34189,0.13998,1.8211,3.17888,1.76803,1.84378,0,0,0,0.000596595,0.000596595,0.000596595
174,1477.88,2.07422,3.42179,2.12658,1.92561,0.25844,0.17393,0.22234,0.51545,0.48801,0.48385,0.27976,0.47019,0.38017,0.35995,0.15545,1.80383,3.16388,1.7985,1.84103,0,0,0,0.00059522,0.00059522,0.00059522
175,1486.18,2.0376,3.43287,2.04014,1.85019,0.24609,0.16859,0.20916,0.52767,0.51133,0.4993,0.28619,0.4254,0.4258,0.36029,0.15802,1.75981,3.13585,1.68913,1.81448,0,0,0,0.000593846,0.000593846,0.000593846
176,1494.44,2.02745,3.41627,2.11276,1.92705,0.24726,0.17051,0.2072,0.48517,0.51617,0.48781,0.30368,0.47448,0.3675,0.36324,0.15311,1.73128,3.11078,1.65797,1.80418,0,0,0,0.000592471,0.000592471,0.000592471
177,1502.65,1.98757,3.40421,2.09687,1.9169,0.22974,0.16011,0.191,0.47837,0.52038,0.517,0.30862,0.39706,0.44158,0.41029,0.18007,1.75259,3.09312,1.67735,1.80832,0,0,0,0.000591097,0.000591097,0.000591097
178,1511.25,2.02087,3.48206,2.07141,1.89877,0.22377,0.15716,0.18503,0.58015,0.474,0.53858,0.30542,0.49624,0.39258,0.41199,0.18392,1.75941,3.13516,1.646,1.80583,0,0,0,0.000589722,0.000589722,0.000589722
179,1519.67,2.01963,3.39541,2.14269,1.89677,0.22123,0.16026,0.18402,0.6198,0.48162,0.53054,0.30957,0.51756,0.39655,0.39668,0.1783,1.72239,3.09025,1.66603,1.77837,0,0,0,0.000588348,0.000588348,0.000588348
180,1527.98,2.00707,3.4899,2.03423,1.85634,0.22499,0.16512,0.18702,0.52302,0.53728,0.535,0.32479,0.3659,0.43237,0.37066,0.16634,1.71896,3.06324,1.64934,1.77367,0,0,0,0.000586973,0.000586973,0.000586973
181,1536.58,2.04632,3.4213,2.0581,1.88064,0.21869,0.15919,0.18114,0.58641,0.48606,0.5078,0.29867,0.46469,0.38995,0.37718,0.16466,1.74493,3.07528,1.66721,1.78945,0,0,0,0.000585599,0.000585599,0.000585599
182,1544.85,2.02231,3.43408,2.07742,1.85013,0.21113,0.15253,0.17173,0.58257,0.49478,0.49055,0.29856,0.4821,0.41441,0.36199,0.16222,1.74899,3.07543,1.71216,1.78957,0,0,0,0.000584225,0.000584225,0.000584225
183,1553.13,1.94484,3.3393,1.9949,1.83549,0.20725,0.15795,0.1789,0.57065,0.48552,0.52441,0.31926,0.46272,0.38576,0.37367,0.16584,1.76144,3.06624,1.71986,1.78963,0,0,0,0.00058285,0.00058285,0.00058285
184,1561.41,1.89214,3.29664,2.00157,1.88384,0.21822,0.16237,0.18278,0.56649,0.51399,0.55126,0.33822,0.52249,0.39965,0.40801,0.18583,1.71792,3.02151,1.63947,1.75599,0,0,0,0.000581476,0.000581476,0.000581476
185,1570.02,1.95598,3.35838,2.00418,1.8425,0.21003,0.15614,0.17509,0.60404,0.461,0.52491,0.31363,0.49027,0.37898,0.37459,0.16292,1.75875,3.08447,1.70826,1.78741,0,0,0,0.000580101,0.000580101,0.000580101
186,1578.22,1.99843,3.39392,1.98786,1.8135,0.19872,0.14937,0.16745,0.55784,0.53917,0.54446,0.32799,0.4477,0.41565,0.38449,0.16873,1.71443,3.03073,1.65325,1.76571,0,0,0,0.000578727,0.000578727,0.000578727
187,1586.46,1.99366,3.40406,2.08278,1.84274,0.20585,0.1549,0.17345,0.64723,0.49994,0.55704,0.32765,0.51588,0.40502,0.39795,0.17244,1.73749,3.02952,1.61085,1.77259,0,0,0,0.000577352,0.000577352,0.000577352
188,1594.83,1.93756,3.39874,2.04475,1.87644,0.2153,0.16502,0.18124,0.65962,0.50791,0.55759,0.32707,0.53001,0.40824,0.39648,0.17447,1.72671,3.01923,1.61802,1.77502,0,0,0,0.000575978,0.000575978,0.000575978
189,1603.08,1.97398,3.39555,2.05218,1.86869,0.20312,0.14971,0.17076,0.57699,0.51153,0.52995,0.31703,0.51141,0.41695,0.40166,0.17816,1.7206,3.02636,1.73034,1.76332,0,0,0,0.000574603,0.000574603,0.000574603
190,1611.3,1.94607,3.36248,1.95198,1.85694,0.20146,0.15828,0.17427,0.58736,0.50264,0.55166,0.32322,0.53277,0.42573,0.42497,0.17881,1.73006,3.0282,1.63122,1.76454,0,0,0,0.000573229,0.000573229,0.000573229
191,1619.69,2.05272,3.40255,2.04921,1.81263,0.20003,0.15673,0.17438,0.59853,0.53204,0.56431,0.33835,0.45942,0.44946,0.39379,0.17205,1.72477,3.02093,1.66395,1.76039,0,0,0,0.000571854,0.000571854,0.000571854
192,1628.06,1.9833,3.31016,1.98566,1.83488,0.19187,0.15091,0.16926,0.56675,0.55731,0.55745,0.33801,0.51856,0.44067,0.40644,0.17276,1.67951,3.00043,1.57521,1.73713,0,0,0,0.00057048,0.00057048,0.00057048
193,1636.45,1.9514,3.3372,1.99781,1.82554,0.19962,0.15441,0.17069,0.54151,0.59986,0.55626,0.34093,0.45952,0.51205,0.42061,0.17889,1.68267,3.00656,1.63627,1.73737,0,0,0,0.000569106,0.000569106,0.000569106
194,1644.73,1.90121,3.25146,2.00765,1.83588,0.19723,0.15398,0.17064,0.64882,0.52511,0.56858,0.34265,0.55615,0.42918,0.42081,0.18382,1.68896,2.98687,1.61737,1.72811,0,0,0,0.000567731,0.000567731,0.000567731
195,1653.58,1.88876,3.31854,1.87786,1.83349,0.19255,0.15346,0.17026,0.65079,0.4827,0.57586,0.33563,0.57018,0.39063,0.42572,0.18578,1.69253,2.96993,1.60446,1.73427,0,0,0,0.000566357,0.000566357,0.000566357
196,1661.86,2.00633,3.37833,1.95694,1.77743,0.19038,0.14881,0.16417,0.60326,0.53455,0.57254,0.33239,0.50068,0.44433,0.43645,0.19316,1.68617,2.98159,1.59913,1.72251,0,0,0,0.000564982,0.000564982,0.000564982
197,1670.1,1.9856,3.34345,1.98087,1.80682,0.19187,0.15064,0.16762,0.59911,0.54879,0.57052,0.33321,0.50629,0.45386,0.42118,0.17319,1.70351,3.01618,1.56595,1.74148,0,0,0,0.000563608,0.000563608,0.000563608
198,1678.34,1.90838,3.31313,1.96374,1.81753,0.19162,0.15053,0.1691,0.62046,0.54257,0.57206,0.34435,0.45835,0.4903,0.42306,0.1826,1.65476,2.96488,1.5589,1.71038,0,0,0,0.000562233,0.000562233,0.000562233
199,1686.9,1.90195,3.31217,1.95829,1.80829,0.20175,0.15342,0.1743,0.60686,0.57166,0.58535,0.35617,0.45482,0.48795,0.40949,0.17526,1.67184,2.97726,1.56846,1.73073,0,0,0,0.000560859,0.000560859,0.000560859
200,1695.37,1.85668,3.24766,1.88207,1.78631,0.19347,0.15353,0.17169,0.61555,0.57306,0.60993,0.3691,0.49358,0.478,0.46941,0.20625,1.64264,2.93011,1.52794,1.70288,0,0,0,0.000559484,0.000559484,0.000559484
201,1703.66,1.90121,3.32119,1.91298,1.8179,0.19261,0.15817,0.1724,0.51506,0.59128,0.60001,0.35356,0.40958,0.52617,0.4682,0.20192,1.66986,2.94747,1.52398,1.72196,0,0,0,0.00055811,0.00055811,0.00055811
202,1712.06,1.86135,3.30722,1.89117,1.82864,0.19186,0.16134,0.17708,0.65432,0.55394,0.59117,0.35306,0.54436,0.48381,0.45254,0.19189,1.6374,2.94595,1.4667,1.71696,0,0,0,0.000556736,0.000556736,0.000556736
203,1720.26,1.86288,3.26714,1.85584,1.80376,0.1889,0.15434,0.17032,0.61255,0.56756,0.57398,0.34581,0.49294,0.48914,0.41881,0.19074,1.64108,2.92664,1.49173,1.69928,0,0,0,0.000555361,0.000555361,0.000555361
204,1728.54,1.94528,3.2591,1.90856,1.79712,0.1889,0.14802,0.1673,0.57837,0.54506,0.54598,0.34029,0.49064,0.45503,0.40389,0.18829,1.64716,2.93858,1.57329,1.71082,0,0,0,0.000553987,0.000553987,0.000553987
205,1736.79,1.91823,3.24052,1.86128,1.79492,0.18314,0.14636,0.16317,0.60526,0.57188,0.56986,0.35167,0.50333,0.50379,0.44977,0.20532,1.65971,2.93042,1.53188,1.71917,0,0,0,0.000552612,0.000552612,0.000552612
206,1745.15,1.93344,3.3026,1.97503,1.79168,0.17687,0.14226,0.15949,0.6713,0.56193,0.58598,0.36647,0.56164,0.48369,0.45501,0.21289,1.63682,2.91013,1.54596,1.69043,0,0,0,0.000551238,0.000551238,0.000551238
207,1753.62,1.90476,3.25363,1.90058,1.81636,0.17721,0.14467,0.1601,0.63786,0.57659,0.58859,0.35587,0.54613,0.47059,0.43279,0.20418,1.64917,2.92067,1.57521,1.68819,0,0,0,0.000549863,0.000549863,0.000549863
208,1761.92,1.85234,3.23681,1.86686,1.80036,0.18533,0.14804,0.16688,0.69941,0.50312,0.59774,0.36678,0.66744,0.43538,0.46983,0.21305,1.6181,2.84429,1.51039,1.68355,0,0,0,0.000548489,0.000548489,0.000548489
209,1770.42,1.86031,3.24832,1.86277,1.78499,0.17835,0.14445,0.16172,0.60603,0.56246,0.594,0.36699,0.53103,0.45989,0.44081,0.20354,1.62703,2.85317,1.4592,1.68706,0,0,0,0.000547114,0.000547114,0.000547114
210,1778.57,1.85504,3.23269,1.9016,1.82925,0.18102,0.14682,0.16577,0.49464,0.62466,0.58954,0.34471,0.39067,0.52704,0.41451,0.17474,1.64369,2.89584,1.48969,1.69272,0,0,0,0.00054574,0.00054574,0.00054574
211,1786.77,1.91638,3.34132,1.88557,1.77156,0.18226,0.14994,0.16701,0.55921,0.60211,0.58701,0.3624,0.46589,0.50036,0.42854,0.18565,1.60334,2.85595,1.49448,1.6646,0,0,0,0.000544365,0.000544365,0.000544365
212,1795.13,1.89711,3.28502,1.86877,1.78537,0.18145,0.15105,0.16887,0.64133,0.55776,0.59927,0.36328,0.50542,0.46565,0.44153,0.20598,1.61014,2.85494,1.47468,1.67256,0,0,0,0.000542991,0.000542991,0.000542991
213,1803.5,1.89696,3.23307,1.87319,1.76787,0.18404,0.15783,0.17343,0.72515,0.51429,0.58501,0.35113,0.61791,0.43452,0.45301,0.20604,1.65281,2.89059,1.50289,1.69748,0,0,0,0.000541617,0.000541617,0.000541617
214,1811.81,1.85672,3.22822,1.91576,1.79026,0.17377,0.14226,0.15898,0.6197,0.55106,0.60583,0.34258,0.52108,0.47148,0.46678,0.20551,1.6182,2.89282,1.48818,1.68291,0,0,0,0.000540242,0.000540242,0.000540242
215,1820.11,1.89081,3.23178,1.87157,1.78744,0.17546,0.14803,0.16332,0.55145,0.58391,0.5894,0.35045,0.54969,0.43189,0.45578,0.21003,1.60593,2.88827,1.48062,1.67428,0,0,0,0.000538868,0.000538868,0.000538868
216,1828.49,1.825,3.18024,1.83248,1.76509,0.18057,0.14943,0.16495,0.58018,0.57962,0.59889,0.35688,0.49026,0.48724,0.46117,0.22035,1.60921,2.83515,1.48689,1.66565,0,0,0,0.000537493,0.000537493,0.000537493
217,1836.89,1.977,3.30835,1.92351,1.79644,0.18286,0.15001,0.16618,0.55313,0.59629,0.5818,0.3581,0.47257,0.49437,0.44616,0.21372,1.59598,2.82017,1.44464,1.66011,0,0,0,0.000536119,0.000536119,0.000536119
218,1845.14,1.84595,3.21039,1.83465,1.75834,0.17306,0.14892,0.1639,0.52681,0.62632,0.59453,0.37255,0.46862,0.52693,0.46439,0.22533,1.58018,2.81245,1.44953,1.64963,0,0,0,0.000534744,0.000534744,0.000534744
219,1853.65,1.92099,3.24644,1.90174,1.743,0.17796,0.14638,0.16267,0.72182,0.51852,0.60492,0.38834,0.56071,0.4797,0.47543,0.22224,1.5732,2.80419,1.44359,1.6425,0,0,0,0.00053337,0.00053337,0.00053337
220,1862.2,1.83759,3.16669,1.79209,1.74507,0.1809,0.14855,0.16866,0.69973,0.52952,0.60729,0.37626,0.61534,0.4624,0.48141,0.22014,1.55638,2.80353,1.41666,1.64198,0,0,0,0.000531995,0.000531995,0.000531995
221,1870.48,1.8133,3.16374,1.7348,1.73076,0.17704,0.14737,0.16361,0.57603,0.60386,0.58176,0.35948,0.5049,0.50644,0.45616,0.2141,1.55835,2.8005,1.42631,1.64622,0,0,0,0.000530621,0.000530621,0.000530621
222,1878.68,1.78173,3.13913,1.72896,1.72141,0.16985,0.14524,0.16012,0.66557,0.54293,0.60516,0.37314,0.59884,0.42989,0.47269,0.22026,1.57416,2.82205,1.42383,1.6436,0,0,0,0.000529247,0.000529247,0.000529247
223,1887.1,1.84228,3.1296,1.77684,1.7177,0.16472,0.13853,0.15501,0.60768,0.54643,0.59683,0.37538,0.61177,0.45318,0.4798,0.21334,1.56996,2.8338,1.43381,1.63579,0,0,0,0.000527872,0.000527872,0.000527872
224,1895.36,1.82288,3.17791,1.81473,1.75185,0.18421,0.15309,0.17051,0.69244,0.56376,0.61624,0.38432,0.56176,0.49689,0.48114,0.21143,1.56393,2.78635,1.44701,1.63241,0,0,0,0.000526498,0.000526498,0.000526498
225,1903.65,1.86556,3.13058,1.84209,1.74255,0.1716,0.14325,0.15997,0.65988,0.55288,0.6114,0.37619,0.55477,0.47491,0.46494,0.2083,1.55566,2.7957,1.45975,1.64072,0,0,0,0.000525123,0.000525123,0.000525123
226,1912.03,1.82492,3.16405,1.8293,1.74236,0.16785,0.14086,0.15705,0.68876,0.55875,0.62252,0.38019,0.54853,0.49445,0.48062,0.21862,1.56499,2.79175,1.39612,1.63866,0,0,0,0.000523749,0.000523749,0.000523749
227,1920.37,1.79372,3.10801,1.75606,1.72415,0.17824,0.14644,0.16347,0.68966,0.56344,0.64058,0.39897,0.57845,0.48715,0.49145,0.225,1.56309,2.76249,1.38987,1.63085,0,0,0,0.000522374,0.000522374,0.000522374
228,1928.85,1.76385,3.15228,1.75386,1.72396,0.17918,0.1495,0.16755,0.65235,0.56428,0.62543,0.39415,0.58304,0.47727,0.48547,0.22177,1.57821,2.76667,1.40421,1.63363,0,0,0,0.000521,0.000521,0.000521
229,1937.19,1.8535,3.18952,1.80951,1.7184,0.17077,0.14605,0.16081,0.62292,0.58845,0.61632,0.37803,0.55708,0.50429,0.4922,0.22832,1.57838,2.79335,1.41209,1.63043,0,0,0,0.000519625,0.000519625,0.000519625
230,1945.67,1.83159,3.1812,1.7311,1.72939,0.17599,0.14794,0.16617,0.62365,0.62041,0.62782,0.39833,0.55815,0.50551,0.48572,0.2309,1.56116,2.82507,1.36502,1.62597,0,0,0,0.000518251,0.000518251,0.000518251
231,1954.18,1.85249,3.21094,1.80092,1.73485,0.16941,0.14305,0.15787,0.6068,0.68049,0.62791,0.39474,0.51096,0.57717,0.48169,0.22831,1.55088,2.80457,1.3907,1.62027,0,0,0,0.000516877,0.000516877,0.000516877
232,1962.33,1.832,3.20342,1.80767,1.76482,0.1722,0.14597,0.16121,0.64431,0.60837,0.63015,0.40831,0.52992,0.53824,0.49796,0.24681,1.55123,2.78653,1.37217,1.6207,0,0,0,0.000515502,0.000515502,0.000515502
233,1970.74,1.84143,3.12071,1.80951,1.72743,0.17283,0.14496,0.16028,0.76601,0.55133,0.64981,0.41505,0.68181,0.4827,0.52446,0.24931,1.53592,2.77255,1.3893,1.61753,0,0,0,0.000514128,0.000514128,0.000514128
234,1979.43,1.87388,3.19225,1.81992,1.77443,0.16483,0.1406,0.15753,0.72493,0.56536,0.64684,0.39855,0.58688,0.5104,0.50296,0.2462,1.53869,2.73898,1.38223,1.61296,0,0,0,0.000512753,0.000512753,0.000512753
235,1987.78,1.84907,3.1804,1.75496,1.72083,0.17644,0.14909,0.16586,0.69381,0.57212,0.64761,0.40525,0.56796,0.47174,0.47636,0.23239,1.52223,2.73978,1.36101,1.60571,0,0,0,0.000511379,0.000511379,0.000511379
236,1996.02,1.83116,3.14981,1.74457,1.72239,0.17663,0.14836,0.16619,0.60563,0.62686,0.61413,0.38731,0.50491,0.53386,0.4805,0.23322,1.51725,2.73989,1.36469,1.59532,0,0,0,0.000510004,0.000510004,0.000510004
237,2004.54,1.81049,3.10936,1.77853,1.75439,0.1774,0.14979,0.16995,0.59452,0.6237,0.61882,0.38896,0.52764,0.51964,0.4787,0.22787,1.51526,2.74463,1.36791,1.59048,0,0,0,0.00050863,0.00050863,0.00050863
238,2012.88,1.8226,3.02625,1.71336,1.71159,0.17052,0.14612,0.16188,0.64503,0.60507,0.64722,0.41915,0.54866,0.51744,0.50242,0.24691,1.49658,2.71546,1.34727,1.58533,0,0,0,0.000507255,0.000507255,0.000507255
239,2021.26,1.81525,3.08924,1.7307,1.71126,0.16905,0.1445,0.15959,0.58949,0.64092,0.64148,0.42461,0.51601,0.55622,0.51147,0.24429,1.5099,2.71605,1.35762,1.59345,0,0,0,0.000505881,0.000505881,0.000505881
240,2029.78,1.79392,3.15581,1.75636,1.75228,0.17828,0.14959,0.16561,0.61525,0.63566,0.64243,0.42489,0.52576,0.56733,0.50968,0.24087,1.52607,2.74758,1.36292,1.60671,0,0,0,0.000504506,0.000504506,0.000504506
241,2038.36,1.77847,3.076,1.77101,1.70241,0.16656,0.13894,0.15577,0.64995,0.61713,0.65219,0.43426,0.57927,0.54892,0.53222,0.25947,1.50191,2.73148,1.35585,1.57681,0,0,0,0.000503132,0.000503132,0.000503132
242,2046.93,1.8625,3.11574,1.76334,1.69159,0.16453,0.14094,0.15662,0.71886,0.6232,0.66285,0.42412,0.64087,0.5329,0.53884,0.2691,1.50362,2.71128,1.35002,1.58472,0,0,0,0.000501758,0.000501758,0.000501758
243,2055.2,1.8459,3.1527,1.75079,1.71031,0.1684,0.14597,0.15937,0.73501,0.64925,0.67447,0.4333,0.60995,0.56499,0.53503,0.26511,1.48094,2.69815,1.32307,1.57391,0,0,0,0.000500383,0.000500383,0.000500383
244,2063.97,1.774,3.03676,1.68881,1.70159,0.1719,0.1478,0.16349,0.66561,0.60597,0.66435,0.42069,0.64518,0.49648,0.53423,0.25274,1.53201,2.71434,1.32918,1.60393,0,0,0,0.000499009,0.000499009,0.000499009
245,2072.25,1.76516,2.99889,1.69532,1.70948,0.16298,0.13846,0.155,0.64208,0.65693,0.68246,0.43465,0.66321,0.51027,0.55315,0.2829,1.49021,2.6884,1.32545,1.57406,0,0,0,0.000497634,0.000497634,0.000497634
246,2080.67,1.78678,3.06983,1.70514,1.73692,0.16572,0.13938,0.15593,0.73086,0.55926,0.6668,0.43832,0.63652,0.50047,0.53747,0.2706,1.52356,2.71271,1.34973,1.59287,0,0,0,0.00049626,0.00049626,0.00049626
247,2089.16,1.83491,3.10777,1.74416,1.70642,0.1631,0.14515,0.15797,0.67417,0.59401,0.66588,0.43246,0.52245,0.53942,0.51637,0.26238,1.50565,2.68911,1.31809,1.57946,0,0,0,0.000494885,0.000494885,0.000494885
248,2097.56,1.83597,3.05737,1.68073,1.6607,0.16091,0.14294,0.15734,0.65096,0.59731,0.66423,0.4269,0.5407,0.4994,0.49311,0.24949,1.48975,2.66586,1.35478,1.55733,0,0,0,0.000493511,0.000493511,0.000493511
249,2105.83,1.79034,3.12974,1.78365,1.71006,0.17518,0.14571,0.16324,0.59371,0.65778,0.67357,0.44129,0.50224,0.55745,0.50071,0.25408,1.47689,2.66421,1.33711,1.56149,0,0,0,0.000492136,0.000492136,0.000492136
250,2114.11,1.77336,3.02351,1.67694,1.66022,0.16625,0.14283,0.15851,0.70544,0.62182,0.68069,0.45259,0.59028,0.53155,0.53468,0.26459,1.47054,2.65614,1.29173,1.56683,0,0,0,0.000490762,0.000490762,0.000490762
251,2122.52,1.74352,3.04018,1.66894,1.66615,0.15986,0.14123,0.15431,0.74428,0.59167,0.68771,0.45151,0.59612,0.52504,0.53613,0.2664,1.44844,2.65092,1.28434,1.53635,0,0,0,0.000489387,0.000489387,0.000489387
252,2130.96,1.75384,3.07618,1.6876,1.69018,0.16195,0.14131,0.15594,0.76254,0.65086,0.68601,0.44879,0.6324,0.54922,0.54606,0.2638,1.46374,2.68559,1.30483,1.55707,0,0,0,0.000488013,0.000488013,0.000488013
253,2139.21,1.80071,3.08389,1.68803,1.68593,0.16764,0.14355,0.16005,0.72597,0.65858,0.68762,0.44237,0.63891,0.57421,0.57591,0.28021,1.47633,2.6368,1.30696,1.55847,0,0,0,0.000486639,0.000486639,0.000486639
254,2147.81,1.78157,3.18045,1.72457,1.70399,0.16828,0.14378,0.15928,0.69916,0.6376,0.68007,0.4323,0.59825,0.54444,0.55243,0.27255,1.47349,2.64361,1.29875,1.56397,0,0,0,0.000485264,0.000485264,0.000485264
255,2156.34,1.81999,3.06313,1.61742,1.6477,0.16267,0.14286,0.15769,0.6866,0.62939,0.6731,0.44488,0.60496,0.56513,0.55062,0.27283,1.45774,2.62427,1.30145,1.55482,0,0,0,0.00048389,0.00048389,0.00048389
256,2164.54,1.80592,3.0715,1.70369,1.66844,0.16617,0.14553,0.16167,0.69283,0.62353,0.6751,0.44464,0.57766,0.54586,0.5366,0.26495,1.43374,2.5762,1.2761,1.53674,0,0,0,0.000482515,0.000482515,0.000482515
257,2172.87,1.73066,3.01223,1.64093,1.65554,0.15603,0.13466,0.14839,0.61727,0.6736,0.66881,0.43913,0.52962,0.59272,0.53819,0.27539,1.45121,2.59653,1.24949,1.54316,0,0,0,0.000481141,0.000481141,0.000481141
258,2181.12,1.70075,3.00785,1.62735,1.66356,0.1612,0.13924,0.15559,0.69467,0.66166,0.67655,0.45445,0.60928,0.56987,0.54634,0.27625,1.44262,2.60483,1.26226,1.53348,0,0,0,0.000479766,0.000479766,0.000479766
259,2189.67,1.78505,2.97025,1.68229,1.67194,0.16653,0.14109,0.15585,0.63378,0.67451,0.67971,0.46389,0.57837,0.54547,0.53905,0.27645,1.45688,2.62099,1.27515,1.55274,0,0,0,0.000478392,0.000478392,0.000478392
260,2198.18,1.85954,3.04642,1.65516,1.63498,0.16025,0.13482,0.15149,0.66197,0.64073,0.68813,0.46223,0.5632,0.57509,0.56235,0.28022,1.43259,2.58834,1.2781,1.53271,0,0,0,0.000477017,0.000477017,0.000477017
261,2206.63,1.81124,3.10199,1.69969,1.68415,0.17026,0.14551,0.1609,0.66959,0.63763,0.68718,0.43585,0.60421,0.55151,0.56285,0.26869,1.46434,2.62036,1.31849,1.53496,0,0,0,0.000475643,0.000475643,0.000475643
262,2215.08,1.78282,3.05044,1.71504,1.69019,0.1622,0.13978,0.1542,0.66411,0.62305,0.69627,0.45903,0.54726,0.56376,0.55853,0.28983,1.42975,2.60472,1.29185,1.52319,0,0,0,0.000474269,0.000474269,0.000474269
263,2223.59,1.72261,3.03597,1.57492,1.6088,0.1615,0.14226,0.15648,0.74549,0.61489,0.70564,0.47718,0.66476,0.53822,0.56717,0.29276,1.43606,2.5853,1.2485,1.52525,0,0,0,0.000472894,0.000472894,0.000472894
264,2231.97,1.73431,2.96886,1.64328,1.67812,0.17951,0.15335,0.16847,0.64775,0.67107,0.69839,0.47338,0.59071,0.58944,0.58039,0.29944,1.43214,2.57425,1.23468,1.52861,0,0,0,0.00047152,0.00047152,0.00047152
265,2240.58,1.73362,2.98728,1.65293,1.6816,0.16594,0.13741,0.154,0.62216,0.67401,0.68148,0.45608,0.57889,0.54656,0.54016,0.28778,1.43446,2.54794,1.23038,1.5324,0,0,0,0.000470145,0.000470145,0.000470145
266,2248.84,1.73773,2.98104,1.66064,1.6521,0.15918,0.13228,0.14897,0.63193,0.64817,0.67323,0.45328,0.55057,0.56806,0.5528,0.27893,1.44031,2.54198,1.25324,1.53816,0,0,0,0.000468771,0.000468771,0.000468771
267,2257.22,1.71176,2.9682,1.64801,1.66481,0.16309,0.14142,0.15562,0.71049,0.68898,0.68951,0.47053,0.65086,0.58781,0.55522,0.29624,1.41506,2.58083,1.30454,1.51115,0,0,0,0.000467396,0.000467396,0.000467396
268,2265.47,1.73379,2.97122,1.64211,1.68996,0.16031,0.13767,0.15206,0.78993,0.62222,0.69399,0.4654,0.6918,0.55877,0.57661,0.29594,1.42146,2.57828,1.28328,1.51958,0,0,0,0.000466022,0.000466022,0.000466022
269,2274.01,1.74934,3.0565,1.59387,1.61676,0.16191,0.1387,0.15316,0.71861,0.6628,0.69913,0.4651,0.63013,0.58676,0.57433,0.29723,1.42358,2.5643,1.24897,1.51527,0,0,0,0.000464647,0.000464647,0.000464647
270,2282.24,1.7525,3.00166,1.63481,1.65081,0.16326,0.13926,0.15456,0.68881,0.66004,0.67786,0.44038,0.59113,0.58242,0.54876,0.28175,1.42202,2.54448,1.28047,1.51029,0,0,0,0.000463273,0.000463273,0.000463273
271,2290.64,1.75606,3.00382,1.68549,1.68489,0.16477,0.14274,0.15795,0.69903,0.66495,0.68838,0.45409,0.60438,0.58038,0.54084,0.28568,1.42035,2.51234,1.24258,1.51663,0,0,0,0.000461898,0.000461898,0.000461898
272,2298.93,1.77854,2.97531,1.65064,1.63367,0.16548,0.14246,0.15761,0.69854,0.6631,0.69628,0.46774,0.62267,0.56515,0.55689,0.30029,1.42063,2.51861,1.24343,1.5116,0,0,0,0.000460524,0.000460524,0.000460524
273,2307.23,1.77105,2.96826,1.59678,1.63192,0.16226,0.14366,0.15806,0.691,0.6685,0.68217,0.45528,0.67077,0.54181,0.55382,0.29868,1.40851,2.51808,1.24531,1.50079,0,0,0,0.00045915,0.00045915,0.00045915
274,2315.44,1.84509,3.06395,1.70557,1.6766,0.16855,0.14186,0.15779,0.6635,0.67591,0.68684,0.46091,0.60369,0.56629,0.55988,0.29505,1.39903,2.52245,1.20673,1.5047,0,0,0,0.000457775,0.000457775,0.000457775
275,2323.76,1.76023,3.05432,1.59479,1.62908,0.16126,0.13503,0.14819,0.78812,0.60089,0.7049,0.47132,0.70752,0.52325,0.56918,0.2991,1.38037,2.50045,1.21809,1.48648,0,0,0,0.000456401,0.000456401,0.000456401
276,2332.15,1.67043,2.94029,1.6004,1.63431,0.17277,0.14924,0.16316,0.8079,0.59902,0.69825,0.47326,0.73496,0.52067,0.56442,0.29906,1.37327,2.49129,1.23697,1.48144,0,0,0,0.000455026,0.000455026,0.000455026
277,2340.49,1.76811,2.9778,1.64246,1.61534,0.15762,0.13687,0.15141,0.78835,0.61446,0.70699,0.46649,0.69128,0.53018,0.5461,0.2883,1.38059,2.51755,1.22796,1.48679,0,0,0,0.000453652,0.000453652,0.000453652
278,2348.77,1.7241,3.02305,1.57477,1.62331,0.1645,0.14386,0.15777,0.72409,0.63172,0.69665,0.48091,0.59336,0.56403,0.54453,0.29274,1.34778,2.49978,1.21674,1.47168,0,0,0,0.000452277,0.000452277,0.000452277
279,2357.48,1.68824,2.85944,1.53765,1.6101,0.15351,0.12893,0.14506,0.71563,0.65256,0.7127,0.49728,0.60106,0.55753,0.55106,0.29394,1.35186,2.50548,1.20245,1.46551,0,0,0,0.000450903,0.000450903,0.000450903
280,2365.92,1.75037,3.02903,1.62876,1.65479,0.16447,0.14031,0.15491,0.66352,0.6845,0.70649,0.47223,0.56597,0.57892,0.53776,0.27807,1.38646,2.52411,1.22209,1.49417,0,0,0,0.000449528,0.000449528,0.000449528
281,2374.19,1.68184,2.9368,1.57122,1.62082,0.16151,0.13982,0.15263,0.68208,0.65077,0.69245,0.46274,0.57611,0.57957,0.55928,0.28176,1.37249,2.49822,1.22689,1.47788,0,0,0,0.000448154,0.000448154,0.000448154
282,2382.44,1.69411,2.92032,1.57025,1.63357,0.16662,0.14102,0.15574,0.71082,0.6415,0.68996,0.44493,0.57806,0.59477,0.54915,0.28333,1.4133,2.50723,1.22809,1.49741,0,0,0,0.00044678,0.00044678,0.00044678
283,2390.94,1.70967,2.92395,1.56891,1.61787,0.16452,0.14252,0.15607,0.68339,0.68488,0.69456,0.46637,0.59304,0.59847,0.57731,0.30676,1.36521,2.45084,1.22354,1.46964,0,0,0,0.000445405,0.000445405,0.000445405
284,2399.21,1.69823,2.96492,1.58973,1.59754,0.16176,0.13601,0.15093,0.71815,0.64657,0.70424,0.47699,0.63857,0.56414,0.57043,0.31088,1.35799,2.45134,1.22711,1.46727,0,0,0,0.000444031,0.000444031,0.000444031
285,2407.43,1.67525,2.93851,1.54073,1.60818,0.15417,0.13462,0.14953,0.79214,0.62487,0.71138,0.48989,0.70178,0.55394,0.59113,0.32159,1.34623,2.4603,1.20393,1.46326,0,0,0,0.000442656,0.000442656,0.000442656
286,2416,1.62708,2.90927,1.55624,1.63036,0.16567,0.14531,0.15933,0.70857,0.67379,0.70568,0.49761,0.65076,0.60118,0.59853,0.31569,1.32938,2.44468,1.19437,1.4544,0,0,0,0.000441282,0.000441282,0.000441282
287,2424.55,1.62739,2.8894,1.54459,1.60547,0.16047,0.14099,0.15444,0.68899,0.66479,0.70091,0.48618,0.60996,0.60095,0.59002,0.30849,1.35505,2.44675,1.16669,1.46703,0,0,0,0.000439907,0.000439907,0.000439907
288,2432.9,1.71501,2.92002,1.57088,1.59873,0.15664,0.13092,0.14772,0.6774,0.66285,0.72189,0.49257,0.63493,0.59388,0.60548,0.32468,1.35121,2.4132,1.16463,1.46384,0,0,0,0.000438533,0.000438533,0.000438533
289,2441.42,1.68464,2.90865,1.5201,1.59801,0.15086,0.1297,0.14363,0.63291,0.69692,0.71264,0.48516,0.58153,0.61316,0.57661,0.30914,1.35075,2.40926,1.17298,1.4559,0,0,0,0.000437158,0.000437158,0.000437158
290,2449.83,1.67679,2.88396,1.53475,1.60883,0.16027,0.13525,0.1513,0.7404,0.6187,0.70658,0.47636,0.6002,0.59761,0.56813,0.29112,1.35123,2.42265,1.19237,1.45522,0,0,0,0.000435784,0.000435784,0.000435784
291,2458.08,1.66094,2.94153,1.5274,1.60275,0.16015,0.14038,0.15363,0.71919,0.655,0.71583,0.49591,0.5918,0.603,0.58524,0.31336,1.32573,2.41216,1.18571,1.44216,0,0,0,0.000434409,0.000434409,0.000434409
292,2466.27,1.72082,2.91462,1.61867,1.6411,0.15492,0.13428,0.14719,0.66669,0.70174,0.72393,0.50605,0.54842,0.61918,0.58365,0.30131,1.33878,2.43974,1.17468,1.45802,0,0,0,0.000433035,0.000433035,0.000433035
293,2474.65,1.68224,2.85006,1.58043,1.65144,0.16029,0.13912,0.15312,0.73245,0.65943,0.7182,0.48331,0.6579,0.55504,0.58676,0.30551,1.35038,2.45148,1.17304,1.46828,0,0,0,0.000431661,0.000431661,0.000431661
294,2482.8,1.64841,2.88628,1.53416,1.61321,0.16089,0.14381,0.15702,0.70013,0.69148,0.71185,0.49093,0.62357,0.62251,0.60865,0.3169,1.3273,2.42687,1.16376,1.44733,0,0,0,0.000430286,0.000430286,0.000430286
295,2491.1,1.66467,2.85151,1.58349,1.61147,0.15506,0.12964,0.14475,0.65867,0.71298,0.71434,0.48355,0.58283,0.6376,0.59606,0.31512,1.35569,2.42457,1.16337,1.45505,0,0,0,0.000428912,0.000428912,0.000428912
296,2499.41,1.70801,2.98483,1.57558,1.60049,0.15055,0.13219,0.145,0.6625,0.69977,0.7247,0.48864,0.59176,0.59597,0.58186,0.31281,1.36436,2.42828,1.1697,1.46527,0,0,0,0.000427537,0.000427537,0.000427537
297,2508.02,1.68274,2.92137,1.53743,1.60138,0.15864,0.13986,0.15447,0.75716,0.63714,0.72607,0.50149,0.69357,0.55234,0.60692,0.318,1.33918,2.42804,1.16543,1.45202,0,0,0,0.000426163,0.000426163,0.000426163
298,2516.33,1.65062,2.87126,1.56098,1.63326,0.16135,0.13815,0.15204,0.74283,0.66206,0.72679,0.50452,0.65772,0.573,0.59393,0.32472,1.34785,2.40876,1.1378,1.45383,0,0,0,0.000424788,0.000424788,0.000424788
299,2524.6,1.65774,2.80838,1.50912,1.58179,0.15794,0.13835,0.15327,0.67599,0.69045,0.71685,0.48492,0.57116,0.59944,0.56961,0.30893,1.36724,2.43143,1.16015,1.46036,0,0,0,0.000423414,0.000423414,0.000423414
300,2533.03,1.62948,2.82855,1.5183,1.64076,0.15252,0.13204,0.14529,0.74176,0.67306,0.724,0.50516,0.64268,0.59407,0.61131,0.33067,1.33023,2.3835,1.18772,1.43624,0,0,0,0.000422039,0.000422039,0.000422039
301,2541.48,1.6707,2.87043,1.5016,1.59946,0.16083,0.14114,0.15441,0.6926,0.69649,0.72274,0.49063,0.63214,0.61956,0.61453,0.32209,1.31777,2.37744,1.17204,1.44194,0,0,0,0.000420665,0.000420665,0.000420665
302,2549.87,1.62837,2.89627,1.53078,1.62188,0.15533,0.13308,0.14624,0.71763,0.68867,0.7325,0.49433,0.63227,0.61277,0.61824,0.32534,1.34619,2.39906,1.18221,1.45591,0,0,0,0.000419291,0.000419291,0.000419291
303,2558.28,1.80014,2.99397,1.57247,1.60391,0.15784,0.14026,0.15119,0.73573,0.68787,0.72867,0.47903,0.59207,0.61719,0.60751,0.32446,1.35511,2.40857,1.17018,1.45532,0,0,0,0.000417916,0.000417916,0.000417916
304,2566.61,1.6084,2.88388,1.45626,1.56145,0.15393,0.13574,0.14898,0.74542,0.69045,0.74305,0.51879,0.65308,0.62014,0.62285,0.33063,1.32709,2.38024,1.1454,1.43466,0,0,0,0.000416542,0.000416542,0.000416542
305,2575.06,1.62372,2.85278,1.47348,1.57862,0.16448,0.14115,0.15177,0.73033,0.69523,0.72949,0.5072,0.64961,0.6289,0.62534,0.33158,1.31187,2.39312,1.14268,1.42589,0,0,0,0.000415167,0.000415167,0.000415167
306,2583.29,1.70037,2.8318,1.52817,1.57761,0.15357,0.13202,0.14544,0.77587,0.70114,0.74059,0.51212,0.66861,0.59289,0.60215,0.33101,1.35626,2.41837,1.19066,1.44881,0,0,0,0.000413793,0.000413793,0.000413793
307,2591.73,1.69704,2.907,1.50861,1.60048,0.15536,0.1345,0.14642,0.74325,0.68391,0.74348,0.5139,0.655,0.60541,0.60877,0.32665,1.3552,2.38155,1.13896,1.45429,0,0,0,0.000412418,0.000412418,0.000412418
308,2600.16,1.62703,2.85169,1.48971,1.5683,0.15981,0.13874,0.15049,0.71289,0.67813,0.73029,0.50165,0.62739,0.59919,0.59236,0.32363,1.34061,2.38484,1.13868,1.44987,0,0,0,0.000411044,0.000411044,0.000411044
309,2608.5,1.76915,2.94274,1.54143,1.56389,0.1612,0.13603,0.15083,0.78392,0.63611,0.73847,0.51253,0.69756,0.57334,0.61097,0.34644,1.31625,2.34422,1.15376,1.42805,0,0,0,0.000409669,0.000409669,0.000409669
310,2617.07,1.70182,2.91384,1.54495,1.57758,0.16,0.13919,0.15218,0.83534,0.60556,0.73003,0.52193,0.76453,0.53494,0.62492,0.3486,1.32045,2.33293,1.14293,1.42491,0,0,0,0.000408295,0.000408295,0.000408295
311,2625.56,1.65911,2.90318,1.49112,1.57458,0.15839,0.14033,0.15193,0.70134,0.69571,0.74334,0.52114,0.61852,0.64171,0.62492,0.34792,1.29026,2.32653,1.12738,1.4057,0,0,0,0.00040692,0.00040692,0.00040692
312,2633.9,1.67787,2.95231,1.53714,1.56629,0.15275,0.13241,0.14371,0.75755,0.69093,0.74093,0.52855,0.67863,0.62519,0.62837,0.35556,1.3011,2.35274,1.13698,1.41284,0,0,0,0.000405546,0.000405546,0.000405546
313,2642.39,1.60825,2.87168,1.46549,1.57996,0.15498,0.13719,0.14967,0.80769,0.66312,0.7361,0.51016,0.66877,0.60761,0.61405,0.34607,1.29272,2.3393,1.1235,1.41276,0,0,0,0.000404172,0.000404172,0.000404172
314,2650.95,1.61251,2.75951,1.46777,1.56454,0.1416,0.12548,0.13743,0.74876,0.69212,0.72879,0.50804,0.64396,0.6017,0.59734,0.33222,1.30529,2.34443,1.1184,1.41331,0,0,0,0.000402797,0.000402797,0.000402797
315,2659.06,1.65822,2.80288,1.43997,1.54234,0.15599,0.13415,0.14599,0.78178,0.64833,0.73343,0.5224,0.62355,0.62423,0.60463,0.33864,1.28614,2.35346,1.09755,1.40124,0,0,0,0.000401423,0.000401423,0.000401423
316,2667.25,1.62748,2.83096,1.4869,1.58452,0.1492,0.13063,0.14289,0.83229,0.60455,0.73813,0.51945,0.67373,0.58008,0.6107,0.34216,1.29018,2.34006,1.09653,1.40534,0,0,0,0.000400048,0.000400048,0.000400048
317,2675.77,1.57176,2.82923,1.40365,1.55667,0.15307,0.13509,0.14882,0.78819,0.68156,0.74503,0.52424,0.74206,0.59497,0.63739,0.3532,1.28918,2.31926,1.11312,1.40577,0,0,0,0.000398674,0.000398674,0.000398674
318,2684.12,1.65077,2.88661,1.49689,1.57376,0.15385,0.13415,0.14606,0.78585,0.68284,0.74667,0.51457,0.72144,0.61323,0.63997,0.3514,1.30885,2.32498,1.1056,1.41658,0,0,0,0.000397299,0.000397299,0.000397299
319,2692.52,1.59878,2.84846,1.43502,1.55774,0.15994,0.14121,0.1535,0.67569,0.73332,0.74266,0.51278,0.63708,0.63314,0.63024,0.36048,1.27304,2.30338,1.12099,1.39914,0,0,0,0.000395925,0.000395925,0.000395925
320,2700.8,1.62039,2.85034,1.49817,1.58068,0.15525,0.13569,0.14782,0.70017,0.70592,0.74354,0.50313,0.62852,0.62542,0.62492,0.34797,1.28087,2.31678,1.15963,1.39946,0,0,0,0.00039455,0.00039455,0.00039455
321,2709.21,1.6111,2.74554,1.45814,1.55354,0.1473,0.12941,0.14204,0.75068,0.6883,0.75199,0.51864,0.66213,0.61029,0.63537,0.35486,1.27272,2.31069,1.11229,1.38961,0,0,0,0.000393176,0.000393176,0.000393176
322,2717.45,1.56787,2.75868,1.39994,1.53998,0.15194,0.13885,0.14944,0.77099,0.68205,0.75016,0.53516,0.70161,0.60627,0.63634,0.37039,1.27204,2.29567,1.10601,1.38867,0,0,0,0.000391802,0.000391802,0.000391802
323,2725.84,1.55521,2.76497,1.42892,1.56623,0.14764,0.1266,0.14122,0.78164,0.67998,0.74943,0.52953,0.68895,0.61564,0.64897,0.35753,1.26859,2.27897,1.09119,1.39154,0,0,0,0.000390427,0.000390427,0.000390427
324,2734.33,1.56003,2.78855,1.45728,1.60689,0.15389,0.13493,0.14691,0.74475,0.68164,0.75377,0.51572,0.64683,0.61747,0.63716,0.35395,1.28084,2.28242,1.09352,1.41046,0,0,0,0.000389053,0.000389053,0.000389053
325,2742.55,1.59322,2.74671,1.4925,1.56351,0.15158,0.13684,0.14984,0.74888,0.68693,0.75991,0.51642,0.64499,0.62238,0.63486,0.35161,1.30766,2.30535,1.1049,1.42191,0,0,0,0.000387678,0.000387678,0.000387678
326,2750.89,1.66069,2.77205,1.47572,1.56535,0.15201,0.13675,0.14973,0.70644,0.71966,0.75031,0.52119,0.63627,0.64427,0.63944,0.36161,1.30425,2.28712,1.11201,1.40953,0,0,0,0.000386304,0.000386304,0.000386304
327,2759.13,1.64403,2.83714,1.49864,1.59185,0.16413,0.14197,0.15614,0.7473,0.6909,0.7497,0.51852,0.6752,0.62425,0.63239,0.35766,1.3238,2.29834,1.1152,1.42182,0,0,0,0.000384929,0.000384929,0.000384929
328,2767.58,1.58094,2.79236,1.42774,1.54605,0.15861,0.1408,0.15477,0.8189,0.65491,0.7523,0.52731,0.71836,0.59118,0.63084,0.35269,1.28945,2.27376,1.10837,1.40776,0,0,0,0.000383555,0.000383555,0.000383555
329,2775.87,1.61519,2.76049,1.435,1.53741,0.14291,0.13191,0.14203,0.78391,0.67927,0.75265,0.52426,0.70543,0.60814,0.62503,0.35311,1.27594,2.28556,1.09678,1.39794,0,0,0,0.00038218,0.00038218,0.00038218
330,2784.15,1.59995,2.83064,1.48734,1.5682,0.15798,0.13755,0.15101,0.75483,0.70383,0.7559,0.5324,0.65822,0.62904,0.63024,0.36026,1.2791,2.29066,1.09495,1.39376,0,0,0,0.000380806,0.000380806,0.000380806
331,2792.53,1.5964,2.7546,1.44454,1.57154,0.15732,0.14071,0.15471,0.73909,0.71996,0.75558,0.53226,0.67676,0.6568,0.67237,0.37372,1.27746,2.28168,1.0864,1.3978,0,0,0,0.000379431,0.000379431,0.000379431
332,2800.94,1.61627,2.83721,1.43836,1.5447,0.15215,0.13643,0.14886,0.76276,0.67555,0.75977,0.53117,0.61257,0.65973,0.64772,0.36521,1.2534,2.27135,1.07207,1.38668,0,0,0,0.000378057,0.000378057,0.000378057
333,2809.21,1.57333,2.66287,1.41651,1.58501,0.16224,0.14182,0.1549,0.77037,0.65736,0.75398,0.54144,0.67175,0.60859,0.63508,0.35957,1.2625,2.27626,1.08676,1.39073,0,0,0,0.000376683,0.000376683,0.000376683
334,2817.41,1.57971,2.70632,1.39037,1.54588,0.14711,0.13395,0.14647,0.73532,0.67949,0.74992,0.52941,0.68052,0.60041,0.64123,0.36045,1.2569,2.26866,1.07067,1.39085,0,0,0,0.000375308,0.000375308,0.000375308
335,2825.8,1.5244,2.63582,1.38249,1.52174,0.15507,0.1339,0.14644,0.71588,0.69542,0.74098,0.52385,0.62642,0.64546,0.64964,0.36453,1.25375,2.24592,1.06738,1.38836,0,0,0,0.000373934,0.000373934,0.000373934
336,2834.12,1.64059,2.76495,1.51577,1.58294,0.15616,0.13101,0.14649,0.75463,0.68578,0.74383,0.5084,0.68348,0.61717,0.64266,0.35902,1.2633,2.259,1.08991,1.39008,0,0,0,0.000372559,0.000372559,0.000372559
337,2842.37,1.65815,2.8481,1.48011,1.53216,0.15116,0.12992,0.14397,0.76389,0.66633,0.74433,0.51543,0.67352,0.56822,0.6164,0.3544,1.2698,2.27307,1.08882,1.38716,0,0,0,0.000371185,0.000371185,0.000371185
338,2850.77,1.62087,2.7476,1.44601,1.56012,0.15243,0.13653,0.14814,0.74967,0.63555,0.73902,0.51803,0.67355,0.57074,0.62626,0.35897,1.25677,2.27097,1.10422,1.37917,0,0,0,0.00036981,0.00036981,0.00036981
339,2859,1.52655,2.68686,1.38404,1.53763,0.15191,0.13912,0.14975,0.69843,0.68622,0.7387,0.51652,0.65724,0.60051,0.64456,0.34922,1.2514,2.27002,1.08959,1.37645,0,0,0,0.000368436,0.000368436,0.000368436
340,2867.23,1.54161,2.71659,1.44434,1.5699,0.15235,0.13774,0.14955,0.73603,0.68389,0.74476,0.52417,0.6701,0.61676,0.6387,0.35374,1.24845,2.26486,1.04437,1.37959,0,0,0,0.000367061,0.000367061,0.000367061
341,2875.34,1.65656,2.7236,1.41913,1.5345,0.14391,0.1277,0.1403,0.74031,0.69466,0.7582,0.53047,0.72557,0.6015,0.64092,0.34493,1.25616,2.26566,1.04162,1.38224,0,0,0,0.000365687,0.000365687,0.000365687
342,2883.74,1.51297,2.65994,1.41924,1.53223,0.15604,0.13709,0.1499,0.80702,0.66562,0.76063,0.54272,0.71534,0.60663,0.64686,0.3473,1.24339,2.24611,1.06853,1.37339,0,0,0,0.000364313,0.000364313,0.000364313
343,2891.98,1.60589,2.77924,1.39234,1.53268,0.1515,0.13937,0.14954,0.79401,0.66117,0.74888,0.52992,0.70136,0.59389,0.62544,0.33704,1.23972,2.25798,1.08201,1.36611,0,0,0,0.000362938,0.000362938,0.000362938
344,2900.2,1.61367,2.74638,1.39353,1.5292,0.14741,0.13378,0.14443,0.82308,0.63416,0.75784,0.5438,0.75432,0.55876,0.64253,0.35314,1.23303,2.25734,1.08265,1.35812,0,0,0,0.000361564,0.000361564,0.000361564
345,2908.65,1.54355,2.72097,1.40284,1.55182,0.14149,0.13068,0.14038,0.79856,0.66141,0.75432,0.5416,0.7307,0.59806,0.64495,0.36024,1.25341,2.24984,1.09317,1.36811,0,0,0,0.000360189,0.000360189,0.000360189
346,2916.82,1.61188,2.75273,1.40007,1.51599,0.14202,0.13152,0.14271,0.74635,0.6814,0.74786,0.53379,0.66259,0.61832,0.63365,0.34784,1.2584,2.23693,1.07452,1.37703,0,0,0,0.000358815,0.000358815,0.000358815
347,2925.12,1.59968,2.75145,1.40257,1.53145,0.1494,0.13388,0.14509,0.68553,0.73308,0.75366,0.54274,0.62435,0.65029,0.6421,0.35768,1.23364,2.2057,1.07381,1.37398,0,0,0,0.00035744,0.00035744,0.00035744
348,2933.33,1.58839,2.73445,1.39819,1.53026,0.14191,0.12726,0.13872,0.68249,0.72553,0.73872,0.52674,0.6048,0.65752,0.64199,0.34729,1.23251,2.22517,1.06965,1.36509,0,0,0,0.000356066,0.000356066,0.000356066
349,2941.81,1.50361,2.65501,1.35605,1.51218,0.14773,0.13284,0.14362,0.7141,0.69882,0.7548,0.54219,0.65379,0.59887,0.63742,0.35942,1.24979,2.22758,1.06656,1.36506,0,0,0,0.000354691,0.000354691,0.000354691
350,2950.01,1.5435,2.722,1.38648,1.54713,0.15538,0.1365,0.14977,0.71208,0.69365,0.76005,0.54498,0.62093,0.63126,0.62424,0.35631,1.23574,2.21292,1.06082,1.35283,0,0,0,0.000353317,0.000353317,0.000353317
351,2958.3,1.53563,2.74714,1.364,1.53004,0.1583,0.14187,0.15523,0.73645,0.7102,0.76527,0.56107,0.65771,0.63539,0.63133,0.37046,1.22464,2.19086,1.05894,1.34504,0,0,0,0.000351942,0.000351942,0.000351942
352,2966.97,1.59518,2.72889,1.41902,1.53778,0.14664,0.1327,0.14511,0.76297,0.70685,0.76171,0.5505,0.66748,0.6418,0.64645,0.37188,1.22733,2.19499,1.06554,1.34872,0,0,0,0.000350568,0.000350568,0.000350568
353,2975.25,1.56659,2.68226,1.38674,1.50417,0.1479,0.13486,0.1469,0.70995,0.71815,0.74992,0.53326,0.63226,0.64308,0.63004,0.36774,1.21993,2.2121,1.05163,1.34671,0,0,0,0.000349194,0.000349194,0.000349194
354,2983.53,1.54525,2.77087,1.35427,1.50095,0.15765,0.14152,0.15373,0.79716,0.71095,0.77541,0.56629,0.71727,0.64086,0.65748,0.39578,1.20173,2.17541,1.03719,1.33025,0,0,0,0.000347819,0.000347819,0.000347819
355,2991.99,1.54083,2.71754,1.35974,1.48239,0.15059,0.1349,0.14715,0.79861,0.69931,0.77493,0.56136,0.69944,0.62767,0.64975,0.37721,1.21621,2.18263,1.04524,1.3369,0,0,0,0.000346445,0.000346445,0.000346445
356,3000.38,1.58363,2.71894,1.41053,1.54941,0.15135,0.13535,0.14699,0.7234,0.72509,0.76671,0.55753,0.72072,0.60998,0.64918,0.37312,1.23055,2.2009,1.03307,1.34857,0,0,0,0.00034507,0.00034507,0.00034507
357,3008.59,1.60779,2.67859,1.41268,1.51314,0.14837,0.13107,0.14354,0.80659,0.66379,0.75758,0.553,0.72886,0.59437,0.62838,0.369,1.22014,2.17434,1.04262,1.34235,0,0,0,0.000343696,0.000343696,0.000343696
358,3016.85,1.57173,2.64296,1.33934,1.51045,0.14253,0.13091,0.14301,0.80483,0.65423,0.7552,0.55885,0.72149,0.59748,0.6483,0.37484,1.19875,2.14975,1.04123,1.33036,0,0,0,0.000342321,0.000342321,0.000342321
359,3025.15,1.50551,2.72751,1.38349,1.53291,0.15611,0.13994,0.15117,0.77364,0.69931,0.76281,0.55904,0.70126,0.63,0.65744,0.3784,1.2131,2.17,1.03275,1.34609,0,0,0,0.000340947,0.000340947,0.000340947
360,3033.53,1.58903,2.73608,1.39039,1.53135,0.14865,0.13359,0.14482,0.76239,0.72807,0.76843,0.5607,0.6769,0.65125,0.64802,0.37869,1.20602,2.17161,1.02046,1.33968,0,0,0,0.000339572,0.000339572,0.000339572
361,3041.78,1.56858,2.77153,1.39417,1.52795,0.14999,0.13579,0.14778,0.82432,0.70023,0.77139,0.57348,0.75137,0.63289,0.66282,0.38248,1.20127,2.17034,1.02283,1.33364,0,0,0,0.000338198,0.000338198,0.000338198
362,3050.13,1.52622,2.69865,1.33848,1.51336,0.15348,0.13822,0.14911,0.78457,0.68803,0.77113,0.56322,0.7035,0.61879,0.6472,0.37704,1.20399,2.14732,1.0402,1.33308,0,0,0,0.000336824,0.000336824,0.000336824
363,3058.55,1.57592,2.63735,1.39131,1.53019,0.13838,0.12581,0.13741,0.72477,0.69556,0.75838,0.54795,0.61796,0.6443,0.64201,0.37339,1.21531,2.16444,1.04655,1.34266,0,0,0,0.000335449,0.000335449,0.000335449
364,3066.9,1.55973,2.74282,1.41577,1.53651,0.15053,0.13394,0.14605,0.72355,0.68797,0.74444,0.53038,0.70606,0.59209,0.63652,0.36173,1.22565,2.16281,1.05242,1.35306,0,0,0,0.000334075,0.000334075,0.000334075
365,3075.03,1.52141,2.61321,1.37192,1.53959,0.15244,0.13415,0.14666,0.74652,0.68686,0.75706,0.54442,0.66193,0.61695,0.63182,0.36923,1.21897,2.16982,1.05841,1.35516,0,0,0,0.0003327,0.0003327,0.0003327
366,3083.43,1.53973,2.64106,1.37902,1.50132,0.14698,0.1332,0.14463,0.80709,0.66463,0.7553,0.55164,0.72982,0.60083,0.64163,0.3823,1.20037,2.13763,1.03266,1.34242,0,0,0,0.000331326,0.000331326,0.000331326
367,3091.7,1.55396,2.64516,1.38855,1.48401,0.1371,0.12689,0.13875,0.75402,0.72215,0.76148,0.54954,0.68498,0.65514,0.65806,0.37552,1.19769,2.13923,1.00981,1.33588,0,0,0,0.000329951,0.000329951,0.000329951
368,3099.89,1.5489,2.63443,1.36011,1.50975,0.14725,0.13166,0.14373,0.72951,0.74349,0.76389,0.55856,0.66022,0.6809,0.6619,0.38014,1.19491,2.1353,1.01974,1.32453,0,0,0,0.000328577,0.000328577,0.000328577
369,3108.44,1.48381,2.58831,1.28703,1.4932,0.14118,0.13534,0.14716,0.77586,0.69565,0.76701,0.55699,0.69885,0.6395,0.66516,0.38357,1.19542,2.14447,1.04465,1.32716,0,0,0,0.000327202,0.000327202,0.000327202
370,3116.93,1.56089,2.6957,1.36664,1.51652,0.14341,0.13099,0.14229,0.75025,0.72613,0.76485,0.55674,0.68381,0.65723,0.66826,0.39442,1.18442,2.13482,1.04577,1.31911,0,0,0,0.000325828,0.000325828,0.000325828
371,3125.27,1.51169,2.6587,1.31989,1.4845,0.14367,0.13464,0.14536,0.68124,0.76846,0.75927,0.54937,0.61729,0.69967,0.66808,0.39044,1.19738,2.13322,1.0527,1.32769,0,0,0,0.000324453,0.000324453,0.000324453
372,3133.51,1.57436,2.62931,1.33155,1.49164,0.1371,0.12752,0.13834,0.74758,0.7405,0.77039,0.5602,0.67982,0.67428,0.67661,0.39948,1.19787,2.11638,1.03065,1.33686,0,0,0,0.000323079,0.000323079,0.000323079
373,3141.99,1.56862,2.65536,1.3592,1.47796,0.13283,0.1208,0.13205,0.79749,0.68963,0.76453,0.56221,0.72049,0.6273,0.66588,0.40289,1.21836,2.11878,1.00769,1.3482,0,0,0,0.000321705,0.000321705,0.000321705
374,3150.39,1.52928,2.5922,1.33383,1.49353,0.14991,0.13605,0.14787,0.8004,0.68288,0.77341,0.56504,0.7237,0.62813,0.67189,0.40685,1.18651,2.12005,0.99643,1.32426,0,0,0,0.00032033,0.00032033,0.00032033
375,3158.88,1.50892,2.52993,1.30656,1.48325,0.13136,0.12568,0.13593,0.80426,0.67589,0.77549,0.5523,0.69404,0.64687,0.6717,0.39678,1.19394,2.11341,1.0079,1.32049,0,0,0,0.000318956,0.000318956,0.000318956
376,3167.12,1.52188,2.66527,1.32489,1.49892,0.15221,0.13924,0.15097,0.80169,0.68585,0.77626,0.5655,0.72036,0.63258,0.67064,0.39838,1.18665,2.11937,1.00717,1.31781,0,0,0,0.000317581,0.000317581,0.000317581
377,3175.46,1.56207,2.69252,1.3395,1.49005,0.14454,0.1349,0.14559,0.7127,0.75023,0.78165,0.5713,0.65317,0.66643,0.6774,0.40695,1.1798,2.10588,0.99178,1.32182,0,0,0,0.000316207,0.000316207,0.000316207
378,3183.89,1.46198,2.60144,1.31989,1.48599,0.15188,0.14374,0.15558,0.70929,0.75481,0.78441,0.58225,0.63549,0.68171,0.67298,0.4106,1.16819,2.09491,0.99784,1.31121,0,0,0,0.000314832,0.000314832,0.000314832
379,3192.28,1.49109,2.65063,1.32004,1.47871,0.14233,0.13254,0.14394,0.71136,0.75028,0.78343,0.57516,0.62312,0.67743,0.65831,0.39827,1.17641,2.09841,1.00191,1.31304,0,0,0,0.000313458,0.000313458,0.000313458
380,3200.63,1.50791,2.64536,1.3082,1.48363,0.14193,0.13028,0.14175,0.75173,0.74299,0.78716,0.58626,0.6794,0.67185,0.6627,0.40453,1.16876,2.08361,1.00803,1.31043,0,0,0,0.000312083,0.000312083,0.000312083
381,3208.9,1.54429,2.7026,1.31399,1.48532,0.14471,0.1331,0.14529,0.80809,0.7151,0.78582,0.56035,0.69939,0.65858,0.65249,0.39244,1.19683,2.09768,1.02214,1.32565,0,0,0,0.000310709,0.000310709,0.000310709
382,3217.1,1.53522,2.67697,1.33598,1.51443,0.15201,0.13623,0.15038,0.74144,0.73486,0.7754,0.55436,0.6726,0.66288,0.65397,0.39537,1.18639,2.10048,1.01473,1.31455,0,0,0,0.000309335,0.000309335,0.000309335
383,3225.26,1.52853,2.61581,1.30153,1.47796,0.14441,0.12851,0.13984,0.74017,0.72934,0.77324,0.54163,0.66869,0.6663,0.66477,0.38726,1.16947,2.11352,1.01695,1.31971,0,0,0,0.00030796,0.00030796,0.00030796
384,3233.71,1.47742,2.60917,1.32935,1.47513,0.13926,0.131,0.14213,0.736,0.71088,0.7757,0.55397,0.6678,0.64406,0.66424,0.39636,1.16944,2.10393,1.01047,1.31817,0,0,0,0.000306586,0.000306586,0.000306586
385,3242.01,1.49354,2.64341,1.27842,1.46478,0.13878,0.12838,0.13941,0.75804,0.73226,0.78197,0.55521,0.66976,0.66659,0.66919,0.38735,1.17403,2.10051,1.01258,1.31098,0,0,0,0.000305211,0.000305211,0.000305211
386,3250.38,1.53597,2.67192,1.31692,1.47456,0.13463,0.12708,0.13775,0.77216,0.7248,0.77738,0.57204,0.69087,0.65453,0.66763,0.39147,1.17975,2.13959,1.00243,1.3064,0,0,0,0.000303837,0.000303837,0.000303837
387,3258.58,1.55915,2.68102,1.34037,1.46255,0.13643,0.12494,0.1357,0.78915,0.69202,0.77688,0.57047,0.72567,0.62171,0.66545,0.39189,1.16896,2.11724,0.98828,1.30834,0,0,0,0.000302462,0.000302462,0.000302462
388,3267.03,1.57731,2.68396,1.30928,1.47743,0.14347,0.13492,0.1441,0.75965,0.72271,0.78384,0.5737,0.70364,0.6422,0.67742,0.40211,1.15639,2.10146,0.98329,1.31055,0,0,0,0.000301088,0.000301088,0.000301088
389,3275.38,1.55942,2.73492,1.34062,1.48914,0.13934,0.13412,0.14337,0.71731,0.75786,0.78487,0.58462,0.62904,0.68532,0.66958,0.41012,1.13823,2.08696,0.98956,1.30028,0,0,0,0.000299713,0.000299713,0.000299713
390,3283.86,1.53089,2.61894,1.30204,1.45992,0.14355,0.13796,0.1488,0.75118,0.73219,0.78199,0.58073,0.66542,0.66834,0.67116,0.40358,1.12986,2.09487,0.98468,1.29314,0,0,0,0.000298339,0.000298339,0.000298339
391,3292.12,1.44668,2.50988,1.27338,1.47992,0.13929,0.13225,0.14299,0.77163,0.72897,0.78219,0.57316,0.69402,0.66176,0.67369,0.40619,1.14039,2.07771,0.97259,1.2935,0,0,0,0.000296964,0.000296964,0.000296964
392,3300.47,1.47546,2.57698,1.28459,1.45959,0.14267,0.12994,0.14041,0.7907,0.69671,0.78872,0.57227,0.76834,0.61352,0.68679,0.40634,1.16932,2.08565,0.96949,1.31439,0,0,0,0.00029559,0.00029559,0.00029559
393,3308.66,1.52475,2.67077,1.33645,1.46873,0.14315,0.13051,0.14098,0.71888,0.75505,0.79181,0.57884,0.65052,0.68777,0.69027,0.40888,1.16341,2.07605,0.9692,1.31537,0,0,0,0.000294216,0.000294216,0.000294216
394,3316.97,1.48174,2.53459,1.30991,1.47879,0.14716,0.13544,0.1459,0.77715,0.7252,0.78717,0.57577,0.67823,0.67871,0.68889,0.40599,1.15417,2.06573,0.9829,1.30428,0,0,0,0.000292841,0.000292841,0.000292841
395,3325.33,1.55387,2.58538,1.32909,1.46896,0.13834,0.12824,0.13975,0.75099,0.75404,0.78657,0.56967,0.68616,0.70908,0.69145,0.40742,1.15466,2.06044,0.98898,1.2954,0,0,0,0.000291467,0.000291467,0.000291467
396,3333.57,1.48777,2.57832,1.26839,1.44303,0.13643,0.12875,0.13991,0.79156,0.71968,0.7904,0.56619,0.72105,0.67402,0.68595,0.40282,1.14353,2.0609,0.98311,1.29278,0,0,0,0.000290092,0.000290092,0.000290092
397,3341.77,1.44765,2.54511,1.31335,1.48296,0.14597,0.12997,0.14077,0.81757,0.70337,0.79148,0.57723,0.7306,0.6684,0.6894,0.40201,1.13856,2.06973,0.97647,1.29223,0,0,0,0.000288718,0.000288718,0.000288718
398,3350.23,1.517,2.66291,1.31138,1.45985,0.1381,0.12503,0.13805,0.81215,0.71387,0.78851,0.58987,0.72574,0.66889,0.68765,0.41838,1.15613,2.06988,0.97062,1.30498,0,0,0,0.000287343,0.000287343,0.000287343
399,3358.86,1.53833,2.66786,1.34176,1.46019,0.14355,0.13196,0.14294,0.77038,0.72611,0.78931,0.58737,0.69651,0.65584,0.67948,0.40695,1.16151,2.07737,0.99179,1.30226,0,0,0,0.000285969,0.000285969,0.000285969
400,3367.08,1.54397,2.57478,1.27681,1.43133,0.13691,0.13125,0.14209,0.77903,0.72057,0.78421,0.57695,0.70305,0.66721,0.67942,0.3956,1.1341,2.07427,0.98188,1.29031,0,0,0,0.000284594,0.000284594,0.000284594
401,3375.26,1.59669,2.72332,1.3817,1.49292,0.15222,0.13997,0.15132,0.77231,0.70572,0.77867,0.57952,0.70337,0.64519,0.68089,0.40537,1.13481,2.07109,0.97799,1.28572,0,0,0,0.00028322,0.00028322,0.00028322
402,3383.7,1.47121,2.53791,1.27306,1.43421,0.14244,0.13576,0.14652,0.77953,0.74496,0.78699,0.587,0.70206,0.66831,0.67622,0.4176,1.12943,2.06686,0.97638,1.28139,0,0,0,0.000281846,0.000281846,0.000281846
403,3392.04,1.49312,2.57057,1.29385,1.47855,0.14404,0.13544,0.1468,0.79506,0.72467,0.79101,0.58567,0.74078,0.66416,0.68518,0.42085,1.12467,2.0489,0.96684,1.28247,0,0,0,0.000280471,0.000280471,0.000280471
404,3400.34,1.45206,2.5173,1.27547,1.46904,0.13924,0.1305,0.14195,0.78171,0.75839,0.79342,0.59173,0.74029,0.66439,0.69004,0.42674,1.11795,2.0449,0.95705,1.28475,0,0,0,0.000279097,0.000279097,0.000279097
405,3408.97,1.42728,2.63713,1.23925,1.43295,0.14379,0.13701,0.14659,0.80571,0.73293,0.79661,0.59167,0.74639,0.65566,0.68772,0.41832,1.11944,2.04431,0.94444,1.29602,0,0,0,0.000277722,0.000277722,0.000277722
406,3417.17,1.39914,2.50003,1.22587,1.44637,0.14013,0.12901,0.14252,0.81516,0.71972,0.79421,0.59492,0.7005,0.67922,0.69071,0.42928,1.11469,2.0092,0.94401,1.28957,0,0,0,0.000276348,0.000276348,0.000276348
407,3425.62,1.40488,2.48132,1.21425,1.45351,0.12697,0.12266,0.13237,0.80808,0.71271,0.79168,0.59002,0.78665,0.63156,0.69335,0.43078,1.11174,2.00778,0.94134,1.28243,0,0,0,0.000274973,0.000274973,0.000274973
408,3433.92,1.44919,2.54008,1.26136,1.45659,0.13745,0.13129,0.14163,0.79747,0.73009,0.78809,0.58629,0.72062,0.65959,0.6898,0.41655,1.12278,2.02759,0.9613,1.28593,0,0,0,0.000273599,0.000273599,0.000273599
409,3442.13,1.42599,2.41448,1.24597,1.44583,0.12977,0.12454,0.13358,0.78305,0.74793,0.78226,0.5865,0.71425,0.6926,0.69456,0.41823,1.13258,2.02689,0.95702,1.28075,0,0,0,0.000272224,0.000272224,0.000272224
410,3450.35,1.45284,2.54505,1.23851,1.46497,0.14814,0.13867,0.15057,0.7835,0.74847,0.78932,0.5925,0.69772,0.70153,0.69786,0.41493,1.1172,2.01052,0.952,1.26891,0,0,0,0.00027085,0.00027085,0.00027085
411,3458.63,1.52362,2.559,1.2572,1.44724,0.13995,0.13306,0.14144,0.77482,0.74814,0.78721,0.58713,0.70414,0.69186,0.69481,0.4118,1.11787,2.02643,0.95753,1.27231,0,0,0,0.000269475,0.000269475,0.000269475
412,3467.09,1.42977,2.47575,1.29467,1.46136,0.13465,0.12567,0.13577,0.78577,0.73308,0.78983,0.59005,0.71985,0.67233,0.68612,0.42006,1.11189,2.02904,0.95445,1.26681,0,0,0,0.000268101,0.000268101,0.000268101
413,3475.41,1.51876,2.55934,1.29329,1.462,0.14236,0.13476,0.14445,0.76194,0.73594,0.79167,0.58518,0.69184,0.66939,0.67997,0.41581,1.11873,2.03028,0.95818,1.27087,0,0,0,0.000266727,0.000266727,0.000266727
414,3483.64,1.51176,2.65871,1.26668,1.43718,0.15287,0.1428,0.15435,0.75625,0.75063,0.78995,0.5861,0.67614,0.66671,0.6711,0.41441,1.11532,2.03033,0.96815,1.26899,0,0,0,0.000265352,0.000265352,0.000265352
415,3491.78,1.47549,2.63781,1.29311,1.47248,0.14396,0.13328,0.14492,0.80322,0.71001,0.78829,0.59304,0.73305,0.64865,0.67857,0.41951,1.10245,2.0124,0.9645,1.26187,0,0,0,0.000263978,0.000263978,0.000263978
416,3500.2,1.38483,2.51656,1.25441,1.43687,0.13933,0.13143,0.14068,0.79064,0.72967,0.79284,0.60251,0.73016,0.67272,0.68317,0.41993,1.10253,2.02052,0.95672,1.2634,0,0,0,0.000262603,0.000262603,0.000262603
417,3508.53,1.52352,2.5678,1.2778,1.4457,0.13817,0.12667,0.13856,0.77215,0.73618,0.79707,0.59986,0.73352,0.67353,0.6875,0.42373,1.10888,2.0092,0.94279,1.26641,0,0,0,0.000261229,0.000261229,0.000261229
418,3516.77,1.44396,2.56729,1.25498,1.45097,0.14063,0.13537,0.14562,0.77793,0.74953,0.79807,0.60252,0.71763,0.67464,0.69096,0.41649,1.10691,1.99839,0.9319,1.26729,0,0,0,0.000259854,0.000259854,0.000259854
419,3525.02,1.47697,2.55044,1.2529,1.42633,0.13013,0.12833,0.13852,0.7774,0.76588,0.80132,0.58943,0.68741,0.73587,0.69318,0.41852,1.12549,1.98931,0.93166,1.27486,0,0,0,0.00025848,0.00025848,0.00025848
420,3533.38,1.48072,2.55889,1.28304,1.47121,0.13691,0.13445,0.14417,0.77323,0.77052,0.80077,0.59871,0.67608,0.72425,0.695,0.4243,1.11176,1.99219,0.92539,1.26217,0,0,0,0.000257105,0.000257105,0.000257105
421,3541.62,1.50725,2.54213,1.26643,1.44307,0.14255,0.13322,0.14507,0.7953,0.75989,0.79793,0.59213,0.71934,0.70533,0.69156,0.42099,1.12101,2.00139,0.94552,1.2686,0,0,0,0.000255731,0.000255731,0.000255731
422,3549.76,1.48545,2.47129,1.26941,1.41755,0.13688,0.12893,0.14071,0.80491,0.73262,0.79762,0.59849,0.73191,0.6677,0.69303,0.43029,1.10732,1.99062,0.9492,1.25831,0,0,0,0.000254357,0.000254357,0.000254357
423,3558.29,1.44881,2.57109,1.2664,1.43472,0.13477,0.12229,0.13287,0.79456,0.73907,0.79022,0.59432,0.71285,0.70602,0.69317,0.43167,1.11657,2.00673,0.94444,1.26493,0,0,0,0.000252982,0.000252982,0.000252982
424,3566.51,1.4374,2.48505,1.25198,1.44456,0.13747,0.12742,0.13818,0.79036,0.75098,0.79008,0.59172,0.71528,0.70004,0.69063,0.43227,1.11157,2.00598,0.94175,1.26604,0,0,0,0.000251608,0.000251608,0.000251608
425,3574.74,1.47092,2.52574,1.2179,1.43203,0.13783,0.13151,0.14208,0.80758,0.73472,0.79585,0.60393,0.72815,0.66838,0.6931,0.43816,1.10299,1.98896,0.94117,1.25993,0,0,0,0.000250233,0.000250233,0.000250233
426,3583.34,1.42628,2.51548,1.2238,1.4298,0.13571,0.12523,0.13741,0.8254,0.71813,0.79082,0.58719,0.7325,0.65425,0.6842,0.42505,1.10922,1.99657,0.94452,1.26227,0,0,0,0.000248859,0.000248859,0.000248859
427,3591.56,1.50405,2.59148,1.30849,1.41216,0.13443,0.12541,0.13536,0.81103,0.72553,0.79223,0.58314,0.73608,0.65712,0.68326,0.42185,1.10778,1.98757,0.94431,1.25926,0,0,0,0.000247484,0.000247484,0.000247484
428,3599.89,1.43841,2.45842,1.22007,1.4108,0.13344,0.12795,0.13734,0.77139,0.75342,0.79684,0.58563,0.70117,0.68415,0.69171,0.42661,1.09275,1.97795,0.9439,1.25363,0,0,0,0.00024611,0.00024611,0.00024611
429,3608.45,1.43648,2.51465,1.23607,1.41953,0.1385,0.13324,0.14475,0.77432,0.76556,0.7988,0.60272,0.69588,0.69586,0.69232,0.43303,1.08561,1.97666,0.92968,1.24997,0,0,0,0.000244735,0.000244735,0.000244735
430,3616.7,1.44327,2.44217,1.23286,1.39314,0.13583,0.1286,0.13894,0.80518,0.71485,0.79727,0.60794,0.75992,0.63755,0.69719,0.42759,1.08439,1.97179,0.92578,1.2478,0,0,0,0.000243361,0.000243361,0.000243361
431,3624.87,1.51536,2.47641,1.25401,1.40046,0.1223,0.11923,0.12909,0.78771,0.73547,0.79539,0.59426,0.77876,0.62038,0.69287,0.42557,1.09125,1.97991,0.94479,1.25125,0,0,0,0.000241986,0.000241986,0.000241986
432,3633.13,1.40355,2.47469,1.23405,1.3983,0.13059,0.12591,0.13573,0.80968,0.71433,0.79661,0.59198,0.70243,0.68662,0.69613,0.42604,1.09937,1.9787,0.93666,1.25394,0,0,0,0.000240612,0.000240612,0.000240612
433,3641.57,1.41221,2.54905,1.22769,1.41756,0.14512,0.13057,0.14263,0.83495,0.70559,0.80453,0.60272,0.71021,0.67287,0.70163,0.43094,1.08452,1.97142,0.91492,1.2481,0,0,0,0.000239238,0.000239238,0.000239238
434,3649.75,1.44288,2.51304,1.2407,1.40996,0.14396,0.13089,0.14048,0.78074,0.73445,0.80292,0.59975,0.71296,0.67023,0.70472,0.43233,1.08144,1.97336,0.91551,1.24875,0,0,0,0.000237863,0.000237863,0.000237863
435,3658.07,1.40368,2.46831,1.22128,1.41004,0.13491,0.12517,0.13508,0.84721,0.71301,0.80424,0.59538,0.77114,0.6502,0.70601,0.43367,1.09355,1.97322,0.91813,1.25164,0,0,0,0.000236489,0.000236489,0.000236489
436,3666.36,1.42726,2.48805,1.24038,1.42701,0.13607,0.12857,0.13918,0.81999,0.71207,0.80075,0.5939,0.71427,0.6938,0.7092,0.43816,1.09519,1.95838,0.92294,1.25336,0,0,0,0.000235114,0.000235114,0.000235114
437,3674.62,1.44739,2.48319,1.255,1.47405,0.13128,0.12452,0.13413,0.79138,0.71356,0.79615,0.6015,0.69385,0.69132,0.70892,0.43329,1.10369,1.97388,0.93222,1.25472,0,0,0,0.00023374,0.00023374,0.00023374
438,3682.96,1.48018,2.5123,1.24611,1.40655,0.12946,0.12382,0.13407,0.77201,0.75134,0.79455,0.5999,0.70528,0.69131,0.69681,0.42802,1.09284,1.98408,0.92647,1.25126,0,0,0,0.000232365,0.000232365,0.000232365
439,3691.27,1.44577,2.50184,1.24527,1.4671,0.14021,0.13036,0.14245,0.80078,0.74752,0.79346,0.60704,0.71409,0.70212,0.69174,0.43103,1.0985,1.98833,0.93651,1.247,0,0,0,0.000230991,0.000230991,0.000230991
440,3699.51,1.41129,2.49755,1.22369,1.43255,0.13303,0.12637,0.13657,0.80468,0.74036,0.7961,0.58979,0.736,0.67501,0.69355,0.4253,1.09517,1.98811,0.93794,1.24826,0,0,0,0.000229616,0.000229616,0.000229616
441,3708.12,1.40044,2.48755,1.21414,1.42409,0.13792,0.13305,0.14365,0.81688,0.76031,0.79873,0.59667,0.74519,0.69368,0.6942,0.42771,1.09257,1.98541,0.93308,1.25044,0,0,0,0.000228242,0.000228242,0.000228242
442,3716.34,1.37157,2.51562,1.24482,1.4219,0.14025,0.12994,0.14125,0.82428,0.74113,0.80086,0.60162,0.75819,0.67887,0.70037,0.43015,1.09478,1.98712,0.921,1.24876,0,0,0,0.000226868,0.000226868,0.000226868
443,3724.54,1.42678,2.50123,1.22744,1.39861,0.13378,0.13001,0.13955,0.76803,0.75176,0.79794,0.61182,0.69863,0.68818,0.70243,0.4381,1.07992,1.97357,0.91865,1.24335,0,0,0,0.000225493,0.000225493,0.000225493
444,3733.13,1.41104,2.57396,1.25771,1.43643,0.14498,0.13537,0.14575,0.7927,0.73207,0.79178,0.60298,0.72728,0.67102,0.69499,0.43435,1.07517,1.97686,0.93308,1.23971,0,0,0,0.000224119,0.000224119,0.000224119
445,3741.33,1.403,2.55669,1.23552,1.41459,0.14173,0.13567,0.14639,0.80896,0.71551,0.79027,0.59814,0.73746,0.65868,0.69629,0.43418,1.07998,1.97594,0.94032,1.24039,0,0,0,0.000222744,0.000222744,0.000222744
446,3749.63,1.39051,2.46342,1.22731,1.41772,0.13654,0.13198,0.14223,0.78066,0.74843,0.79767,0.605,0.71192,0.68025,0.69567,0.43341,1.07052,1.97557,0.92383,1.23614,0,0,0,0.00022137,0.00022137,0.00022137
447,3758.1,1.4195,2.51837,1.20998,1.38551,0.13566,0.13246,0.1417,0.75661,0.76955,0.79981,0.60897,0.68021,0.72239,0.68954,0.43237,1.06286,1.9662,0.91171,1.23507,0,0,0,0.000219995,0.000219995,0.000219995
448,3766.25,1.51078,2.46989,1.24946,1.40877,0.1288,0.12296,0.13196,0.84363,0.72114,0.80599,0.60934,0.77179,0.65765,0.70366,0.4408,1.06185,1.94845,0.91704,1.23574,0,0,0,0.000218621,0.000218621,0.000218621
449,3774.77,1.43731,2.43654,1.20625,1.40495,0.12788,0.12477,0.13432,0.75087,0.78046,0.80374,0.6121,0.67769,0.72174,0.70381,0.44413,1.05442,1.92936,0.9148,1.23248,0,0,0,0.000217246,0.000217246,0.000217246
450,3783.19,1.39724,2.43819,1.22333,1.44516,0.13262,0.12433,0.13515,0.76701,0.76483,0.80622,0.61582,0.69762,0.71646,0.70341,0.44315,1.06299,1.93242,0.90872,1.23276,0,0,0,0.000215872,0.000215872,0.000215872
451,3791.76,1.41324,2.49541,1.17975,1.41828,0.13265,0.13099,0.13952,0.79872,0.75476,0.80776,0.60629,0.72,0.69091,0.70233,0.43678,1.0794,1.94828,0.91052,1.24097,0,0,0,0.000214497,0.000214497,0.000214497
452,3800.05,1.50999,2.55426,1.2698,1.41847,0.13511,0.12974,0.1382,0.7987,0.77657,0.80683,0.60895,0.71956,0.7129,0.704,0.43748,1.08728,1.95834,0.92267,1.24653,0,0,0,0.000213123,0.000213123,0.000213123
453,3808.26,1.45456,2.55214,1.26054,1.455,0.13491,0.12967,0.13909,0.81715,0.74572,0.80722,0.60653,0.72917,0.68167,0.69476,0.43977,1.08563,1.9564,0.90536,1.24342,0,0,0,0.000211749,0.000211749,0.000211749
454,3816.52,1.39857,2.49475,1.22677,1.41988,0.13675,0.13225,0.14189,0.87419,0.70785,0.80639,0.59694,0.78935,0.63965,0.70424,0.4395,1.06616,1.94471,0.9013,1.23476,0,0,0,0.000210374,0.000210374,0.000210374
455,3824.94,1.37432,2.44054,1.17062,1.38915,0.1341,0.13194,0.14279,0.7903,0.73235,0.80607,0.60973,0.71169,0.66873,0.7067,0.45226,1.05506,1.93766,0.90468,1.2262,0,0,0,0.000209,0.000209,0.000209
456,3833.45,1.3998,2.41069,1.18892,1.37664,0.14238,0.13707,0.14753,0.83904,0.75293,0.80667,0.61091,0.77973,0.66808,0.70804,0.44978,1.05289,1.93115,0.91523,1.22283,0,0,0,0.000207625,0.000207625,0.000207625
457,3841.52,1.37881,2.48228,1.174,1.39052,0.13193,0.12715,0.13779,0.82617,0.72224,0.80227,0.60841,0.75982,0.68109,0.70539,0.44531,1.05809,1.91882,0.90685,1.22515,0,0,0,0.000206251,0.000206251,0.000206251
458,3849.91,1.35996,2.35891,1.15623,1.39317,0.13669,0.12994,0.14107,0.81732,0.72391,0.80116,0.60433,0.75716,0.67066,0.70713,0.44653,1.06474,1.9115,0.89298,1.23208,0,0,0,0.000204876,0.000204876,0.000204876
459,3858.22,1.4238,2.43361,1.1615,1.40832,0.132,0.12572,0.13593,0.83036,0.7232,0.80309,0.60537,0.75952,0.6771,0.71493,0.44797,1.07247,1.92592,0.90347,1.2375,0,0,0,0.000203502,0.000203502,0.000203502
460,3866.52,1.50543,2.52077,1.21502,1.39208,0.1342,0.12791,0.13903,0.80149,0.73782,0.80596,0.60279,0.73183,0.68831,0.71567,0.45172,1.05664,1.92497,0.90151,1.2313,0,0,0,0.000202127,0.000202127,0.000202127
461,3874.94,1.41696,2.46367,1.17729,1.38453,0.13022,0.12317,0.13397,0.7898,0.7606,0.80748,0.60776,0.71553,0.69265,0.70887,0.44623,1.05971,1.9233,0.90346,1.23233,0,0,0,0.000200753,0.000200753,0.000200753
462,3883.12,1.50057,2.56533,1.22462,1.40764,0.12701,0.12545,0.13474,0.80289,0.73574,0.80532,0.61041,0.68622,0.71083,0.70799,0.45029,1.05682,1.92257,0.90439,1.22901,0,0,0,0.000199379,0.000199379,0.000199379
463,3891.36,1.41128,2.57211,1.22291,1.40241,0.1288,0.12333,0.13368,0.79422,0.74977,0.80283,0.61651,0.69886,0.71087,0.70964,0.4589,1.04627,1.93944,0.90814,1.22448,0,0,0,0.000198004,0.000198004,0.000198004
464,3899.89,1.35282,2.46644,1.21815,1.42399,0.1297,0.12482,0.13512,0.8429,0.73456,0.80144,0.61992,0.76284,0.69903,0.7111,0.45285,1.04703,1.9366,0.90001,1.22167,0,0,0,0.00019663,0.00019663,0.00019663
465,3908.37,1.48124,2.47892,1.25173,1.43904,0.13064,0.12249,0.13303,0.79125,0.76671,0.79745,0.6125,0.72713,0.71179,0.71438,0.4497,1.05849,1.92323,0.88834,1.22268,0,0,0,0.000195255,0.000195255,0.000195255
466,3916.62,1.40655,2.46077,1.22078,1.42482,0.13279,0.12575,0.13596,0.75714,0.78141,0.79531,0.6066,0.69807,0.7242,0.71049,0.449,1.06238,1.92077,0.88999,1.22176,0,0,0,0.000193881,0.000193881,0.000193881
467,3924.87,1.42093,2.49519,1.21177,1.4405,0.13057,0.12653,0.13757,0.81997,0.7252,0.80136,0.6085,0.75723,0.66952,0.71258,0.44898,1.06116,1.91003,0.89288,1.22118,0,0,0,0.000192506,0.000192506,0.000192506
468,3933.16,1.4462,2.50303,1.23028,1.41152,0.13168,0.12335,0.13327,0.80642,0.73689,0.80338,0.60935,0.76772,0.66601,0.70939,0.44544,1.06432,1.91093,0.90163,1.22192,0,0,0,0.000191132,0.000191132,0.000191132
469,3941.4,1.40373,2.44685,1.17846,1.39721,0.12388,0.1229,0.13115,0.77453,0.74702,0.79997,0.61151,0.68921,0.69625,0.70202,0.44441,1.0626,1.92075,0.89698,1.22013,0,0,0,0.000189757,0.000189757,0.000189757
470,3949.72,1.39303,2.42391,1.1942,1.37073,0.1279,0.12748,0.13743,0.75797,0.76981,0.80516,0.61491,0.68609,0.70793,0.70254,0.44335,1.05505,1.91213,0.88563,1.22213,0,0,0,0.000188383,0.000188383,0.000188383
471,3957.96,1.3889,2.4189,1.16288,1.38763,0.12654,0.12639,0.13549,0.78307,0.76864,0.80495,0.61164,0.72371,0.69847,0.70415,0.44747,1.04256,1.90044,0.88228,1.21801,0,0,0,0.000187008,0.000187008,0.000187008
472,3966.4,1.45221,2.45533,1.24068,1.40088,0.12156,0.11776,0.12738,0.7787,0.78721,0.80338,0.61443,0.71657,0.72143,0.70257,0.45094,1.04716,1.90661,0.89863,1.21645,0,0,0,0.000185634,0.000185634,0.000185634
473,3974.69,1.33882,2.29784,1.15697,1.35593,0.12503,0.12234,0.13377,0.78284,0.76001,0.80638,0.6124,0.71899,0.69868,0.7094,0.44984,1.05728,1.90442,0.89921,1.21918,0,0,0,0.00018426,0.00018426,0.00018426
474,3982.96,1.3103,2.27853,1.12811,1.37326,0.1256,0.12381,0.1329,0.7988,0.77795,0.80926,0.61674,0.73313,0.71473,0.71101,0.45479,1.04919,1.89261,0.88237,1.21054,0,0,0,0.000182885,0.000182885,0.000182885
475,3991.38,1.42179,2.49549,1.25311,1.43074,0.14272,0.13295,0.14347,0.81759,0.76478,0.81364,0.61729,0.74518,0.69413,0.70736,0.45606,1.04636,1.8836,0.8732,1.2138,0,0,0,0.000181511,0.000181511,0.000181511
476,3999.5,1.39074,2.47764,1.18707,1.3984,0.13677,0.1302,0.13982,0.82942,0.75717,0.81193,0.62087,0.72417,0.69754,0.70127,0.44732,1.04031,1.88995,0.87521,1.20946,0,0,0,0.000180136,0.000180136,0.000180136
477,4007.71,1.48289,2.46478,1.25674,1.43788,0.13064,0.1211,0.13263,0.76475,0.78994,0.80696,0.62216,0.69886,0.7203,0.7023,0.45322,1.03353,1.89098,0.88033,1.2044,0,0,0,0.000178762,0.000178762,0.000178762
478,4015.92,1.43066,2.45109,1.2086,1.38668,0.12783,0.12615,0.13473,0.79649,0.75739,0.80476,0.62201,0.7205,0.69882,0.70368,0.44869,1.04216,1.9092,0.8876,1.20939,0,0,0,0.000177387,0.000177387,0.000177387
479,4024.27,1.39463,2.38775,1.15161,1.35757,0.11761,0.11856,0.12736,0.76777,0.78342,0.80671,0.62096,0.69741,0.716,0.70223,0.44295,1.0393,1.90238,0.88882,1.2097,0,0,0,0.000176013,0.000176013,0.000176013
480,4032.57,1.34184,2.34581,1.15376,1.4066,0.12881,0.12262,0.13226,0.79582,0.76942,0.80803,0.62437,0.72991,0.7061,0.70734,0.45206,1.02366,1.89936,0.88052,1.2036,0,0,0,0.000174638,0.000174638,0.000174638
481,4041.08,1.42382,2.42467,1.18331,1.38888,0.13224,0.13156,0.14175,0.78169,0.78771,0.80816,0.62069,0.72104,0.72115,0.70608,0.45484,1.0199,1.87688,0.88036,1.20194,0,0,0,0.000173264,0.000173264,0.000173264
482,4049.32,1.43322,2.41401,1.16526,1.351,0.13134,0.1274,0.13628,0.77174,0.788,0.80633,0.62308,0.70196,0.71381,0.69852,0.45255,1.03167,1.88032,0.88195,1.21145,0,0,0,0.00017189,0.00017189,0.00017189
483,4057.56,1.35738,2.31805,1.11573,1.38253,0.12704,0.12654,0.13523,0.81184,0.7627,0.80908,0.61646,0.73821,0.68754,0.70471,0.46087,1.03956,1.88593,0.88864,1.21385,0,0,0,0.000170515,0.000170515,0.000170515
484,4066.09,1.39209,2.51864,1.15513,1.37337,0.12667,0.127,0.13521,0.82494,0.75589,0.808,0.6237,0.75466,0.68866,0.7101,0.46588,1.02237,1.89083,0.88266,1.20094,0,0,0,0.000169141,0.000169141,0.000169141
485,4074.6,1.42246,2.39403,1.1763,1.40708,0.13232,0.12838,0.14048,0.83145,0.75955,0.81051,0.61596,0.74127,0.70996,0.71307,0.46416,1.02283,1.8828,0.88121,1.20278,0,0,0,0.000167766,0.000167766,0.000167766
486,4083.15,1.42716,2.47558,1.18659,1.39018,0.13743,0.13641,0.14619,0.82854,0.76229,0.80967,0.62242,0.74956,0.68815,0.70688,0.46105,1.02641,1.88245,0.88285,1.20354,0,0,0,0.000166392,0.000166392,0.000166392
487,4091.26,1.43173,2.46101,1.18126,1.3663,0.13035,0.1267,0.13611,0.829,0.76211,0.81064,0.62068,0.74811,0.68821,0.70519,0.45739,1.02702,1.88568,0.87194,1.20479,0,0,0,0.000165017,0.000165017,0.000165017
488,4099.52,1.32774,2.35914,1.15269,1.35941,0.13529,0.12963,0.14107,0.79181,0.7664,0.81079,0.61062,0.7225,0.69702,0.70726,0.46438,1.02861,1.86916,0.87351,1.20353,0,0,0,0.000163643,0.000163643,0.000163643
489,4107.82,1.37791,2.37057,1.13539,1.3429,0.12471,0.12534,0.13401,0.82795,0.73476,0.80696,0.60738,0.70504,0.70486,0.70931,0.46214,1.03262,1.86795,0.873,1.2048,0,0,0,0.000162268,0.000162268,0.000162268
490,4116.04,1.32076,2.32686,1.14336,1.37157,0.12369,0.12273,0.13153,0.77276,0.77985,0.80279,0.60846,0.70809,0.71655,0.70877,0.45904,1.02455,1.86665,0.87327,1.20062,0,0,0,0.000160894,0.000160894,0.000160894
491,4124.32,1.39898,2.46055,1.19204,1.39083,0.1292,0.1281,0.13747,0.80056,0.75549,0.80626,0.62278,0.73009,0.69488,0.7111,0.46321,1.01913,1.86377,0.87368,1.19725,0,0,0,0.00015952,0.00015952,0.00015952
492,4132.69,1.34871,2.3231,1.14812,1.37928,0.12862,0.12734,0.13648,0.79219,0.77772,0.80829,0.6213,0.74497,0.70923,0.71755,0.46707,1.01674,1.86287,0.86844,1.19558,0,0,0,0.000158145,0.000158145,0.000158145
493,4140.95,1.37062,2.39323,1.12782,1.36329,0.12751,0.12839,0.1363,0.84159,0.74479,0.80847,0.61842,0.76928,0.69087,0.715,0.46384,1.01751,1.86153,0.86698,1.19597,0,0,0,0.000156771,0.000156771,0.000156771
494,4149.13,1.35773,2.35029,1.15162,1.35966,0.13018,0.12491,0.13418,0.82299,0.75221,0.8093,0.61767,0.76109,0.69606,0.7181,0.46073,1.02505,1.86414,0.87025,1.19906,0,0,0,0.000155396,0.000155396,0.000155396
495,4157.39,1.39173,2.409,1.16184,1.3819,0.12934,0.12556,0.13536,0.81243,0.7526,0.80671,0.61957,0.74505,0.69035,0.71411,0.46078,1.02479,1.87754,0.87172,1.19645,0,0,0,0.000154022,0.000154022,0.000154022
496,4165.63,1.34826,2.33276,1.17167,1.40648,0.12506,0.12713,0.13551,0.8145,0.74981,0.8092,0.62479,0.74829,0.69245,0.71757,0.4618,1.03092,1.87904,0.87899,1.20076,0,0,0,0.000152647,0.000152647,0.000152647
497,4173.84,1.34141,2.38279,1.18551,1.37259,0.12196,0.11742,0.12865,0.81073,0.75798,0.8083,0.62362,0.74793,0.69751,0.71231,0.46061,1.02451,1.87956,0.87711,1.1975,0,0,0,0.000151273,0.000151273,0.000151273
498,4182.06,1.34128,2.39127,1.15818,1.39572,0.13957,0.13576,0.14578,0.81598,0.75256,0.81029,0.62226,0.74727,0.70098,0.70856,0.45037,1.02949,1.86177,0.87256,1.20204,0,0,0,0.000149898,0.000149898,0.000149898
499,4190.23,1.35229,2.41179,1.16512,1.37583,0.13608,0.13226,0.14039,0.7994,0.75208,0.80572,0.6243,0.7269,0.68912,0.70254,0.45448,1.0264,1.85699,0.87466,1.19925,0,0,0,0.000148524,0.000148524,0.000148524
500,4198.55,1.35611,2.30805,1.1188,1.36197,0.1263,0.12231,0.13207,0.83391,0.74928,0.79942,0.61718,0.73719,0.6938,0.70083,0.45452,1.02648,1.85215,0.87777,1.19873,0,0,0,0.000147149,0.000147149,0.000147149
501,4206.83,1.36411,2.38514,1.15264,1.35826,0.13786,0.1316,0.14205,0.83083,0.74789,0.79769,0.61693,0.75406,0.68391,0.70504,0.45899,1.02129,1.84828,0.87757,1.19568,0,0,0,0.000145775,0.000145775,0.000145775
502,4215.11,1.34518,2.3767,1.14922,1.3851,0.13334,0.13346,0.14158,0.83431,0.74738,0.80415,0.62064,0.75418,0.68515,0.7008,0.46374,1.02365,1.84998,0.8744,1.19935,0,0,0,0.000144401,0.000144401,0.000144401
503,4223.41,1.3546,2.33348,1.16026,1.35826,0.13139,0.13102,0.13974,0.82877,0.75413,0.80854,0.6251,0.75435,0.69372,0.71141,0.46269,1.00766,1.84033,0.86208,1.19343,0,0,0,0.000143026,0.000143026,0.000143026
504,4231.75,1.33075,2.30878,1.14218,1.36956,0.12966,0.1265,0.13664,0.83057,0.76027,0.81415,0.63313,0.75025,0.68586,0.7117,0.46393,1.01306,1.84852,0.86738,1.19263,0,0,0,0.000141652,0.000141652,0.000141652
505,4240.11,1.32478,2.27878,1.15234,1.3877,0.12842,0.12671,0.1364,0.83621,0.74243,0.81153,0.6255,0.7537,0.67045,0.697,0.45622,1.02485,1.86187,0.8728,1.19786,0,0,0,0.000140277,0.000140277,0.000140277
506,4248.43,1.3524,2.33176,1.15806,1.38979,0.12655,0.12749,0.13638,0.85567,0.73412,0.81278,0.62509,0.78108,0.6619,0.71156,0.46356,1.02545,1.86171,0.87139,1.19706,0,0,0,0.000138903,0.000138903,0.000138903
507,4256.84,1.33792,2.36408,1.12037,1.36528,0.1263,0.1278,0.1368,0.86729,0.70985,0.81243,0.62392,0.781,0.65443,0.7158,0.4663,1.0124,1.85562,0.86922,1.18994,0,0,0,0.000137528,0.000137528,0.000137528
508,4265.11,1.3829,2.4101,1.14858,1.36499,0.13782,0.13408,0.14462,0.83275,0.72898,0.8108,0.62704,0.73975,0.67698,0.71537,0.46495,1.00952,1.84295,0.87181,1.18981,0,0,0,0.000136154,0.000136154,0.000136154
509,4273.33,1.32235,2.3442,1.12819,1.36901,0.13032,0.13098,0.14036,0.79878,0.7594,0.81157,0.63275,0.72912,0.68893,0.71929,0.47059,1.01313,1.84417,0.87405,1.19032,0,0,0,0.000134779,0.000134779,0.000134779
510,4281.9,1.33335,2.36314,1.1051,1.36403,0.1312,0.13117,0.13932,0.80796,0.75624,0.81241,0.62652,0.73876,0.68863,0.7233,0.47376,1.02148,1.85104,0.86433,1.19232,0,0,0,0.000133405,0.000133405,0.000133405
511,4290.14,1.35739,2.37481,1.17447,1.39168,0.12835,0.12389,0.13352,0.80754,0.77095,0.81475,0.6335,0.74523,0.70628,0.72547,0.47358,1.01934,1.8449,0.85454,1.19095,0,0,0,0.000132031,0.000132031,0.000132031
512,4298.58,1.38537,2.3147,1.15516,1.36334,0.1364,0.1324,0.14157,0.79371,0.78112,0.81322,0.62894,0.74068,0.71537,0.72398,0.47448,1.01345,1.84252,0.84751,1.19043,0,0,0,0.000130656,0.000130656,0.000130656
513,4307.14,1.32142,2.32111,1.15658,1.36395,0.13029,0.12815,0.13726,0.81397,0.76806,0.81395,0.62666,0.75336,0.69167,0.72077,0.47348,1.00698,1.83955,0.85587,1.18931,0,0,0,0.000129282,0.000129282,0.000129282
514,4315.68,1.33824,2.39365,1.11962,1.34361,0.12151,0.12576,0.13338,0.79057,0.77385,0.81402,0.63485,0.72503,0.69103,0.71855,0.47486,1.00002,1.83532,0.86718,1.18686,0,0,0,0.000127907,0.000127907,0.000127907
515,4324.03,1.38241,2.41309,1.14849,1.3653,0.12763,0.12195,0.1316,0.83683,0.73866,0.81251,0.63995,0.76836,0.67117,0.71841,0.47281,0.99502,1.83595,0.86144,1.18479,0,0,0,0.000126533,0.000126533,0.000126533
516,4332.49,1.3787,2.40768,1.14885,1.37064,0.1326,0.13371,0.14224,0.80462,0.75023,0.80909,0.63166,0.73875,0.68704,0.71552,0.47212,0.99031,1.83626,0.85789,1.18602,0,0,0,0.000125158,0.000125158,0.000125158
517,4340.73,1.36324,2.36906,1.16249,1.38251,0.12893,0.12401,0.13456,0.77266,0.77513,0.8068,0.62946,0.71009,0.71034,0.71832,0.47511,0.99553,1.84107,0.85558,1.18756,0,0,0,0.000123784,0.000123784,0.000123784
518,4349.11,1.31477,2.33798,1.13935,1.36628,0.12135,0.11858,0.1283,0.82893,0.75526,0.80752,0.62859,0.76254,0.69029,0.7135,0.47253,1.00137,1.84058,0.85686,1.18879,0,0,0,0.000122409,0.000122409,0.000122409
519,4357.37,1.35416,2.39593,1.13205,1.3741,0.12685,0.12612,0.13551,0.81623,0.76262,0.80738,0.62782,0.76726,0.70273,0.72283,0.47293,1.00376,1.83534,0.85427,1.18951,0,0,0,0.000121035,0.000121035,0.000121035
520,4365.67,1.38562,2.33185,1.11598,1.35924,0.13095,0.12795,0.13815,0.84728,0.7406,0.80981,0.62945,0.79308,0.67934,0.71863,0.47577,1.00138,1.83321,0.8495,1.18879,0,0,0,0.00011966,0.00011966,0.00011966
521,4374.01,1.31309,2.31145,1.11768,1.35788,0.13249,0.13206,0.14289,0.85021,0.7325,0.81291,0.63305,0.78435,0.672,0.71247,0.47254,0.99393,1.82696,0.8505,1.18367,0,0,0,0.000118286,0.000118286,0.000118286
522,4382.31,1.36151,2.36449,1.14456,1.36408,0.13069,0.12674,0.13582,0.81572,0.75801,0.81282,0.63263,0.78023,0.68662,0.71422,0.47437,0.9904,1.83183,0.85811,1.18009,0,0,0,0.000116912,0.000116912,0.000116912
523,4390.59,1.37841,2.36142,1.18786,1.3971,0.12807,0.12378,0.13464,0.81961,0.76844,0.81286,0.63043,0.76041,0.70375,0.72514,0.47125,0.99263,1.82854,0.86179,1.1774,0,0,0,0.000115537,0.000115537,0.000115537
524,4398.98,1.4044,2.4336,1.14544,1.36073,0.12933,0.12888,0.13804,0.82058,0.74799,0.81555,0.63415,0.77542,0.69494,0.72719,0.47242,0.98886,1.82164,0.85649,1.17674,0,0,0,0.000114163,0.000114163,0.000114163
525,4407.31,1.40641,2.40858,1.14352,1.37093,0.13283,0.12897,0.13948,0.80282,0.78084,0.81427,0.64015,0.79112,0.69381,0.72803,0.47673,0.98913,1.81892,0.85527,1.18005,0,0,0,0.000112788,0.000112788,0.000112788
526,4415.71,1.33903,2.34526,1.10424,1.32619,0.12299,0.12465,0.13339,0.81919,0.77657,0.81537,0.64125,0.76867,0.71833,0.72862,0.47927,0.98918,1.81369,0.85116,1.18274,0,0,0,0.000111414,0.000111414,0.000111414
527,4424.06,1.35475,2.34241,1.15102,1.35482,0.12981,0.12933,0.13759,0.81902,0.76767,0.81457,0.63738,0.78412,0.68642,0.7167,0.47952,0.9892,1.81363,0.84842,1.18211,0,0,0,0.000110039,0.000110039,0.000110039
528,4432.53,1.32935,2.35523,1.12515,1.35598,0.12136,0.12116,0.12918,0.82873,0.77194,0.81482,0.63175,0.76195,0.70921,0.71803,0.47271,0.98768,1.81452,0.85,1.18019,0,0,0,0.000108665,0.000108665,0.000108665
529,4440.76,1.35403,2.3337,1.12194,1.35168,0.12604,0.12785,0.13784,0.84594,0.75604,0.81749,0.63394,0.77584,0.69293,0.72004,0.47592,0.98607,1.82501,0.84963,1.17668,0,0,0,0.00010729,0.00010729,0.00010729
530,4449,1.34899,2.36081,1.1451,1.36946,0.13347,0.12892,0.13984,0.83946,0.75163,0.81711,0.63494,0.76206,0.69911,0.72019,0.478,0.98796,1.81897,0.85011,1.17821,0,0,0,0.000105916,0.000105916,0.000105916
531,4457.21,1.36203,2.31498,1.16332,1.38738,0.1192,0.11935,0.12804,0.84543,0.74503,0.81785,0.63623,0.77062,0.69038,0.71815,0.47461,0.98938,1.81415,0.85162,1.17841,0,0,0,0.000104542,0.000104542,0.000104542
532,4465.63,1.37417,2.38186,1.16187,1.3893,0.12803,0.12582,0.13638,0.86176,0.74786,0.81938,0.63384,0.77116,0.69561,0.72286,0.47731,0.98638,1.80443,0.84865,1.176,0,0,0,0.000103167,0.000103167,0.000103167
533,4473.86,1.31589,2.28086,1.11805,1.34054,0.13124,0.13064,0.14109,0.80787,0.78472,0.81912,0.64097,0.74267,0.7204,0.72144,0.47503,0.98097,1.80451,0.84712,1.17543,0,0,0,0.000101793,0.000101793,0.000101793
534,4482.13,1.40565,2.41065,1.14924,1.3572,0.13681,0.1326,0.14213,0.80077,0.78162,0.8171,0.63692,0.73961,0.71683,0.71968,0.47386,0.99023,1.80745,0.84879,1.18128,0,0,0,0.000100418,0.000100418,0.000100418
535,4490.63,1.36286,2.37196,1.17488,1.38798,0.12991,0.1271,0.13593,0.79801,0.79134,0.81655,0.63944,0.74295,0.71776,0.71844,0.47759,0.99084,1.79983,0.84869,1.17876,0,0,0,9.90437e-05,9.90437e-05,9.90437e-05
536,4498.99,1.38641,2.37678,1.1667,1.34857,0.12881,0.12581,0.13504,0.79969,0.78677,0.81599,0.64257,0.75152,0.71641,0.7185,0.47713,0.98357,1.78556,0.84163,1.17199,0,0,0,9.76692e-05,9.76692e-05,9.76692e-05
537,4507.4,1.38468,2.38858,1.15104,1.32224,0.122,0.12137,0.1305,0.82567,0.77631,0.81585,0.64016,0.76283,0.71242,0.71858,0.47607,0.98358,1.78118,0.83889,1.17256,0,0,0,9.62948e-05,9.62948e-05,9.62948e-05
538,4515.65,1.30581,2.30755,1.10765,1.35283,0.12828,0.1245,0.13529,0.83152,0.76687,0.81625,0.64599,0.77019,0.70927,0.71906,0.47778,0.98303,1.78132,0.8418,1.17098,0,0,0,9.49203e-05,9.49203e-05,9.49203e-05
539,4524.25,1.2674,2.27568,1.09247,1.35862,0.12435,0.12401,0.13382,0.79104,0.78604,0.81679,0.642,0.74987,0.71402,0.72099,0.48177,0.97934,1.78541,0.84275,1.16941,0,0,0,9.35459e-05,9.35459e-05,9.35459e-05
540,4532.57,1.31853,2.23901,1.12059,1.36267,0.13061,0.12738,0.13663,0.79793,0.77454,0.81361,0.64616,0.73788,0.71682,0.72645,0.47826,0.9808,1.7965,0.84108,1.17026,0,0,0,9.21715e-05,9.21715e-05,9.21715e-05
541,4540.95,1.30431,2.27792,1.09434,1.342,0.12709,0.127,0.13753,0.8055,0.78508,0.81613,0.64661,0.74606,0.72675,0.72846,0.48019,0.97948,1.78839,0.83767,1.17089,0,0,0,9.0797e-05,9.0797e-05,9.0797e-05
542,4549.59,1.35897,2.36549,1.11549,1.3317,0.12361,0.12368,0.13121,0.81326,0.78133,0.81487,0.63916,0.75092,0.71986,0.72831,0.47615,0.98282,1.77787,0.83736,1.17339,0,0,0,8.94226e-05,8.94226e-05,8.94226e-05
543,4557.82,1.37643,2.34584,1.15421,1.36667,0.11986,0.12102,0.12914,0.81295,0.77403,0.81566,0.64347,0.74538,0.7079,0.71951,0.48309,0.98128,1.77692,0.84026,1.17379,0,0,0,8.80481e-05,8.80481e-05,8.80481e-05
544,4566.06,1.31985,2.35399,1.1388,1.37933,0.12884,0.12812,0.13782,0.82691,0.75982,0.81532,0.64337,0.76102,0.68875,0.72021,0.48091,0.97194,1.7761,0.83757,1.16906,0,0,0,8.66736e-05,8.66736e-05,8.66736e-05
545,4574.26,1.32236,2.27392,1.09688,1.32589,0.11895,0.12079,0.12921,0.82122,0.76512,0.81497,0.64584,0.75149,0.6928,0.7195,0.48421,0.96787,1.78512,0.84091,1.16747,0,0,0,8.52992e-05,8.52992e-05,8.52992e-05
546,4582.83,1.32508,2.31423,1.14351,1.35832,0.12482,0.12175,0.13024,0.78814,0.78021,0.81453,0.64707,0.70952,0.71891,0.71975,0.48294,0.9699,1.78888,0.84198,1.16689,0,0,0,8.39248e-05,8.39248e-05,8.39248e-05
547,4591.11,1.27153,2.31813,1.11977,1.35965,0.12682,0.12801,0.138,0.81357,0.77435,0.81656,0.6505,0.7442,0.70767,0.72148,0.47746,0.97319,1.79052,0.84404,1.16661,0,0,0,8.25503e-05,8.25503e-05,8.25503e-05
548,4599.49,1.32002,2.35369,1.09704,1.34156,0.13244,0.13237,0.14141,0.82507,0.76385,0.8156,0.65635,0.75915,0.70007,0.7201,0.47364,0.97495,1.78763,0.84491,1.16627,0,0,0,8.11759e-05,8.11759e-05,8.11759e-05
549,4607.9,1.31685,2.34752,1.10103,1.32891,0.13617,0.13448,0.14541,0.81313,0.77997,0.81528,0.65071,0.74515,0.71486,0.71906,0.47563,0.97281,1.78189,0.84407,1.16602,0,0,0,7.98014e-05,7.98014e-05,7.98014e-05
550,4616.36,1.32926,2.27162,1.12089,1.3326,0.12813,0.1257,0.13606,0.81122,0.77214,0.81733,0.65027,0.74253,0.71034,0.72209,0.47816,0.97375,1.77822,0.84362,1.16646,0,0,0,7.84269e-05,7.84269e-05,7.84269e-05
551,4624.48,1.30386,2.24917,1.10622,1.33832,0.12243,0.12211,0.13198,0.80598,0.76609,0.8197,0.65274,0.73882,0.70479,0.72168,0.47895,0.97257,1.77725,0.84202,1.1687,0,0,0,7.70525e-05,7.70525e-05,7.70525e-05
552,4632.91,1.24119,2.21346,1.02932,1.33434,0.11861,0.11998,0.12829,0.80968,0.76852,0.81974,0.64794,0.74033,0.70823,0.72145,0.47994,0.97083,1.77686,0.83413,1.16885,0,0,0,7.5678e-05,7.5678e-05,7.5678e-05
553,4641.12,1.29353,2.32235,1.09043,1.34375,0.12911,0.12899,0.13909,0.82043,0.76448,0.81987,0.64567,0.74945,0.70013,0.71878,0.48231,0.96699,1.78098,0.82895,1.16825,0,0,0,7.43036e-05,7.43036e-05,7.43036e-05
554,4649.54,1.27482,2.28222,1.08538,1.34351,0.11822,0.12074,0.12824,0.85076,0.74457,0.82166,0.64915,0.78002,0.67805,0.72032,0.4788,0.96335,1.77791,0.82281,1.16602,0,0,0,7.29292e-05,7.29292e-05,7.29292e-05
555,4657.82,1.32659,2.31888,1.12279,1.34682,0.12749,0.12764,0.13799,0.84701,0.74111,0.82031,0.64783,0.75929,0.67948,0.72083,0.48166,0.96507,1.76905,0.8229,1.16527,0,0,0,7.15547e-05,7.15547e-05,7.15547e-05
556,4665.98,1.329,2.25976,1.12433,1.33274,0.12284,0.12418,0.1324,0.82868,0.74825,0.82101,0.64408,0.75284,0.68587,0.71883,0.48228,0.96436,1.76601,0.82534,1.16429,0,0,0,7.01802e-05,7.01802e-05,7.01802e-05
557,4674.2,1.26279,2.24511,1.07318,1.34313,0.12887,0.12335,0.13397,0.84218,0.7454,0.81805,0.64998,0.75886,0.67777,0.72007,0.48177,0.96547,1.76775,0.82829,1.16291,0,0,0,6.88058e-05,6.88058e-05,6.88058e-05
558,4682.92,1.34467,2.33518,1.10607,1.36115,0.12787,0.12966,0.13839,0.78793,0.79423,0.81937,0.64592,0.7185,0.72141,0.7233,0.48757,0.96049,1.7676,0.83107,1.15993,0,0,0,6.74313e-05,6.74313e-05,6.74313e-05
559,4691.41,1.31331,2.26744,1.07314,1.32978,0.12775,0.13122,0.13966,0.82043,0.76527,0.8177,0.64884,0.76993,0.68393,0.72232,0.47864,0.95417,1.76589,0.83082,1.15658,0,0,0,6.60569e-05,6.60569e-05,6.60569e-05
560,4699.61,1.35349,2.33277,1.10042,1.33269,0.1249,0.12598,0.13527,0.85643,0.73766,0.81977,0.64586,0.78228,0.68278,0.72277,0.48871,0.94775,1.76501,0.82843,1.15351,0,0,0,6.46825e-05,6.46825e-05,6.46825e-05
561,4708.26,1.34691,2.39427,1.13082,1.34575,0.13325,0.13127,0.14021,0.85423,0.74358,0.81848,0.64434,0.78499,0.68595,0.72434,0.48751,0.95004,1.77229,0.82734,1.15277,0,0,0,6.3308e-05,6.3308e-05,6.3308e-05
562,4716.49,1.28572,2.28803,1.08435,1.34296,0.12585,0.12565,0.13515,0.84912,0.74084,0.8201,0.64748,0.78166,0.68017,0.72399,0.48539,0.95373,1.77686,0.82523,1.15472,0,0,0,6.19335e-05,6.19335e-05,6.19335e-05
563,4724.76,1.30547,2.28253,1.09482,1.33432,0.12076,0.1233,0.13314,0.83793,0.75981,0.82155,0.65486,0.79649,0.68009,0.72189,0.4856,0.95502,1.76617,0.8207,1.15642,0,0,0,6.05591e-05,6.05591e-05,6.05591e-05
564,4733.16,1.32484,2.29258,1.09212,1.3379,0.13155,0.13287,0.14227,0.83959,0.7524,0.82148,0.65059,0.78579,0.68126,0.72178,0.48514,0.95513,1.76201,0.82256,1.15732,0,0,0,5.91846e-05,5.91846e-05,5.91846e-05
565,4741.55,1.36607,2.34869,1.14439,1.35791,0.12757,0.12775,0.13668,0.84409,0.75778,0.82158,0.64742,0.77698,0.69483,0.72104,0.47691,0.95587,1.76344,0.82575,1.15796,0,0,0,5.78102e-05,5.78102e-05,5.78102e-05
566,4749.79,1.34988,2.33547,1.12689,1.33815,0.12097,0.12502,0.13281,0.84808,0.7549,0.81885,0.64875,0.78112,0.69167,0.72103,0.4774,0.95511,1.76331,0.82893,1.15761,0,0,0,5.64358e-05,5.64358e-05,5.64358e-05
567,4758.06,1.312,2.28814,1.11882,1.36126,0.1314,0.12669,0.13611,0.84482,0.76321,0.81906,0.64896,0.76138,0.70376,0.72086,0.47762,0.95441,1.76011,0.82891,1.1562,0,0,0,5.50613e-05,5.50613e-05,5.50613e-05
568,4766.43,1.33292,2.29631,1.08284,1.33057,0.12175,0.12614,0.13425,0.82112,0.7622,0.81994,0.6457,0.73859,0.71482,0.72093,0.47823,0.95449,1.75858,0.82494,1.15696,0,0,0,5.36869e-05,5.36869e-05,5.36869e-05
569,4774.68,1.3429,2.33411,1.11411,1.34824,0.12581,0.12726,0.1364,0.80527,0.78346,0.82144,0.64771,0.73753,0.71777,0.72226,0.48362,0.95252,1.76801,0.82585,1.15573,0,0,0,5.23124e-05,5.23124e-05,5.23124e-05
570,4782.85,1.35574,2.32798,1.10858,1.3272,0.12852,0.12699,0.13791,0.80407,0.78231,0.81934,0.64421,0.73802,0.71685,0.72089,0.48485,0.95676,1.77037,0.82878,1.1561,0,0,0,5.09379e-05,5.09379e-05,5.09379e-05
571,4791.24,1.25334,2.19718,1.06517,1.33141,0.11905,0.12421,0.1326,0.81781,0.77271,0.8195,0.64231,0.7697,0.7041,0.73053,0.48674,0.958,1.7673,0.82994,1.15568,0,0,0,4.95635e-05,4.95635e-05,4.95635e-05
572,4799.4,1.29898,2.29865,1.0892,1.31388,0.12708,0.12817,0.13726,0.80953,0.77778,0.81909,0.64511,0.75603,0.71669,0.7316,0.49331,0.95369,1.768,0.82776,1.15261,0,0,0,4.81891e-05,4.81891e-05,4.81891e-05
573,4807.65,1.33909,2.31716,1.10993,1.32263,0.12186,0.12464,0.1325,0.82715,0.75877,0.82127,0.64484,0.76231,0.70655,0.73225,0.49435,0.95241,1.76493,0.82775,1.15216,0,0,0,4.68146e-05,4.68146e-05,4.68146e-05
574,4815.94,1.36644,2.2564,1.15189,1.33818,0.12782,0.12497,0.13444,0.8463,0.74281,0.8201,0.65355,0.77215,0.69772,0.73098,0.49208,0.95197,1.76067,0.82845,1.15166,0,0,0,4.54402e-05,4.54402e-05,4.54402e-05
575,4824.4,1.31148,2.24044,1.09307,1.3421,0.12443,0.12403,0.1323,0.78428,0.78007,0.81903,0.65269,0.73359,0.71357,0.72106,0.4916,0.95036,1.7542,0.82512,1.15117,0,0,0,4.40657e-05,4.40657e-05,4.40657e-05
576,4832.6,1.31559,2.28409,1.09517,1.32947,0.11782,0.12233,0.13013,0.83671,0.74568,0.81973,0.64885,0.7671,0.68594,0.72257,0.49248,0.95009,1.74565,0.82145,1.15153,0,0,0,4.26912e-05,4.26912e-05,4.26912e-05
577,4840.86,1.33681,2.31337,1.08745,1.31559,0.11387,0.1196,0.12832,0.83099,0.73883,0.81834,0.64876,0.76444,0.6867,0.72033,0.48893,0.94912,1.74559,0.82041,1.15203,0,0,0,4.13168e-05,4.13168e-05,4.13168e-05
578,4849.29,1.30373,2.27318,1.09754,1.33145,0.12349,0.12365,0.13193,0.80563,0.7704,0.81877,0.64877,0.75371,0.70505,0.71965,0.48955,0.94891,1.75141,0.82026,1.15146,0,0,0,3.99423e-05,3.99423e-05,3.99423e-05
579,4857.5,1.24905,2.16341,1.07732,1.34626,0.12757,0.12736,0.13696,0.8127,0.76719,0.81921,0.65028,0.75677,0.70982,0.72892,0.49283,0.94574,1.75417,0.81979,1.14917,0,0,0,3.85679e-05,3.85679e-05,3.85679e-05
580,4865.66,1.30003,2.24843,1.1071,1.32955,0.12426,0.12153,0.13074,0.80821,0.76855,0.81846,0.65125,0.74373,0.70655,0.72327,0.49303,0.94203,1.74761,0.81994,1.14752,0,0,0,3.71935e-05,3.71935e-05,3.71935e-05
581,4873.93,1.31607,2.2299,1.1115,1.32693,0.12841,0.12559,0.13562,0.81358,0.76851,0.82066,0.6529,0.74943,0.70432,0.72331,0.48957,0.93978,1.74756,0.81885,1.14662,0,0,0,3.5819e-05,3.5819e-05,3.5819e-05
582,4882.48,1.24167,2.20571,1.06698,1.33996,0.12692,0.12979,0.13928,0.78642,0.78837,0.82037,0.65544,0.74621,0.70878,0.72247,0.48748,0.94036,1.74643,0.82068,1.14747,0,0,0,3.44445e-05,3.44445e-05,3.44445e-05
583,4890.72,1.36239,2.32681,1.09856,1.34415,0.12837,0.13068,0.13915,0.8205,0.76305,0.82131,0.65054,0.75556,0.70154,0.72179,0.49219,0.94035,1.74688,0.82374,1.14774,0,0,0,3.30701e-05,3.30701e-05,3.30701e-05
584,4898.97,1.25892,2.17072,1.07544,1.33715,0.12928,0.12891,0.13839,0.84844,0.75088,0.82051,0.65066,0.77558,0.70178,0.72481,0.49291,0.94065,1.75109,0.82688,1.1482,0,0,0,3.16956e-05,3.16956e-05,3.16956e-05
585,4907.74,1.30371,2.26132,1.14094,1.33856,0.12022,0.1207,0.12942,0.83329,0.76652,0.82062,0.65116,0.77937,0.70545,0.72388,0.49199,0.94215,1.74736,0.82789,1.14766,0,0,0,3.03212e-05,3.03212e-05,3.03212e-05
586,4915.82,1.2444,2.16594,1.07727,1.33079,0.11546,0.12018,0.12911,0.84661,0.76527,0.82213,0.65432,0.77643,0.69947,0.72402,0.48553,0.94245,1.74153,0.82642,1.14671,0,0,0,2.89468e-05,2.89468e-05,2.89468e-05
587,4924.1,1.31064,2.22014,1.11309,1.35359,0.12949,0.12667,0.13534,0.84766,0.76631,0.82143,0.65131,0.77845,0.69984,0.72463,0.48587,0.9412,1.74167,0.82462,1.1465,0,0,0,2.75723e-05,2.75723e-05,2.75723e-05
588,4932.42,1.27902,2.28274,1.08249,1.33391,0.11999,0.12302,0.13104,0.85089,0.77314,0.82175,0.65072,0.78069,0.70689,0.7248,0.49216,0.93906,1.74218,0.82384,1.14658,0,0,0,2.61978e-05,2.61978e-05,2.61978e-05
589,4940.73,1.31963,2.35216,1.11724,1.35294,0.12,0.12006,0.12943,0.84392,0.77042,0.82289,0.6529,0.77488,0.70547,0.72491,0.49375,0.93826,1.7461,0.8246,1.14582,0,0,0,2.48234e-05,2.48234e-05,2.48234e-05
590,4949.07,1.28143,2.27821,1.09991,1.33226,0.11535,0.1165,0.12616,0.8435,0.76826,0.82215,0.65588,0.77687,0.70754,0.72495,0.49427,0.93714,1.74401,0.82346,1.14488,0,0,0,2.34489e-05,2.34489e-05,2.34489e-05
591,4961.73,1.34323,2.26647,1.12015,1.35121,0.09391,0.08151,0.08948,0.85953,0.74693,0.82178,0.64597,0.78913,0.68333,0.7236,0.49066,0.95782,1.76678,0.83688,1.15006,0,0,0,2.20745e-05,2.20745e-05,2.20745e-05
592,4969.98,1.28143,2.19571,1.03507,1.34251,0.09172,0.08051,0.08781,0.86917,0.74596,0.8184,0.65092,0.80029,0.68673,0.72489,0.48463,0.98849,1.80347,0.85314,1.16179,0,0,0,2.07001e-05,2.07001e-05,2.07001e-05
593,4978.08,1.32041,2.28932,1.0625,1.34987,0.0889,0.07892,0.08691,0.87998,0.73244,0.81732,0.64225,0.80449,0.68031,0.72158,0.47581,1.00664,1.82672,0.86097,1.16932,0,0,0,1.93256e-05,1.93256e-05,1.93256e-05
594,4986.08,1.26572,2.2242,1.031,1.34591,0.08708,0.07904,0.08587,0.87194,0.72901,0.81572,0.63857,0.78713,0.6863,0.71917,0.47096,1.01249,1.83836,0.8606,1.17223,0,0,0,1.79512e-05,1.79512e-05,1.79512e-05
595,4993.97,1.23211,2.14467,1.01092,1.30251,0.09088,0.07966,0.08776,0.87171,0.72862,0.81539,0.63409,0.76358,0.69802,0.71796,0.46529,1.0171,1.84685,0.85848,1.17523,0,0,0,1.65767e-05,1.65767e-05,1.65767e-05
596,5002.27,1.22499,2.14876,1.01221,1.31562,0.0859,0.07998,0.08685,0.89531,0.7174,0.81623,0.63373,0.80621,0.67645,0.71866,0.4667,1.01366,1.84119,0.85503,1.17329,0,0,0,1.52022e-05,1.52022e-05,1.52022e-05
597,5010.37,1.21602,2.09105,0.99199,1.27764,0.0826,0.07788,0.08389,0.89077,0.7271,0.81597,0.6305,0.81341,0.67367,0.72067,0.46759,1.01192,1.83833,0.85489,1.17224,0,0,0,1.38278e-05,1.38278e-05,1.38278e-05
598,5018.31,1.24277,2.1973,1.00389,1.30731,0.08425,0.07824,0.08461,0.89037,0.72552,0.81555,0.63331,0.82372,0.67551,0.72236,0.46771,1.00824,1.8338,0.85387,1.17161,0,0,0,1.24534e-05,1.24534e-05,1.24534e-05
599,5026.3,1.2608,2.20338,1.01049,1.26884,0.08405,0.07798,0.085,0.88316,0.72355,0.81599,0.62973,0.79995,0.68037,0.72312,0.46865,1.00935,1.8342,0.85379,1.17097,0,0,0,1.10789e-05,1.10789e-05,1.10789e-05
600,5034.51,1.25407,2.12205,1.00622,1.31529,0.08374,0.0778,0.08457,0.88852,0.71147,0.81476,0.63042,0.79996,0.67283,0.72295,0.46986,1.00735,1.83223,0.85416,1.16976,0,0,0,9.70445e-06,9.70445e-06,9.70445e-06
