epoch,time,train/box_loss,train/seg_loss,train/cls_loss,train/dfl_loss,train/sem_loss,train/heat_loss,train/seed_loss,metrics/precision(B),metrics/recall(B),metrics/mAP50(B),metrics/mAP50-95(B),metrics/precision(M),metrics/recall(M),metrics/mAP50(M),metrics/mAP50-95(M),val/box_loss,val/seg_loss,val/cls_loss,val/dfl_loss,val/sem_loss,val/heat_loss,val/seed_loss,lr/pg0,lr/pg1,lr/pg2
8,59.9703,2.3045,3.75978,3.60941,1.84972,0,0,0,0.86782,0.01304,0.02017,0.00698,0.7723,0.01083,0.00862,0.0026,2.41666,4.37526,3.26671,1.96048,0,0,0,0.000823379,0.000823379,0.000823379
9,66.3266,2.21633,3.76213,3.48943,1.78418,0,0,0,0.75146,0.01082,0.01619,0.00559,0.64219,0.01003,0.0099,0.00318,2.38025,4.20314,3.28884,1.89748,0,0,0,0.000822004,0.000822004,0.000822004
10,73.0263,2.24732,3.7485,3.26954,1.76319,0,0,0,0.673,0.02127,0.03033,0.00952,0.6601,0.01465,0.01065,0.00336,2.42408,4.10018,3.29673,1.90805,0,0,0,0.00082063,0.00082063,0.00082063
11,79.632,2.25611,3.79652,3.35883,1.81495,0,0,0,0.67868,0.06382,0.08564,0.02179,0.66109,0.02817,0.01356,0.00398,2.35225,4.00568,3.08739,2.00256,0,0,0,0.000819255,0.000819255,0.000819255
12,86.2044,2.16376,3.73275,3.23571,1.76557,0,0,0,0.66764,0.04894,0.11381,0.03942,0.66057,0.04387,0.07292,0.02038,2.33213,3.80759,3.1654,1.99436,0,0,0,0.000817881,0.000817881,0.000817881
13,92.8087,2.23566,3.64686,3.15106,1.74364,0,0,0,0.54794,0.0712,0.13077,0.05153,0.53492,0.04197,0.01792,0.00542,2.30215,3.95554,3.01166,1.97347,0,0,0,0.000816507,0.000816507,0.000816507
14,99.2923,2.25698,3.71678,3.2434,1.78382,0,0,0,0.68719,0.07849,0.13105,0.05223,0.67819,0.0453,0.03676,0.01034,2.27767,3.85732,2.87058,1.93263,0,0,0,0.000815132,0.000815132,0.000815132
15,105.78,2.15138,3.58581,3.21748,1.73942,0,0,0,0.60781,0.08686,0.06759,0.02763,0.53858,0.05147,0.03478,0.01221,2.27621,3.90631,2.8304,1.87605,0,0,0,0.000813758,0.000813758,0.000813758
16,113.442,2.12551,3.672,3.06174,1.72415,0,0,0,0.40929,0.10131,0.08396,0.03178,0.53948,0.04686,0.03418,0.00998,2.1918,3.92088,2.8507,1.85226,0,0,0,0.000812383,0.000812383,0.000812383
17,119.921,2.12506,3.62646,2.97319,1.73414,0,0,0,0.35724,0.13257,0.11771,0.04824,0.31236,0.10692,0.08248,0.02428,2.21001,3.71832,2.81364,1.8581,0,0,0,0.000811009,0.000811009,0.000811009
18,126.601,2.14408,3.6053,2.95918,1.72703,0,0,0,0.32508,0.15835,0.12732,0.05193,0.23239,0.11304,0.07564,0.02235,2.17715,3.6868,2.85155,1.83865,0,0,0,0.000809634,0.000809634,0.000809634
19,133.075,2.18721,3.66252,2.97032,1.67233,0,0,0,0.54953,0.16667,0.14492,0.0654,0.39337,0.12391,0.05826,0.01717,2.20066,3.77327,2.84615,1.78729,0,0,0,0.00080826,0.00080826,0.00080826
20,139.54,1.99337,3.54233,2.97531,1.67079,0,0,0,0.5043,0.1908,0.16307,0.06138,0.39752,0.0659,0.04278,0.01433,2.14482,3.75754,2.67782,1.75098,0,0,0,0.000806885,0.000806885,0.000806885
21,145.996,2.08304,3.53771,2.88189,1.69684,0,0,0,0.16529,0.23345,0.11404,0.03902,0.199,0.1286,0.056,0.01538,2.15821,3.69655,2.79118,1.72088,0,0,0,0.000805511,0.000805511,0.000805511
22,152.553,2.06873,3.48872,2.81285,1.67613,0,0,0,0.34257,0.20727,0.14531,0.06479,0.10667,0.18157,0.0966,0.03038,2.12319,3.65625,2.77918,1.69058,0,0,0,0.000804137,0.000804137,0.000804137
23,159.103,2.03013,3.56036,2.68667,1.62314,0,0,0,0.30587,0.12868,0.13937,0.05909,0.25766,0.10394,0.10241,0.03698,2.1351,3.52673,2.90393,1.73549,0,0,0,0.000802762,0.000802762,0.000802762
24,166.562,1.98161,3.46838,2.73305,1.63199,0,0,0,0.19221,0.16858,0.1069,0.04429,0.09292,0.07536,0.04705,0.01397,2.08232,3.53979,2.73491,1.75074,0,0,0,0.000801388,0.000801388,0.000801388
25,172.996,2.00059,3.52453,2.6211,1.58711,0,0,0,0.28316,0.2252,0.16325,0.07769,0.24643,0.19593,0.11353,0.04448,2.10956,3.49707,2.79426,1.77399,0,0,0,0.000800013,0.000800013,0.000800013
26,179.57,1.99752,3.51085,2.64097,1.60483,0,0,0,0.25827,0.28839,0.18585,0.09155,0.19722,0.19746,0.1107,0.03903,2.11323,3.46686,2.68772,1.76769,0,0,0,0.000798639,0.000798639,0.000798639
27,186.335,1.99039,3.50488,2.52911,1.56811,0,0,0,0.52238,0.21698,0.20819,0.09943,0.46876,0.18975,0.17868,0.06122,2.06432,3.46491,2.64207,1.74837,0,0,0,0.000797264,0.000797264,0.000797264
28,192.942,1.99509,3.50493,2.50943,1.60281,0,0,0,0.39476,0.32735,0.26225,0.114,0.3403,0.25754,0.19358,0.07244,1.96929,3.40338,2.49912,1.64838,0,0,0,0.00079589,0.00079589,0.00079589
29,199.359,1.99339,3.42731,2.51146,1.58826,0,0,0,0.52525,0.30197,0.28434,0.12924,0.43534,0.21548,0.19852,0.08207,2.02396,3.42145,2.54945,1.71861,0,0,0,0.000794515,0.000794515,0.000794515
30,205.938,1.93245,3.36557,2.43785,1.56432,0,0,0,0.5191,0.25672,0.26986,0.14655,0.27986,0.22991,0.21166,0.09993,1.97514,3.38634,2.6243,1.68571,0,0,0,0.000793141,0.000793141,0.000793141
31,212.513,1.94232,3.28669,2.49845,1.57429,0,0,0,0.58175,0.22732,0.25495,0.12871,0.4376,0.16427,0.15882,0.06048,1.9618,3.3908,2.30611,1.64815,0,0,0,0.000791767,0.000791767,0.000791767
32,219.046,1.89408,3.28827,2.45753,1.56125,0,0,0,0.49002,0.26753,0.26752,0.12746,0.32473,0.23347,0.15144,0.05571,1.96363,3.36441,2.27364,1.60908,0,0,0,0.000790392,0.000790392,0.000790392
33,225.634,1.82799,3.37036,2.3475,1.55073,0,0,0,0.48419,0.22531,0.22791,0.10528,0.37565,0.15732,0.14011,0.05143,1.98516,3.48975,2.53219,1.62348,0,0,0,0.000789018,0.000789018,0.000789018
34,232.213,2.02385,3.35152,2.39056,1.56847,0,0,0,0.39863,0.30252,0.27372,0.125,0.33949,0.23989,0.20612,0.08388,1.93002,3.36474,2.32076,1.61695,0,0,0,0.000787643,0.000787643,0.000787643
35,238.891,1.8754,3.30349,2.29582,1.51634,0,0,0,0.34026,0.39299,0.34037,0.17933,0.25711,0.31566,0.23291,0.09703,1.91983,3.34646,2.26778,1.60767,0,0,0,0.000786269,0.000786269,0.000786269
36,245.506,1.96296,3.33368,2.29978,1.5274,0,0,0,0.51055,0.27276,0.35981,0.17704,0.35486,0.18528,0.17818,0.06187,1.94307,3.38245,2.24341,1.59917,0,0,0,0.000784894,0.000784894,0.000784894
37,252.017,1.88238,3.39143,2.33427,1.50864,0,0,0,0.46488,0.24801,0.26987,0.13044,0.38508,0.19584,0.19336,0.07406,1.93639,3.32885,2.29984,1.61517,0,0,0,0.00078352,0.00078352,0.00078352
38,258.48,1.89406,3.38006,2.2766,1.47856,0,0,0,0.47807,0.2367,0.21238,0.10303,0.40978,0.17352,0.17223,0.06223,1.96323,3.46013,2.77276,1.68595,0,0,0,0.000782145,0.000782145,0.000782145
39,265.029,1.85946,3.27251,2.27196,1.4704,0,0,0,0.4829,0.24583,0.21211,0.10666,0.42794,0.1801,0.1477,0.06203,1.93852,3.34292,2.42609,1.64482,0,0,0,0.000780771,0.000780771,0.000780771
40,271.537,1.90798,3.25566,2.18417,1.51153,0,0,0,0.31683,0.39389,0.31453,0.15856,0.28262,0.3783,0.25342,0.10028,1.85363,3.21331,2.08295,1.58011,0,0,0,0.000779396,0.000779396,0.000779396
41,277.89,1.86705,3.24278,2.22286,1.47468,0,0,0,0.37855,0.38836,0.34494,0.18808,0.31472,0.32928,0.25528,0.10643,1.85255,3.22946,2.13696,1.55986,0,0,0,0.000778022,0.000778022,0.000778022
42,284.422,1.84322,3.27265,2.20284,1.48649,0,0,0,0.41426,0.36297,0.36701,0.19787,0.35071,0.30957,0.27638,0.12638,1.86737,3.32825,2.10626,1.54842,0,0,0,0.000776648,0.000776648,0.000776648
43,290.918,1.85673,3.23411,2.19629,1.50115,0,0,0,0.62287,0.34212,0.39879,0.21067,0.54194,0.29343,0.29566,0.13067,1.82368,3.25993,2.0764,1.50684,0,0,0,0.000775273,0.000775273,0.000775273
44,297.271,1.85581,3.25067,2.20986,1.48656,0,0,0,0.39892,0.47167,0.41943,0.23366,0.34305,0.40437,0.32806,0.1523,1.75603,3.18099,2.17406,1.48547,0,0,0,0.000773899,0.000773899,0.000773899
45,303.832,1.79639,3.21553,2.18347,1.49521,0,0,0,0.44987,0.42487,0.4174,0.20113,0.61777,0.2713,0.31761,0.12536,1.76698,3.15799,2.04009,1.51454,0,0,0,0.000772524,0.000772524,0.000772524
46,310.32,1.78108,3.17432,2.11885,1.48878,0,0,0,0.42708,0.48136,0.41407,0.21043,0.35033,0.36795,0.3049,0.13087,1.78109,3.10736,1.96319,1.52986,0,0,0,0.00077115,0.00077115,0.00077115
47,316.674,1.82699,3.13061,2.05637,1.44797,0,0,0,0.59945,0.36628,0.46441,0.22672,0.50291,0.27754,0.3389,0.15725,1.80016,3.08843,1.86943,1.55499,0,0,0,0.000769775,0.000769775,0.000769775
48,323.029,1.82716,3.20351,2.0496,1.44432,0,0,0,0.50935,0.34021,0.42441,0.22442,0.29211,0.38969,0.27115,0.12186,1.80801,3.2118,2.02807,1.52538,0,0,0,0.000768401,0.000768401,0.000768401
49,329.429,1.8104,3.08396,2.04861,1.43508,0,0,0,0.48148,0.45867,0.41579,0.20793,0.35939,0.39793,0.26332,0.11234,1.77348,3.12207,2.0783,1.49794,0,0,0,0.000767026,0.000767026,0.000767026
50,335.887,1.82006,3.21013,2.06044,1.46044,0,0,0,0.57925,0.42194,0.43472,0.2364,0.46295,0.31536,0.31016,0.13252,1.77057,3.1857,1.99743,1.47365,0,0,0,0.000765652,0.000765652,0.000765652
51,342.312,1.8712,3.20639,2.10013,1.48633,0,0,0,0.53828,0.3705,0.43996,0.25882,0.41934,0.31125,0.32376,0.1473,1.76657,3.0629,1.94949,1.48243,0,0,0,0.000764278,0.000764278,0.000764278
52,348.688,1.75281,3.15242,2.04256,1.48537,0,0,0,0.44407,0.45816,0.43369,0.2475,0.36282,0.38492,0.31907,0.1421,1.80355,3.10742,1.971,1.50139,0,0,0,0.000762903,0.000762903,0.000762903
53,355.164,1.81152,3.23077,2.08694,1.46914,0,0,0,0.58494,0.43187,0.46905,0.25424,0.50229,0.34694,0.35771,0.14888,1.73245,3.06816,1.90451,1.45973,0,0,0,0.000761529,0.000761529,0.000761529
54,361.537,1.8441,3.12214,2.0571,1.43812,0,0,0,0.46035,0.48469,0.4586,0.24686,0.36791,0.40572,0.34825,0.16759,1.73766,3.05877,2.04693,1.46491,0,0,0,0.000760154,0.000760154,0.000760154
55,368.05,1.72317,3.17555,1.98649,1.42642,0,0,0,0.48223,0.51555,0.48718,0.28512,0.55016,0.32376,0.34469,0.17251,1.65903,2.98626,1.7889,1.43582,0,0,0,0.00075878,0.00075878,0.00075878
56,374.377,1.73182,3.13891,1.90631,1.39603,0,0,0,0.56494,0.52145,0.54685,0.32161,0.47329,0.41847,0.40484,0.18157,1.65008,3.09386,1.64711,1.43423,0,0,0,0.000757405,0.000757405,0.000757405
57,380.995,1.71794,3.04668,1.89115,1.43284,0,0,0,0.47097,0.44128,0.43984,0.23849,0.33118,0.4304,0.32177,0.11897,1.70045,3.06493,1.8535,1.46148,0,0,0,0.000756031,0.000756031,0.000756031
58,387.24,1.73291,3.06648,1.886,1.41231,0,0,0,0.44615,0.42853,0.41421,0.23496,0.34183,0.36723,0.29521,0.12364,1.70049,3.05723,1.81932,1.44922,0,0,0,0.000754656,0.000754656,0.000754656
59,394.436,1.70706,3.01043,1.85887,1.4159,0,0,0,0.50395,0.52093,0.48637,0.2752,0.43658,0.44497,0.36213,0.15465,1.66077,2.93017,1.73848,1.42626,0,0,0,0.000753282,0.000753282,0.000753282
60,400.865,1.80259,3.04149,1.89015,1.40472,0,0,0,0.57039,0.39198,0.50697,0.28505,0.52387,0.33604,0.40144,0.18795,1.64257,2.93466,1.6642,1.41756,0,0,0,0.000751907,0.000751907,0.000751907
61,407.227,1.73814,3.04503,1.89187,1.41465,0,0,0,0.45037,0.58536,0.52015,0.27597,0.39224,0.51236,0.41873,0.17342,1.68298,2.92671,1.68961,1.45513,0,0,0,0.000750533,0.000750533,0.000750533
62,413.459,1.7192,3.04887,1.81784,1.40876,0,0,0,0.63259,0.43771,0.52844,0.2985,0.55448,0.38708,0.41545,0.18946,1.66728,2.89674,1.74002,1.4362,0,0,0,0.000749159,0.000749159,0.000749159
63,419.952,1.67907,3.03166,1.83621,1.37527,0,0,0,0.52997,0.52642,0.53353,0.31149,0.46936,0.46635,0.43738,0.20687,1.65423,2.90458,1.7638,1.43162,0,0,0,0.000747784,0.000747784,0.000747784
64,426.522,1.71818,3.08013,1.88549,1.39874,0,0,0,0.59372,0.46836,0.53366,0.30691,0.54469,0.42769,0.43567,0.2089,1.66431,3.02175,1.68431,1.41759,0,0,0,0.00074641,0.00074641,0.00074641
65,432.972,1.71033,3.03663,1.79887,1.37405,0,0,0,0.58121,0.50005,0.53184,0.30851,0.49414,0.4342,0.42022,0.21049,1.63835,2.89745,1.6306,1.39949,0,0,0,0.000745035,0.000745035,0.000745035
66,439.368,1.70133,2.95896,1.75517,1.39039,0,0,0,0.53416,0.53057,0.51579,0.30368,0.46615,0.47049,0.40586,0.20332,1.59068,2.81652,1.61114,1.3835,0,0,0,0.000743661,0.000743661,0.000743661
67,445.722,1.66991,2.98076,1.72987,1.34883,0,0,0,0.64432,0.51584,0.56478,0.34309,0.56086,0.43544,0.43286,0.21279,1.56792,2.85951,1.57281,1.35845,0,0,0,0.000742286,0.000742286,0.000742286
68,452.085,1.65962,2.9076,1.76738,1.38672,0,0,0,0.54545,0.51108,0.49182,0.30048,0.46748,0.43695,0.3923,0.20034,1.60189,2.89331,1.72767,1.35432,0,0,0,0.000740912,0.000740912,0.000740912
69,458.633,1.65241,2.9182,1.75536,1.34006,0,0,0,0.63146,0.48939,0.55421,0.34927,0.56608,0.41748,0.45154,0.22147,1.55391,2.90593,1.61893,1.34209,0,0,0,0.000739537,0.000739537,0.000739537
70,465.199,1.64717,2.87059,1.67371,1.33971,0,0,0,0.60929,0.51177,0.57135,0.34598,0.55807,0.41201,0.43132,0.21043,1.58821,2.87686,1.60518,1.36457,0,0,0,0.000738163,0.000738163,0.000738163
71,471.509,1.66132,2.91405,1.66885,1.35258,0,0,0,0.67738,0.52879,0.60424,0.37836,0.60588,0.46686,0.48983,0.25186,1.54972,2.7824,1.52741,1.33771,0,0,0,0.000736788,0.000736788,0.000736788
72,478.006,1.71152,2.98234,1.69216,1.35124,0,0,0,0.64257,0.55169,0.59833,0.3883,0.51139,0.51936,0.47909,0.25904,1.52363,2.75186,1.47642,1.30938,0,0,0,0.000735414,0.000735414,0.000735414
73,484.367,1.6517,2.95728,1.68908,1.31367,0,0,0,0.59759,0.56922,0.56513,0.35483,0.56291,0.47781,0.47312,0.23426,1.51041,2.74034,1.44665,1.30506,0,0,0,0.00073404,0.00073404,0.00073404
74,490.91,1.61177,2.83492,1.68063,1.33949,0,0,0,0.60398,0.57337,0.60854,0.37828,0.56228,0.50528,0.50412,0.27403,1.5234,2.7711,1.43999,1.30962,0,0,0,0.000732665,0.000732665,0.000732665
75,497.347,1.66616,2.85356,1.68542,1.32307,0,0,0,0.63112,0.59528,0.61609,0.37622,0.56846,0.53324,0.50604,0.25041,1.57876,2.8306,1.47952,1.33822,0,0,0,0.000731291,0.000731291,0.000731291
76,503.725,1.59061,2.91791,1.67146,1.32094,0,0,0,0.60254,0.61451,0.61747,0.39098,0.66571,0.46502,0.49924,0.26076,1.52806,2.77428,1.44171,1.32608,0,0,0,0.000729916,0.000729916,0.000729916
77,510.296,1.59393,2.84178,1.56841,1.32822,0,0,0,0.67932,0.5576,0.6171,0.39826,0.60336,0.47303,0.49853,0.27743,1.51853,2.73455,1.42854,1.31006,0,0,0,0.000728542,0.000728542,0.000728542
78,516.788,1.66851,2.81841,1.65887,1.32908,0,0,0,0.63441,0.59189,0.59452,0.35804,0.54304,0.49179,0.4593,0.23923,1.49249,2.71438,1.48037,1.29196,0,0,0,0.000727167,0.000727167,0.000727167
79,523.139,1.57599,2.82911,1.56775,1.27933,0,0,0,0.604,0.57984,0.57065,0.33961,0.51884,0.50352,0.45527,0.22673,1.51068,2.77817,1.5042,1.30346,0,0,0,0.000725793,0.000725793,0.000725793
80,529.606,1.63125,2.86802,1.61955,1.29152,0,0,0,0.5418,0.57747,0.58663,0.37017,0.47275,0.51553,0.47578,0.25398,1.48939,2.72481,1.4102,1.29107,0,0,0,0.000724418,0.000724418,0.000724418
81,536.002,1.55698,2.75558,1.55571,1.27671,0,0,0,0.52925,0.59986,0.59284,0.37224,0.45614,0.52788,0.47526,0.25555,1.4633,2.67982,1.41698,1.28015,0,0,0,0.000723044,0.000723044,0.000723044
82,542.419,1.57075,2.82711,1.5415,1.29019,0,0,0,0.60993,0.56337,0.59031,0.37413,0.54169,0.50496,0.48131,0.25323,1.46956,2.67262,1.45745,1.27402,0,0,0,0.00072167,0.00072167,0.00072167
83,548.944,1.58596,2.88129,1.57004,1.30888,0,0,0,0.70302,0.57832,0.6422,0.41666,0.60699,0.50228,0.50682,0.26746,1.42368,2.6297,1.37541,1.24264,0,0,0,0.000720295,0.000720295,0.000720295
84,555.604,1.67939,2.90539,1.61507,1.32476,0,0,0,0.70064,0.57679,0.64699,0.41645,0.61682,0.50148,0.51567,0.27891,1.45701,2.64212,1.3863,1.25473,0,0,0,0.000718921,0.000718921,0.000718921
85,562.221,1.5954,2.82714,1.56221,1.29255,0,0,0,0.63817,0.60108,0.64897,0.40956,0.61871,0.47072,0.50649,0.27721,1.50166,2.63671,1.39319,1.28232,0,0,0,0.000717546,0.000717546,0.000717546
86,568.802,1.60867,2.79248,1.55764,1.29474,0,0,0,0.71624,0.64516,0.67762,0.42586,0.65793,0.52059,0.53578,0.29108,1.42125,2.59642,1.32098,1.24186,0,0,0,0.000716172,0.000716172,0.000716172
87,575.069,1.56409,2.84395,1.50017,1.28235,0,0,0,0.71075,0.60678,0.65618,0.40847,0.6646,0.5393,0.55206,0.29464,1.42795,2.53528,1.28328,1.24953,0,0,0,0.000714797,0.000714797,0.000714797
88,581.529,1.53613,2.7613,1.55794,1.32068,0,0,0,0.69183,0.57751,0.64302,0.39363,0.64678,0.48476,0.52221,0.28615,1.44052,2.60126,1.30377,1.25217,0,0,0,0.000713423,0.000713423,0.000713423
89,587.823,1.54902,2.86152,1.54201,1.26978,0,0,0,0.68794,0.60866,0.6437,0.40651,0.59731,0.50372,0.51391,0.26313,1.46569,2.67627,1.35726,1.27712,0,0,0,0.000712048,0.000712048,0.000712048
90,594.113,1.52548,2.84313,1.51681,1.28469,0,0,0,0.66905,0.62313,0.64812,0.42628,0.58809,0.54113,0.5304,0.2869,1.46193,2.66913,1.36226,1.27202,0,0,0,0.000710674,0.000710674,0.000710674
91,600.577,1.57899,2.79014,1.49124,1.29917,0,0,0,0.7211,0.61771,0.65946,0.43582,0.65476,0.53917,0.55225,0.30057,1.40927,2.56517,1.29042,1.23938,0,0,0,0.000709299,0.000709299,0.000709299
92,607.266,1.54327,2.77282,1.45814,1.26202,0,0,0,0.66803,0.57892,0.64877,0.39563,0.58805,0.51277,0.52121,0.26222,1.40676,2.59554,1.35657,1.24677,0,0,0,0.000707925,0.000707925,0.000707925
93,613.557,1.54443,2.81264,1.45062,1.2376,0,0,0,0.65438,0.51405,0.58857,0.3184,0.5265,0.39137,0.40594,0.19103,1.48016,2.68197,1.38531,1.26731,0,0,0,0.000706551,0.000706551,0.000706551
94,619.944,1.56078,2.72597,1.5008,1.27483,0,0,0,0.66944,0.59821,0.6446,0.40935,0.61659,0.52926,0.53057,0.25332,1.42228,2.52799,1.26983,1.23426,0,0,0,0.000705176,0.000705176,0.000705176
95,626.295,1.46527,2.65831,1.40394,1.25925,0,0,0,0.69935,0.61187,0.67716,0.43778,0.59194,0.54308,0.53089,0.2873,1.42337,2.64953,1.29449,1.23147,0,0,0,0.000703802,0.000703802,0.000703802
96,632.736,1.44402,2.68741,1.3963,1.26624,0,0,0,0.67017,0.66356,0.68751,0.45241,0.61392,0.5821,0.5642,0.31969,1.39034,2.53205,1.24298,1.22022,0,0,0,0.000702427,0.000702427,0.000702427
97,639.247,1.45478,2.67719,1.39964,1.26958,0,0,0,0.64812,0.67571,0.67995,0.45286,0.55481,0.61344,0.56076,0.30909,1.40735,2.53262,1.24858,1.23222,0,0,0,0.000701053,0.000701053,0.000701053
98,645.466,1.51229,2.74847,1.4157,1.25211,0,0,0,0.661,0.6716,0.68992,0.43233,0.6314,0.54974,0.55793,0.28944,1.40851,2.56853,1.25883,1.2541,0,0,0,0.000699678,0.000699678,0.000699678
99,651.861,1.48365,2.6858,1.43219,1.26468,0,0,0,0.71346,0.58825,0.68923,0.44192,0.63534,0.52024,0.58182,0.3097,1.36654,2.50613,1.25106,1.22899,0,0,0,0.000698304,0.000698304,0.000698304
100,658.324,1.58302,2.78045,1.42326,1.25595,0,0,0,0.71094,0.62344,0.69202,0.45442,0.6252,0.56248,0.5676,0.3008,1.34221,2.45425,1.20052,1.21121,0,0,0,0.000696929,0.000696929,0.000696929
101,664.775,1.58556,2.76144,1.45579,1.27054,0,0,0,0.67382,0.68329,0.70344,0.46875,0.62378,0.54849,0.56038,0.31257,1.34117,2.48495,1.21865,1.21072,0,0,0,0.000695555,0.000695555,0.000695555
102,671.261,1.52961,2.73382,1.3884,1.22336,0,0,0,0.74891,0.59247,0.68712,0.44718,0.66577,0.52489,0.5693,0.31,1.34123,2.47956,1.2181,1.19585,0,0,0,0.000694181,0.000694181,0.000694181
103,677.655,1.50432,2.7014,1.39442,1.23645,0,0,0,0.73898,0.60886,0.70309,0.46266,0.64308,0.53164,0.56341,0.31783,1.34649,2.48985,1.20305,1.18567,0,0,0,0.000692806,0.000692806,0.000692806
104,683.833,1.45069,2.65666,1.37811,1.24177,0,0,0,0.69984,0.64764,0.68594,0.4522,0.63437,0.57324,0.57734,0.31185,1.3673,2.4668,1.26323,1.20937,0,0,0,0.000691432,0.000691432,0.000691432
105,690.226,1.4775,2.71949,1.43855,1.26189,0,0,0,0.76323,0.6622,0.70137,0.4508,0.69595,0.59691,0.60145,0.33136,1.39841,2.44923,1.21765,1.21761,0,0,0,0.000690057,0.000690057,0.000690057
106,696.649,1.47535,2.61708,1.42469,1.24019,0,0,0,0.76322,0.65461,0.7156,0.47664,0.71081,0.58009,0.61261,0.32677,1.36402,2.44187,1.15419,1.20275,0,0,0,0.000688683,0.000688683,0.000688683
107,703.142,1.52011,2.69484,1.40979,1.27347,0,0,0,0.69039,0.66188,0.68128,0.45827,0.70064,0.54701,0.58339,0.33226,1.32674,2.37814,1.17054,1.18988,0,0,0,0.000687308,0.000687308,0.000687308
108,709.556,1.49557,2.691,1.36383,1.20144,0,0,0,0.69013,0.64606,0.67647,0.45415,0.62913,0.5692,0.57331,0.31802,1.29586,2.37227,1.14141,1.17708,0,0,0,0.000685934,0.000685934,0.000685934
109,716.113,1.46008,2.6635,1.35864,1.22445,0,0,0,0.68414,0.64505,0.69514,0.47273,0.70884,0.53301,0.57616,0.32761,1.28683,2.40881,1.15921,1.15906,0,0,0,0.000684559,0.000684559,0.000684559
110,722.618,1.46488,2.60071,1.37789,1.22318,0,0,0,0.71138,0.6518,0.69798,0.47336,0.66593,0.52016,0.56749,0.3167,1.30745,2.41129,1.21645,1.16616,0,0,0,0.000683185,0.000683185,0.000683185
111,728.968,1.50127,2.67816,1.31338,1.20131,0,0,0,0.73822,0.63722,0.69177,0.47461,0.64219,0.54474,0.5734,0.32196,1.27774,2.39209,1.18356,1.15899,0,0,0,0.00068181,0.00068181,0.00068181
112,735.336,1.46967,2.62301,1.36804,1.24774,0,0,0,0.77239,0.67707,0.73819,0.49902,0.74842,0.56784,0.62125,0.36063,1.28333,2.3618,1.11838,1.15683,0,0,0,0.000680436,0.000680436,0.000680436
113,741.711,1.4694,2.67126,1.35848,1.1972,0,0,0,0.7482,0.64336,0.71823,0.50024,0.78159,0.54908,0.61083,0.35778,1.29544,2.38194,1.13647,1.16009,0,0,0,0.000679062,0.000679062,0.000679062
114,748.006,1.42189,2.60627,1.37775,1.22684,0,0,0,0.70927,0.69271,0.73173,0.50627,0.67734,0.59648,0.62061,0.3707,1.28233,2.32653,1.12193,1.15017,0,0,0,0.000677687,0.000677687,0.000677687
115,754.672,1.44227,2.70145,1.31785,1.21527,0,0,0,0.776,0.64088,0.71069,0.48271,0.67609,0.57469,0.57805,0.32652,1.30613,2.41025,1.15105,1.16714,0,0,0,0.000676313,0.000676313,0.000676313
116,760.847,1.50601,2.60861,1.37728,1.22493,0,0,0,0.66766,0.70726,0.70066,0.48473,0.60074,0.63851,0.59319,0.34374,1.3193,2.38535,1.12072,1.1776,0,0,0,0.000674938,0.000674938,0.000674938
117,767.069,1.39294,2.66058,1.2776,1.21703,0,0,0,0.72576,0.63337,0.70611,0.47984,0.70554,0.57612,0.60243,0.34754,1.31465,2.35639,1.10203,1.1694,0,0,0,0.000673564,0.000673564,0.000673564
118,773.366,1.40471,2.53906,1.27064,1.21221,0,0,0,0.81904,0.61239,0.71449,0.47876,0.75385,0.56493,0.6104,0.35872,1.29905,2.33659,1.12018,1.16211,0,0,0,0.000672189,0.000672189,0.000672189
119,779.676,1.39981,2.54206,1.28177,1.19981,0,0,0,0.7195,0.64261,0.68882,0.45655,0.67841,0.5773,0.59673,0.33687,1.31136,2.33117,1.17093,1.15545,0,0,0,0.000670815,0.000670815,0.000670815
120,786.134,1.43206,2.57612,1.32634,1.21326,0,0,0,0.75714,0.64813,0.68715,0.4561,0.71029,0.57662,0.58799,0.31953,1.33767,2.4346,1.17247,1.16663,0,0,0,0.00066944,0.00066944,0.00066944
121,792.572,1.43141,2.51929,1.26167,1.20059,0,0,0,0.74227,0.7065,0.73275,0.50322,0.75988,0.56743,0.6194,0.36651,1.27851,2.33261,1.07146,1.14063,0,0,0,0.000668066,0.000668066,0.000668066
122,799.094,1.43647,2.54392,1.25578,1.17798,0,0,0,0.75415,0.68375,0.71655,0.48383,0.71767,0.60201,0.6169,0.35627,1.28914,2.29452,1.08897,1.1472,0,0,0,0.000666692,0.000666692,0.000666692
123,805.402,1.45434,2.56202,1.28378,1.22133,0,0,0,0.769,0.69344,0.73465,0.49141,0.75768,0.60324,0.62718,0.35518,1.30412,2.32702,1.07771,1.15299,0,0,0,0.000665317,0.000665317,0.000665317
124,811.859,1.42898,2.56972,1.32109,1.20837,0,0,0,0.76766,0.71486,0.73311,0.50801,0.67857,0.64641,0.63535,0.37006,1.2821,2.27814,1.05617,1.14715,0,0,0,0.000663943,0.000663943,0.000663943
125,818.262,1.46458,2.53385,1.28145,1.18946,0,0,0,0.77904,0.66825,0.73105,0.50482,0.69086,0.60242,0.60853,0.35758,1.26022,2.30185,1.05399,1.13593,0,0,0,0.000662568,0.000662568,0.000662568
126,824.647,1.40325,2.55581,1.3092,1.18427,0,0,0,0.70315,0.70521,0.72255,0.50345,0.63651,0.59411,0.57149,0.33078,1.24751,2.28932,1.0723,1.137,0,0,0,0.000661194,0.000661194,0.000661194
127,831.274,1.42738,2.65046,1.2686,1.19412,0,0,0,0.75217,0.65833,0.7299,0.49795,0.71744,0.59166,0.6125,0.33728,1.25776,2.35534,1.0854,1.14836,0,0,0,0.000659819,0.000659819,0.000659819
128,837.54,1.43546,2.60394,1.25607,1.1952,0,0,0,0.78338,0.65246,0.73309,0.48899,0.74553,0.57581,0.61318,0.35284,1.2653,2.3565,1.1257,1.14234,0,0,0,0.000658445,0.000658445,0.000658445
129,843.715,1.37254,2.57179,1.26409,1.2031,0,0,0,0.77846,0.66524,0.74766,0.4959,0.75507,0.57031,0.62136,0.34821,1.29761,2.33569,1.10165,1.15319,0,0,0,0.00065707,0.00065707,0.00065707
130,850.011,1.42876,2.54065,1.2844,1.21567,0,0,0,0.70957,0.68463,0.7161,0.44921,0.63969,0.61102,0.59518,0.321,1.35556,2.38059,1.14263,1.16404,0,0,0,0.000655696,0.000655696,0.000655696
131,856.388,1.39856,2.52841,1.28903,1.20883,0,0,0,0.78433,0.64225,0.72526,0.46387,0.69876,0.59681,0.60855,0.32955,1.29502,2.34479,1.08391,1.13451,0,0,0,0.000654321,0.000654321,0.000654321
132,862.61,1.41067,2.57063,1.21358,1.18658,0,0,0,0.73799,0.68085,0.7338,0.47815,0.7005,0.60294,0.60545,0.34244,1.24755,2.24955,1.04202,1.11105,0,0,0,0.000652947,0.000652947,0.000652947
133,868.901,1.36901,2.52426,1.21934,1.18594,0,0,0,0.77462,0.7147,0.73619,0.48467,0.68921,0.64045,0.62668,0.34609,1.24884,2.26482,1.04671,1.1247,0,0,0,0.000651573,0.000651573,0.000651573
134,875.289,1.31577,2.39857,1.21371,1.19541,0,0,0,0.6775,0.72382,0.74056,0.51073,0.62902,0.63443,0.60994,0.36173,1.24186,2.30147,1.05637,1.13164,0,0,0,0.000650198,0.000650198,0.000650198
135,881.636,1.30248,2.44767,1.22468,1.18153,0,0,0,0.75481,0.70645,0.74128,0.51864,0.67223,0.62967,0.63064,0.37295,1.21031,2.25161,1.02691,1.1185,0,0,0,0.000648824,0.000648824,0.000648824
136,888.087,1.36599,2.47651,1.18603,1.16502,0,0,0,0.74156,0.70514,0.74786,0.51251,0.75063,0.59187,0.64148,0.40273,1.22561,2.24496,1.03964,1.11737,0,0,0,0.000647449,0.000647449,0.000647449
137,894.546,1.41378,2.51447,1.23005,1.15755,0,0,0,0.73986,0.72422,0.72968,0.50513,0.6404,0.6612,0.6169,0.37199,1.21882,2.27646,1.07844,1.11731,0,0,0,0.000646075,0.000646075,0.000646075
138,900.938,1.39641,2.48628,1.26225,1.17899,0,0,0,0.77113,0.60728,0.72508,0.49433,0.69177,0.53839,0.60704,0.35906,1.23543,2.25588,1.0716,1.11688,0,0,0,0.0006447,0.0006447,0.0006447
139,907.155,1.39501,2.51545,1.25442,1.17088,0,0,0,0.68148,0.74397,0.72947,0.49077,0.61987,0.67073,0.62104,0.3506,1.21598,2.21101,1.04923,1.11964,0,0,0,0.000643326,0.000643326,0.000643326
140,913.567,1.33135,2.52951,1.21441,1.16042,0,0,0,0.76899,0.70193,0.72717,0.51068,0.69373,0.64153,0.61953,0.37021,1.2412,2.24015,1.05535,1.13143,0,0,0,0.000641951,0.000641951,0.000641951
141,919.754,1.3468,2.41448,1.17784,1.16643,0,0,0,0.77148,0.68132,0.73398,0.522,0.70176,0.61479,0.62274,0.38072,1.20275,2.23331,1.0564,1.11058,0,0,0,0.000640577,0.000640577,0.000640577
142,926.129,1.31895,2.51915,1.20986,1.17515,0,0,0,0.82535,0.68802,0.75566,0.53454,0.75096,0.61328,0.65073,0.3944,1.20485,2.20178,1.01865,1.10664,0,0,0,0.000639203,0.000639203,0.000639203
143,932.496,1.36873,2.48439,1.1855,1.16687,0,0,0,0.8289,0.70983,0.77342,0.54974,0.75326,0.6339,0.65344,0.38827,1.18728,2.15605,0.97362,1.09501,0,0,0,0.000637828,0.000637828,0.000637828
144,938.996,1.39208,2.40754,1.25985,1.17478,0,0,0,0.83702,0.7042,0.76171,0.54938,0.75556,0.62454,0.63784,0.396,1.18145,2.14016,0.97368,1.08525,0,0,0,0.000636454,0.000636454,0.000636454
145,945.361,1.34117,2.39669,1.18543,1.17341,0,0,0,0.80128,0.7329,0.77093,0.55547,0.75256,0.65263,0.67141,0.40553,1.18908,2.16006,0.97693,1.09054,0,0,0,0.000635079,0.000635079,0.000635079
146,951.76,1.36681,2.50449,1.17865,1.14762,0,0,0,0.83432,0.70582,0.76983,0.54341,0.7367,0.61985,0.6447,0.39064,1.19257,2.15324,0.99257,1.09856,0,0,0,0.000633705,0.000633705,0.000633705
147,958.238,1.32995,2.43678,1.15567,1.156,0,0,0,0.78337,0.68979,0.7687,0.55006,0.70465,0.58638,0.62446,0.37243,1.15152,2.17257,1.00594,1.08449,0,0,0,0.00063233,0.00063233,0.00063233
148,964.582,1.33968,2.50402,1.16437,1.13255,0,0,0,0.7698,0.68495,0.75533,0.53492,0.67873,0.61631,0.61513,0.36247,1.19065,2.25649,1.0102,1.09066,0,0,0,0.000630956,0.000630956,0.000630956
149,970.948,1.37142,2.44212,1.16667,1.15622,0,0,0,0.80712,0.68337,0.76365,0.51724,0.73026,0.61991,0.64237,0.37136,1.20991,2.23088,1.0015,1.09092,0,0,0,0.000629581,0.000629581,0.000629581
150,977.309,1.36371,2.42525,1.18774,1.15612,0,0,0,0.80161,0.6869,0.77261,0.52916,0.76564,0.61096,0.65706,0.3832,1.19561,2.20282,0.97856,1.09383,0,0,0,0.000628207,0.000628207,0.000628207
151,983.788,1.39207,2.51077,1.21967,1.16022,0,0,0,0.76754,0.71794,0.76886,0.52266,0.69711,0.63551,0.65416,0.38286,1.1764,2.20196,0.98607,1.09183,0,0,0,0.000626832,0.000626832,0.000626832
152,990.591,1.33822,2.43235,1.19247,1.16473,0,0,0,0.81667,0.70457,0.77789,0.53289,0.75165,0.6573,0.67872,0.40183,1.1928,2.18122,0.94017,1.08846,0,0,0,0.000625458,0.000625458,0.000625458
153,997.037,1.36297,2.38627,1.1578,1.15789,0,0,0,0.77763,0.7356,0.76695,0.54164,0.69376,0.6593,0.66146,0.40266,1.15514,2.12506,0.9258,1.07466,0,0,0,0.000624084,0.000624084,0.000624084
154,1003.21,1.34659,2.34797,1.17912,1.16219,0,0,0,0.77997,0.7353,0.7565,0.5231,0.7014,0.65726,0.66687,0.39753,1.14561,2.12431,0.9441,1.07961,0,0,0,0.000622709,0.000622709,0.000622709
155,1009.51,1.32907,2.39206,1.18558,1.15067,0,0,0,0.81009,0.7398,0.75429,0.53487,0.73406,0.65955,0.66063,0.38922,1.16017,2.18392,0.96484,1.08686,0,0,0,0.000621335,0.000621335,0.000621335
156,1016,1.32815,2.39004,1.16187,1.15699,0,0,0,0.76273,0.72499,0.77293,0.53811,0.69448,0.65625,0.66999,0.3909,1.16235,2.17054,0.96973,1.08984,0,0,0,0.00061996,0.00061996,0.00061996
157,1022.22,1.34747,2.4388,1.18086,1.15785,0,0,0,0.72753,0.75495,0.78147,0.55862,0.66269,0.69606,0.68028,0.3962,1.14628,2.10371,0.96024,1.08165,0,0,0,0.000618586,0.000618586,0.000618586
158,1028.65,1.31078,2.35931,1.15967,1.16244,0,0,0,0.80453,0.71973,0.77885,0.55423,0.71467,0.66324,0.67607,0.40871,1.14602,2.14068,0.96689,1.07755,0,0,0,0.000617211,0.000617211,0.000617211
159,1035.09,1.27028,2.4137,1.10326,1.13701,0,0,0,0.77597,0.72685,0.77143,0.55334,0.70334,0.67028,0.66009,0.40966,1.13274,2.16122,0.94192,1.07018,0,0,0,0.000615837,0.000615837,0.000615837
160,1041.5,1.29017,2.42073,1.12437,1.15369,0,0,0,0.82007,0.74532,0.78887,0.56128,0.73735,0.65064,0.66379,0.40878,1.15348,2.15214,0.93792,1.07181,0,0,0,0.000614462,0.000614462,0.000614462
161,1048.08,1.32139,2.43776,1.13477,1.15011,0,0,0,0.8111,0.71377,0.79161,0.57251,0.71909,0.64388,0.66955,0.40064,1.15682,2.14112,0.94566,1.06753,0,0,0,0.000613088,0.000613088,0.000613088
162,1054.77,1.32234,2.40057,1.13335,1.14318,0,0,0,0.77777,0.71646,0.78513,0.57297,0.74072,0.61543,0.66872,0.40202,1.14564,2.14994,0.9403,1.06878,0,0,0,0.000611714,0.000611714,0.000611714
163,1061.18,1.38724,2.38014,1.1688,1.13701,0,0,0,0.79993,0.63995,0.77001,0.53772,0.70725,0.62321,0.6697,0.38419,1.21786,2.19205,1.01209,1.09363,0,0,0,0.000610339,0.000610339,0.000610339
164,1067.52,1.34914,2.40346,1.12126,1.14672,0,0,0,0.70726,0.73899,0.76878,0.56164,0.7114,0.6434,0.67033,0.4094,1.14098,2.09775,0.96534,1.06411,0,0,0,0.000608965,0.000608965,0.000608965
165,1073.88,1.33798,2.37948,1.14877,1.14325,0,0,0,0.79973,0.73108,0.77704,0.55465,0.74762,0.67628,0.68291,0.39997,1.16559,2.15848,0.94688,1.07335,0,0,0,0.00060759,0.00060759,0.00060759
166,1080.12,1.26114,2.33748,1.11873,1.12954,0,0,0,0.79251,0.72287,0.76927,0.55764,0.73198,0.66397,0.67147,0.40713,1.12184,2.13313,0.93936,1.0662,0,0,0,0.000606216,0.000606216,0.000606216
167,1086.55,1.33082,2.33055,1.08879,1.13494,0,0,0,0.85953,0.68311,0.77694,0.56541,0.75818,0.64376,0.6767,0.40554,1.14434,2.13229,0.96323,1.06724,0,0,0,0.000604841,0.000604841,0.000604841
168,1092.93,1.27041,2.35168,1.09879,1.13285,0,0,0,0.76823,0.72871,0.77378,0.55133,0.67755,0.64598,0.64042,0.37913,1.164,2.13787,0.95375,1.08561,0,0,0,0.000603467,0.000603467,0.000603467
169,1099.3,1.31119,2.35466,1.07858,1.13257,0,0,0,0.76981,0.77199,0.78214,0.55893,0.70053,0.70209,0.68123,0.40322,1.1372,2.10831,0.92684,1.07838,0,0,0,0.000602092,0.000602092,0.000602092
170,1105.57,1.26587,2.4282,1.11657,1.1532,0,0,0,0.84809,0.72362,0.78491,0.56422,0.78327,0.67028,0.70342,0.43995,1.11613,2.07199,0.90111,1.06362,0,0,0,0.000600718,0.000600718,0.000600718
171,1111.96,1.28529,2.332,1.07178,1.12922,0,0,0,0.77715,0.75094,0.77068,0.55391,0.72312,0.68994,0.68965,0.43393,1.13687,2.03692,0.92572,1.06286,0,0,0,0.000599343,0.000599343,0.000599343
172,1118.34,1.30224,2.37377,1.13325,1.17516,0,0,0,0.82391,0.73152,0.78419,0.5801,0.79547,0.66067,0.69362,0.42576,1.11367,2.05942,0.914,1.0577,0,0,0,0.000597969,0.000597969,0.000597969
173,1124.91,1.2732,2.28171,1.09804,1.12943,0,0,0,0.82736,0.72819,0.7861,0.57475,0.74715,0.66285,0.66859,0.4112,1.12695,2.11164,0.89611,1.07043,0,0,0,0.000596595,0.000596595,0.000596595
174,1131.3,1.28308,2.34099,1.0869,1.11845,0,0,0,0.80358,0.74368,0.78428,0.56606,0.7404,0.68198,0.68251,0.43029,1.09628,2.02737,0.93409,1.04785,0,0,0,0.00059522,0.00059522,0.00059522
175,1137.58,1.31903,2.40236,1.08641,1.10375,0,0,0,0.78557,0.75416,0.78831,0.59213,0.73171,0.69917,0.69908,0.44064,1.08428,2.01892,0.89291,1.04071,0,0,0,0.000593846,0.000593846,0.000593846
176,1143.91,1.26132,2.30143,1.08658,1.12745,0,0,0,0.80977,0.73959,0.79358,0.58402,0.74775,0.67993,0.69399,0.43513,1.07236,2.02078,0.87645,1.02957,0,0,0,0.000592471,0.000592471,0.000592471
177,1150.26,1.26318,2.29233,1.09206,1.11909,0,0,0,0.79177,0.74794,0.78851,0.58468,0.73478,0.66791,0.687,0.43913,1.07067,1.99367,0.87975,1.03301,0,0,0,0.000591097,0.000591097,0.000591097
178,1156.53,1.29338,2.34198,1.05983,1.12424,0,0,0,0.77998,0.74323,0.79101,0.55652,0.71873,0.68766,0.68837,0.41723,1.10516,2.02018,0.89394,1.05032,0,0,0,0.000589722,0.000589722,0.000589722
179,1163.02,1.29444,2.27415,1.07759,1.12502,0,0,0,0.8113,0.74037,0.79343,0.56031,0.75099,0.68702,0.68749,0.41585,1.11215,2.03123,0.91368,1.06187,0,0,0,0.000588348,0.000588348,0.000588348
180,1169.52,1.31754,2.42473,1.08751,1.12655,0,0,0,0.80305,0.72219,0.79121,0.56032,0.74627,0.66568,0.69183,0.41743,1.12159,2.02981,0.90192,1.06521,0,0,0,0.000586973,0.000586973,0.000586973
181,1175.88,1.31899,2.34783,1.08596,1.1335,0,0,0,0.72888,0.7639,0.78748,0.57398,0.77332,0.64403,0.7013,0.43454,1.08639,1.95898,0.88646,1.04163,0,0,0,0.000585599,0.000585599,0.000585599
182,1182.29,1.32141,2.41592,1.08003,1.12323,0,0,0,0.83954,0.73358,0.79402,0.591,0.75602,0.67325,0.70398,0.4425,1.06719,1.97912,0.87417,1.03071,0,0,0,0.000584225,0.000584225,0.000584225
183,1188.65,1.25003,2.25953,1.05113,1.09375,0,0,0,0.80866,0.74854,0.79074,0.57675,0.74537,0.66241,0.68515,0.43308,1.07698,1.95598,0.85943,1.03196,0,0,0,0.00058285,0.00058285,0.00058285
184,1195.13,1.18188,2.24402,1.05472,1.11355,0,0,0,0.8333,0.72279,0.78787,0.59216,0.7655,0.65726,0.68715,0.4335,1.08321,1.96557,0.86448,1.03317,0,0,0,0.000581476,0.000581476,0.000581476
185,1201.69,1.20742,2.25871,1.03091,1.0985,0,0,0,0.80094,0.73446,0.7955,0.59325,0.72938,0.65503,0.68358,0.43176,1.09647,1.98784,0.86867,1.03326,0,0,0,0.000580101,0.000580101,0.000580101
186,1208.13,1.26665,2.35156,1.03719,1.0828,0,0,0,0.80345,0.70851,0.78959,0.56786,0.73229,0.66208,0.68552,0.42869,1.11066,2.03371,0.90674,1.04044,0,0,0,0.000578727,0.000578727,0.000578727
187,1214.34,1.2468,2.30565,1.06202,1.09792,0,0,0,0.79213,0.73334,0.78466,0.56439,0.75958,0.67867,0.69386,0.44089,1.07707,2.02814,0.87974,1.03543,0,0,0,0.000577352,0.000577352,0.000577352
188,1220.63,1.21251,2.2442,1.01892,1.10597,0,0,0,0.80099,0.74457,0.7766,0.56332,0.73986,0.68574,0.68825,0.43206,1.058,1.95358,0.87161,1.02965,0,0,0,0.000575978,0.000575978,0.000575978
189,1227.07,1.27712,2.25909,1.05427,1.12923,0,0,0,0.77097,0.73668,0.78594,0.56473,0.74178,0.64819,0.68337,0.42632,1.06501,1.95347,0.87422,1.03245,0,0,0,0.000574603,0.000574603,0.000574603
190,1233.62,1.20646,2.25012,1.02801,1.09942,0,0,0,0.81804,0.72274,0.80016,0.58863,0.71653,0.68938,0.7039,0.44082,1.06574,1.97732,0.85964,1.03088,0,0,0,0.000573229,0.000573229,0.000573229
191,1240.1,1.35152,2.3588,1.10286,1.12142,0,0,0,0.81277,0.75704,0.79932,0.58438,0.74968,0.68728,0.70821,0.44969,1.05911,1.95106,0.88532,1.03422,0,0,0,0.000571854,0.000571854,0.000571854
192,1246.47,1.25562,2.25875,1.05504,1.10908,0,0,0,0.79735,0.76779,0.80248,0.59748,0.74018,0.70281,0.70514,0.45011,1.06403,1.96227,0.86472,1.03486,0,0,0,0.00057048,0.00057048,0.00057048
193,1252.76,1.23411,2.26531,1.01288,1.08339,0,0,0,0.81924,0.77406,0.80942,0.59536,0.76279,0.70668,0.71847,0.46161,1.04138,1.94679,0.84727,1.02333,0,0,0,0.000569106,0.000569106,0.000569106
194,1259.26,1.22641,2.19651,1.04674,1.11134,0,0,0,0.81785,0.75161,0.79736,0.5613,0.76127,0.68905,0.69649,0.44448,1.07525,1.95197,0.86653,1.03625,0,0,0,0.000567731,0.000567731,0.000567731
195,1265.72,1.17441,2.16998,0.97818,1.09721,0,0,0,0.8326,0.75795,0.80517,0.5751,0.78263,0.67757,0.70058,0.44011,1.05514,1.94528,0.85648,1.03061,0,0,0,0.000566357,0.000566357,0.000566357
196,1272.15,1.2871,2.40457,1.05824,1.08472,0,0,0,0.81074,0.77538,0.80657,0.58366,0.74308,0.70706,0.69867,0.43186,1.05283,1.91448,0.84642,1.02837,0,0,0,0.000564982,0.000564982,0.000564982
197,1278.53,1.27249,2.3191,1.02958,1.09586,0,0,0,0.79499,0.75037,0.79573,0.57382,0.71355,0.70623,0.69845,0.43154,1.06503,1.9683,0.85274,1.0263,0,0,0,0.000563608,0.000563608,0.000563608
198,1284.76,1.22641,2.24455,1.02268,1.09408,0,0,0,0.86373,0.70496,0.80065,0.59594,0.78293,0.65747,0.69743,0.44216,1.03331,1.90418,0.84668,1.01506,0,0,0,0.000562233,0.000562233,0.000562233
199,1290.89,1.22543,2.25745,1.02327,1.09626,0,0,0,0.80923,0.76038,0.80862,0.60345,0.73367,0.69201,0.69978,0.4395,1.03218,1.90681,0.85183,1.01719,0,0,0,0.000560859,0.000560859,0.000560859
200,1297.19,1.21074,2.24721,1.04118,1.09264,0,0,0,0.77983,0.76859,0.80699,0.59139,0.74285,0.68243,0.69909,0.43977,1.06944,1.97403,0.86412,1.03044,0,0,0,0.000559484,0.000559484,0.000559484
201,1303.39,1.22517,2.26207,1.03466,1.11125,0,0,0,0.83459,0.73082,0.81566,0.60739,0.71593,0.69548,0.69924,0.43826,1.05422,1.97559,0.84967,1.02175,0,0,0,0.00055811,0.00055811,0.00055811
202,1309.76,1.19305,2.25294,0.98489,1.12449,0,0,0,0.83096,0.75266,0.81217,0.6135,0.75166,0.70044,0.71185,0.45045,1.02547,1.92515,0.83446,1.00788,0,0,0,0.000556736,0.000556736,0.000556736
203,1316.41,1.16157,2.157,0.97356,1.06588,0,0,0,0.85133,0.7489,0.8082,0.59947,0.73526,0.6953,0.69119,0.43995,1.03992,1.95559,0.83264,1.00942,0,0,0,0.000555361,0.000555361,0.000555361
204,1322.67,1.26498,2.28861,1.02714,1.08331,0,0,0,0.83992,0.75368,0.80792,0.59449,0.76142,0.68605,0.69315,0.44359,1.03327,1.94859,0.82978,1.01566,0,0,0,0.000553987,0.000553987,0.000553987
205,1329.01,1.18374,2.15063,0.97768,1.0565,0,0,0,0.78056,0.78809,0.80745,0.6073,0.72516,0.69809,0.70125,0.45567,1.0222,1.92512,0.8185,1.01075,0,0,0,0.000552612,0.000552612,0.000552612
206,1335.19,1.22602,2.22462,1.04503,1.08192,0,0,0,0.81192,0.75929,0.80975,0.5953,0.8296,0.66074,0.71593,0.45927,1.04605,1.92165,0.82967,1.01654,0,0,0,0.000551238,0.000551238,0.000551238
207,1341.45,1.21712,2.21932,0.99251,1.09995,0,0,0,0.80602,0.76095,0.80704,0.59673,0.78624,0.68193,0.71883,0.46023,1.03977,1.93384,0.84365,1.01515,0,0,0,0.000549863,0.000549863,0.000549863
208,1347.89,1.17887,2.17463,0.95956,1.09038,0,0,0,0.85359,0.75163,0.81435,0.60112,0.79196,0.70216,0.72701,0.46707,1.03521,1.91268,0.8198,1.01066,0,0,0,0.000548489,0.000548489,0.000548489
209,1354.3,1.21017,2.23898,0.99058,1.09099,0,0,0,0.83156,0.75409,0.81295,0.60931,0.77586,0.70027,0.71468,0.4572,1.02701,1.92502,0.82157,1.00584,0,0,0,0.000547114,0.000547114,0.000547114
210,1360.65,1.16212,2.19879,1.00326,1.09117,0,0,0,0.80241,0.77138,0.81567,0.60994,0.75154,0.71388,0.71097,0.45082,1.02357,1.92332,0.81149,1.00246,0,0,0,0.00054574,0.00054574,0.00054574
211,1367.03,1.24986,2.30422,1.03619,1.07283,0,0,0,0.8004,0.77392,0.81359,0.61569,0.73574,0.71533,0.71073,0.43898,1.03407,1.93872,0.82572,1.00359,0,0,0,0.000544365,0.000544365,0.000544365
212,1373.39,1.24134,2.19661,1.02218,1.08874,0,0,0,0.82129,0.75104,0.80194,0.6013,0.7623,0.67986,0.69568,0.42658,1.02802,1.93214,0.83043,1.00957,0,0,0,0.000542991,0.000542991,0.000542991
213,1379.56,1.21479,2.1944,0.984,1.07962,0,0,0,0.82389,0.73766,0.80087,0.60315,0.76139,0.69025,0.70543,0.45248,1.01793,1.89712,0.83166,1.00517,0,0,0,0.000541617,0.000541617,0.000541617
214,1386.03,1.16754,2.15452,0.99848,1.0886,0,0,0,0.85124,0.72423,0.80395,0.58986,0.78332,0.6613,0.69714,0.4354,1.04768,1.92641,0.85049,1.00897,0,0,0,0.000540242,0.000540242,0.000540242
215,1392.37,1.18472,2.13083,0.96885,1.07229,0,0,0,0.81113,0.7725,0.8116,0.59341,0.78074,0.68746,0.7245,0.46063,1.01926,1.89655,0.83509,1.0028,0,0,0,0.000538868,0.000538868,0.000538868
216,1398.77,1.15021,2.10276,0.98627,1.07032,0,0,0,0.84564,0.75375,0.81751,0.59117,0.76036,0.67476,0.70504,0.45162,1.03263,1.86933,0.81888,1.01314,0,0,0,0.000537493,0.000537493,0.000537493
217,1405.21,1.27401,2.31588,1.04182,1.09654,0,0,0,0.83874,0.76259,0.8172,0.59467,0.75584,0.71759,0.71572,0.45426,1.02262,1.86356,0.8169,1.01295,0,0,0,0.000536119,0.000536119,0.000536119
218,1411.62,1.20448,2.22422,0.99647,1.07853,0,0,0,0.86087,0.73699,0.81894,0.61862,0.76097,0.69033,0.71178,0.4679,1.01289,1.8739,0.81469,0.99904,0,0,0,0.000534744,0.000534744,0.000534744
219,1418.1,1.24948,2.25613,1.0138,1.06879,0,0,0,0.85801,0.73131,0.81343,0.61393,0.80305,0.68515,0.71019,0.47053,1.00685,1.87671,0.79656,0.99384,0,0,0,0.00053337,0.00053337,0.00053337
220,1424.56,1.19324,2.21599,1.01214,1.07427,0,0,0,0.80893,0.76391,0.81222,0.62217,0.76462,0.72362,0.72439,0.47781,0.99627,1.85705,0.79055,0.98836,0,0,0,0.000531995,0.000531995,0.000531995
221,1430.99,1.163,2.17372,0.91949,1.06994,0,0,0,0.81428,0.79384,0.82103,0.62241,0.75705,0.73757,0.72354,0.4673,0.98938,1.82311,0.79509,0.98916,0,0,0,0.000530621,0.000530621,0.000530621
222,1437.38,1.13415,2.18624,0.95047,1.0593,0,0,0,0.84687,0.7666,0.81773,0.6162,0.78112,0.70257,0.71989,0.4662,1.01658,1.84247,0.80518,0.9992,0,0,0,0.000529247,0.000529247,0.000529247
223,1443.69,1.2108,2.16091,0.96243,1.06347,0,0,0,0.80296,0.7785,0.81779,0.61613,0.75255,0.72706,0.73332,0.47134,0.98302,1.85802,0.79773,0.9875,0,0,0,0.000527872,0.000527872,0.000527872
224,1450.05,1.11905,2.11749,0.93998,1.06526,0,0,0,0.78742,0.76516,0.80781,0.61567,0.72266,0.7068,0.71368,0.47686,0.98885,1.85428,0.82828,0.99275,0,0,0,0.000526498,0.000526498,0.000526498
225,1456.43,1.22028,2.2028,1.00321,1.07519,0,0,0,0.75207,0.79797,0.80522,0.61043,0.81778,0.63235,0.70497,0.46965,0.9915,1.86154,0.8215,0.99203,0,0,0,0.000525123,0.000525123,0.000525123
226,1462.96,1.14886,2.11076,0.96736,1.05914,0,0,0,0.86261,0.72429,0.81461,0.61629,0.79701,0.68334,0.71311,0.47045,0.98541,1.84472,0.79841,0.98902,0,0,0,0.000523749,0.000523749,0.000523749
227,1469.22,1.13807,2.09846,0.97382,1.05133,0,0,0,0.83029,0.75726,0.82155,0.62057,0.76564,0.69944,0.71669,0.47275,0.97604,1.83156,0.79281,0.98931,0,0,0,0.000522374,0.000522374,0.000522374
228,1475.66,1.13819,2.1589,0.95229,1.06573,0,0,0,0.80831,0.77411,0.81779,0.62836,0.7497,0.7183,0.70693,0.46219,0.96884,1.85592,0.7836,0.98708,0,0,0,0.000521,0.000521,0.000521
229,1481.98,1.2217,2.21127,0.99386,1.08494,0,0,0,0.81975,0.76944,0.81627,0.62691,0.75134,0.71384,0.70968,0.4656,0.96351,1.83173,0.77881,0.9869,0,0,0,0.000519625,0.000519625,0.000519625
230,1488.54,1.14935,2.13452,0.9373,1.04766,0,0,0,0.84359,0.74932,0.81738,0.6152,0.71575,0.72725,0.70821,0.46397,0.97488,1.82713,0.78886,0.99049,0,0,0,0.000518251,0.000518251,0.000518251
231,1495.16,1.19619,2.185,0.97833,1.0716,0,0,0,0.88054,0.71975,0.825,0.62316,0.79886,0.65447,0.70098,0.45298,0.96747,1.83997,0.77789,0.99213,0,0,0,0.000516877,0.000516877,0.000516877
232,1501.57,1.19599,2.20978,0.99753,1.07047,0,0,0,0.86782,0.72409,0.82009,0.60822,0.79555,0.66059,0.71047,0.4513,0.98252,1.84662,0.79958,0.99257,0,0,0,0.000515502,0.000515502,0.000515502
233,1507.91,1.19705,2.14771,0.99062,1.08284,0,0,0,0.82672,0.71483,0.8129,0.60076,0.75915,0.65605,0.71073,0.45867,0.98248,1.85924,0.79226,0.9901,0,0,0,0.000514128,0.000514128,0.000514128
234,1514.17,1.21477,2.21292,0.97992,1.09807,0,0,0,0.76376,0.7517,0.80744,0.59407,0.71844,0.69911,0.70321,0.46137,0.99597,1.83087,0.80375,0.99527,0,0,0,0.000512753,0.000512753,0.000512753
235,1520.52,1.17624,2.14066,0.97582,1.05248,0,0,0,0.79872,0.74928,0.81814,0.6204,0.74434,0.69849,0.71725,0.46624,0.99264,1.80386,0.80176,0.99233,0,0,0,0.000511379,0.000511379,0.000511379
236,1526.74,1.17593,2.09505,0.94936,1.06405,0,0,0,0.79262,0.77464,0.8152,0.62089,0.74247,0.72429,0.72107,0.47466,0.96483,1.77607,0.80742,0.98461,0,0,0,0.000510004,0.000510004,0.000510004
237,1533.28,1.11399,2.03358,0.94129,1.0634,0,0,0,0.81788,0.77162,0.82348,0.62689,0.76151,0.71618,0.72962,0.48687,0.96677,1.77269,0.77641,0.98612,0,0,0,0.00050863,0.00050863,0.00050863
238,1539.65,1.16512,2.05935,0.94503,1.05579,0,0,0,0.83434,0.76842,0.82139,0.63326,0.77628,0.71092,0.72701,0.49286,0.94659,1.79879,0.76438,0.97673,0,0,0,0.000507255,0.000507255,0.000507255
239,1545.99,1.15156,2.16615,0.93125,1.04993,0,0,0,0.82348,0.7622,0.82195,0.63683,0.7682,0.7046,0.72222,0.48052,0.95208,1.81195,0.76359,0.9728,0,0,0,0.000505881,0.000505881,0.000505881
240,1552.36,1.12335,2.09945,0.93076,1.06784,0,0,0,0.83048,0.77407,0.82066,0.63966,0.77308,0.71852,0.72495,0.48178,0.94854,1.78209,0.76902,0.97343,0,0,0,0.000504506,0.000504506,0.000504506
241,1558.69,1.12245,2.01928,0.92046,1.04715,0,0,0,0.83746,0.75813,0.82149,0.61734,0.77991,0.70034,0.72862,0.47986,0.97169,1.79892,0.76899,0.9845,0,0,0,0.000503132,0.000503132,0.000503132
242,1565.17,1.20773,2.14326,0.94925,1.05376,0,0,0,0.83438,0.76903,0.82123,0.61573,0.77224,0.71117,0.723,0.4753,0.96992,1.79988,0.78664,0.98667,0,0,0,0.000501758,0.000501758,0.000501758
243,1571.51,1.19424,2.15755,0.94149,1.04851,0,0,0,0.82135,0.79855,0.83066,0.62253,0.757,0.73607,0.72816,0.48345,0.98412,1.77881,0.76871,0.99111,0,0,0,0.000500383,0.000500383,0.000500383
244,1577.92,1.12502,2.03875,0.93163,1.05442,0,0,0,0.82501,0.7776,0.82766,0.62418,0.78114,0.72171,0.73956,0.48148,0.96673,1.79186,0.77145,0.98339,0,0,0,0.000499009,0.000499009,0.000499009
245,1584.17,1.13266,2.06046,0.9396,1.05203,0,0,0,0.83504,0.78069,0.82771,0.61847,0.76872,0.72372,0.71645,0.475,0.97137,1.76822,0.80022,0.98335,0,0,0,0.000497634,0.000497634,0.000497634
246,1591.11,1.14675,2.09542,0.95351,1.07649,0,0,0,0.82796,0.78292,0.82598,0.62138,0.7611,0.71675,0.71185,0.48152,0.97562,1.75508,0.78423,0.98421,0,0,0,0.00049626,0.00049626,0.00049626
247,1597.71,1.15921,2.16455,0.94866,1.06118,0,0,0,0.84665,0.74179,0.82097,0.62271,0.7355,0.70084,0.70136,0.46567,0.96008,1.76475,0.77565,0.97663,0,0,0,0.000494885,0.000494885,0.000494885
248,1603.91,1.2343,2.13601,0.94882,1.05488,0,0,0,0.81967,0.78546,0.82051,0.61921,0.77505,0.71676,0.73177,0.47731,0.95608,1.77029,0.77219,0.97639,0,0,0,0.000493511,0.000493511,0.000493511
249,1610.35,1.13645,2.11974,0.94598,1.05855,0,0,0,0.79946,0.79238,0.82449,0.61919,0.73608,0.72797,0.73049,0.48528,0.94414,1.77626,0.76608,0.97714,0,0,0,0.000492136,0.000492136,0.000492136
250,1616.7,1.105,2.04062,0.91833,1.0355,0,0,0,0.84237,0.76631,0.82779,0.61445,0.78384,0.71241,0.73175,0.48153,0.94115,1.77128,0.75435,0.97496,0,0,0,0.000490762,0.000490762,0.000490762
251,1623.04,1.13513,2.07048,0.92982,1.0529,0,0,0,0.85216,0.76014,0.83055,0.63565,0.76434,0.7222,0.73071,0.48432,0.94757,1.77087,0.76549,0.97235,0,0,0,0.000489387,0.000489387,0.000489387
252,1629.41,1.10811,2.13244,0.91728,1.05281,0,0,0,0.83999,0.78182,0.83414,0.64354,0.79895,0.6983,0.73232,0.49717,0.94599,1.7495,0.751,0.971,0,0,0,0.000488013,0.000488013,0.000488013
253,1635.87,1.13513,2.05219,0.88132,1.03736,0,0,0,0.82228,0.79438,0.82711,0.63812,0.76371,0.72519,0.73086,0.49832,0.9313,1.76776,0.76393,0.9661,0,0,0,0.000486639,0.000486639,0.000486639
254,1642.48,1.14172,2.16126,0.93349,1.05325,0,0,0,0.8507,0.78167,0.83097,0.65463,0.79682,0.71982,0.73439,0.51209,0.90985,1.75741,0.75908,0.96608,0,0,0,0.000485264,0.000485264,0.000485264
255,1649.11,1.18871,2.08899,0.91248,1.03999,0,0,0,0.86673,0.7709,0.82942,0.64929,0.80476,0.71249,0.73511,0.50688,0.92447,1.77372,0.75032,0.97094,0,0,0,0.00048389,0.00048389,0.00048389
256,1655.5,1.15041,2.06521,0.91347,1.04205,0,0,0,0.84211,0.77559,0.82669,0.63458,0.81165,0.70807,0.73825,0.49979,0.93224,1.75423,0.755,0.97337,0,0,0,0.000482515,0.000482515,0.000482515
257,1661.82,1.12801,2.02973,0.91625,1.04135,0,0,0,0.84039,0.77391,0.82599,0.63548,0.7956,0.70836,0.73134,0.50233,0.94159,1.738,0.74288,0.96985,0,0,0,0.000481141,0.000481141,0.000481141
258,1668.02,1.10088,2.07718,0.90585,1.04123,0,0,0,0.77318,0.80105,0.81814,0.63862,0.71984,0.75,0.73332,0.50448,0.9294,1.71583,0.74337,0.96911,0,0,0,0.000479766,0.000479766,0.000479766
259,1674.57,1.11914,2.03002,0.93047,1.04151,0,0,0,0.84596,0.77253,0.83196,0.65348,0.78658,0.71304,0.74634,0.50956,0.92554,1.775,0.74888,0.96889,0,0,0,0.000478392,0.000478392,0.000478392
260,1681.06,1.21924,2.16052,0.94434,1.02847,0,0,0,0.83259,0.79869,0.83187,0.64553,0.81874,0.70105,0.74281,0.49814,0.92305,1.77606,0.7478,0.96681,0,0,0,0.000477017,0.000477017,0.000477017
261,1687.48,1.17662,2.15664,0.95456,1.07073,0,0,0,0.84387,0.79571,0.83585,0.63686,0.7704,0.72334,0.73766,0.49177,0.9333,1.77948,0.74752,0.96488,0,0,0,0.000475643,0.000475643,0.000475643
262,1693.97,1.14711,2.09265,0.94158,1.05882,0,0,0,0.86788,0.78359,0.83747,0.64088,0.81007,0.71334,0.74478,0.50239,0.93356,1.75996,0.75156,0.96823,0,0,0,0.000474269,0.000474269,0.000474269
263,1700.31,1.09526,2.08639,0.88053,1.01936,0,0,0,0.83931,0.78406,0.83616,0.63211,0.77028,0.74405,0.74101,0.49073,0.93709,1.76117,0.76677,0.97217,0,0,0,0.000472894,0.000472894,0.000472894
264,1706.6,1.09497,1.97983,0.87953,1.03859,0,0,0,0.86735,0.75391,0.83855,0.64691,0.79615,0.69978,0.74021,0.50187,0.91463,1.75032,0.75808,0.95819,0,0,0,0.00047152,0.00047152,0.00047152
265,1712.95,1.10292,1.96681,0.88995,1.03892,0,0,0,0.76274,0.7924,0.83133,0.64126,0.69362,0.75134,0.73723,0.5077,0.91068,1.72566,0.75099,0.96501,0,0,0,0.000470145,0.000470145,0.000470145
266,1719.32,1.11941,1.98994,0.91178,1.05266,0,0,0,0.75682,0.79587,0.832,0.64112,0.74833,0.70927,0.74037,0.4968,0.93134,1.72515,0.7373,0.96915,0,0,0,0.000468771,0.000468771,0.000468771
267,1725.87,1.12677,2.04916,0.92801,1.05094,0,0,0,0.82612,0.77095,0.83087,0.63433,0.77229,0.72205,0.74103,0.48809,0.95563,1.758,0.75199,0.97242,0,0,0,0.000467396,0.000467396,0.000467396
268,1732.24,1.1415,2.05872,0.92912,1.07119,0,0,0,0.85539,0.78759,0.83671,0.62475,0.80532,0.71394,0.74233,0.48169,0.94068,1.71814,0.75161,0.97112,0,0,0,0.000466022,0.000466022,0.000466022
269,1738.75,1.15101,2.08729,0.92394,1.02668,0,0,0,0.87495,0.78981,0.8414,0.64253,0.8096,0.72661,0.74539,0.49767,0.91513,1.70636,0.74596,0.96159,0,0,0,0.000464647,0.000464647,0.000464647
270,1745.11,1.11306,2.05819,0.90121,1.03826,0,0,0,0.85154,0.79811,0.83837,0.64582,0.77093,0.73314,0.72784,0.50104,0.89977,1.72219,0.74699,0.95918,0,0,0,0.000463273,0.000463273,0.000463273
271,1751.65,1.14061,2.08307,0.91697,1.059,0,0,0,0.82645,0.81247,0.83448,0.65363,0.7652,0.74334,0.73212,0.49405,0.91504,1.73451,0.73005,0.9604,0,0,0,0.000461898,0.000461898,0.000461898
272,1758.11,1.13849,2.07348,0.92184,1.03374,0,0,0,0.84081,0.79389,0.83665,0.64917,0.76903,0.72247,0.72734,0.49735,0.90783,1.71547,0.72269,0.95346,0,0,0,0.000460524,0.000460524,0.000460524
273,1764.72,1.12929,2.04876,0.89595,1.02578,0,0,0,0.85486,0.79093,0.83834,0.65415,0.80331,0.71312,0.7348,0.51192,0.90991,1.75731,0.73624,0.95356,0,0,0,0.00045915,0.00045915,0.00045915
274,1771.15,1.18913,2.13903,0.94914,1.05568,0,0,0,0.87751,0.76901,0.842,0.65374,0.81257,0.70594,0.739,0.50746,0.91756,1.74403,0.73026,0.95561,0,0,0,0.000457775,0.000457775,0.000457775
275,1777.56,1.13746,2.07019,0.89503,1.03458,0,0,0,0.82877,0.81478,0.84308,0.64522,0.76963,0.74869,0.74545,0.50838,0.91977,1.73561,0.73407,0.9612,0,0,0,0.000456401,0.000456401,0.000456401
276,1783.96,1.0828,2.01583,0.88003,1.02485,0,0,0,0.83739,0.79569,0.8361,0.65248,0.76792,0.7303,0.73794,0.5003,0.90419,1.7408,0.7287,0.95721,0,0,0,0.000455026,0.000455026,0.000455026
277,1790.44,1.12793,2.00687,0.93906,1.04133,0,0,0,0.82999,0.80971,0.84142,0.65665,0.75365,0.74477,0.73171,0.51007,0.93596,1.7208,0.75089,0.96246,0,0,0,0.000453652,0.000453652,0.000453652
278,1796.87,1.14107,2.13787,0.91413,1.05794,0,0,0,0.86496,0.77544,0.84278,0.64984,0.77112,0.71607,0.72952,0.50687,0.89477,1.6891,0.73996,0.95435,0,0,0,0.000452277,0.000452277,0.000452277
279,1803.33,1.12106,1.96748,0.88651,1.03043,0,0,0,0.86186,0.77136,0.84029,0.64993,0.7908,0.71894,0.74795,0.4944,0.8953,1.73105,0.7388,0.96138,0,0,0,0.000450903,0.000450903,0.000450903
280,1809.69,1.15815,2.09754,0.93425,1.05565,0,0,0,0.85493,0.77279,0.8359,0.64949,0.80598,0.72981,0.75741,0.49587,0.90371,1.69139,0.74183,0.95817,0,0,0,0.000449528,0.000449528,0.000449528
281,1816.02,1.1024,1.98516,0.87936,1.03369,0,0,0,0.80363,0.80698,0.83864,0.65843,0.76664,0.74183,0.74362,0.50215,0.90617,1.67825,0.72663,0.95926,0,0,0,0.000448154,0.000448154,0.000448154
282,1822.43,1.06844,1.92447,0.87078,1.02816,0,0,0,0.79902,0.79862,0.83574,0.64936,0.73839,0.73333,0.7143,0.48516,0.90307,1.69175,0.71961,0.9599,0,0,0,0.00044678,0.00044678,0.00044678
283,1828.79,1.0966,1.99015,0.88041,1.03037,0,0,0,0.88678,0.74533,0.84085,0.66208,0.76797,0.70823,0.72478,0.49153,0.90147,1.66391,0.71485,0.95552,0,0,0,0.000445405,0.000445405,0.000445405
284,1835.14,1.11667,2.01996,0.86511,1.02986,0,0,0,0.81955,0.78564,0.84395,0.6622,0.75668,0.73837,0.74655,0.50953,0.90212,1.69692,0.7204,0.9552,0,0,0,0.000444031,0.000444031,0.000444031
285,1841.55,1.08101,2.03275,0.86131,1.02389,0,0,0,0.84364,0.76015,0.84262,0.66717,0.74437,0.73737,0.74663,0.51805,0.88911,1.68173,0.72466,0.95065,0,0,0,0.000442656,0.000442656,0.000442656
286,1847.92,1.0589,2.0031,0.86117,1.02588,0,0,0,0.79707,0.80012,0.83656,0.65699,0.73429,0.75054,0.74604,0.51504,0.89023,1.67961,0.73453,0.94827,0,0,0,0.000441282,0.000441282,0.000441282
287,1854.33,1.06676,1.93114,0.85423,1.03556,0,0,0,0.8595,0.77833,0.84055,0.66545,0.81386,0.72639,0.76258,0.51658,0.88847,1.68494,0.72627,0.94682,0,0,0,0.000439907,0.000439907,0.000439907
288,1860.79,1.13011,2.11865,0.89075,1.01695,0,0,0,0.83632,0.79161,0.83858,0.65973,0.78104,0.7218,0.74275,0.51865,0.90423,1.65986,0.72122,0.95029,0,0,0,0.000438533,0.000438533,0.000438533
289,1867.14,1.10241,2.00452,0.86821,1.03596,0,0,0,0.82989,0.79695,0.8349,0.65327,0.79273,0.71644,0.74036,0.511,0.89421,1.66048,0.72862,0.94963,0,0,0,0.000437158,0.000437158,0.000437158
290,1873.57,1.10484,2.00151,0.88437,1.02996,0,0,0,0.80442,0.80684,0.84025,0.65772,0.79797,0.69667,0.74474,0.51645,0.87713,1.64652,0.71716,0.94464,0,0,0,0.000435784,0.000435784,0.000435784
291,1879.89,1.07861,1.97686,0.87794,1.02843,0,0,0,0.84291,0.7951,0.84551,0.65954,0.7983,0.71881,0.75201,0.5152,0.87616,1.65123,0.71354,0.94801,0,0,0,0.000434409,0.000434409,0.000434409
292,1886.21,1.12311,1.97566,0.91849,1.03219,0,0,0,0.82809,0.81043,0.84249,0.65229,0.77331,0.73324,0.74796,0.50218,0.88623,1.65462,0.71169,0.95152,0,0,0,0.000433035,0.000433035,0.000433035
293,1892.54,1.07117,1.96039,0.88812,1.04182,0,0,0,0.83048,0.81198,0.84304,0.65364,0.77209,0.74429,0.75223,0.51042,0.88778,1.65272,0.70729,0.95042,0,0,0,0.000431661,0.000431661,0.000431661
294,1898.72,1.09769,1.9485,0.87511,1.03907,0,0,0,0.80753,0.81826,0.83849,0.66208,0.81114,0.70298,0.73702,0.50836,0.8795,1.63087,0.70164,0.9412,0,0,0,0.000430286,0.000430286,0.000430286
295,1905.05,1.09041,1.97028,0.89767,1.0375,0,0,0,0.81122,0.81459,0.83967,0.67215,0.77853,0.73505,0.7475,0.50896,0.8901,1.64184,0.70764,0.94286,0,0,0,0.000428912,0.000428912,0.000428912
296,1911.39,1.1418,2.10116,0.89794,1.03695,0,0,0,0.84668,0.79106,0.83707,0.66786,0.79357,0.73086,0.7396,0.50905,0.8793,1.64293,0.71208,0.94268,0,0,0,0.000427537,0.000427537,0.000427537
297,1917.66,1.1238,2.06391,0.91878,1.02786,0,0,0,0.86257,0.78386,0.83855,0.66377,0.80627,0.7171,0.73987,0.50709,0.88336,1.64168,0.72263,0.94574,0,0,0,0.000426163,0.000426163,0.000426163
298,1924.14,1.101,1.9817,0.89647,1.05939,0,0,0,0.85174,0.80543,0.84121,0.66261,0.79327,0.74857,0.75151,0.50962,0.87548,1.65764,0.7239,0.94445,0,0,0,0.000424788,0.000424788,0.000424788
299,1930.55,1.08652,1.96427,0.87667,1.01441,0,0,0,0.86752,0.79288,0.84484,0.65958,0.7925,0.72845,0.74742,0.50811,0.90671,1.66645,0.72402,0.94913,0,0,0,0.000423414,0.000423414,0.000423414
300,1936.92,1.02522,1.89512,0.83284,1.03351,0,0,0,0.81731,0.80544,0.84225,0.66498,0.7537,0.74252,0.74004,0.5118,0.88002,1.65947,0.71045,0.94656,0,0,0,0.000422039,0.000422039,0.000422039
301,1943.15,1.07183,1.98124,0.8622,1.02618,0,0,0,0.82756,0.81707,0.84424,0.65613,0.76069,0.75928,0.74461,0.50996,0.86866,1.63094,0.70813,0.94203,0,0,0,0.000420665,0.000420665,0.000420665
302,1949.65,1.05067,1.91929,0.84323,1.03324,0,0,0,0.86188,0.80242,0.84965,0.66726,0.76647,0.75766,0.75366,0.5145,0.85481,1.61227,0.69708,0.93546,0,0,0,0.000419291,0.000419291,0.000419291
303,1956.12,1.18918,2.10135,0.91765,1.02927,0,0,0,0.85103,0.81532,0.84661,0.67064,0.77994,0.7533,0.74807,0.5125,0.86695,1.66159,0.70415,0.93601,0,0,0,0.000417916,0.000417916,0.000417916
304,1962.52,1.07816,2.00962,0.83728,1.01258,0,0,0,0.86789,0.78334,0.8447,0.66676,0.80709,0.71644,0.74554,0.5099,0.88206,1.65673,0.71384,0.94036,0,0,0,0.000416542,0.000416542,0.000416542
305,1968.88,1.03365,1.90944,0.81424,0.99194,0,0,0,0.84683,0.81472,0.84575,0.66201,0.77731,0.74619,0.74449,0.50907,0.87604,1.63746,0.70305,0.94239,0,0,0,0.000415167,0.000415167,0.000415167
306,1975.2,1.10494,1.95314,0.90193,1.019,0,0,0,0.84103,0.79828,0.84133,0.6545,0.73663,0.7669,0.73302,0.49616,0.90246,1.66795,0.7183,0.95094,0,0,0,0.000413793,0.000413793,0.000413793
307,1981.51,1.10579,2.0237,0.86024,1.0367,0,0,0,0.84363,0.82013,0.84484,0.65829,0.76765,0.75058,0.74404,0.51285,0.86564,1.62532,0.71201,0.944,0,0,0,0.000412418,0.000412418,0.000412418
308,1987.89,1.03954,1.92843,0.82646,1.01373,0,0,0,0.85221,0.80446,0.84488,0.65188,0.78238,0.74727,0.77487,0.52982,0.86943,1.64215,0.7066,0.94155,0,0,0,0.000411044,0.000411044,0.000411044
309,1994.49,1.17343,2.10546,0.90249,1.01893,0,0,0,0.83939,0.80321,0.8453,0.66084,0.79396,0.748,0.77637,0.5198,0.86433,1.62338,0.70193,0.93811,0,0,0,0.000409669,0.000409669,0.000409669
310,2000.9,1.0936,2.01623,0.86828,1.01148,0,0,0,0.85508,0.78957,0.84232,0.65828,0.78486,0.72495,0.75222,0.51651,0.88265,1.65184,0.70274,0.94465,0,0,0,0.000408295,0.000408295,0.000408295
311,2007.24,1.0902,2.01058,0.8475,1.01378,0,0,0,0.87129,0.79463,0.84931,0.67041,0.80717,0.73714,0.76228,0.52263,0.8699,1.64054,0.6988,0.94217,0,0,0,0.00040692,0.00040692,0.00040692
312,2013.69,1.10167,2.04272,0.87318,1.01242,0,0,0,0.84637,0.79941,0.84603,0.66018,0.79062,0.74556,0.75932,0.51692,0.8789,1.66349,0.69587,0.94296,0,0,0,0.000405546,0.000405546,0.000405546
313,2019.91,1.03838,1.9667,0.83004,1.02374,0,0,0,0.84261,0.80177,0.8437,0.6589,0.77748,0.73652,0.7351,0.51351,0.87866,1.67407,0.69281,0.94395,0,0,0,0.000404172,0.000404172,0.000404172
314,2026.22,1.03526,1.92843,0.84355,1.0094,0,0,0,0.83461,0.80608,0.84408,0.66288,0.78306,0.75179,0.76035,0.51339,0.8615,1.65962,0.69655,0.94433,0,0,0,0.000402797,0.000402797,0.000402797
315,2032.44,1.08668,1.98391,0.84433,1.00453,0,0,0,0.82538,0.80506,0.83823,0.66353,0.76842,0.76577,0.75851,0.51238,0.85759,1.65489,0.68948,0.94109,0,0,0,0.000401423,0.000401423,0.000401423
316,2038.79,1.06245,1.96242,0.8818,1.0279,0,0,0,0.80099,0.82604,0.84564,0.66917,0.74191,0.7706,0.74738,0.51208,0.86493,1.63916,0.68687,0.93741,0,0,0,0.000400048,0.000400048,0.000400048
317,2045.12,1.00537,1.90907,0.82534,1.00909,0,0,0,0.82179,0.79462,0.84352,0.66858,0.76807,0.73876,0.75913,0.51977,0.8584,1.63121,0.68974,0.9358,0,0,0,0.000398674,0.000398674,0.000398674
318,2051.6,1.06566,1.99248,0.82637,1.01127,0,0,0,0.80648,0.81276,0.83834,0.66254,0.74669,0.7488,0.75628,0.52517,0.85092,1.60938,0.69049,0.93576,0,0,0,0.000397299,0.000397299,0.000397299
319,2057.89,1.01719,1.98216,0.78392,0.99866,0,0,0,0.83204,0.79088,0.84903,0.6715,0.73506,0.75227,0.76304,0.52751,0.83813,1.58808,0.69361,0.93049,0,0,0,0.000395925,0.000395925,0.000395925
320,2064.32,1.0334,2.01262,0.85841,1.01066,0,0,0,0.86058,0.79109,0.83855,0.66094,0.80485,0.7403,0.76719,0.52845,0.83896,1.60441,0.70651,0.92811,0,0,0,0.00039455,0.00039455,0.00039455
321,2070.84,1.04881,1.87627,0.82216,1.00803,0,0,0,0.86091,0.78796,0.84171,0.66888,0.76487,0.76421,0.7518,0.52807,0.85682,1.60176,0.69773,0.93017,0,0,0,0.000393176,0.000393176,0.000393176
322,2077.22,1.02678,1.88168,0.80916,0.99335,0,0,0,0.85765,0.78697,0.83935,0.65042,0.78733,0.73829,0.75279,0.51528,0.8825,1.59374,0.69819,0.93666,0,0,0,0.000391802,0.000391802,0.000391802
323,2083.56,1.01703,1.88511,0.81642,1.02071,0,0,0,0.86076,0.79141,0.84192,0.66509,0.76364,0.74502,0.74381,0.52166,0.86857,1.58511,0.6873,0.93538,0,0,0,0.000390427,0.000390427,0.000390427
324,2089.68,0.99114,1.93004,0.82699,1.02777,0,0,0,0.8124,0.82302,0.84309,0.67196,0.75005,0.75968,0.74486,0.52022,0.86092,1.58603,0.6825,0.93074,0,0,0,0.000389053,0.000389053,0.000389053
325,2095.99,1.02442,1.84617,0.8353,1.00795,0,0,0,0.84232,0.79244,0.84185,0.67891,0.78015,0.72624,0.73692,0.50689,0.84528,1.59796,0.68397,0.93071,0,0,0,0.000387678,0.000387678,0.000387678
326,2102.26,1.09365,1.96084,0.86852,1.01097,0,0,0,0.84393,0.78477,0.84467,0.67602,0.77528,0.72472,0.73761,0.5066,0.84405,1.61582,0.68819,0.92964,0,0,0,0.000386304,0.000386304,0.000386304
327,2108.75,1.07447,1.98952,0.85069,1.02448,0,0,0,0.86328,0.78697,0.84898,0.66997,0.78284,0.70939,0.74437,0.5174,0.8381,1.6108,0.68371,0.92734,0,0,0,0.000384929,0.000384929,0.000384929
328,2115.19,1.02543,1.9098,0.80891,1.00945,0,0,0,0.83063,0.80666,0.84791,0.66643,0.77212,0.74672,0.76193,0.5296,0.83715,1.61339,0.67475,0.9273,0,0,0,0.000383555,0.000383555,0.000383555
329,2121.5,1.07966,2.002,0.85754,1.01465,0,0,0,0.84666,0.80361,0.84405,0.66568,0.78574,0.74493,0.75179,0.51675,0.83378,1.60469,0.67743,0.92726,0,0,0,0.00038218,0.00038218,0.00038218
330,2127.77,1.03794,1.92548,0.8367,1.01289,0,0,0,0.86056,0.78614,0.84184,0.67949,0.78734,0.75742,0.7633,0.52021,0.83122,1.6045,0.6863,0.93141,0,0,0,0.000380806,0.000380806,0.000380806
331,2134.2,1.03266,1.86583,0.83379,1.0206,0,0,0,0.81596,0.8191,0.84182,0.68114,0.77414,0.75704,0.76087,0.52957,0.83511,1.58771,0.68149,0.93208,0,0,0,0.000379431,0.000379431,0.000379431
332,2140.85,1.0383,1.93896,0.82701,1.00295,0,0,0,0.81636,0.80917,0.84326,0.67985,0.7746,0.74099,0.74546,0.51741,0.83363,1.56274,0.67879,0.92577,0,0,0,0.000378057,0.000378057,0.000378057
333,2147.13,0.99953,1.82209,0.81431,1.0029,0,0,0,0.85904,0.77951,0.84367,0.6764,0.77816,0.75054,0.74775,0.51959,0.83671,1.56909,0.68991,0.92194,0,0,0,0.000376683,0.000376683,0.000376683
334,2153.25,0.99903,1.8003,0.79232,0.99334,0,0,0,0.82881,0.80524,0.84158,0.6718,0.77233,0.75851,0.74618,0.52183,0.84194,1.5753,0.69682,0.92232,0,0,0,0.000375308,0.000375308,0.000375308
335,2159.49,0.9719,1.78211,0.78415,0.98078,0,0,0,0.84897,0.79304,0.84182,0.66315,0.7773,0.75099,0.74974,0.51981,0.85061,1.57698,0.68107,0.92568,0,0,0,0.000373934,0.000373934,0.000373934
336,2165.71,1.0802,1.90133,0.85711,1.02611,0,0,0,0.82273,0.82025,0.84355,0.66174,0.76531,0.77083,0.74906,0.5197,0.8688,1.57729,0.69401,0.9332,0,0,0,0.000372559,0.000372559,0.000372559
337,2172.16,1.09349,1.95525,0.86699,1.01335,0,0,0,0.81818,0.80271,0.84437,0.67061,0.76086,0.746,0.74924,0.51795,0.84981,1.60757,0.70114,0.92924,0,0,0,0.000371185,0.000371185,0.000371185
338,2178.64,1.01392,1.86817,0.80936,1.00995,0,0,0,0.81434,0.81648,0.8479,0.68568,0.7543,0.75087,0.74736,0.52334,0.82185,1.58511,0.6851,0.92434,0,0,0,0.00036981,0.00036981,0.00036981
339,2184.91,0.99338,1.87265,0.80544,1.00281,0,0,0,0.82913,0.80164,0.84776,0.68274,0.77691,0.75102,0.75605,0.53176,0.81571,1.56064,0.67642,0.9225,0,0,0,0.000368436,0.000368436,0.000368436
340,2191.95,1.00489,1.87858,0.82498,1.02068,0,0,0,0.81879,0.82074,0.85002,0.66011,0.77779,0.76827,0.76901,0.53077,0.8372,1.54362,0.68058,0.92677,0,0,0,0.000367061,0.000367061,0.000367061
341,2198.2,1.08229,1.9361,0.84289,0.99836,0,0,0,0.83021,0.8057,0.85001,0.65841,0.78388,0.75964,0.76705,0.52518,0.84131,1.52789,0.67806,0.92721,0,0,0,0.000365687,0.000365687,0.000365687
342,2204.58,0.95737,1.75205,0.80804,0.99953,0,0,0,0.81863,0.81503,0.85291,0.67212,0.78344,0.75873,0.78419,0.53515,0.83322,1.55305,0.6679,0.92389,0,0,0,0.000364313,0.000364313,0.000364313
343,2210.93,1.0388,1.93655,0.82289,1.00306,0,0,0,0.81612,0.83148,0.85134,0.70014,0.83959,0.72547,0.78081,0.54203,0.81047,1.52908,0.65943,0.91596,0,0,0,0.000362938,0.000362938,0.000362938
344,2217.36,1.05677,1.91155,0.83107,1.01503,0,0,0,0.80239,0.83535,0.84749,0.69247,0.74894,0.78533,0.76696,0.53989,0.80359,1.53566,0.66434,0.91595,0,0,0,0.000361564,0.000361564,0.000361564
345,2223.72,0.99844,1.85563,0.80855,1.00646,0,0,0,0.80762,0.82328,0.84882,0.69325,0.78255,0.7733,0.7821,0.54014,0.79595,1.53325,0.66557,0.91467,0,0,0,0.000360189,0.000360189,0.000360189
346,2230.14,1.0444,1.9075,0.82973,0.99465,0,0,0,0.82505,0.82088,0.84729,0.68363,0.7755,0.76181,0.75943,0.52946,0.80179,1.53431,0.65644,0.91665,0,0,0,0.000358815,0.000358815,0.000358815
347,2236.53,1.03307,1.87895,0.81364,1.00133,0,0,0,0.80519,0.83109,0.84674,0.67324,0.78033,0.75384,0.76428,0.52498,0.8127,1.53932,0.6568,0.91754,0,0,0,0.00035744,0.00035744,0.00035744
348,2242.75,1.00516,1.84862,0.80401,1.00645,0,0,0,0.84266,0.79768,0.84694,0.68104,0.79024,0.73405,0.74896,0.53351,0.80946,1.52767,0.66227,0.91539,0,0,0,0.000356066,0.000356066,0.000356066
349,2248.88,0.95696,1.82167,0.75701,0.98842,0,0,0,0.84446,0.80301,0.84498,0.67609,0.78383,0.74228,0.74337,0.52947,0.80941,1.52225,0.66863,0.91371,0,0,0,0.000354691,0.000354691,0.000354691
350,2255.31,0.99136,1.83716,0.80896,1.00078,0,0,0,0.83763,0.8004,0.84813,0.68269,0.7927,0.72047,0.75022,0.5338,0.81245,1.54846,0.66668,0.91553,0,0,0,0.000353317,0.000353317,0.000353317
351,2261.54,0.99883,1.86497,0.78743,0.99298,0,0,0,0.82932,0.79352,0.84683,0.67621,0.79431,0.70233,0.75055,0.53367,0.81926,1.52855,0.6567,0.91608,0,0,0,0.000351942,0.000351942,0.000351942
352,2267.89,1.0521,1.92291,0.83069,1.02175,0,0,0,0.84165,0.79424,0.84906,0.68287,0.73314,0.77065,0.75546,0.5373,0.82647,1.5149,0.66177,0.9176,0,0,0,0.000350568,0.000350568,0.000350568
353,2274.2,0.99908,1.89509,0.78589,0.98245,0,0,0,0.82072,0.82498,0.84983,0.6906,0.76954,0.77875,0.76256,0.54651,0.80716,1.51106,0.65234,0.9138,0,0,0,0.000349194,0.000349194,0.000349194
354,2280.48,1.01003,1.89718,0.79231,0.99152,0,0,0,0.86498,0.78994,0.84913,0.68302,0.78401,0.75988,0.76443,0.53446,0.82399,1.51912,0.6546,0.91589,0,0,0,0.000347819,0.000347819,0.000347819
355,2286.95,1.00795,1.88533,0.77156,0.98566,0,0,0,0.87075,0.78533,0.85161,0.67691,0.79607,0.73069,0.76243,0.53362,0.81193,1.53219,0.64791,0.91482,0,0,0,0.000346445,0.000346445,0.000346445
356,2293.29,1.00887,1.85576,0.78586,1.01311,0,0,0,0.86937,0.78772,0.85109,0.67961,0.79151,0.75061,0.76596,0.54198,0.79861,1.50909,0.64735,0.91296,0,0,0,0.00034507,0.00034507,0.00034507
357,2299.6,1.05424,1.8468,0.82968,1.00367,0,0,0,0.84768,0.79578,0.85095,0.68552,0.79128,0.74685,0.76674,0.53909,0.80187,1.50592,0.6487,0.91831,0,0,0,0.000343696,0.000343696,0.000343696
358,2305.93,0.98619,1.81999,0.76014,0.9851,0,0,0,0.8293,0.80815,0.85298,0.68589,0.77531,0.75548,0.76158,0.53597,0.80496,1.50371,0.6607,0.91648,0,0,0,0.000342321,0.000342321,0.000342321
359,2312.25,0.97163,1.80532,0.77769,1.00403,0,0,0,0.82941,0.80914,0.85304,0.695,0.76809,0.75387,0.75517,0.52907,0.80289,1.49126,0.67058,0.91074,0,0,0,0.000340947,0.000340947,0.000340947
360,2318.67,1.02811,1.85042,0.80988,1.00654,0,0,0,0.82631,0.81188,0.84987,0.69801,0.77395,0.76097,0.75949,0.53815,0.79534,1.48924,0.65364,0.91059,0,0,0,0.000339572,0.000339572,0.000339572
361,2325.11,1.01756,1.91439,0.8032,1.00265,0,0,0,0.82756,0.82365,0.85152,0.69248,0.77539,0.77145,0.77027,0.53786,0.80339,1.48484,0.65143,0.91391,0,0,0,0.000338198,0.000338198,0.000338198
362,2331.46,1.00881,1.86566,0.77494,0.98908,0,0,0,0.8184,0.83662,0.84931,0.69244,0.76991,0.77868,0.7705,0.54394,0.79135,1.47886,0.64684,0.91204,0,0,0,0.000336824,0.000336824,0.000336824
363,2337.73,0.9979,1.83696,0.80002,1.00033,0,0,0,0.842,0.81971,0.85096,0.6985,0.78686,0.76388,0.76056,0.54635,0.78208,1.48188,0.64211,0.90696,0,0,0,0.000335449,0.000335449,0.000335449
364,2344.04,0.98586,1.8641,0.78323,0.98814,0,0,0,0.84408,0.81618,0.85608,0.69804,0.78212,0.75529,0.7606,0.53303,0.79414,1.47621,0.64646,0.90655,0,0,0,0.000334075,0.000334075,0.000334075
365,2350.22,0.96196,1.81343,0.78915,1.00167,0,0,0,0.82692,0.81938,0.85311,0.69406,0.76551,0.76299,0.7612,0.54063,0.78803,1.49126,0.6486,0.90494,0,0,0,0.0003327,0.0003327,0.0003327
366,2356.55,1.00228,1.8366,0.80088,0.97815,0,0,0,0.82916,0.79714,0.85324,0.68891,0.80315,0.72625,0.76058,0.54409,0.7901,1.50911,0.65701,0.90671,0,0,0,0.000331326,0.000331326,0.000331326
367,2362.94,1.01256,1.81034,0.82354,0.98195,0,0,0,0.81398,0.82383,0.8538,0.67773,0.76874,0.74906,0.75238,0.53045,0.81099,1.50895,0.66802,0.91139,0,0,0,0.000329951,0.000329951,0.000329951
368,2369.24,0.98701,1.77805,0.76996,0.97462,0,0,0,0.79829,0.82451,0.8511,0.68564,0.77367,0.7498,0.76822,0.53313,0.79767,1.49873,0.65701,0.91368,0,0,0,0.000328577,0.000328577,0.000328577
369,2375.68,0.97116,1.85266,0.7514,0.99786,0,0,0,0.81398,0.83238,0.85655,0.68984,0.77953,0.77183,0.7866,0.5459,0.80806,1.51635,0.64919,0.91388,0,0,0,0.000327202,0.000327202,0.000327202
370,2382.08,1.03797,1.90529,0.80969,1.01482,0,0,0,0.82426,0.81711,0.85492,0.69513,0.79594,0.7495,0.7859,0.54672,0.79321,1.50204,0.64682,0.91057,0,0,0,0.000325828,0.000325828,0.000325828
371,2388.49,0.98413,1.86987,0.77943,0.98842,0,0,0,0.83068,0.81325,0.85289,0.70051,0.78215,0.76652,0.78908,0.54783,0.77648,1.50183,0.64573,0.90655,0,0,0,0.000324453,0.000324453,0.000324453
372,2394.82,1.02799,1.85694,0.79721,0.99577,0,0,0,0.82104,0.8303,0.85732,0.6987,0.77262,0.77706,0.78047,0.55031,0.78038,1.49342,0.6509,0.90671,0,0,0,0.000323079,0.000323079,0.000323079
373,2401.12,1.05039,1.86243,0.82707,0.99552,0,0,0,0.83253,0.82009,0.85221,0.69644,0.7969,0.7716,0.78632,0.54967,0.77311,1.49253,0.64279,0.90409,0,0,0,0.000321705,0.000321705,0.000321705
374,2407.54,0.99123,1.79139,0.77298,0.99373,0,0,0,0.81035,0.83722,0.85324,0.69186,0.77027,0.78308,0.77966,0.5496,0.76777,1.47696,0.63169,0.90317,0,0,0,0.00032033,0.00032033,0.00032033
375,2413.87,0.97007,1.78658,0.76759,0.9829,0,0,0,0.81073,0.83949,0.85405,0.68855,0.75644,0.78335,0.76679,0.54089,0.77791,1.48168,0.63258,0.90404,0,0,0,0.000318956,0.000318956,0.000318956
376,2420.32,0.97838,1.82663,0.76482,0.98959,0,0,0,0.8206,0.8192,0.85783,0.69035,0.77585,0.76296,0.76649,0.54858,0.77366,1.46548,0.63115,0.90132,0,0,0,0.000317581,0.000317581,0.000317581
377,2426.61,1.02278,1.83912,0.81588,0.99815,0,0,0,0.85085,0.80368,0.85791,0.70141,0.79057,0.77502,0.78182,0.55105,0.77333,1.46038,0.63167,0.90289,0,0,0,0.000316207,0.000316207,0.000316207
378,2432.99,0.92094,1.75546,0.75963,0.9758,0,0,0,0.82227,0.83509,0.85702,0.7046,0.77631,0.77211,0.77197,0.54167,0.7858,1.4565,0.63619,0.90441,0,0,0,0.000314832,0.000314832,0.000314832
379,2439.47,0.98594,1.87738,0.77896,0.99495,0,0,0,0.86322,0.79196,0.85963,0.70232,0.78606,0.77777,0.7935,0.5473,0.78663,1.47719,0.63765,0.90282,0,0,0,0.000313458,0.000313458,0.000313458
380,2445.79,0.98509,1.78413,0.76982,0.97845,0,0,0,0.8552,0.78853,0.85566,0.69576,0.80998,0.74964,0.78124,0.54414,0.77148,1.46537,0.63685,0.89901,0,0,0,0.000312083,0.000312083,0.000312083
381,2452.2,0.97214,1.86188,0.78496,0.98407,0,0,0,0.83492,0.81764,0.85275,0.68839,0.78009,0.76493,0.76113,0.5392,0.77765,1.47484,0.64665,0.90136,0,0,0,0.000310709,0.000310709,0.000310709
382,2458.44,0.98367,1.83143,0.76981,0.99485,0,0,0,0.84003,0.80723,0.8565,0.70608,0.76371,0.75508,0.7512,0.53019,0.77436,1.47808,0.64552,0.90036,0,0,0,0.000309335,0.000309335,0.000309335
383,2464.65,0.98129,1.8126,0.76496,0.98012,0,0,0,0.8126,0.82595,0.85587,0.7054,0.73995,0.77693,0.74879,0.53553,0.76066,1.47458,0.63281,0.89838,0,0,0,0.00030796,0.00030796,0.00030796
384,2470.92,0.95653,1.81034,0.7668,0.96752,0,0,0,0.8065,0.82495,0.85514,0.70098,0.74987,0.76826,0.75486,0.53587,0.76282,1.4607,0.63418,0.89844,0,0,0,0.000306586,0.000306586,0.000306586
385,2477.43,0.97563,1.77922,0.74552,0.96592,0,0,0,0.84275,0.7998,0.859,0.70579,0.79543,0.73849,0.77442,0.54344,0.75052,1.4759,0.62817,0.89627,0,0,0,0.000305211,0.000305211,0.000305211
386,2483.74,1.00383,1.89749,0.77587,0.97616,0,0,0,0.84375,0.79475,0.85826,0.69973,0.80178,0.73036,0.77508,0.54316,0.75394,1.49625,0.63237,0.89622,0,0,0,0.000303837,0.000303837,0.000303837
387,2490.15,1.01962,1.86762,0.80059,0.98773,0,0,0,0.83215,0.80342,0.85603,0.68606,0.79867,0.72795,0.7677,0.53961,0.76814,1.48206,0.63431,0.8989,0,0,0,0.000302462,0.000302462,0.000302462
388,2496.64,1.01059,1.85251,0.78132,0.9815,0,0,0,0.81099,0.82801,0.85777,0.70278,0.79793,0.71906,0.76392,0.54587,0.75574,1.46956,0.63491,0.89396,0,0,0,0.000301088,0.000301088,0.000301088
389,2503.31,1.05571,1.88873,0.8115,0.98699,0,0,0,0.85214,0.79562,0.85949,0.70044,0.78629,0.73842,0.76843,0.55138,0.76588,1.47093,0.643,0.8964,0,0,0,0.000299713,0.000299713,0.000299713
390,2509.53,0.98878,1.82327,0.7677,0.97379,0,0,0,0.84103,0.79448,0.85568,0.70568,0.78919,0.75984,0.79209,0.55494,0.76314,1.45777,0.63767,0.89675,0,0,0,0.000298339,0.000298339,0.000298339
391,2516.05,0.93221,1.69597,0.72734,0.97723,0,0,0,0.81877,0.81813,0.85754,0.70564,0.77507,0.77416,0.79159,0.55382,0.75308,1.44332,0.63396,0.89746,0,0,0,0.000296964,0.000296964,0.000296964
392,2522.41,0.98291,1.79276,0.77269,0.99192,0,0,0,0.83623,0.8119,0.8618,0.70994,0.79009,0.76669,0.78822,0.55299,0.74775,1.44714,0.63105,0.89604,0,0,0,0.00029559,0.00029559,0.00029559
393,2528.73,0.9762,1.85427,0.76927,0.97305,0,0,0,0.85165,0.79868,0.85871,0.70015,0.77928,0.76424,0.77432,0.54487,0.76005,1.46893,0.63136,0.89996,0,0,0,0.000294216,0.000294216,0.000294216
394,2535.24,0.95407,1.75401,0.74674,0.97322,0,0,0,0.81098,0.82815,0.85664,0.70221,0.76622,0.78296,0.77682,0.55257,0.76392,1.45789,0.63602,0.89794,0,0,0,0.000292841,0.000292841,0.000292841
395,2541.54,0.9959,1.83126,0.77564,0.98012,0,0,0,0.81588,0.81864,0.8547,0.69589,0.77165,0.77458,0.78973,0.5507,0.76551,1.45285,0.63474,0.89584,0,0,0,0.000291467,0.000291467,0.000291467
396,2547.68,0.96623,1.78085,0.73837,0.96561,0,0,0,0.8315,0.80576,0.85684,0.70084,0.77383,0.77439,0.78432,0.54586,0.75954,1.46149,0.63178,0.89427,0,0,0,0.000290092,0.000290092,0.000290092
397,2554.09,0.93913,1.73615,0.78397,0.99383,0,0,0,0.85531,0.78951,0.8573,0.70153,0.79079,0.75419,0.78369,0.54253,0.76478,1.46353,0.62815,0.89515,0,0,0,0.000288718,0.000288718,0.000288718
398,2560.47,0.98508,1.82359,0.77289,0.9795,0,0,0,0.86066,0.79461,0.85906,0.71051,0.75148,0.7925,0.78215,0.54595,0.75109,1.45488,0.62467,0.8933,0,0,0,0.000287343,0.000287343,0.000287343
399,2566.88,0.98851,1.76379,0.76685,0.97869,0,0,0,0.8535,0.8023,0.85841,0.70643,0.75923,0.78381,0.76938,0.5466,0.75591,1.44171,0.63003,0.89531,0,0,0,0.000285969,0.000285969,0.000285969
400,2573.37,1.00602,1.79868,0.78666,0.96726,0,0,0,0.8609,0.79152,0.86022,0.70456,0.753,0.78461,0.77924,0.54908,0.75966,1.44884,0.63501,0.89829,0,0,0,0.000284594,0.000284594,0.000284594
401,2579.66,1.02824,1.91807,0.81749,0.99679,0,0,0,0.87055,0.78569,0.86163,0.71315,0.76551,0.78499,0.79138,0.56257,0.74908,1.45166,0.63118,0.89533,0,0,0,0.00028322,0.00028322,0.00028322
402,2586.19,0.95988,1.78035,0.75817,0.96625,0,0,0,0.83042,0.81948,0.86061,0.70731,0.77615,0.76957,0.77632,0.56428,0.7391,1.45582,0.62282,0.89248,0,0,0,0.000281846,0.000281846,0.000281846
403,2592.59,0.97112,1.76027,0.75888,0.97831,0,0,0,0.82295,0.8185,0.85774,0.70414,0.76813,0.76381,0.76988,0.55206,0.74879,1.44966,0.62544,0.89248,0,0,0,0.000280471,0.000280471,0.000280471
404,2598.88,0.93743,1.72718,0.75634,0.98088,0,0,0,0.816,0.82743,0.85994,0.70642,0.76938,0.78029,0.7781,0.56221,0.7484,1.45009,0.62296,0.89263,0,0,0,0.000279097,0.000279097,0.000279097
405,2605.14,0.92381,1.76521,0.74272,0.97264,0,0,0,0.81267,0.83817,0.85841,0.71509,0.77293,0.77821,0.78101,0.56894,0.74531,1.44312,0.6172,0.891,0,0,0,0.000277722,0.000277722,0.000277722
406,2611.37,0.88727,1.68774,0.71709,0.9605,0,0,0,0.81739,0.8355,0.85891,0.70489,0.7741,0.79237,0.7832,0.5544,0.75145,1.42624,0.61679,0.89349,0,0,0,0.000276348,0.000276348,0.000276348
407,2617.78,0.90082,1.72472,0.70944,0.97442,0,0,0,0.82427,0.81896,0.85889,0.70479,0.78449,0.7757,0.78373,0.55709,0.75365,1.43013,0.61583,0.89343,0,0,0,0.000274973,0.000274973,0.000274973
408,2624.15,0.95406,1.78367,0.74974,0.98709,0,0,0,0.8904,0.7681,0.86256,0.7104,0.78107,0.77507,0.78467,0.55741,0.74097,1.42051,0.61266,0.89046,0,0,0,0.000273599,0.000273599,0.000273599
409,2630.46,0.91128,1.60676,0.72354,0.96614,0,0,0,0.83941,0.82208,0.86396,0.70762,0.79082,0.77652,0.77154,0.54915,0.74417,1.42397,0.61395,0.89007,0,0,0,0.000272224,0.000272224,0.000272224
410,2636.82,0.91243,1.7384,0.72217,0.97247,0,0,0,0.88972,0.78891,0.86611,0.71391,0.80209,0.76363,0.7761,0.56376,0.74918,1.43317,0.61454,0.89006,0,0,0,0.00027085,0.00027085,0.00027085
411,2643.04,0.96746,1.758,0.75811,0.9743,0,0,0,0.84075,0.82502,0.86123,0.7176,0.79958,0.78578,0.78905,0.56561,0.73369,1.42594,0.61296,0.88758,0,0,0,0.000269475,0.000269475,0.000269475
412,2649.38,0.91398,1.67361,0.7541,0.97141,0,0,0,0.87077,0.78912,0.85972,0.70867,0.79053,0.76978,0.77331,0.56305,0.74395,1.43755,0.62284,0.89037,0,0,0,0.000268101,0.000268101,0.000268101
413,2655.82,0.97561,1.75433,0.74427,0.9702,0,0,0,0.85312,0.80814,0.86506,0.71517,0.7754,0.78185,0.7755,0.5587,0.74304,1.42718,0.62692,0.88975,0,0,0,0.000266727,0.000266727,0.000266727
414,2662.25,0.9848,1.90087,0.76287,0.96939,0,0,0,0.88791,0.79122,0.86578,0.71023,0.83142,0.73123,0.77812,0.55443,0.74122,1.42486,0.62863,0.89022,0,0,0,0.000265352,0.000265352,0.000265352
415,2668.62,0.95711,1.76724,0.74625,0.98604,0,0,0,0.90212,0.78127,0.86491,0.7095,0.84369,0.73744,0.78626,0.56213,0.7389,1.43666,0.62672,0.88763,0,0,0,0.000263978,0.000263978,0.000263978
416,2674.99,0.91116,1.73767,0.74517,0.96751,0,0,0,0.88467,0.7726,0.86436,0.71824,0.76399,0.79207,0.79007,0.57196,0.73626,1.39949,0.6231,0.88627,0,0,0,0.000262603,0.000262603,0.000262603
417,2681.31,0.98934,1.81233,0.78386,0.98347,0,0,0,0.8525,0.80259,0.86377,0.71581,0.81531,0.75114,0.7866,0.57237,0.73661,1.39932,0.61912,0.88847,0,0,0,0.000261229,0.000261229,0.000261229
418,2687.68,0.92891,1.7275,0.73715,0.97386,0,0,0,0.88359,0.78649,0.8668,0.70587,0.83553,0.74334,0.78946,0.56665,0.72828,1.40703,0.61539,0.88783,0,0,0,0.000259854,0.000259854,0.000259854
419,2693.97,0.99534,1.81753,0.7721,0.96705,0,0,0,0.86925,0.79347,0.86648,0.70928,0.81615,0.74342,0.77868,0.56119,0.73138,1.42236,0.61789,0.88918,0,0,0,0.00025848,0.00025848,0.00025848
420,2700.45,0.95259,1.7564,0.76199,0.97049,0,0,0,0.85592,0.79555,0.86279,0.70908,0.8093,0.75317,0.79334,0.56442,0.73151,1.41775,0.6138,0.88979,0,0,0,0.000257105,0.000257105,0.000257105
421,2706.91,0.97592,1.75514,0.77807,0.96717,0,0,0,0.87629,0.78616,0.86099,0.70771,0.79029,0.75848,0.78572,0.56896,0.73679,1.40754,0.61476,0.88993,0,0,0,0.000255731,0.000255731,0.000255731
422,2713.16,0.96562,1.73448,0.75026,0.96907,0,0,0,0.88452,0.78985,0.8624,0.71184,0.80471,0.74549,0.77738,0.56789,0.73577,1.40538,0.61311,0.88974,0,0,0,0.000254357,0.000254357,0.000254357
423,2719.49,0.94859,1.73922,0.74338,0.9669,0,0,0,0.87082,0.79761,0.86229,0.71145,0.80707,0.7306,0.76398,0.56378,0.72412,1.39213,0.61376,0.8869,0,0,0,0.000252982,0.000252982,0.000252982
424,2725.83,0.91479,1.70962,0.75128,0.96687,0,0,0,0.8622,0.80713,0.86494,0.70511,0.76454,0.77777,0.76957,0.56256,0.71804,1.38894,0.60936,0.88372,0,0,0,0.000251608,0.000251608,0.000251608
425,2732.18,0.96036,1.74921,0.73372,0.96796,0,0,0,0.85219,0.79976,0.86141,0.70519,0.79131,0.7417,0.77741,0.5582,0.71985,1.39622,0.61352,0.88231,0,0,0,0.000250233,0.000250233,0.000250233
426,2738.73,0.94079,1.76495,0.7259,0.96397,0,0,0,0.86148,0.77959,0.86058,0.70344,0.81381,0.72702,0.7837,0.55878,0.74039,1.42639,0.62222,0.88521,0,0,0,0.000248859,0.000248859,0.000248859
427,2745.09,0.98981,1.78159,0.75406,0.95951,0,0,0,0.84594,0.80711,0.85944,0.70486,0.80901,0.7412,0.79349,0.56446,0.72675,1.38773,0.61868,0.88475,0,0,0,0.000247484,0.000247484,0.000247484
428,2751.43,0.94105,1.68426,0.72544,0.96285,0,0,0,0.86367,0.79878,0.86402,0.70163,0.8087,0.74626,0.78638,0.56359,0.744,1.3864,0.62732,0.88662,0,0,0,0.00024611,0.00024611,0.00024611
429,2757.84,0.96288,1.74211,0.74083,0.96546,0,0,0,0.84558,0.80299,0.86586,0.70478,0.79461,0.76222,0.78309,0.57642,0.71793,1.38726,0.61449,0.88233,0,0,0,0.000244735,0.000244735,0.000244735
430,2764.32,0.94411,1.68779,0.73754,0.95632,0,0,0,0.81773,0.82934,0.86704,0.71635,0.7761,0.78146,0.7914,0.56584,0.71392,1.38607,0.60853,0.88416,0,0,0,0.000243361,0.000243361,0.000243361
431,2770.71,1.0027,1.73663,0.75723,0.96207,0,0,0,0.83985,0.80789,0.86723,0.71373,0.79914,0.76419,0.80263,0.56423,0.72854,1.40027,0.61039,0.88623,0,0,0,0.000241986,0.000241986,0.000241986
432,2776.97,0.89664,1.70599,0.71341,0.95181,0,0,0,0.82012,0.82576,0.86561,0.71391,0.77772,0.78252,0.79699,0.57592,0.72743,1.38558,0.60929,0.88332,0,0,0,0.000240612,0.000240612,0.000240612
433,2783.38,0.91828,1.78703,0.72958,0.96485,0,0,0,0.80529,0.83986,0.86484,0.71869,0.76719,0.80143,0.80222,0.57288,0.72763,1.38549,0.60844,0.88388,0,0,0,0.000239238,0.000239238,0.000239238
434,2789.95,0.9478,1.73454,0.74714,0.96699,0,0,0,0.86481,0.79155,0.86648,0.71913,0.8228,0.75145,0.79816,0.57345,0.72923,1.38533,0.60903,0.88602,0,0,0,0.000237863,0.000237863,0.000237863
435,2796.43,0.89508,1.68331,0.71651,0.96338,0,0,0,0.85784,0.80317,0.86465,0.71537,0.77565,0.78071,0.79288,0.56524,0.72196,1.3871,0.61065,0.88556,0,0,0,0.000236489,0.000236489,0.000236489
436,2802.66,0.92646,1.74227,0.73437,0.95973,0,0,0,0.8515,0.80361,0.86586,0.70912,0.80231,0.75606,0.79389,0.57151,0.73178,1.39515,0.61257,0.8845,0,0,0,0.000235114,0.000235114,0.000235114
437,2809.15,0.92713,1.68134,0.72958,0.97815,0,0,0,0.86938,0.80444,0.86745,0.70968,0.79713,0.77408,0.79075,0.57093,0.719,1.38068,0.60693,0.88085,0,0,0,0.00023374,0.00023374,0.00023374
438,2815.44,0.95559,1.76473,0.75496,0.95942,0,0,0,0.82675,0.83333,0.86845,0.72513,0.78371,0.78259,0.78909,0.57681,0.71222,1.38979,0.60394,0.87825,0,0,0,0.000232365,0.000232365,0.000232365
439,2821.71,0.92176,1.73763,0.72686,0.97846,0,0,0,0.84792,0.82835,0.8712,0.7226,0.78889,0.78486,0.79217,0.56502,0.71771,1.40558,0.60393,0.88148,0,0,0,0.000230991,0.000230991,0.000230991
440,2827.99,0.90272,1.76259,0.72679,0.9519,0,0,0,0.83901,0.83785,0.87107,0.72383,0.79017,0.77997,0.79294,0.56143,0.71283,1.39666,0.6003,0.88158,0,0,0,0.000229616,0.000229616,0.000229616
441,2834.33,0.89212,1.71575,0.7299,0.96468,0,0,0,0.86942,0.81425,0.86896,0.71534,0.81644,0.76511,0.79405,0.55946,0.71637,1.3946,0.60432,0.88163,0,0,0,0.000228242,0.000228242,0.000228242
442,2840.62,0.84367,1.69001,0.70802,0.94582,0,0,0,0.84443,0.82379,0.87015,0.71355,0.79806,0.76935,0.79066,0.55756,0.7137,1.38476,0.607,0.88206,0,0,0,0.000226868,0.000226868,0.000226868
443,2847.11,0.94033,1.74602,0.72528,0.95048,0,0,0,0.86459,0.80137,0.86797,0.71219,0.82417,0.75009,0.79411,0.56137,0.71387,1.38314,0.60917,0.88218,0,0,0,0.000225493,0.000225493,0.000225493
444,2853.5,0.91049,1.6967,0.74689,0.97767,0,0,0,0.85293,0.81639,0.86542,0.71082,0.80355,0.76833,0.79258,0.55615,0.70962,1.3751,0.60959,0.88206,0,0,0,0.000224119,0.000224119,0.000224119
445,2859.86,0.9143,1.73078,0.74152,0.96743,0,0,0,0.83262,0.83832,0.86381,0.7143,0.79826,0.77235,0.79067,0.55928,0.70324,1.37573,0.60702,0.88097,0,0,0,0.000222744,0.000222744,0.000222744
446,2866.32,0.88558,1.68951,0.71328,0.95461,0,0,0,0.83968,0.83322,0.86772,0.72025,0.81336,0.76456,0.792,0.56656,0.70844,1.38189,0.60913,0.88224,0,0,0,0.00022137,0.00022137,0.00022137
447,2872.75,0.92479,1.73628,0.71871,0.94107,0,0,0,0.85627,0.8129,0.86858,0.7161,0.81278,0.76303,0.79399,0.57236,0.70722,1.37822,0.61069,0.87992,0,0,0,0.000219995,0.000219995,0.000219995
448,2879.27,0.98437,1.76172,0.76896,0.95971,0,0,0,0.8538,0.82079,0.86742,0.71427,0.80058,0.7702,0.79707,0.56764,0.70934,1.37464,0.6095,0.88075,0,0,0,0.000218621,0.000218621,0.000218621
449,2885.49,0.9378,1.67297,0.72671,0.95636,0,0,0,0.86908,0.80667,0.86985,0.72044,0.81684,0.75761,0.80133,0.56952,0.70864,1.36926,0.60572,0.88024,0,0,0,0.000217246,0.000217246,0.000217246
450,2891.82,0.85141,1.58966,0.68106,0.96489,0,0,0,0.86007,0.8122,0.86997,0.72339,0.79651,0.77489,0.79948,0.56965,0.69878,1.35909,0.59507,0.87859,0,0,0,0.000215872,0.000215872,0.000215872
451,2898.17,0.88913,1.65693,0.68776,0.9434,0,0,0,0.84341,0.8258,0.87242,0.71742,0.78135,0.79116,0.80391,0.57252,0.70576,1.36495,0.59281,0.87997,0,0,0,0.000214497,0.000214497,0.000214497
452,2904.45,0.99259,1.79033,0.75362,0.96895,0,0,0,0.83622,0.82889,0.86963,0.71886,0.78722,0.78157,0.80734,0.58245,0.70429,1.36495,0.59055,0.87881,0,0,0,0.000213123,0.000213123,0.000213123
453,2910.74,0.9057,1.68097,0.73801,0.9676,0,0,0,0.84898,0.82008,0.86985,0.72192,0.8146,0.75753,0.80324,0.57679,0.68862,1.35291,0.58857,0.87616,0,0,0,0.000211749,0.000211749,0.000211749
454,2917.04,0.90792,1.75038,0.71796,0.95455,0,0,0,0.84172,0.83143,0.87112,0.72958,0.79365,0.78459,0.80211,0.57303,0.68701,1.35138,0.59155,0.87429,0,0,0,0.000210374,0.000210374,0.000210374
455,2923.57,0.85647,1.63475,0.68086,0.9526,0,0,0,0.83635,0.8362,0.87303,0.72224,0.78672,0.78662,0.80186,0.56668,0.68775,1.33703,0.5948,0.87347,0,0,0,0.000209,0.000209,0.000209
456,2929.92,0.89341,1.60369,0.69123,0.93847,0,0,0,0.84522,0.82753,0.8706,0.72878,0.77556,0.80071,0.80776,0.57613,0.68196,1.3331,0.59582,0.87236,0,0,0,0.000207625,0.000207625,0.000207625
457,2936.21,0.88739,1.72599,0.69307,0.94694,0,0,0,0.83933,0.83042,0.87322,0.72687,0.79005,0.78255,0.80286,0.57292,0.68617,1.32704,0.5936,0.8739,0,0,0,0.000206251,0.000206251,0.000206251
458,2942.54,0.86575,1.64876,0.68636,0.94832,0,0,0,0.81415,0.83356,0.87173,0.72838,0.81835,0.75208,0.79923,0.58077,0.68398,1.33126,0.59181,0.87439,0,0,0,0.000204876,0.000204876,0.000204876
459,2949.18,0.91732,1.67791,0.72908,0.95934,0,0,0,0.85617,0.80049,0.87083,0.73422,0.81909,0.75843,0.80506,0.58311,0.67982,1.34227,0.58948,0.87374,0,0,0,0.000203502,0.000203502,0.000203502
460,2955.56,0.98177,1.78452,0.75525,0.95467,0,0,0,0.87485,0.78576,0.86955,0.73064,0.84458,0.74478,0.81126,0.58624,0.677,1.33668,0.58981,0.87162,0,0,0,0.000202127,0.000202127,0.000202127
461,2962.17,0.91255,1.72602,0.71043,0.95276,0,0,0,0.8755,0.78899,0.86848,0.72518,0.85094,0.73452,0.80789,0.58575,0.68338,1.34094,0.59228,0.87304,0,0,0,0.000200753,0.000200753,0.000200753
462,2968.51,0.96643,1.77547,0.73526,0.94724,0,0,0,0.83008,0.84131,0.87002,0.71944,0.78232,0.79922,0.80646,0.58174,0.68116,1.34293,0.58871,0.87305,0,0,0,0.000199379,0.000199379,0.000199379
463,2974.85,0.9111,1.76797,0.71801,0.94658,0,0,0,0.82005,0.84413,0.86886,0.71738,0.77885,0.78796,0.80301,0.57716,0.68659,1.36039,0.58297,0.87338,0,0,0,0.000198004,0.000198004,0.000198004
464,2981.19,0.87944,1.68391,0.72343,0.96156,0,0,0,0.82766,0.84537,0.87084,0.72415,0.79663,0.79649,0.80495,0.58293,0.69332,1.36432,0.58544,0.87379,0,0,0,0.00019663,0.00019663,0.00019663
465,2987.45,0.94262,1.68161,0.74457,0.96401,0,0,0,0.85217,0.82783,0.87264,0.71666,0.80251,0.78984,0.80729,0.57376,0.69062,1.36212,0.58842,0.87448,0,0,0,0.000195255,0.000195255,0.000195255
466,2993.71,0.88099,1.6374,0.70827,0.95019,0,0,0,0.83383,0.83548,0.87232,0.70453,0.79397,0.79539,0.79869,0.56328,0.69859,1.36656,0.5954,0.87649,0,0,0,0.000193881,0.000193881,0.000193881
467,3000.14,0.93934,1.72764,0.7402,0.97997,0,0,0,0.80413,0.83493,0.86903,0.71022,0.76322,0.79331,0.79702,0.56413,0.71273,1.37812,0.60411,0.87996,0,0,0,0.000192506,0.000192506,0.000192506
468,3006.54,0.92781,1.76919,0.75533,0.96497,0,0,0,0.82696,0.83472,0.86921,0.71038,0.7858,0.79306,0.80272,0.56414,0.69723,1.36692,0.59382,0.87824,0,0,0,0.000191132,0.000191132,0.000191132
469,3012.91,0.91587,1.71354,0.6973,0.9526,0,0,0,0.81551,0.84239,0.86488,0.7238,0.77505,0.80993,0.80473,0.57272,0.68946,1.36322,0.58737,0.87597,0,0,0,0.000189757,0.000189757,0.000189757
470,3019.22,0.90225,1.70263,0.7196,0.94624,0,0,0,0.82427,0.8248,0.87072,0.72164,0.77827,0.79258,0.7927,0.56337,0.68465,1.36185,0.58586,0.87364,0,0,0,0.000188383,0.000188383,0.000188383
471,3025.54,0.87956,1.64452,0.68254,0.9464,0,0,0,0.83971,0.8274,0.86933,0.73122,0.78971,0.79231,0.7948,0.56779,0.67926,1.35078,0.58174,0.87045,0,0,0,0.000187008,0.000187008,0.000187008
472,3031.78,0.94153,1.72609,0.73802,0.95917,0,0,0,0.82871,0.84224,0.86955,0.72803,0.78681,0.80021,0.79244,0.57172,0.68475,1.35346,0.58319,0.87079,0,0,0,0.000185634,0.000185634,0.000185634
473,3038.25,0.85933,1.57509,0.68815,0.93782,0,0,0,0.83484,0.8367,0.8722,0.7288,0.78869,0.79724,0.79647,0.5751,0.68258,1.35668,0.58496,0.87089,0,0,0,0.00018426,0.00018426,0.00018426
474,3044.63,0.84214,1.60866,0.68116,0.93989,0,0,0,0.83946,0.83172,0.8716,0.73447,0.78142,0.80674,0.79424,0.57348,0.6783,1.33771,0.58264,0.87098,0,0,0,0.000182885,0.000182885,0.000182885
475,3050.97,0.92013,1.69972,0.73604,0.97175,0,0,0,0.86279,0.81181,0.87503,0.73138,0.80664,0.77184,0.80667,0.5766,0.6895,1.3575,0.5831,0.87273,0,0,0,0.000181511,0.000181511,0.000181511
476,3057.21,0.88939,1.68917,0.70602,0.95222,0,0,0,0.84756,0.81983,0.87451,0.72616,0.79489,0.77699,0.80378,0.57902,0.68928,1.359,0.58178,0.87317,0,0,0,0.000180136,0.000180136,0.000180136
477,3063.51,0.92588,1.6958,0.74705,0.97073,0,0,0,0.8666,0.79859,0.8734,0.72318,0.79605,0.7614,0.7923,0.57419,0.67891,1.33728,0.5814,0.8718,0,0,0,0.000178762,0.000178762,0.000178762
478,3069.86,0.93597,1.68679,0.70913,0.954,0,0,0,0.86371,0.82173,0.87408,0.72815,0.80806,0.77869,0.80507,0.57552,0.67537,1.33642,0.57841,0.8706,0,0,0,0.000177387,0.000177387,0.000177387
479,3076.39,0.89459,1.66343,0.70199,0.94668,0,0,0,0.8558,0.82384,0.87305,0.73328,0.78719,0.79947,0.80676,0.57754,0.66489,1.32522,0.57524,0.8689,0,0,0,0.000176013,0.000176013,0.000176013
480,3082.78,0.86125,1.59848,0.6924,0.95404,0,0,0,0.84318,0.83052,0.87328,0.73817,0.79518,0.79484,0.80552,0.58142,0.65745,1.31378,0.5745,0.86762,0,0,0,0.000174638,0.000174638,0.000174638
481,3089.16,0.93077,1.70356,0.70931,0.95176,0,0,0,0.84305,0.81984,0.873,0.73715,0.79952,0.77943,0.80741,0.58194,0.66266,1.31274,0.58277,0.86818,0,0,0,0.000173264,0.000173264,0.000173264
482,3095.41,0.92094,1.65685,0.70866,0.93443,0,0,0,0.87088,0.79762,0.87147,0.73052,0.8014,0.77539,0.79818,0.57948,0.66616,1.30954,0.58269,0.86772,0,0,0,0.00017189,0.00017189,0.00017189
483,3101.77,0.83785,1.54319,0.65118,0.9391,0,0,0,0.88678,0.78247,0.87452,0.73214,0.78819,0.7823,0.80086,0.58078,0.66849,1.31054,0.58294,0.8666,0,0,0,0.000170515,0.000170515,0.000170515
484,3108.16,0.92798,1.70852,0.71705,0.94484,0,0,0,0.87847,0.8034,0.87367,0.73353,0.81651,0.76073,0.80395,0.58448,0.66854,1.31994,0.58375,0.86604,0,0,0,0.000169141,0.000169141,0.000169141
485,3114.72,0.91206,1.6434,0.70405,0.96527,0,0,0,0.86248,0.81731,0.87452,0.73404,0.79765,0.77136,0.80142,0.58206,0.67754,1.31885,0.58566,0.86762,0,0,0,0.000167766,0.000167766,0.000167766
486,3121.12,0.93684,1.70093,0.73034,0.95559,0,0,0,0.86125,0.8212,0.87518,0.73028,0.80392,0.77303,0.80456,0.59043,0.67553,1.31733,0.58511,0.86754,0,0,0,0.000166392,0.000166392,0.000166392
487,3127.52,0.94447,1.70992,0.72739,0.9397,0,0,0,0.85968,0.81838,0.87347,0.72687,0.80944,0.75521,0.79757,0.58511,0.68775,1.33227,0.58623,0.86897,0,0,0,0.000165017,0.000165017,0.000165017
488,3133.88,0.85695,1.61232,0.69823,0.94463,0,0,0,0.83213,0.83091,0.87401,0.72322,0.7839,0.78326,0.7968,0.57998,0.68204,1.31843,0.58304,0.86834,0,0,0,0.000163643,0.000163643,0.000163643
489,3140.07,0.90021,1.6901,0.71694,0.9348,0,0,0,0.82587,0.84783,0.87437,0.72782,0.79188,0.79513,0.79966,0.57443,0.67356,1.31849,0.57922,0.8678,0,0,0,0.000162268,0.000162268,0.000162268
490,3146.45,0.82869,1.61259,0.67518,0.9401,0,0,0,0.82791,0.84229,0.87342,0.72166,0.7999,0.77909,0.80253,0.57871,0.67012,1.32077,0.57651,0.86655,0,0,0,0.000160894,0.000160894,0.000160894
491,3152.79,0.91425,1.69557,0.71222,0.95145,0,0,0,0.84165,0.84041,0.87359,0.72716,0.79627,0.79067,0.79845,0.57124,0.66942,1.31818,0.58245,0.86523,0,0,0,0.00015952,0.00015952,0.00015952
492,3159.14,0.87933,1.59749,0.69376,0.94838,0,0,0,0.85007,0.83347,0.87553,0.7321,0.79207,0.80285,0.80742,0.57819,0.66022,1.31948,0.58056,0.86466,0,0,0,0.000158145,0.000158145,0.000158145
493,3165.4,0.89534,1.67242,0.70846,0.94766,0,0,0,0.84697,0.82941,0.87599,0.73096,0.80155,0.78794,0.80506,0.57675,0.65992,1.32097,0.57653,0.8644,0,0,0,0.000156771,0.000156771,0.000156771
494,3171.7,0.86524,1.62591,0.67901,0.93667,0,0,0,0.84717,0.82807,0.87372,0.73269,0.80364,0.78274,0.8013,0.57698,0.65812,1.31545,0.57407,0.86419,0,0,0,0.000155396,0.000155396,0.000155396
495,3177.94,0.90667,1.67018,0.7306,0.9614,0,0,0,0.84141,0.84387,0.87432,0.7408,0.79312,0.79395,0.80064,0.57328,0.65436,1.30729,0.57399,0.8639,0,0,0,0.000154022,0.000154022,0.000154022
496,3184.26,0.82515,1.61864,0.68421,0.94338,0,0,0,0.84585,0.84038,0.87699,0.73928,0.79693,0.79142,0.79801,0.57274,0.65423,1.31175,0.57233,0.86504,0,0,0,0.000152647,0.000152647,0.000152647
497,3190.72,0.84874,1.68675,0.69884,0.94275,0,0,0,0.83096,0.84283,0.87444,0.73098,0.78195,0.79429,0.79605,0.57684,0.65373,1.31228,0.57096,0.86513,0,0,0,0.000151273,0.000151273,0.000151273
498,3197.05,0.82894,1.60602,0.6802,0.93555,0,0,0,0.85115,0.81901,0.87427,0.73375,0.80549,0.76974,0.79691,0.57772,0.6526,1.30546,0.57212,0.86511,0,0,0,0.000149898,0.000149898,0.000149898
499,3203.41,0.86211,1.68528,0.69495,0.94874,0,0,0,0.84073,0.83028,0.87658,0.73299,0.7929,0.78606,0.80327,0.57809,0.65519,1.3067,0.57365,0.86514,0,0,0,0.000148524,0.000148524,0.000148524
500,3209.73,0.86361,1.59772,0.67614,0.934,0,0,0,0.86469,0.81039,0.87576,0.73492,0.80417,0.77382,0.80544,0.58093,0.6661,1.31814,0.5749,0.86632,0,0,0,0.000147149,0.000147149,0.000147149
501,3216.03,0.87984,1.57612,0.70297,0.94611,0,0,0,0.86239,0.81643,0.87447,0.72878,0.81043,0.77608,0.80362,0.59023,0.66132,1.31444,0.57186,0.86545,0,0,0,0.000145775,0.000145775,0.000145775
502,3222.42,0.83886,1.61186,0.68527,0.94434,0,0,0,0.84876,0.82986,0.87561,0.73124,0.8026,0.8006,0.80618,0.59571,0.66104,1.31815,0.57005,0.86443,0,0,0,0.000144401,0.000144401,0.000144401
503,3228.92,0.86592,1.6198,0.69073,0.93872,0,0,0,0.87388,0.80042,0.87423,0.7301,0.79579,0.78889,0.80654,0.59203,0.65328,1.30866,0.56665,0.86235,0,0,0,0.000143026,0.000143026,0.000143026
504,3235.18,0.84944,1.59648,0.69328,0.9402,0,0,0,0.88777,0.79644,0.87779,0.73306,0.79296,0.79921,0.80235,0.59203,0.65032,1.30487,0.56673,0.86269,0,0,0,0.000141652,0.000141652,0.000141652
505,3241.42,0.82945,1.57738,0.6993,0.95592,0,0,0,0.84159,0.83783,0.87786,0.73335,0.7894,0.79632,0.79954,0.58684,0.65852,1.31382,0.57147,0.86428,0,0,0,0.000140277,0.000140277,0.000140277
506,3247.67,0.85267,1.57958,0.66008,0.94565,0,0,0,0.89384,0.7936,0.88091,0.73978,0.78473,0.79466,0.80104,0.59175,0.65901,1.30623,0.57098,0.86505,0,0,0,0.000138903,0.000138903,0.000138903
507,3254.09,0.8534,1.63116,0.67799,0.94175,0,0,0,0.88121,0.79261,0.8782,0.73812,0.79867,0.77972,0.79876,0.58851,0.65742,1.30058,0.56883,0.86516,0,0,0,0.000137528,0.000137528,0.000137528
508,3260.45,0.87702,1.62533,0.68519,0.94002,0,0,0,0.88259,0.80761,0.87812,0.74135,0.79928,0.77346,0.79974,0.59255,0.65999,1.29881,0.56816,0.8655,0,0,0,0.000136154,0.000136154,0.000136154
509,3266.95,0.84841,1.58949,0.67483,0.94427,0,0,0,0.8776,0.80639,0.87656,0.74208,0.813,0.76847,0.80473,0.597,0.65147,1.29698,0.57092,0.86369,0,0,0,0.000134779,0.000134779,0.000134779
510,3273.27,0.84031,1.62986,0.65884,0.93436,0,0,0,0.88854,0.79065,0.87748,0.7388,0.79535,0.77396,0.80435,0.60009,0.65049,1.30047,0.57372,0.86383,0,0,0,0.000133405,0.000133405,0.000133405
511,3279.5,0.84514,1.63182,0.67682,0.96318,0,0,0,0.88163,0.79196,0.87694,0.74616,0.7697,0.80753,0.807,0.60135,0.64917,1.29732,0.57007,0.86483,0,0,0,0.000132031,0.000132031,0.000132031
512,3285.79,0.87327,1.53313,0.69418,0.94161,0,0,0,0.90223,0.77429,0.87789,0.74527,0.79285,0.78284,0.80586,0.59799,0.64408,1.28892,0.57088,0.86331,0,0,0,0.000130656,0.000130656,0.000130656
513,3291.95,0.83417,1.58342,0.67508,0.94648,0,0,0,0.83736,0.82931,0.87873,0.74439,0.78687,0.79213,0.80694,0.59305,0.64536,1.28877,0.56978,0.86321,0,0,0,0.000129282,0.000129282,0.000129282
514,3298.3,0.86456,1.59584,0.66713,0.93817,0,0,0,0.85508,0.8206,0.8792,0.73533,0.79821,0.79233,0.81084,0.59412,0.65175,1.29172,0.56665,0.8637,0,0,0,0.000127907,0.000127907,0.000127907
515,3304.85,0.87438,1.63963,0.69779,0.94627,0,0,0,0.81837,0.84455,0.87801,0.74195,0.78112,0.80757,0.81037,0.59761,0.64705,1.28284,0.56186,0.86302,0,0,0,0.000126533,0.000126533,0.000126533
516,3311.29,0.8975,1.65645,0.70191,0.9464,0,0,0,0.87549,0.80339,0.87887,0.74164,0.8087,0.7839,0.81076,0.59178,0.64454,1.28694,0.56166,0.86273,0,0,0,0.000125158,0.000125158,0.000125158
517,3317.5,0.868,1.64989,0.69552,0.96066,0,0,0,0.86972,0.81223,0.88085,0.73744,0.81296,0.79305,0.81055,0.58743,0.64751,1.29656,0.56319,0.86204,0,0,0,0.000123784,0.000123784,0.000123784
518,3323.78,0.81095,1.52445,0.67587,0.94023,0,0,0,0.88565,0.79406,0.88194,0.73855,0.79555,0.78109,0.80082,0.58363,0.64131,1.29912,0.5641,0.86066,0,0,0,0.000122409,0.000122409,0.000122409
519,3330.12,0.83512,1.61329,0.66678,0.94388,0,0,0,0.84583,0.82756,0.88234,0.73726,0.79549,0.78037,0.79879,0.58597,0.6414,1.29785,0.56084,0.8605,0,0,0,0.000121035,0.000121035,0.000121035
520,3336.4,0.86237,1.59183,0.68861,0.92834,0,0,0,0.83561,0.83175,0.8822,0.74582,0.78789,0.78217,0.79819,0.57889,0.64903,1.29475,0.55994,0.86258,0,0,0,0.00011966,0.00011966,0.00011966
521,3342.82,0.82403,1.6199,0.66382,0.93998,0,0,0,0.83557,0.84188,0.88033,0.74511,0.78855,0.7914,0.7978,0.57595,0.65031,1.2944,0.56182,0.86354,0,0,0,0.000118286,0.000118286,0.000118286
522,3349.19,0.86359,1.60821,0.6868,0.9448,0,0,0,0.90573,0.77936,0.87961,0.75125,0.81836,0.7673,0.80263,0.58281,0.63426,1.28998,0.55957,0.86014,0,0,0,0.000116912,0.000116912,0.000116912
523,3355.67,0.84534,1.61421,0.68071,0.93976,0,0,0,0.84313,0.83136,0.87887,0.75025,0.79782,0.78419,0.80264,0.59103,0.63368,1.2889,0.56286,0.85808,0,0,0,0.000115537,0.000115537,0.000115537
524,3362.05,0.92353,1.70992,0.71435,0.94531,0,0,0,0.84907,0.84045,0.87899,0.74542,0.80374,0.7896,0.8044,0.59018,0.63305,1.27989,0.55914,0.85733,0,0,0,0.000114163,0.000114163,0.000114163
525,3368.37,0.91241,1.69294,0.69854,0.94832,0,0,0,0.83274,0.84012,0.88087,0.74601,0.80537,0.78537,0.80382,0.59517,0.63506,1.27522,0.55962,0.85787,0,0,0,0.000112788,0.000112788,0.000112788
526,3374.71,0.85728,1.59914,0.67938,0.92439,0,0,0,0.82774,0.82754,0.87909,0.75433,0.78601,0.78842,0.80559,0.60327,0.63025,1.27076,0.55695,0.8572,0,0,0,0.000111414,0.000111414,0.000111414
527,3381.27,0.87547,1.59457,0.68234,0.92794,0,0,0,0.87981,0.793,0.87936,0.7554,0.8073,0.77508,0.80863,0.60702,0.63061,1.27068,0.5574,0.85707,0,0,0,0.000110039,0.000110039,0.000110039
528,3387.69,0.8416,1.60124,0.6701,0.93069,0,0,0,0.85414,0.81316,0.87967,0.74585,0.79987,0.79073,0.8088,0.59904,0.63286,1.27104,0.558,0.858,0,0,0,0.000108665,0.000108665,0.000108665
529,3394.63,0.8656,1.60764,0.68174,0.93544,0,0,0,0.84456,0.83,0.87906,0.75226,0.81356,0.78154,0.81099,0.59344,0.63364,1.26417,0.55771,0.85876,0,0,0,0.00010729,0.00010729,0.00010729
530,3400.96,0.84686,1.53765,0.66561,0.94603,0,0,0,0.84136,0.82876,0.88023,0.75746,0.80709,0.77592,0.81099,0.59529,0.62956,1.26335,0.55456,0.85901,0,0,0,0.000105916,0.000105916,0.000105916
531,3407.32,0.86411,1.59776,0.67429,0.95041,0,0,0,0.83219,0.82916,0.88093,0.75585,0.7877,0.78628,0.81132,0.59857,0.62855,1.26959,0.55438,0.85848,0,0,0,0.000104542,0.000104542,0.000104542
532,3413.73,0.8344,1.53927,0.64747,0.94348,0,0,0,0.85953,0.81795,0.88111,0.74646,0.80376,0.77832,0.81039,0.59287,0.62873,1.27164,0.55569,0.85886,0,0,0,0.000103167,0.000103167,0.000103167
533,3420.19,0.84374,1.58891,0.68041,0.9364,0,0,0,0.89704,0.80096,0.88305,0.74988,0.8342,0.75658,0.80922,0.59893,0.63189,1.26986,0.55696,0.85863,0,0,0,0.000101793,0.000101793,0.000101793
534,3426.49,0.89637,1.71728,0.69793,0.93714,0,0,0,0.88946,0.79885,0.88209,0.74971,0.82158,0.76716,0.80768,0.5952,0.63157,1.27343,0.55727,0.85756,0,0,0,0.000100418,0.000100418,0.000100418
535,3432.84,0.86169,1.60588,0.71998,0.95372,0,0,0,0.84831,0.82168,0.88256,0.75492,0.80086,0.77531,0.806,0.59726,0.62892,1.27093,0.55903,0.8564,0,0,0,9.90437e-05,9.90437e-05,9.90437e-05
536,3439.14,0.87089,1.65157,0.70458,0.92696,0,0,0,0.86734,0.8082,0.88096,0.753,0.80923,0.769,0.80543,0.60026,0.62253,1.26062,0.5569,0.85623,0,0,0,9.76692e-05,9.76692e-05,9.76692e-05
537,3445.46,0.90263,1.61798,0.69562,0.93336,0,0,0,0.81442,0.85842,0.88246,0.75647,0.81347,0.76872,0.80677,0.60471,0.62285,1.26007,0.55556,0.85578,0,0,0,9.62948e-05,9.62948e-05,9.62948e-05
538,3451.73,0.82123,1.5544,0.66404,0.93948,0,0,0,0.86512,0.81556,0.88181,0.75114,0.81627,0.77069,0.80668,0.60101,0.62551,1.26343,0.55758,0.85575,0,0,0,9.49203e-05,9.49203e-05,9.49203e-05
539,3458.08,0.7824,1.5354,0.63854,0.93528,0,0,0,0.81332,0.85757,0.88138,0.75904,0.78027,0.79518,0.80701,0.60137,0.61678,1.24928,0.55516,0.85436,0,0,0,9.35459e-05,9.35459e-05,9.35459e-05
540,3464.54,0.82448,1.52495,0.66069,0.93492,0,0,0,0.86071,0.81637,0.88316,0.76089,0.81107,0.77,0.80848,0.60227,0.61377,1.25136,0.5523,0.85401,0,0,0,9.21715e-05,9.21715e-05,9.21715e-05
541,3470.82,0.80432,1.50968,0.63748,0.92489,0,0,0,0.83137,0.84169,0.88413,0.75304,0.78287,0.79445,0.80755,0.59928,0.61496,1.25191,0.55236,0.85487,0,0,0,9.0797e-05,9.0797e-05,9.0797e-05
542,3477.26,0.87135,1.64398,0.67944,0.93389,0,0,0,0.82648,0.84116,0.88273,0.75188,0.78239,0.78851,0.80743,0.59912,0.61814,1.25604,0.55154,0.85585,0,0,0,8.94226e-05,8.94226e-05,8.94226e-05
543,3483.54,0.86918,1.61683,0.68721,0.93614,0,0,0,0.82147,0.84927,0.8833,0.75368,0.77712,0.80353,0.8106,0.59812,0.61756,1.25316,0.55218,0.8562,0,0,0,8.80481e-05,8.80481e-05,8.80481e-05
544,3489.77,0.80919,1.54102,0.65791,0.94799,0,0,0,0.81725,0.84911,0.88186,0.75188,0.77529,0.80359,0.80974,0.60023,0.61401,1.25331,0.54859,0.85511,0,0,0,8.66736e-05,8.66736e-05,8.66736e-05
545,3496.04,0.83377,1.59629,0.65413,0.92723,0,0,0,0.81965,0.84591,0.8829,0.75345,0.77494,0.80106,0.80936,0.60369,0.61167,1.25741,0.54715,0.85439,0,0,0,8.52992e-05,8.52992e-05,8.52992e-05
546,3502.41,0.84172,1.58064,0.68359,0.93987,0,0,0,0.8289,0.83926,0.88351,0.75312,0.7833,0.79517,0.81224,0.59759,0.6126,1.25823,0.54812,0.85414,0,0,0,8.39248e-05,8.39248e-05,8.39248e-05
547,3508.72,0.77647,1.60414,0.64557,0.93828,0,0,0,0.88207,0.79308,0.88434,0.75729,0.81925,0.76493,0.80796,0.59531,0.60806,1.25651,0.54719,0.8528,0,0,0,8.25503e-05,8.25503e-05,8.25503e-05
548,3515.04,0.82821,1.64726,0.65519,0.93489,0,0,0,0.84542,0.81726,0.88491,0.75958,0.81529,0.77242,0.80835,0.59207,0.60628,1.25695,0.54576,0.85248,0,0,0,8.11759e-05,8.11759e-05,8.11759e-05
549,3521.39,0.83596,1.59414,0.6616,0.92844,0,0,0,0.84767,0.82465,0.88457,0.763,0.8207,0.76724,0.80951,0.59772,0.60637,1.25728,0.54713,0.85171,0,0,0,7.98014e-05,7.98014e-05,7.98014e-05
550,3527.66,0.83538,1.55106,0.68792,0.9239,0,0,0,0.83286,0.84341,0.88197,0.75717,0.78429,0.78788,0.80533,0.59547,0.61054,1.25468,0.55046,0.85203,0,0,0,7.84269e-05,7.84269e-05,7.84269e-05
551,3533.76,0.8139,1.54331,0.66676,0.93011,0,0,0,0.82937,0.84332,0.88223,0.75737,0.78845,0.8035,0.80594,0.59605,0.61509,1.2568,0.55231,0.85253,0,0,0,7.70525e-05,7.70525e-05,7.70525e-05
552,3540.27,0.74436,1.49146,0.59187,0.91958,0,0,0,0.82857,0.84397,0.88047,0.75529,0.78577,0.79992,0.80576,0.59276,0.61765,1.25768,0.55325,0.85305,0,0,0,7.5678e-05,7.5678e-05,7.5678e-05
553,3546.46,0.79884,1.5975,0.64483,0.93368,0,0,0,0.83384,0.83246,0.87843,0.7524,0.78772,0.80774,0.80534,0.59169,0.62236,1.26048,0.55346,0.85346,0,0,0,7.43036e-05,7.43036e-05,7.43036e-05
554,3552.75,0.81568,1.54212,0.65164,0.9384,0,0,0,0.80409,0.85981,0.87881,0.75868,0.76576,0.82004,0.80729,0.59268,0.61661,1.25416,0.55016,0.85293,0,0,0,7.29292e-05,7.29292e-05,7.29292e-05
555,3559.19,0.82483,1.58858,0.666,0.93917,0,0,0,0.80602,0.86182,0.87971,0.76154,0.766,0.81351,0.80917,0.59632,0.61097,1.24683,0.54934,0.8516,0,0,0,7.15547e-05,7.15547e-05,7.15547e-05
556,3565.36,0.87458,1.64213,0.69588,0.92896,0,0,0,0.86907,0.80529,0.88085,0.75897,0.82224,0.76432,0.81011,0.59848,0.60797,1.24177,0.54801,0.85111,0,0,0,7.01802e-05,7.01802e-05,7.01802e-05
557,3571.84,0.78993,1.5109,0.62751,0.92934,0,0,0,0.82826,0.84152,0.88461,0.75987,0.78603,0.79989,0.81437,0.59761,0.60835,1.24454,0.5471,0.85184,0,0,0,6.88058e-05,6.88058e-05,6.88058e-05
558,3578.44,0.83851,1.56679,0.66206,0.93595,0,0,0,0.84494,0.82518,0.88003,0.75897,0.79069,0.80389,0.81281,0.60341,0.60542,1.24739,0.54644,0.85192,0,0,0,6.74313e-05,6.74313e-05,6.74313e-05
559,3584.9,0.81471,1.56865,0.64119,0.92233,0,0,0,0.87245,0.81693,0.88084,0.76087,0.80553,0.78684,0.80745,0.60828,0.60528,1.24396,0.54551,0.85218,0,0,0,6.60569e-05,6.60569e-05,6.60569e-05
560,3591.42,0.86846,1.63334,0.67137,0.9364,0,0,0,0.87713,0.80208,0.88129,0.75695,0.79659,0.78059,0.80635,0.60744,0.60743,1.24294,0.5466,0.85219,0,0,0,6.46825e-05,6.46825e-05,6.46825e-05
561,3597.8,0.87202,1.64003,0.68427,0.92845,0,0,0,0.83377,0.83978,0.88055,0.75912,0.78528,0.79283,0.80292,0.60386,0.60603,1.2425,0.54446,0.85144,0,0,0,6.3308e-05,6.3308e-05,6.3308e-05
562,3604.15,0.78612,1.47414,0.61828,0.92085,0,0,0,0.8376,0.8367,0.87804,0.76007,0.78121,0.79598,0.80175,0.60186,0.60556,1.24529,0.54475,0.85064,0,0,0,6.19335e-05,6.19335e-05,6.19335e-05
563,3610.63,0.82644,1.64379,0.65443,0.92639,0,0,0,0.85322,0.83443,0.87859,0.75804,0.80385,0.79137,0.80197,0.59858,0.6066,1.24638,0.54387,0.85055,0,0,0,6.05591e-05,6.05591e-05,6.05591e-05
564,3616.93,0.83845,1.5784,0.66752,0.92986,0,0,0,0.85426,0.83203,0.87979,0.75779,0.80507,0.78971,0.80638,0.59876,0.60918,1.24123,0.54539,0.85084,0,0,0,5.91846e-05,5.91846e-05,5.91846e-05
565,3623.27,0.85523,1.61541,0.66627,0.93449,0,0,0,0.84398,0.83813,0.87997,0.7601,0.79758,0.79418,0.80624,0.59636,0.60863,1.23657,0.54421,0.85078,0,0,0,5.78102e-05,5.78102e-05,5.78102e-05
566,3629.53,0.84548,1.57609,0.6774,0.93994,0,0,0,0.83594,0.84007,0.87821,0.75619,0.79058,0.79629,0.80567,0.59661,0.60782,1.23391,0.54238,0.85076,0,0,0,5.64358e-05,5.64358e-05,5.64358e-05
567,3635.88,0.8175,1.52041,0.6503,0.93439,0,0,0,0.83011,0.84351,0.88044,0.75914,0.78692,0.80117,0.80977,0.60464,0.60465,1.23301,0.54275,0.85003,0,0,0,5.50613e-05,5.50613e-05,5.50613e-05
568,3642.23,0.82155,1.58009,0.65842,0.92469,0,0,0,0.82939,0.84816,0.87968,0.75795,0.79337,0.79904,0.80902,0.6029,0.60334,1.23496,0.54263,0.85008,0,0,0,5.36869e-05,5.36869e-05,5.36869e-05
569,3648.7,0.83049,1.58627,0.6565,0.93054,0,0,0,0.82835,0.85073,0.88061,0.75818,0.7846,0.80513,0.8089,0.60394,0.60567,1.23542,0.54472,0.84981,0,0,0,5.23124e-05,5.23124e-05,5.23124e-05
570,3654.88,0.85166,1.60232,0.65925,0.91464,0,0,0,0.83179,0.85118,0.88139,0.75417,0.79051,0.80346,0.80957,0.60385,0.60774,1.23484,0.54513,0.85015,0,0,0,5.09379e-05,5.09379e-05,5.09379e-05
571,3661.14,0.78746,1.44507,0.62734,0.92573,0,0,0,0.82609,0.85517,0.87951,0.75408,0.78679,0.80703,0.80876,0.60083,0.6076,1.23003,0.54418,0.85051,0,0,0,4.95635e-05,4.95635e-05,4.95635e-05
572,3667.48,0.82278,1.54758,0.65654,0.92019,0,0,0,0.83572,0.84536,0.88146,0.75888,0.79227,0.80156,0.8109,0.60414,0.60496,1.22766,0.54181,0.84994,0,0,0,4.81891e-05,4.81891e-05,4.81891e-05
573,3673.96,0.86018,1.59708,0.66786,0.92621,0,0,0,0.83089,0.85237,0.88377,0.76187,0.78541,0.80493,0.80815,0.60111,0.60285,1.22968,0.54181,0.84935,0,0,0,4.68146e-05,4.68146e-05,4.68146e-05
574,3680.29,0.86714,1.5692,0.68938,0.92915,0,0,0,0.82881,0.84704,0.88087,0.75755,0.78233,0.80349,0.8076,0.59704,0.60322,1.22803,0.5429,0.84931,0,0,0,4.54402e-05,4.54402e-05,4.54402e-05
575,3686.78,0.82648,1.52703,0.64535,0.93178,0,0,0,0.84484,0.83626,0.88392,0.75912,0.79072,0.79726,0.80698,0.59618,0.60229,1.22879,0.54366,0.84912,0,0,0,4.40657e-05,4.40657e-05,4.40657e-05
576,3693.2,0.83107,1.56888,0.64569,0.92845,0,0,0,0.87887,0.81038,0.88242,0.75874,0.79048,0.79331,0.80373,0.59532,0.60279,1.22757,0.54326,0.84928,0,0,0,4.26912e-05,4.26912e-05,4.26912e-05
577,3699.5,0.86391,1.59277,0.67765,0.93202,0,0,0,0.84227,0.83663,0.88207,0.76265,0.79496,0.79518,0.80745,0.60157,0.60157,1.22611,0.54255,0.84943,0,0,0,4.13168e-05,4.13168e-05,4.13168e-05
578,3705.72,0.81191,1.54257,0.64428,0.92609,0,0,0,0.89552,0.80502,0.88305,0.76479,0.80879,0.78304,0.81357,0.60417,0.6007,1.22812,0.54194,0.84901,0,0,0,3.99423e-05,3.99423e-05,3.99423e-05
579,3711.98,0.75617,1.44918,0.62782,0.92736,0,0,0,0.88428,0.80036,0.88174,0.7618,0.80033,0.7976,0.81136,0.60436,0.60077,1.22734,0.5419,0.84856,0,0,0,3.85679e-05,3.85679e-05,3.85679e-05
580,3718.28,0.83407,1.53755,0.66715,0.93588,0,0,0,0.84028,0.84005,0.8814,0.7658,0.79742,0.7983,0.81062,0.60402,0.59845,1.23071,0.54015,0.84831,0,0,0,3.71935e-05,3.71935e-05,3.71935e-05
581,3724.86,0.83729,1.49423,0.66944,0.93633,0,0,0,0.87723,0.80963,0.88182,0.76448,0.79678,0.79342,0.81581,0.60804,0.59743,1.23341,0.53951,0.84843,0,0,0,3.5819e-05,3.5819e-05,3.5819e-05
582,3731.29,0.75303,1.47268,0.62568,0.91901,0,0,0,0.82933,0.85023,0.87875,0.76334,0.79434,0.81194,0.80926,0.60284,0.59627,1.23291,0.5404,0.84825,0,0,0,3.44445e-05,3.44445e-05,3.44445e-05
583,3737.64,0.85409,1.59376,0.66431,0.93307,0,0,0,0.83798,0.84083,0.88008,0.76345,0.79616,0.79953,0.80961,0.60657,0.59475,1.23068,0.53937,0.84779,0,0,0,3.30701e-05,3.30701e-05,3.30701e-05
584,3744.05,0.78266,1.46964,0.63952,0.92719,0,0,0,0.82553,0.85167,0.87899,0.76104,0.79754,0.80858,0.81115,0.61094,0.59791,1.23241,0.54074,0.84791,0,0,0,3.16956e-05,3.16956e-05,3.16956e-05
585,3750.31,0.81941,1.48403,0.66146,0.94061,0,0,0,0.83212,0.84839,0.87906,0.76164,0.79713,0.81335,0.81113,0.60867,0.59791,1.23296,0.53957,0.84773,0,0,0,3.03212e-05,3.03212e-05,3.03212e-05
586,3756.52,0.74709,1.4672,0.61415,0.91207,0,0,0,0.82944,0.85309,0.8799,0.76235,0.79855,0.80895,0.80996,0.60354,0.59666,1.22983,0.5397,0.84729,0,0,0,2.89468e-05,2.89468e-05,2.89468e-05
587,3762.92,0.80136,1.49934,0.63927,0.921,0,0,0,0.83409,0.85231,0.88302,0.76148,0.79665,0.80952,0.81224,0.60167,0.59486,1.21834,0.53837,0.84695,0,0,0,2.75723e-05,2.75723e-05,2.75723e-05
588,3769.18,0.79955,1.47519,0.63629,0.92237,0,0,0,0.83777,0.85431,0.8819,0.76076,0.7985,0.80471,0.80931,0.59739,0.59342,1.21486,0.53822,0.84694,0,0,0,2.61978e-05,2.61978e-05,2.61978e-05
589,3775.36,0.81887,1.56474,0.64645,0.93558,0,0,0,0.83777,0.85514,0.88287,0.76098,0.7989,0.80639,0.81067,0.59813,0.59228,1.21381,0.53767,0.84695,0,0,0,2.48234e-05,2.48234e-05,2.48234e-05
590,3781.48,0.81277,1.52313,0.66277,0.93701,0,0,0,0.83754,0.85519,0.88269,0.7605,0.79804,0.80984,0.81193,0.59677,0.59373,1.21604,0.53775,0.84685,0,0,0,2.34489e-05,2.34489e-05,2.34489e-05
591,3792.14,0.87075,1.60287,0.69657,0.93543,0,0,0,0.83685,0.84654,0.8802,0.75905,0.80236,0.81231,0.81078,0.60175,0.60756,1.2239,0.54646,0.84885,0,0,0,2.20745e-05,2.20745e-05,2.20745e-05
592,3797.96,0.81543,1.55531,0.67639,0.92725,0,0,0,0.83391,0.84556,0.87772,0.75229,0.79822,0.81022,0.81204,0.59497,0.62843,1.2488,0.55833,0.85313,0,0,0,2.07001e-05,2.07001e-05,2.07001e-05
593,3804.05,0.79785,1.55609,0.65294,0.92924,0,0,0,0.82808,0.8453,0.8766,0.75132,0.7936,0.81085,0.8109,0.58948,0.63906,1.26647,0.56511,0.85648,0,0,0,1.93256e-05,1.93256e-05,1.93256e-05
594,3809.85,0.80273,1.50596,0.65295,0.93265,0,0,0,0.84835,0.82784,0.87418,0.75253,0.81123,0.79733,0.80927,0.58613,0.64495,1.27828,0.56695,0.85839,0,0,0,1.79512e-05,1.79512e-05,1.79512e-05
595,3815.53,0.79445,1.49121,0.64739,0.92688,0,0,0,0.84158,0.83046,0.87443,0.75034,0.80274,0.80057,0.81042,0.58775,0.64688,1.28564,0.56721,0.85956,0,0,0,1.65767e-05,1.65767e-05,1.65767e-05
596,3821.24,0.7813,1.50131,0.63675,0.91962,0,0,0,0.8409,0.83759,0.87462,0.74958,0.8065,0.80435,0.80956,0.58769,0.64502,1.28308,0.56442,0.8595,0,0,0,1.52022e-05,1.52022e-05,1.52022e-05
597,3826.95,0.77928,1.40752,0.6141,0.90083,0,0,0,0.84388,0.83525,0.87524,0.75158,0.80948,0.80237,0.81022,0.58685,0.64354,1.28488,0.56388,0.85942,0,0,0,1.38278e-05,1.38278e-05,1.38278e-05
598,3832.82,0.77118,1.51358,0.62606,0.89841,0,0,0,0.83763,0.83614,0.87715,0.75348,0.80375,0.8033,0.81072,0.58673,0.64258,1.2839,0.56391,0.85909,0,0,0,1.24534e-05,1.24534e-05,1.24534e-05
599,3838.61,0.79673,1.49177,0.63042,0.92026,0,0,0,0.83914,0.8347,0.87678,0.75367,0.80428,0.80129,0.81022,0.58628,0.64195,1.28244,0.56411,0.85889,0,0,0,1.10789e-05,1.10789e-05,1.10789e-05
600,3844.49,0.78259,1.45411,0.624,0.91746,0,0,0,0.83951,0.8335,0.87626,0.75209,0.80369,0.80298,0.80987,0.58799,0.64469,1.28451,0.56469,0.85898,0,0,0,9.70445e-06,9.70445e-06,9.70445e-06
