epoch,time,train/box_loss,train/seg_loss,train/cls_loss,train/dfl_loss,train/sem_loss,train/heat_loss,train/seed_loss,metrics/precision(B),metrics/recall(B),metrics/mAP50(B),metrics/mAP50-95(B),metrics/precision(M),metrics/recall(M),metrics/mAP50(M),metrics/mAP50-95(M),val/box_loss,val/seg_loss,val/cls_loss,val/dfl_loss,val/sem_loss,val/heat_loss,val/seed_loss,lr/pg0,lr/pg1,lr/pg2
1,13.7346,3.84647,8.27345,5.24937,4.21997,0,0,0,5e-05,0.0006,0,0,0,0,0,0,3.88981,5.22258,4.31122,4.15766,0,0,0,0.00012495,0.00012495,0.00012495
2,20.3544,3.97337,6.86681,5.26674,4.18705,0,0,0,4e-05,0.0008,0,0,0,0,0,0,3.89001,5.2217,4.30984,4.15225,0,0,0,0.000257804,0.000257804,0.000257804
3,27.0126,4.0258,5.98259,5.22364,4.17456,0,0,0,6e-05,0.0012,0,0,0,0,0,0,3.89149,5.19757,4.30131,4.14042,0,0,0,0.000390218,0.000390218,0.000390218
4,33.7773,3.86889,5.32535,5.09509,4.14499,0,0,0,5e-05,0.09932,6e-05,2e-05,4e-05,0.06807,5e-05,2e-05,3.8883,5.09631,4.28251,4.11815,0,0,0,0.000522192,0.000522192,0.000522192
5,40.5335,3.92087,4.73264,5.07372,4.11344,0,0,0,0.00018,0.11292,3e-05,1e-05,0.00019,0.0719,6e-05,1e-05,3.86161,4.58487,4.24957,4.0791,0,0,0,0.000653727,0.000653727,0.000653727
6,47.129,3.88926,4.43564,5.05038,4.06117,0,0,0,0.00024,0.10955,6e-05,2e-05,0.0002,0.10775,5e-05,1e-05,3.84766,4.56402,4.20611,4.07015,0,0,0,0.000784821,0.000784821,0.000784821
7,53.7917,3.90133,4.55104,4.98352,4.04827,0,0,0,0.00023,0.12043,0.00017,3e-05,0.00021,0.10976,4e-05,1e-05,3.84243,4.41253,4.16446,4.10172,0,0,0,0.000824753,0.000824753,0.000824753
8,60.3599,3.8895,4.42693,4.99991,3.96855,0,0,0,0.00026,0.13044,0.00013,3e-05,0.00024,0.10837,5e-05,1e-05,3.86525,4.45955,4.16314,3.92971,0,0,0,0.000823379,0.000823379,0.000823379
9,66.9991,3.87841,4.41873,4.90379,3.93956,0,0,0,0.00014,0.02247,0.00063,0.0003,0.00012,0.04269,0.00011,9e-05,3.80352,4.44836,4.23258,3.92031,0,0,0,0.000822004,0.000822004,0.000822004
10,73.7853,3.81307,4.51169,4.84087,3.83838,0,0,0,0.0003,0.06589,0.00031,9e-05,0.00021,0.04808,0.0001,2e-05,3.80447,4.53385,4.33834,4.08968,0,0,0,0.00082063,0.00082063,0.00082063
11,80.2722,3.86792,4.47929,4.76644,3.81346,0,0,0,0.0004,0.0593,0.00012,2e-05,0.00023,0.02002,6e-05,1e-05,3.79418,4.53851,4.16572,3.78932,0,0,0,0.000819255,0.000819255,0.000819255
12,86.6997,3.84778,4.47457,4.66624,3.70012,0,0,0,0.00099,0.07071,0.00018,6e-05,0.00038,0.05087,0.0001,2e-05,3.83137,4.72966,4.03975,3.62335,0,0,0,0.000817881,0.000817881,0.000817881
13,93.2569,3.90925,4.43039,4.67748,3.68045,0,0,0,0.00057,0.07255,0.00017,3e-05,0.00027,0.02206,3e-05,1e-05,3.71592,4.71111,4.12517,3.66288,0,0,0,0.000816507,0.000816507,0.000816507
14,99.6931,3.95398,4.49922,4.6474,3.6333,0,0,0,0.00045,0.02985,6e-05,1e-05,0.00013,0.01204,2e-05,0,3.68706,4.70257,4.21344,3.65319,0,0,0,0.000815132,0.000815132,0.000815132
15,106.155,3.87452,4.38712,4.65096,3.58351,0,0,0,0.00029,0.0311,0.00013,3e-05,0.00018,0.01886,3e-05,1e-05,3.6641,4.60916,4.21771,3.62591,0,0,0,0.000813758,0.000813758,0.000813758
16,112.791,3.73459,4.3873,4.56176,3.55971,0,0,0,0.00051,0.12264,0.00025,6e-05,0.00035,0.08236,0.00011,2e-05,3.57398,4.48111,4.11315,3.60976,0,0,0,0.000812383,0.000812383,0.000812383
17,119.181,3.69902,4.37508,4.47489,3.52251,0,0,0,0.87526,0.0012,9e-05,2e-05,0.00019,0.01565,5e-05,1e-05,3.57616,4.48961,4.14335,3.6472,0,0,0,0.000811009,0.000811009,0.000811009
18,125.788,3.58256,4.36703,4.47252,3.4849,0,0,0,0.00043,0.03391,0.00057,0.0003,0.87553,0.00201,0.00052,0.0002,3.48869,4.39437,4.03979,3.46377,0,0,0,0.000809634,0.000809634,0.000809634
19,132.237,3.62412,4.42373,4.53245,3.44251,0,0,0,0.62546,0.01284,0.001,0.00019,0.00106,0.08335,0.00113,0.00022,3.5078,4.34659,3.93873,3.44894,0,0,0,0.00080826,0.00080826,0.00080826
20,138.618,3.43149,4.36981,4.55956,3.45393,0,0,0,0.00167,0.07315,0.00115,0.00022,0.00287,0.0839,0.00231,0.00046,3.45469,4.32812,3.97117,3.43472,0,0,0,0.000806885,0.000806885,0.000806885
21,145.085,3.57528,4.32604,4.48018,3.40049,0,0,0,0.00176,0.07696,0.00155,0.00041,0.00162,0.0565,0.00118,0.0002,3.41722,4.31929,3.9231,3.37078,0,0,0,0.000805511,0.000805511,0.000805511
22,151.662,3.47661,4.30051,4.47542,3.40259,0,0,0,0.00067,0.03761,0.00089,0.00013,0.00057,0.02136,0.00022,3e-05,3.39534,4.31629,3.90053,3.3183,0,0,0,0.000804137,0.000804137,0.000804137
23,158.135,3.37123,4.34139,4.49842,3.31108,0,0,0,0.00095,0.07227,0.00067,0.00013,0.00081,0.05524,0.00053,0.0001,3.38746,4.32131,3.85907,3.29999,0,0,0,0.000802762,0.000802762,0.000802762
24,164.679,3.40006,4.32895,4.45107,3.31205,0,0,0,0.00124,0.07308,0.00182,0.00031,0.00115,0.06184,0.00142,0.00026,3.34873,4.28733,3.87741,3.30161,0,0,0,0.000801388,0.000801388,0.000801388
25,171.117,3.37921,4.36113,4.43674,3.31608,0,0,0,0.0012,0.05343,0.0011,0.00019,0.00092,0.03298,0.00027,5e-05,3.32275,4.30129,3.93148,3.26542,0,0,0,0.000800013,0.000800013,0.000800013
26,177.657,3.37483,4.36878,4.39742,3.27291,0,0,0,0.37599,0.00301,0.00116,0.00026,0.37593,0.00281,0.00086,0.00017,3.35985,4.32685,3.82911,3.22018,0,0,0,0.000798639,0.000798639,0.000798639
27,184.203,3.32232,4.42786,4.31158,3.17012,0,0,0,0.00119,0.0529,0.00151,0.00032,0.25179,0.00963,0.00092,0.00013,3.33232,4.3298,3.83099,3.18267,0,0,0,0.000797264,0.000797264,0.000797264
28,190.849,3.28153,4.39992,4.33704,3.1802,0,0,0,0.00149,0.04983,0.00139,0.0002,0.00155,0.03698,0.00114,0.00014,3.33767,4.30248,3.99147,3.1146,0,0,0,0.00079589,0.00079589,0.00079589
29,197.472,3.32113,4.29694,4.37804,3.16069,0,0,0,0.25559,0.0012,0.00054,9e-05,0.25452,0.001,0.00041,6e-05,3.37461,4.2935,4.13626,3.17788,0,0,0,0.000794515,0.000794515,0.000794515
30,204.026,3.29258,4.30344,4.33457,3.15902,0,0,0,0.12555,0.01224,0.00114,0.00035,0.12546,0.01023,0.00087,0.00029,3.38248,4.29141,3.96177,3.18308,0,0,0,0.000793141,0.000793141,0.000793141
31,210.461,3.26767,4.24089,4.34256,3.10129,0,0,0,0.12577,0.01144,0.00102,0.00017,0.1257,0.01043,0.00089,0.00014,3.32765,4.2823,3.98535,3.25259,0,0,0,0.000791767,0.000791767,0.000791767
32,216.936,3.2874,4.28994,4.35763,3.14456,0,0,0,0.00137,0.04799,0.00237,0.00048,0.25096,0.00602,0.00156,0.00025,3.18188,4.25711,3.82649,3.09264,0,0,0,0.000790392,0.000790392,0.000790392
33,223.641,3.22599,4.28986,4.29996,3.12196,0,0,0,0.00132,0.05219,0.00266,0.00057,0.00109,0.03937,0.00209,0.00042,3.22871,4.25029,3.73491,3.07429,0,0,0,0.000789018,0.000789018,0.000789018
34,230.244,3.32607,4.1933,4.24294,3.07907,0,0,0,0.00123,0.07041,0.00157,0.00052,0.00087,0.04878,0.00055,0.0001,3.2377,4.25469,3.80947,3.12652,0,0,0,0.000787643,0.000787643,0.000787643
35,237.091,3.11655,4.29058,4.26356,3.03064,0,0,0,0.00108,0.07532,0.00077,0.00017,0.00098,0.05283,0.00045,8e-05,3.22002,4.28138,3.77189,3.08978,0,0,0,0.000786269,0.000786269,0.000786269
36,243.562,3.22313,4.32827,4.19234,3.03936,0,0,0,0.12712,0.00421,0.00133,0.00033,0.25323,0.00441,0.00094,0.00018,3.16607,4.23941,3.7338,3.03834,0,0,0,0.000784894,0.000784894,0.000784894
37,250.112,3.12653,4.32342,4.25037,3.01119,0,0,0,0.00458,0.02818,0.00242,0.00048,0.12686,0.00642,0.00196,0.00035,3.12551,4.24608,3.80099,3.05168,0,0,0,0.00078352,0.00078352,0.00078352
38,256.725,3.11219,4.33395,4.15967,2.98256,0,0,0,0.25285,0.00341,0.00185,0.00049,0.00079,0.05746,0.00142,0.00034,3.15201,4.23012,3.76784,2.98224,0,0,0,0.000782145,0.000782145,0.000782145
39,263.354,3.17065,4.28733,4.27652,2.99786,0,0,0,0.00112,0.09051,0.00215,0.00051,0.00197,0.04029,0.00079,0.00015,3.17007,4.24606,3.80025,2.96435,0,0,0,0.000780771,0.000780771,0.000780771
40,270.059,3.22513,4.25451,4.11158,2.99313,0,0,0,0.00099,0.08453,0.00188,0.00058,0.00086,0.05702,0.00074,0.00011,3.17434,4.23909,3.78813,2.92533,0,0,0,0.000779396,0.000779396,0.000779396
41,276.714,3.08117,4.22603,4.23589,2.93477,0,0,0,0.13097,0.01645,0.00251,0.00058,0.12907,0.01445,0.00192,0.00035,3.08635,4.23394,3.73488,2.94479,0,0,0,0.000778022,0.000778022,0.000778022
42,283.224,3.09862,4.25818,4.11188,2.92129,0,0,0,0.00124,0.09265,0.00206,0.00049,0.00107,0.06777,0.00146,0.00022,3.14493,4.23023,3.76341,2.92674,0,0,0,0.000776648,0.000776648,0.000776648
43,289.758,3.11599,4.2174,4.2411,2.94286,0,0,0,0.00239,0.06645,0.00165,0.00035,0.001,0.067,0.00092,0.00017,3.12483,4.23944,3.75944,2.91112,0,0,0,0.000775273,0.000775273,0.000775273
44,296.196,3.15663,4.26252,4.18926,2.90832,0,0,0,0.25664,0.00773,0.00212,0.00046,0.13031,0.03484,0.00137,0.00032,3.09183,4.18713,3.84862,2.91205,0,0,0,0.000773899,0.000773899,0.000773899
45,302.625,3.04141,4.19634,4.19137,2.9004,0,0,0,0.00174,0.06527,0.0028,0.00065,0.01776,0.02537,0.00164,0.00037,3.0765,4.19392,3.76325,2.95283,0,0,0,0.000772524,0.000772524,0.000772524
46,309.237,3.04357,4.1993,4.1744,2.89463,0,0,0,0.0014,0.10199,0.0032,0.0009,0.00104,0.07138,0.00185,0.00057,3.05764,4.18189,3.70032,2.92004,0,0,0,0.00077115,0.00077115,0.00077115
47,315.792,3.02623,4.13943,4.10335,2.83098,0,0,0,0.3821,0.00361,0.00303,0.00083,0.01055,0.06521,0.00244,0.00058,3.08077,4.19262,3.69055,2.91508,0,0,0,0.000769775,0.000769775,0.000769775
48,322.714,3.00719,4.22286,4.05886,2.8398,0,0,0,0.38112,0.00401,0.00262,0.00088,0.38122,0.00401,0.00164,0.00056,3.05017,4.19446,3.67925,2.88586,0,0,0,0.000768401,0.000768401,0.000768401
49,329.15,2.9507,4.23627,4.11829,2.85868,0,0,0,0.26289,0.00401,0.00304,0.00072,0.00376,0.08195,0.00158,0.00028,3.03084,4.20602,3.68641,2.86215,0,0,0,0.000767026,0.000767026,0.000767026
50,335.637,3.00954,4.25523,4.08833,2.83186,0,0,0,0.38387,0.01364,0.00347,0.00088,0.25332,0.02488,0.00261,0.00053,2.94698,4.18802,3.6206,2.81709,0,0,0,0.000765652,0.000765652,0.000765652
51,342.085,3.04892,4.20959,3.98628,2.79848,0,0,0,0.63365,0.00943,0.00362,0.00088,0.63276,0.00803,0.00232,0.00046,2.93703,4.16878,3.6265,2.7871,0,0,0,0.000764278,0.000764278,0.000764278
52,348.607,2.89074,4.20031,3.98875,2.80292,0,0,0,0.51034,0.00883,0.00347,0.0008,0.50778,0.00702,0.00202,0.00041,2.94055,4.15547,3.65614,2.79345,0,0,0,0.000762903,0.000762903,0.000762903
53,355.117,2.96055,4.25298,4.03572,2.76334,0,0,0,0.51162,0.01144,0.00378,0.00109,0.5092,0.00241,0.00215,0.00046,2.93783,4.13744,3.58289,2.79974,0,0,0,0.000761529,0.000761529,0.000761529
54,361.763,2.97282,4.159,3.99071,2.71347,0,0,0,0.50791,0.00542,0.00422,0.00118,0.50574,0.00381,0.00216,0.00055,2.94214,4.1332,3.63801,2.77825,0,0,0,0.000760154,0.000760154,0.000760154
55,368.497,2.92273,4.24158,3.93785,2.7663,0,0,0,0.5101,0.00843,0.00412,0.0011,0.50794,0.00662,0.00252,0.00059,2.93854,4.12944,3.89043,2.71966,0,0,0,0.00075878,0.00075878,0.00075878
56,374.89,2.95928,4.19686,3.89892,2.73458,0,0,0,0.63214,0.01264,0.00539,0.00131,0.63092,0.01023,0.00343,0.00083,2.9014,4.13215,3.61813,2.73231,0,0,0,0.000757405,0.000757405,0.000757405
57,381.553,2.847,4.17949,3.92713,2.72078,0,0,0,0.50832,0.01224,0.00609,0.00132,0.50672,0.01023,0.00379,0.00082,2.91617,4.12875,3.64148,2.71505,0,0,0,0.000756031,0.000756031,0.000756031
58,388.1,2.93812,4.16756,3.90405,2.6906,0,0,0,0.30861,0.0124,0.00464,0.00118,0.30649,0.00919,0.00335,0.00078,2.89812,4.13261,3.64951,2.71931,0,0,0,0.000754656,0.000754656,0.000754656
59,394.621,2.91234,4.09475,3.89119,2.67172,0,0,0,0.38447,0.00843,0.00452,0.0012,0.38265,0.00662,0.00303,0.00073,2.8635,4.14311,3.53183,2.72785,0,0,0,0.000753282,0.000753282,0.000753282
60,401.189,2.881,4.11689,3.91607,2.67681,0,0,0,0.38628,0.01035,0.0206,0.00285,0.38541,0.00955,0.01866,0.00524,2.81595,4.11957,3.56969,2.73228,0,0,0,0.000751907,0.000751907,0.000751907
61,407.834,2.80699,4.08437,3.82501,2.64966,0,0,0,0.25717,0.08228,0.00714,0.00197,0.39082,0.02036,0.00488,0.00129,2.80342,4.10224,3.54198,2.72328,0,0,0,0.000750533,0.000750533,0.000750533
62,414.49,2.83747,4.13067,3.82742,2.65271,0,0,0,0.44729,0.01551,0.01009,0.00269,0.38055,0.039,0.00649,0.0015,2.77449,4.12708,3.57462,2.65452,0,0,0,0.000749159,0.000749159,0.000749159
63,420.832,2.80625,4.13488,3.86186,2.64872,0,0,0,0.42194,0.02481,0.01215,0.00358,0.39841,0.0208,0.0068,0.00202,2.78632,4.0784,3.48512,2.68032,0,0,0,0.000747784,0.000747784,0.000747784
64,427.389,2.85745,4.16428,3.84172,2.66268,0,0,0,0.3914,0.0542,0.01202,0.00339,0.02759,0.11804,0.00687,0.00161,2.82438,4.08751,3.50691,2.65874,0,0,0,0.00074641,0.00074641,0.00074641
65,434.018,2.85497,4.18482,3.74851,2.61475,0,0,0,0.4159,0.02142,0.00771,0.0021,0.39866,0.01839,0.00468,0.00101,2.90202,4.11239,3.62545,2.66986,0,0,0,0.000745035,0.000745035,0.000745035
66,440.787,2.88544,4.16726,3.77105,2.62551,0,0,0,0.39668,0.01834,0.0071,0.00202,0.38918,0.01503,0.004,0.00115,2.78483,4.08624,3.52916,2.63,0,0,0,0.000743661,0.000743661,0.000743661
67,447.276,2.84145,4.16127,3.76536,2.61717,0,0,0,0.56713,0.01782,0.00928,0.00268,0.5728,0.0158,0.00608,0.00162,2.75512,4.07895,3.40071,2.61609,0,0,0,0.000742286,0.000742286,0.000742286
68,453.751,2.80318,4.11613,3.77508,2.63987,0,0,0,0.51055,0.01485,0.00773,0.00192,0.50549,0.01184,0.00523,0.00114,2.8231,4.08428,3.58872,2.6506,0,0,0,0.000740912,0.000740912,0.000740912
69,460.227,2.85957,4.08156,3.802,2.61491,0,0,0,0.55771,0.01983,0.01288,0.0038,0.52256,0.02081,0.00981,0.00183,2.77692,4.07038,3.41929,2.59182,0,0,0,0.000739537,0.000739537,0.000739537
70,466.84,2.76522,4.05182,3.7836,2.56309,0,0,0,0.52258,0.01726,0.00907,0.00253,0.51376,0.01705,0.00568,0.0013,2.80622,4.07105,3.4483,2.58419,0,0,0,0.000738163,0.000738163,0.000738163
71,473.345,2.78289,4.10801,3.71525,2.54627,0,0,0,0.63767,0.01462,0.01623,0.00665,0.63462,0.01304,0.01409,0.00586,2.7645,4.05702,3.35342,2.59088,0,0,0,0.000736788,0.000736788,0.000736788
72,480.139,2.80165,4.14931,3.68559,2.50948,0,0,0,0.52746,0.02207,0.01355,0.00435,0.52821,0.02205,0.00886,0.00195,2.71,4.04382,3.43261,2.5495,0,0,0,0.000735414,0.000735414,0.000735414
73,486.627,2.82085,4.12158,3.75194,2.53864,0,0,0,0.64807,0.02525,0.02409,0.00502,0.63771,0.02045,0.00765,0.00188,2.69629,4.02403,3.39523,2.55823,0,0,0,0.00073404,0.00073404,0.00073404
74,493.218,2.75033,4.03529,3.69744,2.54184,0,0,0,0.02867,0.33043,0.02378,0.0082,0.02362,0.21334,0.01251,0.00435,2.72395,4.02403,3.41799,2.55374,0,0,0,0.000732665,0.000732665,0.000732665
75,499.932,2.73274,4.04451,3.65333,2.48833,0,0,0,0.42039,0.02161,0.02406,0.00818,0.40449,0.01882,0.01648,0.00465,2.75836,4.03492,3.38959,2.57242,0,0,0,0.000731291,0.000731291,0.000731291
76,506.547,2.71601,4.17409,3.76964,2.58348,0,0,0,0.6698,0.02461,0.03013,0.00766,0.65742,0.02041,0.01022,0.00275,2.74844,4.03981,3.3943,2.5836,0,0,0,0.000729916,0.000729916,0.000729916
77,513.078,2.71287,4.11373,3.62405,2.52499,0,0,0,0.70387,0.02441,0.02812,0.00984,0.66235,0.02357,0.01748,0.00495,2.69491,4.0114,3.28378,2.50561,0,0,0,0.000728542,0.000728542,0.000728542
78,519.806,2.72861,4.06266,3.58594,2.48817,0,0,0,0.67346,0.03457,0.02625,0.01126,0.65022,0.02419,0.02596,0.00842,2.69549,4.03761,3.29782,2.49405,0,0,0,0.000727167,0.000727167,0.000727167
79,526.443,2.69967,4.09209,3.58396,2.49148,0,0,0,0.53286,0.039,0.03987,0.00996,0.66093,0.01664,0.02867,0.007,2.68594,4.01934,3.35694,2.49669,0,0,0,0.000725793,0.000725793,0.000725793
80,532.977,2.74124,4.08677,3.56528,2.46223,0,0,0,0.53493,0.03515,0.02519,0.00586,0.51972,0.02401,0.02822,0.00543,2.64206,3.98864,3.29657,2.48674,0,0,0,0.000724418,0.000724418,0.000724418
81,539.578,2.69724,4.06649,3.59722,2.47615,0,0,0,0.68929,0.02838,0.02487,0.00792,0.65226,0.02098,0.01397,0.00342,2.62886,3.95816,3.26398,2.48783,0,0,0,0.000723044,0.000723044,0.000723044
82,546.166,2.68989,4.06078,3.56034,2.45787,0,0,0,0.67388,0.03223,0.02361,0.00872,0.64408,0.02933,0.01622,0.00506,2.64892,3.9994,3.34981,2.4932,0,0,0,0.00072167,0.00072167,0.00072167
83,552.803,2.7184,4.07146,3.61306,2.49993,0,0,0,0.68755,0.03043,0.05568,0.01782,0.66014,0.022,0.03014,0.0097,2.66219,4.02646,3.26311,2.51609,0,0,0,0.000720295,0.000720295,0.000720295
84,559.739,2.75205,4.08175,3.53939,2.43216,0,0,0,0.66934,0.02558,0.04756,0.01651,0.65293,0.02658,0.03429,0.00783,2.64034,3.99083,3.25692,2.49683,0,0,0,0.000718921,0.000718921,0.000718921
85,566.452,2.64664,4.05385,3.51562,2.42695,0,0,0,0.6692,0.03145,0.03405,0.01116,0.6489,0.02211,0.02884,0.00506,2.67724,3.97541,3.29423,2.47827,0,0,0,0.000717546,0.000717546,0.000717546
86,572.95,2.67646,4.02956,3.52363,2.41034,0,0,0,0.66806,0.03116,0.03566,0.01117,0.6402,0.02439,0.01603,0.0042,2.63346,3.95024,3.26226,2.46153,0,0,0,0.000716172,0.000716172,0.000716172
87,579.337,2.6418,4.08664,3.48607,2.41002,0,0,0,0.7046,0.03585,0.04185,0.01767,0.65956,0.0266,0.02133,0.00636,2.61845,3.94117,3.21753,2.46825,0,0,0,0.000714797,0.000714797,0.000714797
88,586,2.61799,3.98462,3.56451,2.44899,0,0,0,0.69279,0.04143,0.04005,0.01517,0.66346,0.02519,0.02128,0.00526,2.62194,3.9769,3.23313,2.45171,0,0,0,0.000713423,0.000713423,0.000713423
89,592.481,2.65624,4.15186,3.50864,2.39992,0,0,0,0.68909,0.0384,0.04469,0.01717,0.51089,0.06613,0.01669,0.00436,2.6296,3.95866,3.21249,2.44214,0,0,0,0.000712048,0.000712048,0.000712048
90,599.095,2.6279,4.03028,3.55421,2.43667,0,0,0,0.68136,0.04593,0.05014,0.01852,0.64796,0.03132,0.01482,0.00355,2.59659,3.95195,3.18073,2.43775,0,0,0,0.000710674,0.000710674,0.000710674
91,605.629,2.61028,4.03389,3.45497,2.40691,0,0,0,0.58734,0.04122,0.03319,0.01223,0.54843,0.02594,0.01324,0.00335,2.60035,3.9541,3.24948,2.46109,0,0,0,0.000709299,0.000709299,0.000709299
92,612.253,2.56675,3.99709,3.42352,2.34219,0,0,0,0.62157,0.04665,0.03941,0.01737,0.62353,0.02059,0.01313,0.0042,2.64803,3.93378,3.28308,2.51042,0,0,0,0.000707925,0.000707925,0.000707925
93,618.734,2.61124,4.02636,3.33543,2.37039,0,0,0,0.62457,0.04656,0.03817,0.01549,0.596,0.029,0.01989,0.00567,2.5671,3.92357,3.14814,2.4467,0,0,0,0.000706551,0.000706551,0.000706551
94,625.254,2.567,4.02959,3.46389,2.41384,0,0,0,0.54055,0.06133,0.0391,0.01254,0.5216,0.0407,0.017,0.00473,2.55136,3.90195,3.15093,2.42272,0,0,0,0.000705176,0.000705176,0.000705176
95,631.684,2.5398,3.99858,3.37012,2.39518,0,0,0,0.60857,0.07637,0.06391,0.02402,0.59487,0.03925,0.02442,0.00773,2.50605,3.93576,3.09275,2.39108,0,0,0,0.000703802,0.000703802,0.000703802
96,638.34,2.50269,3.99121,3.38843,2.38463,0,0,0,0.49642,0.05303,0.05455,0.02048,0.43128,0.02298,0.024,0.00713,2.52444,3.91881,3.07854,2.39486,0,0,0,0.000702427,0.000702427,0.000702427
97,644.922,2.51152,3.92836,3.45751,2.4148,0,0,0,0.54781,0.04861,0.07046,0.0314,0.53067,0.02939,0.02821,0.00808,2.5452,3.90302,3.0908,2.39695,0,0,0,0.000701053,0.000701053,0.000701053
98,651.538,2.56244,3.99873,3.44432,2.37052,0,0,0,0.67303,0.04362,0.04966,0.02077,0.65594,0.03099,0.03323,0.00951,2.62932,3.92989,3.19477,2.4381,0,0,0,0.000699678,0.000699678,0.000699678
99,658.135,2.56301,3.88639,3.44431,2.38316,0,0,0,0.66642,0.04062,0.03626,0.01242,0.64815,0.02641,0.02171,0.00583,2.58293,3.91772,3.17684,2.43602,0,0,0,0.000698304,0.000698304,0.000698304
100,664.691,2.63441,4.05854,3.28638,2.34151,0,0,0,0.35198,0.07715,0.04176,0.01556,0.27155,0.03902,0.01474,0.00338,2.56053,3.9373,3.19203,2.40669,0,0,0,0.000696929,0.000696929,0.000696929
101,671.267,2.64053,3.98885,3.3248,2.32992,0,0,0,0.51319,0.07349,0.07357,0.02731,0.41885,0.04307,0.03687,0.01061,2.55712,3.88624,3.12796,2.36567,0,0,0,0.000695555,0.000695555,0.000695555
102,677.841,2.5791,3.98421,3.29254,2.31649,0,0,0,0.547,0.0759,0.0632,0.02311,0.48455,0.04105,0.02368,0.00838,2.51273,3.85563,3.08117,2.37225,0,0,0,0.000694181,0.000694181,0.000694181
103,684.386,2.53238,3.97698,3.37879,2.29996,0,0,0,0.60581,0.08074,0.08228,0.03338,0.49159,0.04943,0.04205,0.0126,2.46547,3.89071,2.9959,2.36361,0,0,0,0.000692806,0.000692806,0.000692806
104,691.069,2.52787,3.97011,3.32899,2.33738,0,0,0,0.58638,0.08533,0.08833,0.03708,0.46477,0.04231,0.0412,0.01461,2.45084,3.85657,2.97654,2.36942,0,0,0,0.000691432,0.000691432,0.000691432
105,697.705,2.53651,4.00433,3.36875,2.33266,0,0,0,0.49754,0.09092,0.06805,0.02864,0.42093,0.04846,0.02994,0.01123,2.43978,3.81996,2.97849,2.35622,0,0,0,0.000690057,0.000690057,0.000690057
106,704.208,2.50292,3.92389,3.3451,2.31847,0,0,0,0.48743,0.09554,0.07313,0.03425,0.41445,0.04488,0.0317,0.01222,2.43955,3.80768,2.96318,2.32296,0,0,0,0.000688683,0.000688683,0.000688683
107,710.834,2.54641,3.90789,3.30598,2.31931,0,0,0,0.55358,0.08601,0.0847,0.0365,0.40309,0.04833,0.03494,0.0101,2.42911,3.81061,2.96434,2.34021,0,0,0,0.000687308,0.000687308,0.000687308
108,717.351,2.53812,3.97512,3.2297,2.26995,0,0,0,0.33936,0.10178,0.07337,0.03026,0.55454,0.0388,0.02515,0.00613,2.48222,3.84733,3.04991,2.32646,0,0,0,0.000685934,0.000685934,0.000685934
109,723.923,2.46599,3.93795,3.22831,2.27871,0,0,0,0.37958,0.10397,0.09068,0.04094,0.42491,0.04377,0.0408,0.00943,2.4022,3.81408,2.91484,2.26543,0,0,0,0.000684559,0.000684559,0.000684559
110,730.688,2.47779,3.87999,3.22462,2.26237,0,0,0,0.62601,0.10614,0.0977,0.04222,0.48205,0.04118,0.0323,0.01042,2.40049,3.81587,2.90736,2.25898,0,0,0,0.000683185,0.000683185,0.000683185
111,737.397,2.50233,3.99081,3.12886,2.19736,0,0,0,0.43279,0.12369,0.07821,0.03538,0.33384,0.07242,0.036,0.01248,2.40762,3.80866,2.96678,2.2718,0,0,0,0.00068181,0.00068181,0.00068181
112,743.903,2.45637,3.92273,3.20346,2.27416,0,0,0,0.62358,0.1159,0.10042,0.04599,0.4806,0.08415,0.04456,0.01305,2.39768,3.80884,2.81952,2.26806,0,0,0,0.000680436,0.000680436,0.000680436
113,750.521,2.47358,3.98063,3.18856,2.23029,0,0,0,0.4981,0.14443,0.1042,0.04369,0.32253,0.10108,0.03488,0.00924,2.44295,3.81486,2.94071,2.29225,0,0,0,0.000679062,0.000679062,0.000679062
114,757.122,2.47252,3.89294,3.28105,2.26766,0,0,0,0.57394,0.11757,0.11032,0.04583,0.4635,0.06797,0.04184,0.01425,2.44127,3.82458,2.86356,2.28484,0,0,0,0.000677687,0.000677687,0.000677687
115,763.77,2.45095,3.98357,3.1959,2.23679,0,0,0,0.40811,0.1285,0.10934,0.05264,0.34998,0.08618,0.05609,0.02009,2.36624,3.77365,2.8719,2.26391,0,0,0,0.000676313,0.000676313,0.000676313
116,770.384,2.49782,3.86251,3.22667,2.28217,0,0,0,0.5468,0.10288,0.10138,0.0441,0.45409,0.06863,0.04919,0.01624,2.35469,3.78561,2.84551,2.25358,0,0,0,0.000674938,0.000674938,0.000674938
117,777.048,2.39383,3.96293,3.13665,2.25378,0,0,0,0.30974,0.1146,0.09013,0.03863,0.23555,0.0655,0.03692,0.01097,2.37226,3.7909,2.82936,2.23604,0,0,0,0.000673564,0.000673564,0.000673564
118,783.587,2.40502,3.82653,3.03862,2.20364,0,0,0,0.58706,0.12647,0.09826,0.04262,0.35568,0.07767,0.04005,0.01085,2.40743,3.77019,2.97523,2.26802,0,0,0,0.000672189,0.000672189,0.000672189
119,790.09,2.39311,3.83866,3.14864,2.22987,0,0,0,0.32917,0.13114,0.09743,0.03794,0.19452,0.08491,0.03897,0.01302,2.37536,3.75576,2.83722,2.24749,0,0,0,0.000670815,0.000670815,0.000670815
120,796.599,2.43408,3.95532,3.18425,2.24734,0,0,0,0.57209,0.09981,0.10118,0.04163,0.35938,0.08802,0.04009,0.01297,2.35752,3.72105,2.78641,2.22583,0,0,0,0.00066944,0.00066944,0.00066944
121,803.224,2.42184,3.87732,3.06295,2.20491,0,0,0,0.51233,0.11297,0.10452,0.0427,0.32339,0.0723,0.0431,0.01134,2.38187,3.75445,2.76105,2.22413,0,0,0,0.000668066,0.000668066,0.000668066
122,809.783,2.42879,3.90782,3.07242,2.15102,0,0,0,0.41191,0.13987,0.1063,0.04366,0.29307,0.09764,0.05665,0.0167,2.34323,3.78298,2.74863,2.21281,0,0,0,0.000666692,0.000666692,0.000666692
123,816.458,2.4532,3.84445,3.07244,2.22005,0,0,0,0.34347,0.12711,0.1302,0.05171,0.24187,0.07933,0.05925,0.01731,2.35281,3.72183,2.76389,2.2252,0,0,0,0.000665317,0.000665317,0.000665317
124,822.97,2.4068,3.89809,3.06538,2.19366,0,0,0,0.50357,0.14067,0.10781,0.04647,0.24112,0.08625,0.0447,0.01316,2.35521,3.74409,2.78512,2.20594,0,0,0,0.000663943,0.000663943,0.000663943
125,829.519,2.40374,3.85038,3.00206,2.15774,0,0,0,0.54546,0.1201,0.10812,0.04489,0.38564,0.07122,0.04317,0.01287,2.37533,3.75373,2.80187,2.21251,0,0,0,0.000662568,0.000662568,0.000662568
126,836.039,2.39775,3.82356,3.05598,2.2028,0,0,0,0.43463,0.13265,0.11935,0.05278,0.36248,0.11193,0.05787,0.01841,2.31801,3.7272,2.73534,2.19688,0,0,0,0.000661194,0.000661194,0.000661194
127,842.629,2.40383,3.84882,3.03599,2.15241,0,0,0,0.46326,0.11008,0.11892,0.0542,0.31881,0.08888,0.04691,0.01205,2.30192,3.72633,2.7496,2.19847,0,0,0,0.000659819,0.000659819,0.000659819
128,849.118,2.40114,3.87757,2.97415,2.13436,0,0,0,0.49512,0.14332,0.12122,0.05314,0.21872,0.0901,0.04585,0.01347,2.29446,3.71302,2.75263,2.17473,0,0,0,0.000658445,0.000658445,0.000658445
129,855.715,2.33651,3.85612,2.98856,2.20065,0,0,0,0.51155,0.15579,0.1209,0.05461,0.45419,0.10562,0.05035,0.01506,2.28362,3.7129,2.7106,2.18477,0,0,0,0.00065707,0.00065707,0.00065707
130,862.174,2.38717,3.80006,3.05594,2.18199,0,0,0,0.48403,0.14654,0.12396,0.05541,0.36905,0.08826,0.0476,0.01676,2.3043,3.70706,2.6834,2.17478,0,0,0,0.000655696,0.000655696,0.000655696
131,868.76,2.36311,3.80505,2.97732,2.15922,0,0,0,0.48258,0.145,0.13447,0.05699,0.22979,0.08157,0.05559,0.01695,2.29608,3.67097,2.66806,2.17756,0,0,0,0.000654321,0.000654321,0.000654321
132,875.396,2.40071,3.84221,2.908,2.1379,0,0,0,0.41657,0.16049,0.14525,0.06565,0.36002,0.11047,0.05819,0.01595,2.23792,3.67447,2.596,2.1449,0,0,0,0.000652947,0.000652947,0.000652947
133,881.879,2.28686,3.82118,2.87457,2.12818,0,0,0,0.41583,0.18728,0.1309,0.05769,0.27935,0.13191,0.06506,0.01945,2.22298,3.65729,2.62619,2.12124,0,0,0,0.000651573,0.000651573,0.000651573
134,888.334,2.27976,3.73897,2.94157,2.15437,0,0,0,0.3802,0.15479,0.12616,0.05533,0.28454,0.1437,0.07639,0.02219,2.23456,3.65805,2.62221,2.14055,0,0,0,0.000650198,0.000650198,0.000650198
135,894.993,2.26039,3.82223,2.94598,2.13896,0,0,0,0.60111,0.16091,0.1816,0.0762,0.4654,0.13346,0.10081,0.03192,2.21603,3.67363,2.59523,2.11933,0,0,0,0.000648824,0.000648824,0.000648824
136,901.628,2.32348,3.77828,2.84843,2.09845,0,0,0,0.53827,0.17803,0.1814,0.07556,0.4014,0.12274,0.08208,0.02287,2.18584,3.65716,2.56878,2.10357,0,0,0,0.000647449,0.000647449,0.000647449
137,908.218,2.33224,3.77321,2.87002,2.10148,0,0,0,0.4755,0.14317,0.16724,0.07029,0.39224,0.07814,0.06046,0.01581,2.26958,3.65786,2.63719,2.14752,0,0,0,0.000646075,0.000646075,0.000646075
138,914.743,2.33956,3.79704,2.99742,2.11053,0,0,0,0.51555,0.17183,0.19156,0.08364,0.42383,0.11381,0.08044,0.02473,2.22844,3.68132,2.5878,2.12995,0,0,0,0.0006447,0.0006447,0.0006447
139,921.904,2.31767,3.84656,2.89856,2.11792,0,0,0,0.44053,0.16,0.17616,0.07944,0.31428,0.1133,0.09626,0.03078,2.18663,3.65508,2.53905,2.0954,0,0,0,0.000643326,0.000643326,0.000643326
140,928.479,2.28217,3.79084,2.91538,2.10214,0,0,0,0.52555,0.17905,0.17639,0.07521,0.42627,0.1331,0.09232,0.02465,2.20037,3.67473,2.53286,2.11035,0,0,0,0.000641951,0.000641951,0.000641951
141,934.937,2.34459,3.78288,2.86845,2.13509,0,0,0,0.50434,0.19735,0.1692,0.0748,0.39104,0.13478,0.0783,0.0216,2.2134,3.64461,2.60324,2.11086,0,0,0,0.000640577,0.000640577,0.000640577
142,941.549,2.29213,3.85966,2.8738,2.12892,0,0,0,0.50402,0.1709,0.15474,0.07075,0.3767,0.10934,0.06822,0.01946,2.15501,3.65215,2.55294,2.09187,0,0,0,0.000639203,0.000639203,0.000639203
143,947.988,2.29625,3.74204,2.7721,2.08518,0,0,0,0.52371,0.18713,0.15543,0.07359,0.40015,0.1234,0.08064,0.0223,2.15615,3.62913,2.52615,2.08353,0,0,0,0.000637828,0.000637828,0.000637828
144,954.388,2.29334,3.75067,2.86676,2.1025,0,0,0,0.5134,0.17458,0.16425,0.0754,0.37055,0.1133,0.07201,0.02175,2.15996,3.61159,2.5412,2.06506,0,0,0,0.000636454,0.000636454,0.000636454
145,960.892,2.28778,3.72526,2.87456,2.1314,0,0,0,0.37889,0.19789,0.16524,0.07198,0.26666,0.08746,0.07047,0.02381,2.22381,3.63337,2.50393,2.09483,0,0,0,0.000635079,0.000635079,0.000635079
146,967.387,2.31665,3.86313,2.83154,2.07852,0,0,0,0.35995,0.15794,0.15839,0.07103,0.27843,0.1141,0.11924,0.03177,2.16623,3.6574,2.56528,2.05333,0,0,0,0.000633705,0.000633705,0.000633705
147,974.056,2.28281,3.72617,2.76218,2.10653,0,0,0,0.42773,0.18359,0.19266,0.07434,0.29938,0.14357,0.12161,0.03469,2.18559,3.63305,2.50019,2.09214,0,0,0,0.00063233,0.00063233,0.00063233
148,980.64,2.28435,3.87552,2.77456,2.05981,0,0,0,0.48547,0.16192,0.23339,0.0903,0.35715,0.11197,0.11221,0.03608,2.15712,3.61984,2.42251,2.04501,0,0,0,0.000630956,0.000630956,0.000630956
149,987.202,2.35313,3.77734,2.755,2.07042,0,0,0,0.3827,0.18424,0.16596,0.07712,0.30539,0.10928,0.08484,0.02693,2.16009,3.63515,2.49234,2.0542,0,0,0,0.000629581,0.000629581,0.000629581
150,993.611,2.23483,3.67904,2.77908,2.05084,0,0,0,0.34801,0.18016,0.16759,0.07523,0.29507,0.12961,0.10065,0.02993,2.17624,3.59385,2.47584,2.06551,0,0,0,0.000628207,0.000628207,0.000628207
151,1000.12,2.26061,3.82273,2.7482,2.02539,0,0,0,0.42328,0.17713,0.21132,0.0915,0.30025,0.13893,0.11667,0.03991,2.14129,3.58947,2.40895,2.03099,0,0,0,0.000626832,0.000626832,0.000626832
152,1006.72,2.24256,3.74977,2.74629,2.04042,0,0,0,0.59864,0.20077,0.20806,0.08662,0.45407,0.12513,0.12944,0.04383,2.13029,3.55919,2.40001,2.0314,0,0,0,0.000625458,0.000625458,0.000625458
153,1013.49,2.28172,3.70053,2.74318,2.07618,0,0,0,0.61404,0.16622,0.20102,0.087,0.2491,0.17311,0.11859,0.03671,2.13153,3.52545,2.41011,2.05359,0,0,0,0.000624084,0.000624084,0.000624084
154,1020.04,2.22916,3.6052,2.65992,2.03702,0,0,0,0.51191,0.19987,0.18987,0.08616,0.27673,0.14291,0.11604,0.03706,2.14159,3.56806,2.42777,2.07033,0,0,0,0.000622709,0.000622709,0.000622709
155,1026.46,2.23804,3.64122,2.71062,2.05215,0,0,0,0.54732,0.20202,0.2085,0.09292,0.42631,0.15065,0.13101,0.04141,2.097,3.53158,2.41069,2.01965,0,0,0,0.000621335,0.000621335,0.000621335
156,1033.14,2.22615,3.66989,2.68984,2.05244,0,0,0,0.55333,0.18883,0.21235,0.09162,0.42876,0.1385,0.12404,0.03792,2.11349,3.53576,2.35606,2.0326,0,0,0,0.00061996,0.00061996,0.00061996
157,1039.71,2.26953,3.72731,2.67974,2.07704,0,0,0,0.51016,0.19989,0.21383,0.08685,0.37381,0.15678,0.12189,0.03221,2.11719,3.54807,2.39363,2.03563,0,0,0,0.000618586,0.000618586,0.000618586
158,1046.14,2.24843,3.73619,2.77873,2.06814,0,0,0,0.34279,0.20455,0.18088,0.08451,0.25003,0.15425,0.0907,0.02677,2.09043,3.53525,2.35174,2.0219,0,0,0,0.000617211,0.000617211,0.000617211
159,1052.74,2.19779,3.74608,2.67668,2.04549,0,0,0,0.43025,0.23913,0.20629,0.09951,0.34443,0.17691,0.12298,0.0418,2.08261,3.52543,2.29234,2.01574,0,0,0,0.000615837,0.000615837,0.000615837
160,1059.33,2.19564,3.78463,2.66234,2.03669,0,0,0,0.43754,0.27486,0.22502,0.1071,0.32727,0.20424,0.12025,0.04173,2.07628,3.526,2.25972,2.01039,0,0,0,0.000614462,0.000614462,0.000614462
161,1065.95,2.19826,3.77681,2.69251,2.02661,0,0,0,0.37423,0.21456,0.21408,0.09711,0.27942,0.17909,0.11236,0.03718,2.07823,3.52629,2.33492,2.0345,0,0,0,0.000613088,0.000613088,0.000613088
162,1072.57,2.20231,3.71325,2.68209,2.00533,0,0,0,0.37933,0.27314,0.22648,0.10929,0.29359,0.21249,0.14669,0.05171,2.05148,3.52903,2.30013,1.97302,0,0,0,0.000611714,0.000611714,0.000611714
163,1079.18,2.25494,3.61892,2.63716,1.9673,0,0,0,0.43598,0.21307,0.21233,0.10442,0.32351,0.1888,0.13095,0.0468,2.06023,3.51596,2.35658,1.98348,0,0,0,0.000610339,0.000610339,0.000610339
164,1085.72,2.24442,3.66466,2.62919,1.99953,0,0,0,0.45827,0.26499,0.22423,0.11199,0.39142,0.19201,0.13917,0.05364,2.03751,3.50465,2.30099,1.96772,0,0,0,0.000608965,0.000608965,0.000608965
165,1092.47,2.26891,3.6391,2.65538,2.0286,0,0,0,0.48627,0.24239,0.26192,0.12362,0.31642,0.20858,0.16274,0.05626,2.03178,3.5106,2.23327,1.95359,0,0,0,0.00060759,0.00060759,0.00060759
166,1099.16,2.17623,3.64279,2.65661,2.0171,0,0,0,0.5106,0.22698,0.23934,0.11597,0.3489,0.19343,0.13394,0.04519,2.06688,3.50653,2.27301,1.97409,0,0,0,0.000606216,0.000606216,0.000606216
167,1105.69,2.21198,3.63887,2.59006,1.97201,0,0,0,0.45032,0.24713,0.28553,0.1316,0.34876,0.19914,0.15981,0.05697,2.02895,3.48499,2.22538,1.94274,0,0,0,0.000604841,0.000604841,0.000604841
168,1112.31,2.13332,3.67395,2.61352,1.9888,0,0,0,0.41813,0.26738,0.2761,0.13208,0.3584,0.21106,0.18574,0.07121,2.00522,3.48453,2.20716,1.93826,0,0,0,0.000603467,0.000603467,0.000603467
169,1118.97,2.19547,3.71546,2.58044,2.00866,0,0,0,0.5449,0.24784,0.31324,0.16029,0.35142,0.21259,0.20547,0.07533,1.98413,3.45693,2.24595,1.91833,0,0,0,0.000602092,0.000602092,0.000602092
170,1125.58,2.15455,3.70931,2.59502,2.01517,0,0,0,0.38249,0.26514,0.27578,0.13903,0.29068,0.20004,0.18844,0.068,2.04266,3.48423,2.24307,1.96679,0,0,0,0.000600718,0.000600718,0.000600718
171,1132.12,2.19919,3.65639,2.52571,2.003,0,0,0,0.60499,0.2584,0.31655,0.15806,0.458,0.19721,0.21251,0.0707,1.99214,3.45716,2.16552,1.93074,0,0,0,0.000599343,0.000599343,0.000599343
172,1138.64,2.22394,3.69753,2.60574,2.05416,0,0,0,0.59093,0.2511,0.29272,0.13298,0.44997,0.20124,0.17309,0.05601,2.04023,3.47227,2.21752,1.96656,0,0,0,0.000597969,0.000597969,0.000597969
173,1145.16,2.18384,3.638,2.56511,2.00724,0,0,0,0.4141,0.29971,0.28952,0.14734,0.3342,0.24022,0.18344,0.06786,1.99392,3.46775,2.17418,1.94518,0,0,0,0.000596595,0.000596595,0.000596595
174,1151.82,2.23014,3.61127,2.53002,1.99037,0,0,0,0.53106,0.27632,0.32556,0.16026,0.33067,0.25145,0.21058,0.07826,1.99023,3.45177,2.14613,1.93539,0,0,0,0.00059522,0.00059522,0.00059522
175,1158.39,2.17129,3.66878,2.44919,1.91832,0,0,0,0.46801,0.2731,0.31996,0.15585,0.30319,0.24722,0.19756,0.07096,1.95152,3.43945,2.1326,1.89823,0,0,0,0.000593846,0.000593846,0.000593846
176,1165.02,2.16174,3.66857,2.56211,1.97131,0,0,0,0.46876,0.27541,0.31052,0.15384,0.32565,0.26226,0.20416,0.06661,1.965,3.40584,2.11638,1.91477,0,0,0,0.000592471,0.000592471,0.000592471
177,1171.68,2.10945,3.6001,2.49659,1.97997,0,0,0,0.40611,0.32667,0.36985,0.17876,0.29984,0.27144,0.25313,0.08278,1.9635,3.38272,2.07174,1.91363,0,0,0,0.000591097,0.000591097,0.000591097
178,1178.1,2.14391,3.67311,2.50093,1.97568,0,0,0,0.35248,0.30234,0.29347,0.14653,0.2468,0.26069,0.19372,0.06236,1.98331,3.40833,2.14831,1.9368,0,0,0,0.000589722,0.000589722,0.000589722
179,1184.77,2.15089,3.58136,2.54744,1.98355,0,0,0,0.41186,0.39519,0.36003,0.18165,0.31449,0.30361,0.25062,0.09045,1.95506,3.41262,2.16391,1.89742,0,0,0,0.000588348,0.000588348,0.000588348
180,1191.39,2.13716,3.70709,2.47772,1.93465,0,0,0,0.36068,0.38012,0.33232,0.1722,0.26568,0.31364,0.23054,0.07812,1.94447,3.38725,2.09299,1.88476,0,0,0,0.000586973,0.000586973,0.000586973
181,1197.92,2.18987,3.63271,2.49565,1.96367,0,0,0,0.29984,0.4414,0.35329,0.16937,0.23489,0.36714,0.23368,0.07779,1.93629,3.36392,2.0565,1.87376,0,0,0,0.000585599,0.000585599,0.000585599
182,1204.52,2.18024,3.65149,2.55428,1.94254,0,0,0,0.35529,0.41056,0.32507,0.15859,0.25649,0.35968,0.22082,0.07086,1.89519,3.36156,2.07975,1.85766,0,0,0,0.000584225,0.000584225,0.000584225
183,1211.03,2.08215,3.54005,2.40815,1.91028,0,0,0,0.31964,0.38233,0.34554,0.1762,0.23056,0.29486,0.23134,0.07698,1.92343,3.39158,2.05222,1.8759,0,0,0,0.00058285,0.00058285,0.00058285
184,1217.53,2.03064,3.55451,2.40814,1.96899,0,0,0,0.36152,0.35047,0.33793,0.17864,0.28362,0.24555,0.21327,0.06879,1.95192,3.38788,2.06489,1.89564,0,0,0,0.000581476,0.000581476,0.000581476
185,1224.08,2.10473,3.59355,2.44275,1.93964,0,0,0,0.32402,0.41924,0.36381,0.1918,0.25893,0.34289,0.24942,0.09582,1.93541,3.36573,2.04763,1.88144,0,0,0,0.000580101,0.000580101,0.000580101
186,1230.72,2.1554,3.62821,2.43438,1.90173,0,0,0,0.25446,0.37285,0.3047,0.16229,0.1843,0.30959,0.21894,0.08072,1.95988,3.40076,2.14754,1.91488,0,0,0,0.000578727,0.000578727,0.000578727
187,1237.27,2.10413,3.57028,2.44672,1.9202,0,0,0,0.37,0.39029,0.36409,0.19743,0.28468,0.3132,0.25795,0.09063,1.9331,3.39286,2.06389,1.88629,0,0,0,0.000577352,0.000577352,0.000577352
188,1244.01,2.08096,3.6739,2.47172,1.96656,0,0,0,0.36797,0.38167,0.34722,0.17854,0.21671,0.33012,0.21802,0.06907,1.91208,3.3821,2.0372,1.86617,0,0,0,0.000575978,0.000575978,0.000575978
189,1250.55,2.15071,3.6255,2.45984,1.95958,0,0,0,0.3578,0.39748,0.35785,0.1938,0.2729,0.3337,0.24043,0.09368,1.91307,3.33883,2.05359,1.86124,0,0,0,0.000574603,0.000574603,0.000574603
190,1257.16,2.08285,3.61327,2.36328,1.93679,0,0,0,0.38102,0.41859,0.36868,0.18256,0.2886,0.3362,0.26171,0.08457,1.92668,3.36921,2.04846,1.87299,0,0,0,0.000573229,0.000573229,0.000573229
191,1263.64,2.22641,3.59937,2.43238,1.90531,0,0,0,0.36917,0.39811,0.36379,0.18821,0.24634,0.33222,0.23225,0.07609,1.92878,3.34473,2.04431,1.87074,0,0,0,0.000571854,0.000571854,0.000571854
192,1270.17,2.10797,3.54383,2.39661,1.91237,0,0,0,0.40032,0.39544,0.37315,0.18785,0.24666,0.26187,0.21554,0.07775,1.87938,3.33072,1.98651,1.83636,0,0,0,0.00057048,0.00057048,0.00057048
193,1276.76,2.1091,3.5749,2.36676,1.92066,0,0,0,0.32323,0.45233,0.33023,0.16927,0.25492,0.37113,0.21639,0.07938,1.87486,3.32253,2.00834,1.8327,0,0,0,0.000569106,0.000569106,0.000569106
194,1283.36,2.04724,3.50907,2.44831,1.90011,0,0,0,0.34519,0.44203,0.3465,0.18196,0.21092,0.34276,0.22262,0.08337,1.88189,3.30484,2.02598,1.83798,0,0,0,0.000567731,0.000567731,0.000567731
195,1289.92,2.03505,3.54518,2.32487,1.89588,0,0,0,0.37576,0.44646,0.41007,0.21909,0.31049,0.3652,0.28845,0.10736,1.90963,3.31244,1.97893,1.84358,0,0,0,0.000566357,0.000566357,0.000566357
196,1296.62,2.11992,3.62641,2.35439,1.83529,0,0,0,0.46735,0.39755,0.39671,0.19704,0.38679,0.33398,0.27725,0.09989,1.90954,3.31323,1.99985,1.83904,0,0,0,0.000564982,0.000564982,0.000564982
197,1303.12,2.15869,3.56082,2.35576,1.8979,0,0,0,0.40854,0.39656,0.40731,0.22073,0.32513,0.30735,0.28095,0.10646,1.88375,3.30733,2.00043,1.81659,0,0,0,0.000563608,0.000563608,0.000563608
198,1309.77,2.08042,3.54178,2.34155,1.90004,0,0,0,0.52077,0.38847,0.43748,0.2206,0.40445,0.30596,0.29784,0.10984,1.85663,3.31908,1.95924,1.80833,0,0,0,0.000562233,0.000562233,0.000562233
199,1316.22,2.0772,3.60762,2.36292,1.90636,0,0,0,0.43394,0.45442,0.42069,0.21214,0.32948,0.36438,0.29069,0.11337,1.85098,3.32811,1.98378,1.81684,0,0,0,0.000560859,0.000560859,0.000560859
200,1322.71,2.03868,3.50599,2.3131,1.88811,0,0,0,0.42958,0.4579,0.42296,0.22413,0.34263,0.37404,0.30238,0.11742,1.83445,3.29379,1.96094,1.80803,0,0,0,0.000559484,0.000559484,0.000559484
201,1329.38,2.02373,3.57884,2.30779,1.88556,0,0,0,0.43613,0.42788,0.39137,0.21391,0.32475,0.35365,0.27514,0.10588,1.81201,3.27972,1.99018,1.78103,0,0,0,0.00055811,0.00055811,0.00055811
202,1335.86,1.97387,3.55487,2.27888,1.90085,0,0,0,0.411,0.48789,0.41991,0.22565,0.37595,0.37725,0.31268,0.1208,1.82849,3.28832,1.92063,1.81228,0,0,0,0.000556736,0.000556736,0.000556736
203,1342.52,2.00833,3.52067,2.25578,1.87468,0,0,0,0.7128,0.31139,0.45473,0.24491,0.30229,0.39164,0.32021,0.12944,1.84178,3.28088,1.88157,1.8051,0,0,0,0.000555361,0.000555361,0.000555361
204,1349.13,2.13144,3.50389,2.28772,1.87702,0,0,0,0.50349,0.41309,0.42572,0.22602,0.41062,0.339,0.28883,0.10373,1.81145,3.24923,1.92919,1.77626,0,0,0,0.000553987,0.000553987,0.000553987
205,1355.71,2.02746,3.45847,2.22619,1.83718,0,0,0,0.47599,0.41608,0.38318,0.19797,0.43587,0.28859,0.27335,0.10577,1.83875,3.25412,1.92857,1.78908,0,0,0,0.000552612,0.000552612,0.000552612
206,1362.22,2.11248,3.52252,2.33362,1.86632,0,0,0,0.43453,0.4511,0.40806,0.21608,0.35546,0.3785,0.28909,0.11604,1.87023,3.25713,1.90578,1.80595,0,0,0,0.000551238,0.000551238,0.000551238
207,1368.68,2.04089,3.52779,2.31686,1.89066,0,0,0,0.38237,0.39038,0.38098,0.19421,0.28373,0.28293,0.24756,0.09489,1.83511,3.27526,1.94124,1.79189,0,0,0,0.000549863,0.000549863,0.000549863
208,1375.22,2.0108,3.5578,2.27963,1.89529,0,0,0,0.44548,0.41693,0.39306,0.21976,0.33544,0.33916,0.25881,0.10125,1.78962,3.26913,1.89428,1.76173,0,0,0,0.000548489,0.000548489,0.000548489
209,1381.68,2.0179,3.53541,2.27527,1.86551,0,0,0,0.4208,0.48731,0.43982,0.24226,0.32077,0.39221,0.30281,0.12529,1.821,3.25164,1.89908,1.7736,0,0,0,0.000547114,0.000547114,0.000547114
210,1388.17,1.99867,3.49924,2.28754,1.88337,0,0,0,0.4423,0.45297,0.45258,0.2462,0.30524,0.33877,0.31534,0.12287,1.80904,3.22085,1.88984,1.76796,0,0,0,0.00054574,0.00054574,0.00054574
211,1394.72,2.05808,3.58264,2.2567,1.81768,0,0,0,0.48856,0.40965,0.43393,0.23204,0.39846,0.32599,0.29578,0.1121,1.81522,3.2733,1.85507,1.77252,0,0,0,0.000544365,0.000544365,0.000544365
212,1401.13,2.05729,3.53263,2.27093,1.87808,0,0,0,0.56528,0.46093,0.47132,0.2555,0.55029,0.35602,0.35147,0.14202,1.77519,3.2217,1.78093,1.74188,0,0,0,0.000542991,0.000542991,0.000542991
213,1407.63,2.01835,3.46006,2.22908,1.83418,0,0,0,0.45536,0.47087,0.46515,0.25841,0.38915,0.39228,0.34329,0.13887,1.77343,3.23494,1.80051,1.74015,0,0,0,0.000541617,0.000541617,0.000541617
214,1414.14,1.98694,3.4727,2.23232,1.84597,0,0,0,0.48039,0.50332,0.46978,0.25527,0.41844,0.38749,0.33589,0.13802,1.76488,3.22758,1.85554,1.73681,0,0,0,0.000540242,0.000540242,0.000540242
215,1420.63,2.00745,3.46199,2.19672,1.83552,0,0,0,0.37336,0.47396,0.44281,0.23364,0.3123,0.36093,0.30535,0.11654,1.78752,3.20837,1.85987,1.75741,0,0,0,0.000538868,0.000538868,0.000538868
216,1427.16,1.96804,3.40698,2.1831,1.83567,0,0,0,0.44477,0.48854,0.47862,0.27177,0.35665,0.39467,0.33843,0.14085,1.74863,3.19259,1.81683,1.73057,0,0,0,0.000537493,0.000537493,0.000537493
217,1433.92,2.08089,3.52479,2.26074,1.82755,0,0,0,0.61916,0.36314,0.45435,0.25316,0.31066,0.39832,0.32339,0.11983,1.7392,3.19396,1.78422,1.73754,0,0,0,0.000536119,0.000536119,0.000536119
218,1440.35,2.02609,3.45337,2.2074,1.84574,0,0,0,0.60629,0.39666,0.47771,0.25736,0.43675,0.3788,0.35075,0.1279,1.74513,3.19694,1.79494,1.73819,0,0,0,0.000534744,0.000534744,0.000534744
219,1446.73,2.04898,3.50289,2.25769,1.81024,0,0,0,0.56223,0.41466,0.48538,0.25933,0.3982,0.3907,0.35219,0.13251,1.73056,3.19214,1.81299,1.72469,0,0,0,0.00053337,0.00053337,0.00053337
220,1453.19,1.98172,3.45468,2.16725,1.81878,0,0,0,0.65137,0.42012,0.50388,0.27223,0.50822,0.31925,0.33064,0.11926,1.73209,3.2028,1.77219,1.7308,0,0,0,0.000531995,0.000531995,0.000531995
221,1459.68,1.94121,3.43941,2.16189,1.81101,0,0,0,0.63176,0.39862,0.48104,0.27598,0.46428,0.35148,0.34622,0.13451,1.72345,3.17118,1.75237,1.71515,0,0,0,0.000530621,0.000530621,0.000530621
222,1466.18,1.93135,3.44538,2.169,1.80558,0,0,0,0.59526,0.45674,0.47503,0.26657,0.49065,0.38192,0.35158,0.13313,1.7378,3.1577,1.79083,1.71533,0,0,0,0.000529247,0.000529247,0.000529247
223,1472.65,1.96247,3.34569,2.11449,1.77584,0,0,0,0.5308,0.49565,0.4868,0.27587,0.42347,0.41427,0.35442,0.14258,1.72492,3.17144,1.76731,1.70437,0,0,0,0.000527872,0.000527872,0.000527872
224,1479.24,1.9419,3.41809,2.15656,1.81006,0,0,0,0.60572,0.41641,0.48815,0.27244,0.52708,0.32661,0.34935,0.13476,1.73809,3.16795,1.75671,1.71566,0,0,0,0.000526498,0.000526498,0.000526498
225,1485.53,1.9871,3.39422,2.18805,1.7868,0,0,0,0.59413,0.42263,0.49267,0.27497,0.4782,0.33111,0.33854,0.13644,1.71727,3.16346,1.73129,1.69818,0,0,0,0.000525123,0.000525123,0.000525123
226,1491.94,1.97456,3.40886,2.16802,1.81344,0,0,0,0.5691,0.45534,0.49704,0.28706,0.41827,0.39058,0.35315,0.1457,1.72365,3.16173,1.74995,1.70659,0,0,0,0.000523749,0.000523749,0.000523749
227,1498.47,1.92563,3.36669,2.15929,1.78907,0,0,0,0.45562,0.52733,0.46228,0.25137,0.35772,0.41218,0.31329,0.11782,1.74091,3.17106,1.79022,1.71626,0,0,0,0.000522374,0.000522374,0.000522374
228,1505.11,1.94848,3.42153,2.16527,1.81829,0,0,0,0.42746,0.54512,0.48769,0.28345,0.30556,0.43318,0.31992,0.13643,1.71964,3.12603,1.79507,1.69921,0,0,0,0.000521,0.000521,0.000521
229,1511.54,2.00268,3.41495,2.17558,1.78325,0,0,0,0.37434,0.48399,0.47143,0.26653,0.28575,0.3964,0.3337,0.12383,1.69878,3.13308,1.75178,1.69421,0,0,0,0.000519625,0.000519625,0.000519625
230,1518.65,1.91741,3.4043,2.08795,1.76532,0,0,0,0.44767,0.49122,0.48841,0.28196,0.32967,0.39571,0.32724,0.14544,1.70999,3.14978,1.71922,1.67861,0,0,0,0.000518251,0.000518251,0.000518251
231,1525.11,2.00497,3.40646,2.11148,1.79264,0,0,0,0.51429,0.50621,0.50538,0.29758,0.40369,0.38797,0.32964,0.14665,1.75284,3.15378,1.73812,1.70189,0,0,0,0.000516877,0.000516877,0.000516877
232,1531.66,1.98503,3.3992,2.12065,1.83816,0,0,0,0.54013,0.47181,0.5023,0.28949,0.44582,0.38116,0.35259,0.14536,1.74392,3.14273,1.70579,1.70936,0,0,0,0.000515502,0.000515502,0.000515502
233,1538.05,1.99077,3.35371,2.18046,1.81013,0,0,0,0.51993,0.4734,0.48477,0.284,0.5133,0.34334,0.34262,0.14232,1.66914,3.14716,1.72072,1.67716,0,0,0,0.000514128,0.000514128,0.000514128
234,1544.57,1.97777,3.45598,2.17035,1.82303,0,0,0,0.57935,0.4727,0.49985,0.28615,0.41544,0.36236,0.33829,0.13681,1.6704,3.1041,1.68593,1.6623,0,0,0,0.000512753,0.000512753,0.000512753
235,1551.14,1.97373,3.42673,2.09605,1.77625,0,0,0,0.50497,0.49656,0.49805,0.29363,0.53411,0.34053,0.33114,0.14296,1.66711,3.08262,1.70709,1.65962,0,0,0,0.000511379,0.000511379,0.000511379
236,1557.66,1.96433,3.36645,2.09543,1.79298,0,0,0,0.4577,0.50487,0.48156,0.2662,0.36482,0.39431,0.32685,0.13496,1.68208,3.09891,1.75403,1.66252,0,0,0,0.000510004,0.000510004,0.000510004
237,1564.17,1.93545,3.36956,2.14931,1.8364,0,0,0,0.49107,0.46616,0.47145,0.25056,0.41924,0.38027,0.33169,0.12848,1.69735,3.08397,1.77562,1.67825,0,0,0,0.00050863,0.00050863,0.00050863
238,1570.65,1.94654,3.27618,2.07889,1.76843,0,0,0,0.49804,0.54502,0.5156,0.28635,0.41492,0.45273,0.36908,0.14967,1.69039,3.05909,1.65842,1.68109,0,0,0,0.000507255,0.000507255,0.000507255
239,1577.07,1.92084,3.34321,2.06744,1.7521,0,0,0,0.53889,0.54889,0.54866,0.31531,0.42804,0.44919,0.37184,0.15827,1.67589,3.07963,1.62079,1.67082,0,0,0,0.000505881,0.000505881,0.000505881
240,1583.73,1.93257,3.43978,2.09112,1.81827,0,0,0,0.55106,0.5026,0.5452,0.32101,0.43894,0.39304,0.37227,0.16112,1.64928,3.03881,1.61899,1.65292,0,0,0,0.000504506,0.000504506,0.000504506
241,1590.28,1.90656,3.31884,2.04831,1.75872,0,0,0,0.50628,0.53142,0.50097,0.29192,0.40241,0.41175,0.36736,0.14745,1.66445,3.08046,1.64569,1.6671,0,0,0,0.000503132,0.000503132,0.000503132
242,1596.85,1.98554,3.36348,2.05681,1.74237,0,0,0,0.53327,0.54777,0.50746,0.28418,0.42064,0.42695,0.36699,0.14439,1.69919,3.10454,1.67737,1.69354,0,0,0,0.000501758,0.000501758,0.000501758
243,1603.45,1.97031,3.4408,2.11554,1.75392,0,0,0,0.54412,0.5396,0.53224,0.305,0.49656,0.39289,0.37548,0.14563,1.68455,3.06002,1.64414,1.66665,0,0,0,0.000500383,0.000500383,0.000500383
244,1609.89,1.90813,3.34448,2.02869,1.74946,0,0,0,0.49951,0.56642,0.53489,0.30869,0.54973,0.31954,0.34405,0.13762,1.67315,3.05821,1.65423,1.6584,0,0,0,0.000499009,0.000499009,0.000499009
245,1616.31,1.89218,3.2545,2.03385,1.74652,0,0,0,0.50313,0.54459,0.53552,0.32384,0.41005,0.44871,0.37245,0.15631,1.66115,3.04002,1.66277,1.646,0,0,0,0.000497634,0.000497634,0.000497634
246,1623.02,1.92192,3.4512,2.09077,1.80634,0,0,0,0.59956,0.44062,0.52545,0.30015,0.36574,0.41404,0.35638,0.14467,1.67245,3.07279,1.69423,1.65583,0,0,0,0.00049626,0.00049626,0.00049626
247,1629.59,1.925,3.3399,2.06215,1.73551,0,0,0,0.55519,0.45314,0.4851,0.27884,0.34741,0.43176,0.34209,0.14637,1.65955,3.05178,1.73972,1.6532,0,0,0,0.000494885,0.000494885,0.000494885
248,1636.08,1.94175,3.32913,2.04445,1.71488,0,0,0,0.47014,0.44968,0.47847,0.25256,0.41913,0.35337,0.34972,0.13568,1.66966,3.05334,1.70579,1.65088,0,0,0,0.000493511,0.000493511,0.000493511
249,1642.53,1.94053,3.38681,2.13235,1.77233,0,0,0,0.59692,0.48335,0.51541,0.30078,0.47494,0.38862,0.38158,0.1568,1.65206,3.01629,1.61039,1.63476,0,0,0,0.000492136,0.000492136,0.000492136
250,1648.92,1.88099,3.2912,1.98828,1.71713,0,0,0,0.5875,0.48747,0.5432,0.32573,0.51212,0.39464,0.40121,0.17518,1.62568,3.02077,1.58768,1.62527,0,0,0,0.000490762,0.000490762,0.000490762
251,1655.51,1.91599,3.32865,2.01365,1.73375,0,0,0,0.48307,0.5295,0.50695,0.2985,0.40496,0.4412,0.38125,0.16238,1.62545,3.0233,1.58894,1.62937,0,0,0,0.000489387,0.000489387,0.000489387
252,1661.91,1.88836,3.35054,1.97918,1.7568,0,0,0,0.50152,0.5475,0.51237,0.30381,0.42282,0.41674,0.39381,0.1722,1.61194,2.99701,1.61779,1.6161,0,0,0,0.000488013,0.000488013,0.000488013
253,1668.44,1.9105,3.32587,2.00651,1.73432,0,0,0,0.58156,0.5233,0.51836,0.30545,0.49957,0.41287,0.37347,0.16456,1.63319,3.00461,1.61938,1.6235,0,0,0,0.000486639,0.000486639,0.000486639
254,1675.05,1.90896,3.43582,2.04742,1.7504,0,0,0,0.53846,0.52453,0.52263,0.30131,0.47087,0.39844,0.37739,0.16448,1.67337,3.0352,1.60327,1.64576,0,0,0,0.000485264,0.000485264,0.000485264
255,1681.57,1.95211,3.3344,1.96718,1.72892,0,0,0,0.5833,0.50623,0.53893,0.33286,0.50509,0.37584,0.38895,0.17662,1.62128,3.0286,1.55988,1.622,0,0,0,0.00048389,0.00048389,0.00048389
256,1688.11,1.91963,3.31624,1.99165,1.7303,0,0,0,0.56509,0.50582,0.54187,0.32897,0.49097,0.39285,0.37695,0.16723,1.60598,2.98987,1.56318,1.60958,0,0,0,0.000482515,0.000482515,0.000482515
257,1694.6,1.8829,3.29233,1.97176,1.74949,0,0,0,0.61773,0.49833,0.55881,0.33238,0.53422,0.41266,0.42086,0.18676,1.61733,2.96906,1.56315,1.61938,0,0,0,0.000481141,0.000481141,0.000481141
258,1701.18,1.84404,3.24741,1.95383,1.73194,0,0,0,0.61819,0.55343,0.53822,0.31109,0.51348,0.44486,0.38761,0.17199,1.59659,2.97706,1.55875,1.60218,0,0,0,0.000479766,0.000479766,0.000479766
259,1707.78,1.8965,3.24192,2.01792,1.73961,0,0,0,0.52547,0.52215,0.52614,0.31168,0.43594,0.42656,0.38339,0.17754,1.57006,2.96733,1.58943,1.58778,0,0,0,0.000478392,0.000478392,0.000478392
260,1714.32,1.96905,3.3223,1.9549,1.67175,0,0,0,0.53589,0.54019,0.5488,0.31462,0.46017,0.44387,0.40634,0.1874,1.62265,2.97606,1.64186,1.60626,0,0,0,0.000477017,0.000477017,0.000477017
261,1720.86,1.91844,3.34409,1.98133,1.7257,0,0,0,0.55152,0.50258,0.52358,0.31029,0.45673,0.44035,0.38941,0.17537,1.6038,2.96878,1.61154,1.60023,0,0,0,0.000475643,0.000475643,0.000475643
262,1727.43,1.89376,3.34413,2.01348,1.72728,0,0,0,0.59299,0.47998,0.53576,0.31528,0.50928,0.36879,0.38372,0.16261,1.58716,2.99229,1.61438,1.60528,0,0,0,0.000474269,0.000474269,0.000474269
263,1734.13,1.86196,3.35515,1.9204,1.66867,0,0,0,0.61081,0.52145,0.55536,0.33336,0.51005,0.40693,0.39257,0.18704,1.59784,2.97708,1.57091,1.59778,0,0,0,0.000472894,0.000472894,0.000472894
264,1740.74,1.8521,3.28319,1.96399,1.71263,0,0,0,0.75498,0.50514,0.59164,0.35739,0.62531,0.38859,0.44328,0.21317,1.59717,2.94326,1.54368,1.60246,0,0,0,0.00047152,0.00047152,0.00047152
265,1747.28,1.85692,3.22495,1.95467,1.72765,0,0,0,0.56683,0.55354,0.56601,0.33893,0.45857,0.44493,0.3985,0.18927,1.60001,2.95288,1.52975,1.6001,0,0,0,0.000470145,0.000470145,0.000470145
266,1753.67,1.85623,3.28563,1.98375,1.70548,0,0,0,0.51042,0.57275,0.55583,0.33088,0.42208,0.44728,0.38054,0.17938,1.59684,2.95502,1.52737,1.59263,0,0,0,0.000468771,0.000468771,0.000468771
267,1760.15,1.8461,3.2241,1.98523,1.71272,0,0,0,0.52629,0.56475,0.55839,0.33459,0.48174,0.43624,0.40602,0.18373,1.58495,2.97012,1.52637,1.59222,0,0,0,0.000467396,0.000467396,0.000467396
268,1766.67,1.84741,3.28081,1.9511,1.73786,0,0,0,0.59468,0.54953,0.56947,0.34062,0.48366,0.42189,0.40723,0.18366,1.58685,2.96919,1.53444,1.59195,0,0,0,0.000466022,0.000466022,0.000466022
269,1773.18,1.88732,3.3422,1.90839,1.66681,0,0,0,0.60195,0.54201,0.58174,0.36169,0.51297,0.38537,0.38653,0.18262,1.56857,2.96148,1.52135,1.56887,0,0,0,0.000464647,0.000464647,0.000464647
270,1779.88,1.87138,3.27152,1.93655,1.69241,0,0,0,0.60238,0.55379,0.59376,0.36788,0.47765,0.43842,0.42702,0.20343,1.62503,2.91839,1.55041,1.59008,0,0,0,0.000463273,0.000463273,0.000463273
271,1786.56,1.91715,3.31728,2.02186,1.75687,0,0,0,0.70514,0.47628,0.58481,0.36888,0.59651,0.36775,0.42988,0.1986,1.58399,2.92399,1.47717,1.58221,0,0,0,0.000461898,0.000461898,0.000461898
272,1793,1.89231,3.28151,1.92799,1.69383,0,0,0,0.58527,0.56904,0.55857,0.34587,0.46695,0.44927,0.40916,0.18681,1.59288,2.93466,1.51772,1.59459,0,0,0,0.000460524,0.000460524,0.000460524
273,1799.43,1.88179,3.18536,1.886,1.6813,0,0,0,0.51238,0.6004,0.58915,0.35536,0.41802,0.49407,0.42464,0.19749,1.56557,2.92773,1.53598,1.58003,0,0,0,0.00045915,0.00045915,0.00045915
274,1805.97,1.97351,3.34158,2.03126,1.74113,0,0,0,0.56329,0.58192,0.5962,0.35212,0.4537,0.46273,0.44322,0.19942,1.59642,2.91801,1.58043,1.58988,0,0,0,0.000457775,0.000457775,0.000457775
275,1812.66,1.87657,3.34807,1.89774,1.67028,0,0,0,0.65539,0.54813,0.59485,0.36461,0.53768,0.43408,0.43792,0.18937,1.57463,2.91067,1.56671,1.57265,0,0,0,0.000456401,0.000456401,0.000456401
276,1819.16,1.82827,3.25221,1.93257,1.69441,0,0,0,0.7,0.51479,0.59318,0.36017,0.58542,0.41228,0.43421,0.20033,1.53445,2.89426,1.52278,1.54584,0,0,0,0.000455026,0.000455026,0.000455026
277,1825.75,1.86993,3.21047,1.97115,1.66918,0,0,0,0.62416,0.55639,0.58423,0.33642,0.56615,0.43196,0.44579,0.20087,1.55995,2.93501,1.54006,1.56474,0,0,0,0.000453652,0.000453652,0.000453652
278,1832.34,1.86253,3.29379,1.90494,1.68829,0,0,0,0.57909,0.58714,0.59132,0.36578,0.65387,0.39,0.46051,0.20353,1.54908,2.92845,1.51914,1.56182,0,0,0,0.000452277,0.000452277,0.000452277
279,1838.75,1.83413,3.1477,1.86723,1.66853,0,0,0,0.60825,0.58922,0.60921,0.36531,0.52657,0.46282,0.46249,0.18852,1.5825,2.90512,1.47362,1.57752,0,0,0,0.000450903,0.000450903,0.000450903
280,1845.18,1.84882,3.2882,1.93657,1.69194,0,0,0,0.60735,0.58499,0.59739,0.35805,0.51286,0.49061,0.45135,0.19699,1.56207,2.88234,1.48348,1.56896,0,0,0,0.000449528,0.000449528,0.000449528
281,1851.73,1.82887,3.21309,1.86327,1.67332,0,0,0,0.64797,0.52528,0.61225,0.36895,0.40931,0.4876,0.41044,0.19308,1.55197,2.86978,1.49279,1.56235,0,0,0,0.000448154,0.000448154,0.000448154
282,1858.27,1.83581,3.17204,1.83696,1.69387,0,0,0,0.55271,0.58732,0.59927,0.33814,0.40793,0.45044,0.39896,0.17943,1.57199,2.88528,1.47357,1.57341,0,0,0,0.00044678,0.00044678,0.00044678
283,1864.77,1.83113,3.20163,1.85701,1.66375,0,0,0,0.58437,0.60849,0.59921,0.35926,0.46631,0.46849,0.43536,0.21339,1.54421,2.87457,1.4622,1.56057,0,0,0,0.000445405,0.000445405,0.000445405
284,1871.33,1.83536,3.24332,1.88049,1.66915,0,0,0,0.59236,0.616,0.60546,0.37574,0.45163,0.4783,0.4188,0.19099,1.5081,2.87747,1.44274,1.54143,0,0,0,0.000444031,0.000444031,0.000444031
285,1877.76,1.77502,3.20981,1.80753,1.64062,0,0,0,0.6733,0.56921,0.62703,0.38678,0.52533,0.47448,0.45011,0.19764,1.51816,2.88235,1.45251,1.54698,0,0,0,0.000442656,0.000442656,0.000442656
286,1884.37,1.80354,3.24229,1.8811,1.68782,0,0,0,0.61017,0.61263,0.62044,0.36333,0.49242,0.49007,0.44464,0.19578,1.53217,2.88496,1.46671,1.55205,0,0,0,0.000441282,0.000441282,0.000441282
287,1891.13,1.76447,3.1664,1.82881,1.66386,0,0,0,0.6216,0.59272,0.62063,0.36131,0.50632,0.46546,0.44318,0.19231,1.52851,2.86667,1.48536,1.54656,0,0,0,0.000439907,0.000439907,0.000439907
288,1897.66,1.8265,3.19703,1.88041,1.63494,0,0,0,0.58719,0.55367,0.57444,0.3502,0.5048,0.40105,0.4161,0.19178,1.52411,2.85397,1.44826,1.53616,0,0,0,0.000438533,0.000438533,0.000438533
289,1904.09,1.80085,3.18665,1.83174,1.6529,0,0,0,0.69039,0.53036,0.59787,0.36015,0.57536,0.43847,0.4426,0.20065,1.53858,2.8613,1.43726,1.54394,0,0,0,0.000437158,0.000437158,0.000437158
290,1910.58,1.79339,3.19463,1.83756,1.66087,0,0,0,0.66035,0.54354,0.60581,0.3666,0.51005,0.45309,0.43019,0.20272,1.54016,2.85334,1.48557,1.54561,0,0,0,0.000435784,0.000435784,0.000435784
291,1917.09,1.78996,3.23135,1.84979,1.65508,0,0,0,0.62082,0.61075,0.63466,0.40382,0.58704,0.47164,0.45624,0.22056,1.48494,2.81906,1.47742,1.51468,0,0,0,0.000434409,0.000434409,0.000434409
292,1923.66,1.83689,3.17887,1.92183,1.6729,0,0,0,0.67068,0.5692,0.64114,0.39942,0.57715,0.48985,0.49656,0.23481,1.49302,2.82275,1.42277,1.52369,0,0,0,0.000433035,0.000433035,0.000433035
293,1930.21,1.75708,3.14152,1.85326,1.66968,0,0,0,0.56491,0.58667,0.63083,0.39489,0.48566,0.49422,0.49336,0.22845,1.48519,2.79147,1.4039,1.5154,0,0,0,0.000431661,0.000431661,0.000431661
294,1936.72,1.78408,3.14059,1.79132,1.67686,0,0,0,0.62718,0.6031,0.61855,0.38909,0.54197,0.49476,0.46706,0.22347,1.49465,2.79672,1.40646,1.51596,0,0,0,0.000430286,0.000430286,0.000430286
295,1943.22,1.76969,3.09963,1.84474,1.65816,0,0,0,0.59204,0.63008,0.62244,0.38413,0.53443,0.4983,0.47596,0.22865,1.52153,2.82187,1.429,1.55104,0,0,0,0.000428912,0.000428912,0.000428912
296,1949.7,1.83542,3.28067,1.84377,1.66316,0,0,0,0.72716,0.52584,0.63547,0.39556,0.47178,0.53044,0.47226,0.2276,1.50839,2.80734,1.44472,1.54191,0,0,0,0.000427537,0.000427537,0.000427537
297,1956.16,1.83807,3.20162,1.85661,1.66947,0,0,0,0.65267,0.58457,0.6375,0.39736,0.55823,0.49547,0.49678,0.22799,1.503,2.8133,1.43867,1.52283,0,0,0,0.000426163,0.000426163,0.000426163
298,1962.68,1.78807,3.18465,1.91222,1.69294,0,0,0,0.63395,0.58921,0.64767,0.40608,0.52833,0.51202,0.49714,0.22315,1.50367,2.7929,1.4048,1.52434,0,0,0,0.000424788,0.000424788,0.000424788
299,1969.05,1.79587,3.12541,1.77199,1.64509,0,0,0,0.63454,0.60727,0.61081,0.38113,0.53653,0.51015,0.46045,0.20159,1.49739,2.79398,1.42813,1.51188,0,0,0,0.000423414,0.000423414,0.000423414
300,1975.64,1.71573,3.1296,1.8055,1.65688,0,0,0,0.63418,0.62928,0.61806,0.39098,0.55136,0.53879,0.48754,0.22725,1.47302,2.79112,1.45901,1.50189,0,0,0,0.000422039,0.000422039,0.000422039
301,1981.98,1.78535,3.18152,1.77838,1.6461,0,0,0,0.65296,0.62334,0.63087,0.3857,0.55231,0.51568,0.48402,0.22263,1.48532,2.79479,1.38021,1.50236,0,0,0,0.000420665,0.000420665,0.000420665
302,1988.5,1.73125,3.11888,1.8094,1.65619,0,0,0,0.64456,0.61191,0.63056,0.38938,0.66276,0.44927,0.48094,0.21381,1.49467,2.80305,1.37413,1.50445,0,0,0,0.000419291,0.000419291,0.000419291
303,1994.96,1.90962,3.29209,1.83956,1.61714,0,0,0,0.56461,0.61246,0.62081,0.392,0.48943,0.52409,0.47614,0.21533,1.48922,2.81415,1.39851,1.50914,0,0,0,0.000417916,0.000417916,0.000417916
304,2001.39,1.71931,3.18808,1.7308,1.60688,0,0,0,0.58755,0.61738,0.62026,0.39112,0.50003,0.51731,0.46707,0.21368,1.45245,2.79418,1.40896,1.49758,0,0,0,0.000416542,0.000416542,0.000416542
305,2007.87,1.73688,3.1326,1.74527,1.60811,0,0,0,0.5944,0.62482,0.60592,0.38501,0.50688,0.53245,0.46645,0.22616,1.45903,2.7846,1.37547,1.50132,0,0,0,0.000415167,0.000415167,0.000415167
306,2014.52,1.79448,3.12211,1.79861,1.61737,0,0,0,0.60617,0.58471,0.60706,0.38323,0.50472,0.47352,0.45305,0.21281,1.46713,2.8017,1.39323,1.49397,0,0,0,0.000413793,0.000413793,0.000413793
307,2020.99,1.827,3.16161,1.83128,1.64125,0,0,0,0.64554,0.55231,0.60263,0.37125,0.53638,0.47534,0.47706,0.21954,1.46439,2.77479,1.39373,1.50621,0,0,0,0.000412418,0.000412418,0.000412418
308,2027.55,1.73954,3.13675,1.75813,1.61155,0,0,0,0.66402,0.56906,0.62536,0.39455,0.55451,0.47019,0.46247,0.21981,1.45272,2.75577,1.34922,1.48668,0,0,0,0.000411044,0.000411044,0.000411044
309,2034.01,1.87696,3.20975,1.83033,1.60295,0,0,0,0.57541,0.63681,0.65055,0.40153,0.54977,0.47939,0.47955,0.22979,1.46492,2.74035,1.38462,1.48597,0,0,0,0.000409669,0.000409669,0.000409669
310,2040.58,1.83008,3.17337,1.83099,1.62856,0,0,0,0.5991,0.59952,0.63496,0.40486,0.51765,0.50922,0.46487,0.22197,1.44893,2.76499,1.39068,1.48513,0,0,0,0.000408295,0.000408295,0.000408295
311,2047.21,1.77485,3.17644,1.79558,1.62327,0,0,0,0.61515,0.61325,0.60551,0.38088,0.56356,0.45308,0.42674,0.20577,1.45315,2.76022,1.38546,1.48648,0,0,0,0.00040692,0.00040692,0.00040692
312,2053.57,1.78738,3.19448,1.8227,1.61119,0,0,0,0.76788,0.53686,0.65317,0.42543,0.65719,0.44199,0.49224,0.24808,1.42536,2.72889,1.37558,1.46789,0,0,0,0.000405546,0.000405546,0.000405546
313,2060.1,1.71728,3.13727,1.7236,1.62075,0,0,0,0.72902,0.60128,0.65282,0.42162,0.56489,0.53209,0.48428,0.24557,1.44238,2.72931,1.37848,1.47952,0,0,0,0.000404172,0.000404172,0.000404172
314,2066.58,1.72602,3.07321,1.74315,1.59973,0,0,0,0.74592,0.60265,0.64348,0.41194,0.6523,0.5261,0.52063,0.26187,1.45708,2.75445,1.33829,1.48786,0,0,0,0.000402797,0.000402797,0.000402797
315,2073.07,1.76173,3.13319,1.71684,1.57978,0,0,0,0.7368,0.61389,0.64423,0.42266,0.65027,0.51809,0.51817,0.25932,1.42673,2.74514,1.31417,1.46537,0,0,0,0.000401423,0.000401423,0.000401423
316,2079.7,1.70956,3.13599,1.74934,1.59505,0,0,0,0.60199,0.62291,0.6353,0.41319,0.52267,0.55188,0.51153,0.24869,1.42098,2.75162,1.37133,1.4595,0,0,0,0.000400048,0.000400048,0.000400048
317,2086.34,1.67568,3.10946,1.68302,1.58196,0,0,0,0.55246,0.65041,0.63094,0.41327,0.48858,0.56712,0.50605,0.25017,1.42915,2.73458,1.36173,1.46116,0,0,0,0.000398674,0.000398674,0.000398674
318,2092.8,1.74835,3.17673,1.72943,1.61079,0,0,0,0.59629,0.64363,0.65056,0.42545,0.52335,0.56016,0.52873,0.26158,1.42334,2.77289,1.33935,1.46365,0,0,0,0.000397299,0.000397299,0.000397299
319,2099.38,1.72513,3.13395,1.72389,1.61182,0,0,0,0.61524,0.63343,0.65059,0.42149,0.56491,0.52857,0.50986,0.25073,1.42663,2.74585,1.34859,1.46768,0,0,0,0.000395925,0.000395925,0.000395925
320,2105.94,1.71795,3.1327,1.75721,1.61953,0,0,0,0.63497,0.60066,0.64923,0.42202,0.53596,0.49377,0.50463,0.2492,1.4056,2.76789,1.35981,1.46,0,0,0,0.00039455,0.00039455,0.00039455
321,2112.37,1.72922,3.00793,1.72575,1.58834,0,0,0,0.62361,0.61949,0.64795,0.40986,0.58095,0.51655,0.51626,0.25992,1.41464,2.73061,1.34122,1.46695,0,0,0,0.000393176,0.000393176,0.000393176
322,2119.35,1.70611,3.08447,1.67372,1.58164,0,0,0,0.62328,0.59762,0.64618,0.41102,0.58073,0.48689,0.52014,0.26744,1.40394,2.712,1.35535,1.44792,0,0,0,0.000391802,0.000391802,0.000391802
323,2125.64,1.71893,3.06746,1.72344,1.62985,0,0,0,0.63515,0.63477,0.66459,0.42908,0.57232,0.497,0.4977,0.25629,1.41954,2.71911,1.35175,1.46098,0,0,0,0.000390427,0.000390427,0.000390427
324,2132.12,1.68852,3.10497,1.75943,1.64754,0,0,0,0.61748,0.64187,0.66094,0.43793,0.51998,0.54524,0.51588,0.25723,1.44718,2.73213,1.32256,1.48721,0,0,0,0.000389053,0.000389053,0.000389053
325,2138.72,1.70815,3.03475,1.76793,1.60914,0,0,0,0.63151,0.63742,0.66142,0.43526,0.65371,0.49781,0.53078,0.26287,1.45037,2.71373,1.29816,1.47552,0,0,0,0.000387678,0.000387678,0.000387678
326,2145.23,1.80152,3.09187,1.7452,1.59924,0,0,0,0.7416,0.60832,0.6716,0.43467,0.63833,0.50562,0.51855,0.25001,1.40282,2.70603,1.31038,1.44746,0,0,0,0.000386304,0.000386304,0.000386304
327,2151.75,1.75046,3.16802,1.76786,1.62211,0,0,0,0.65398,0.63156,0.66485,0.45058,0.5733,0.5538,0.52952,0.26595,1.39613,2.6879,1.3098,1.44185,0,0,0,0.000384929,0.000384929,0.000384929
328,2158.35,1.69746,3.08991,1.68438,1.58315,0,0,0,0.6225,0.62639,0.6732,0.46146,0.54096,0.5435,0.53399,0.27725,1.36973,2.68931,1.32308,1.43491,0,0,0,0.000383555,0.000383555,0.000383555
329,2165.01,1.74708,3.07294,1.68192,1.58764,0,0,0,0.69308,0.57322,0.65178,0.43886,0.58568,0.49859,0.51003,0.26244,1.37631,2.70647,1.34053,1.43851,0,0,0,0.00038218,0.00038218,0.00038218
330,2171.36,1.70493,3.09544,1.73654,1.60935,0,0,0,0.66192,0.60297,0.65748,0.44156,0.52915,0.50962,0.48425,0.24904,1.37232,2.66286,1.32511,1.43088,0,0,0,0.000380806,0.000380806,0.000380806
331,2177.78,1.67115,3.02025,1.67965,1.59059,0,0,0,0.61531,0.66405,0.66775,0.44626,0.52934,0.54401,0.50623,0.25815,1.36364,2.66903,1.34005,1.42219,0,0,0,0.000379431,0.000379431,0.000379431
332,2184.24,1.72616,3.1055,1.64399,1.57346,0,0,0,0.71287,0.61515,0.66514,0.43948,0.59354,0.51264,0.49398,0.25652,1.39257,2.67082,1.32339,1.43408,0,0,0,0.000378057,0.000378057,0.000378057
333,2190.62,1.67845,3.00779,1.68076,1.59858,0,0,0,0.64941,0.64364,0.65981,0.43011,0.54779,0.52619,0.47985,0.24626,1.39156,2.67348,1.2929,1.44327,0,0,0,0.000376683,0.000376683,0.000376683
334,2197.06,1.66107,3.0004,1.645,1.56927,0,0,0,0.78286,0.57445,0.67364,0.43148,0.63969,0.4585,0.48501,0.23659,1.41174,2.67897,1.30976,1.45756,0,0,0,0.000375308,0.000375308,0.000375308
335,2203.58,1.61291,2.93543,1.60513,1.54895,0,0,0,0.70608,0.64745,0.68154,0.45968,0.61336,0.54217,0.52493,0.26146,1.37953,2.63512,1.29526,1.43765,0,0,0,0.000373934,0.000373934,0.000373934
336,2210.03,1.74317,3.0108,1.75279,1.61403,0,0,0,0.67129,0.6445,0.6768,0.44819,0.58467,0.52888,0.52333,0.26081,1.38554,2.64454,1.29568,1.43155,0,0,0,0.000372559,0.000372559,0.000372559
337,2216.6,1.77583,3.12586,1.69978,1.58315,0,0,0,0.61158,0.64914,0.66756,0.44195,0.51105,0.54363,0.51303,0.24933,1.3881,2.65613,1.29173,1.43058,0,0,0,0.000371185,0.000371185,0.000371185
338,2223.06,1.70264,3.00277,1.72359,1.5891,0,0,0,0.63364,0.64387,0.66529,0.43954,0.55016,0.53899,0.51402,0.26233,1.37452,2.67177,1.3198,1.42436,0,0,0,0.00036981,0.00036981,0.00036981
339,2229.53,1.65772,3.01016,1.63544,1.5709,0,0,0,0.66271,0.64366,0.67852,0.45055,0.56607,0.53887,0.52285,0.26234,1.36853,2.65976,1.29794,1.42627,0,0,0,0.000368436,0.000368436,0.000368436
340,2236,1.64571,3.00542,1.65934,1.59011,0,0,0,0.74236,0.62741,0.6854,0.46043,0.66845,0.53804,0.54532,0.27099,1.36208,2.64143,1.26421,1.41992,0,0,0,0.000367061,0.000367061,0.000367061
341,2242.68,1.76903,3.02624,1.68056,1.5815,0,0,0,0.69712,0.59828,0.66109,0.44827,0.60598,0.50072,0.50542,0.25767,1.37066,2.62859,1.29271,1.42324,0,0,0,0.000365687,0.000365687,0.000365687
342,2249.14,1.62592,2.93388,1.66319,1.56419,0,0,0,0.68382,0.60331,0.6704,0.4487,0.60364,0.51075,0.50593,0.26569,1.36976,2.6203,1.27736,1.42218,0,0,0,0.000364313,0.000364313,0.000364313
343,2255.66,1.6849,3.03294,1.64077,1.54616,0,0,0,0.64307,0.65492,0.67476,0.45876,0.53554,0.54327,0.51347,0.27032,1.37907,2.64714,1.29845,1.42613,0,0,0,0.000362938,0.000362938,0.000362938
344,2262.1,1.70246,3.02748,1.625,1.54778,0,0,0,0.66605,0.6636,0.66872,0.44837,0.55212,0.52587,0.49992,0.26197,1.36749,2.6377,1.31307,1.42137,0,0,0,0.000361564,0.000361564,0.000361564
345,2268.6,1.68216,3.01985,1.68205,1.59741,0,0,0,0.67391,0.66241,0.67963,0.45558,0.56271,0.53335,0.53197,0.2788,1.36496,2.63145,1.28118,1.42438,0,0,0,0.000360189,0.000360189,0.000360189
346,2275.11,1.72665,3.04056,1.64904,1.55533,0,0,0,0.64572,0.65161,0.66917,0.4513,0.58368,0.53245,0.5348,0.27071,1.38102,2.64683,1.26016,1.42707,0,0,0,0.000358815,0.000358815,0.000358815
347,2281.74,1.71581,3.03028,1.68118,1.55499,0,0,0,0.68859,0.65267,0.67986,0.46698,0.59157,0.54142,0.52108,0.27337,1.36967,2.62517,1.24662,1.41811,0,0,0,0.00035744,0.00035744,0.00035744
348,2288.34,1.69875,3.04674,1.66232,1.58287,0,0,0,0.69291,0.60723,0.6558,0.44135,0.59373,0.54821,0.50847,0.26057,1.35581,2.62897,1.2758,1.41129,0,0,0,0.000356066,0.000356066,0.000356066
349,2294.72,1.60112,2.97947,1.60566,1.54896,0,0,0,0.59381,0.65005,0.66507,0.43932,0.51611,0.52938,0.51005,0.26193,1.38033,2.65819,1.29389,1.42255,0,0,0,0.000354691,0.000354691,0.000354691
350,2301.22,1.64703,3.03083,1.62287,1.56376,0,0,0,0.66241,0.63114,0.66459,0.44859,0.50379,0.56235,0.50413,0.26007,1.36825,2.6233,1.28705,1.41779,0,0,0,0.000353317,0.000353317,0.000353317
351,2307.72,1.64171,3.02899,1.59956,1.55227,0,0,0,0.70222,0.62966,0.67462,0.4516,0.5899,0.52653,0.50821,0.26743,1.3512,2.58688,1.27884,1.40999,0,0,0,0.000351942,0.000351942,0.000351942
352,2314.14,1.70474,3.04609,1.65294,1.58415,0,0,0,0.61148,0.70781,0.67752,0.45276,0.53409,0.58983,0.51694,0.2682,1.35233,2.59721,1.22731,1.40442,0,0,0,0.000350568,0.000350568,0.000350568
353,2320.91,1.67159,2.95933,1.61827,1.53835,0,0,0,0.63174,0.66555,0.66003,0.42649,0.57346,0.54573,0.51336,0.26349,1.35493,2.59091,1.22258,1.41147,0,0,0,0.000349194,0.000349194,0.000349194
354,2327.31,1.6799,3.09228,1.62585,1.54633,0,0,0,0.68572,0.63619,0.67996,0.45093,0.63812,0.51646,0.53019,0.27005,1.33781,2.57699,1.23519,1.40761,0,0,0,0.000347819,0.000347819,0.000347819
355,2333.88,1.67929,3.06112,1.63406,1.54582,0,0,0,0.72413,0.63026,0.68156,0.45467,0.65716,0.48746,0.51312,0.24849,1.34667,2.62123,1.23998,1.41145,0,0,0,0.000346445,0.000346445,0.000346445
356,2340.25,1.70179,3.01511,1.6701,1.59254,0,0,0,0.69024,0.63505,0.66268,0.44834,0.60186,0.5311,0.51091,0.26664,1.35248,2.59376,1.27479,1.40385,0,0,0,0.00034507,0.00034507,0.00034507
357,2346.68,1.72063,3.0016,1.63667,1.53945,0,0,0,0.60335,0.67245,0.65978,0.44862,0.62488,0.50073,0.51437,0.27845,1.32274,2.55575,1.26342,1.38685,0,0,0,0.000343696,0.000343696,0.000343696
358,2353.14,1.6803,2.93865,1.5871,1.55196,0,0,0,0.70303,0.60755,0.6518,0.44109,0.61152,0.52186,0.49953,0.25599,1.32744,2.57146,1.24313,1.39108,0,0,0,0.000342321,0.000342321,0.000342321
359,2359.65,1.62289,3.00196,1.62736,1.56097,0,0,0,0.65488,0.6512,0.65825,0.44707,0.56869,0.55336,0.51142,0.2687,1.32046,2.56783,1.24226,1.38596,0,0,0,0.000340947,0.000340947,0.000340947
360,2366.19,1.65892,3.04438,1.63173,1.5309,0,0,0,0.71427,0.63966,0.68095,0.46006,0.60142,0.56477,0.52303,0.27597,1.33046,2.57728,1.21834,1.38896,0,0,0,0.000339572,0.000339572,0.000339572
361,2372.66,1.66811,3.05839,1.65346,1.55348,0,0,0,0.71531,0.67234,0.70174,0.46478,0.60856,0.58959,0.55309,0.28909,1.32215,2.56261,1.20726,1.38726,0,0,0,0.000338198,0.000338198,0.000338198
362,2379.18,1.62302,3.04092,1.56986,1.5422,0,0,0,0.66676,0.64416,0.68626,0.4462,0.53591,0.55396,0.50884,0.26961,1.35005,2.59135,1.22725,1.39949,0,0,0,0.000336824,0.000336824,0.000336824
363,2385.53,1.69472,2.97366,1.6313,1.56927,0,0,0,0.67931,0.66097,0.6862,0.46141,0.58833,0.56843,0.51734,0.2758,1.32575,2.56974,1.2328,1.38529,0,0,0,0.000335449,0.000335449,0.000335449
364,2391.92,1.64572,3.05877,1.63578,1.55014,0,0,0,0.65277,0.67785,0.67373,0.45929,0.52765,0.60341,0.52687,0.27817,1.31603,2.54756,1.24026,1.38268,0,0,0,0.000334075,0.000334075,0.000334075
365,2398.45,1.63396,2.94353,1.62111,1.57025,0,0,0,0.68081,0.6721,0.68492,0.45996,0.57283,0.56694,0.54543,0.27644,1.30811,2.53477,1.2378,1.38567,0,0,0,0.0003327,0.0003327,0.0003327
366,2405.03,1.6547,2.9548,1.5844,1.53701,0,0,0,0.65821,0.65342,0.68331,0.46385,0.55442,0.55989,0.54331,0.28741,1.29554,2.5461,1.25176,1.37118,0,0,0,0.000331326,0.000331326,0.000331326
367,2411.44,1.65139,2.92304,1.59828,1.50734,0,0,0,0.62237,0.64868,0.64482,0.43621,0.52602,0.59377,0.5173,0.26714,1.30299,2.55236,1.24256,1.37075,0,0,0,0.000329951,0.000329951,0.000329951
368,2417.9,1.6702,2.90703,1.59185,1.53278,0,0,0,0.66481,0.6489,0.66263,0.45721,0.57907,0.55732,0.52564,0.28542,1.28121,2.53225,1.21361,1.36003,0,0,0,0.000328577,0.000328577,0.000328577
369,2424.31,1.58837,2.88945,1.49713,1.51906,0,0,0,0.73146,0.61871,0.68976,0.47537,0.63233,0.52485,0.5438,0.28662,1.28096,2.53447,1.20923,1.35881,0,0,0,0.000327202,0.000327202,0.000327202
370,2430.95,1.6603,2.97963,1.61372,1.54176,0,0,0,0.72008,0.64444,0.68854,0.47115,0.60029,0.56086,0.54448,0.28988,1.27732,2.50339,1.22589,1.35934,0,0,0,0.000325828,0.000325828,0.000325828
371,2437.67,1.62415,2.95084,1.5586,1.50945,0,0,0,0.6984,0.66645,0.70007,0.47575,0.62255,0.56322,0.55762,0.29549,1.28642,2.49507,1.20989,1.3676,0,0,0,0.000324453,0.000324453,0.000324453
372,2444.2,1.66036,2.90697,1.56551,1.50022,0,0,0,0.71016,0.66319,0.70559,0.47519,0.61702,0.55974,0.56232,0.28949,1.29585,2.5058,1.19911,1.36733,0,0,0,0.000323079,0.000323079,0.000323079
373,2450.6,1.68273,2.93533,1.57516,1.50884,0,0,0,0.65128,0.67367,0.6878,0.47033,0.63396,0.55625,0.55729,0.2987,1.29936,2.49663,1.20843,1.36462,0,0,0,0.000321705,0.000321705,0.000321705
374,2457.07,1.60824,2.91481,1.55288,1.50895,0,0,0,0.71067,0.62759,0.68765,0.46853,0.66636,0.53349,0.54982,0.29766,1.29704,2.50188,1.20248,1.36517,0,0,0,0.00032033,0.00032033,0.00032033
375,2463.58,1.62115,2.84623,1.54811,1.51226,0,0,0,0.72058,0.62356,0.68787,0.46501,0.61796,0.53213,0.53501,0.28126,1.28537,2.50815,1.21025,1.35684,0,0,0,0.000318956,0.000318956,0.000318956
376,2470.02,1.61631,2.97205,1.54563,1.53272,0,0,0,0.67651,0.67428,0.68861,0.46358,0.59053,0.58273,0.52359,0.27636,1.26821,2.50927,1.21498,1.34977,0,0,0,0.000317581,0.000317581,0.000317581
377,2476.58,1.66965,2.97009,1.60355,1.53277,0,0,0,0.74292,0.62936,0.69605,0.496,0.62234,0.56403,0.54556,0.29752,1.25776,2.50457,1.19694,1.34007,0,0,0,0.000316207,0.000316207,0.000316207
378,2483.2,1.54556,2.91346,1.55031,1.49625,0,0,0,0.67864,0.70874,0.70393,0.4982,0.59706,0.60774,0.56381,0.31045,1.26141,2.50859,1.19334,1.34567,0,0,0,0.000314832,0.000314832,0.000314832
379,2489.71,1.59979,2.91539,1.53478,1.50804,0,0,0,0.69881,0.6657,0.69603,0.48923,0.63168,0.5629,0.54829,0.29873,1.27642,2.51942,1.17804,1.35421,0,0,0,0.000313458,0.000313458,0.000313458
380,2496.25,1.60459,2.93093,1.55104,1.50393,0,0,0,0.68481,0.66672,0.69411,0.48464,0.63819,0.55212,0.5559,0.29863,1.2685,2.50955,1.19237,1.35024,0,0,0,0.000312083,0.000312083,0.000312083
381,2502.8,1.61871,2.94366,1.5509,1.50013,0,0,0,0.75326,0.61362,0.69396,0.48268,0.65877,0.53776,0.55782,0.31098,1.27282,2.49955,1.19778,1.34939,0,0,0,0.000310709,0.000310709,0.000310709
382,2509.2,1.6286,2.99666,1.57033,1.52443,0,0,0,0.66814,0.66992,0.69886,0.49142,0.58832,0.57968,0.54849,0.30605,1.27132,2.49765,1.17513,1.34569,0,0,0,0.000309335,0.000309335,0.000309335
383,2515.73,1.63291,2.93406,1.54536,1.52203,0,0,0,0.67519,0.6701,0.68683,0.48196,0.58625,0.57345,0.53999,0.2888,1.28186,2.50565,1.18424,1.35342,0,0,0,0.00030796,0.00030796,0.00030796
384,2522.15,1.57977,2.95582,1.56129,1.50904,0,0,0,0.66612,0.68972,0.69063,0.49306,0.58124,0.58296,0.53973,0.28742,1.2701,2.48784,1.18709,1.34731,0,0,0,0.000306586,0.000306586,0.000306586
385,2528.61,1.60243,2.94979,1.52959,1.49915,0,0,0,0.6804,0.69085,0.69707,0.50092,0.62703,0.54752,0.55623,0.30877,1.26132,2.46423,1.17595,1.34086,0,0,0,0.000305211,0.000305211,0.000305211
386,2535.14,1.63506,2.93976,1.5467,1.51665,0,0,0,0.679,0.67656,0.68193,0.4756,0.60282,0.58612,0.55644,0.30742,1.26868,2.47884,1.20183,1.34633,0,0,0,0.000303837,0.000303837,0.000303837
387,2541.84,1.6404,2.93328,1.53786,1.49648,0,0,0,0.67084,0.66773,0.67865,0.46464,0.59423,0.58436,0.55496,0.30252,1.27813,2.5016,1.20574,1.35391,0,0,0,0.000302462,0.000302462,0.000302462
388,2548.49,1.6608,2.96983,1.53271,1.51016,0,0,0,0.64875,0.65351,0.67281,0.46694,0.56776,0.56073,0.54138,0.29555,1.26728,2.48909,1.17859,1.34825,0,0,0,0.000301088,0.000301088,0.000301088
389,2555.19,1.6889,3.03194,1.57345,1.53103,0,0,0,0.69638,0.64645,0.68557,0.47761,0.61224,0.56423,0.55132,0.30395,1.2705,2.49756,1.1651,1.35183,0,0,0,0.000299713,0.000299713,0.000299713
390,2561.82,1.61779,2.92616,1.50035,1.47259,0,0,0,0.63817,0.68339,0.71134,0.48502,0.58306,0.56069,0.5732,0.30969,1.2482,2.46112,1.15364,1.33648,0,0,0,0.000298339,0.000298339,0.000298339
391,2568.33,1.53215,2.79293,1.4999,1.49876,0,0,0,0.67731,0.68576,0.70717,0.49327,0.57947,0.60362,0.57343,0.30867,1.24615,2.46115,1.1647,1.33005,0,0,0,0.000296964,0.000296964,0.000296964
392,2574.75,1.56542,2.8567,1.52323,1.47139,0,0,0,0.66738,0.68037,0.70093,0.49891,0.55615,0.60685,0.56414,0.31354,1.24161,2.44067,1.16024,1.32923,0,0,0,0.00029559,0.00029559,0.00029559
393,2581.3,1.63066,3.01058,1.55502,1.49834,0,0,0,0.71047,0.64665,0.70607,0.49589,0.61433,0.55137,0.57322,0.31297,1.27128,2.46196,1.16483,1.34538,0,0,0,0.000294216,0.000294216,0.000294216
394,2587.86,1.60281,2.87202,1.57272,1.51858,0,0,0,0.67232,0.66808,0.69057,0.48703,0.68658,0.50616,0.5539,0.30817,1.25166,2.45482,1.17204,1.33298,0,0,0,0.000292841,0.000292841,0.000292841
395,2594.32,1.64547,2.90664,1.56072,1.48828,0,0,0,0.74666,0.60383,0.72024,0.4976,0.66872,0.53069,0.58424,0.32743,1.2401,2.43655,1.18169,1.32244,0,0,0,0.000291467,0.000291467,0.000291467
396,2600.8,1.59403,2.88019,1.50104,1.47713,0,0,0,0.69236,0.64227,0.6992,0.49373,0.69502,0.49948,0.56234,0.30935,1.25347,2.44875,1.17482,1.32961,0,0,0,0.000290092,0.000290092,0.000290092
397,2607.38,1.55035,2.88114,1.52473,1.5187,0,0,0,0.67393,0.68582,0.70713,0.4973,0.67624,0.53698,0.554,0.30457,1.25546,2.45295,1.16029,1.33458,0,0,0,0.000288718,0.000288718,0.000288718
398,2613.95,1.6176,2.99243,1.57182,1.49161,0,0,0,0.68509,0.65596,0.70789,0.49797,0.6229,0.57348,0.58116,0.32055,1.26418,2.45853,1.16015,1.33863,0,0,0,0.000287343,0.000287343,0.000287343
399,2620.49,1.66551,2.92415,1.56425,1.50412,0,0,0,0.71582,0.67356,0.71882,0.5168,0.65332,0.58179,0.58953,0.3289,1.25096,2.46313,1.13596,1.33284,0,0,0,0.000285969,0.000285969,0.000285969
400,2627.13,1.60016,2.87124,1.5002,1.4331,0,0,0,0.7979,0.62664,0.71676,0.51206,0.68217,0.56297,0.57312,0.32048,1.23482,2.44986,1.14768,1.32402,0,0,0,0.000284594,0.000284594,0.000284594
401,2633.58,1.6637,3.01088,1.56116,1.48804,0,0,0,0.69207,0.67784,0.71406,0.50293,0.60963,0.5831,0.57406,0.32236,1.21677,2.43539,1.16723,1.31658,0,0,0,0.00028322,0.00028322,0.00028322
402,2640.27,1.55324,2.85305,1.46559,1.44999,0,0,0,0.70784,0.64253,0.70477,0.49971,0.61992,0.54423,0.55249,0.31111,1.21958,2.43963,1.16207,1.32198,0,0,0,0.000281846,0.000281846,0.000281846
403,2646.67,1.6016,2.8997,1.51443,1.49053,0,0,0,0.69261,0.6648,0.7044,0.50494,0.6854,0.52267,0.55667,0.30414,1.23605,2.43128,1.13699,1.32716,0,0,0,0.000280471,0.000280471,0.000280471
404,2653.09,1.56442,2.84218,1.48103,1.49921,0,0,0,0.72935,0.64702,0.71036,0.50119,0.66348,0.55093,0.55857,0.30808,1.24223,2.44392,1.13955,1.33089,0,0,0,0.000279097,0.000279097,0.000279097
405,2659.61,1.52968,2.91652,1.47816,1.46563,0,0,0,0.67709,0.6929,0.69354,0.49586,0.63285,0.57898,0.56026,0.31423,1.22724,2.4561,1.14253,1.32251,0,0,0,0.000277722,0.000277722,0.000277722
406,2665.98,1.51705,2.81634,1.4887,1.48565,0,0,0,0.69618,0.66945,0.69831,0.48445,0.63291,0.59122,0.57394,0.31525,1.22758,2.43513,1.14522,1.32041,0,0,0,0.000276348,0.000276348,0.000276348
407,2672.35,1.50771,2.80798,1.45993,1.47606,0,0,0,0.70192,0.6583,0.71127,0.49075,0.62029,0.59263,0.5873,0.32081,1.23789,2.42765,1.13162,1.32987,0,0,0,0.000274973,0.000274973,0.000274973
408,2678.82,1.56451,2.85851,1.48838,1.48813,0,0,0,0.72393,0.63566,0.71286,0.49071,0.61893,0.60576,0.59046,0.32288,1.22162,2.41797,1.12415,1.31692,0,0,0,0.000273599,0.000273599,0.000273599
409,2685.23,1.50587,2.6877,1.45828,1.47525,0,0,0,0.75655,0.62977,0.71215,0.49496,0.68718,0.56737,0.58721,0.31075,1.21803,2.39762,1.13638,1.31563,0,0,0,0.000272224,0.000272224,0.000272224
410,2691.79,1.59172,2.91781,1.46479,1.5025,0,0,0,0.75527,0.64345,0.73004,0.50675,0.74479,0.54684,0.60832,0.32201,1.23862,2.40529,1.13104,1.31828,0,0,0,0.00027085,0.00027085,0.00027085
411,2698.23,1.61511,2.86435,1.49355,1.4747,0,0,0,0.68963,0.68301,0.72967,0.50607,0.6424,0.57554,0.59881,0.32313,1.21661,2.41257,1.1139,1.30907,0,0,0,0.000269475,0.000269475,0.000269475
412,2704.71,1.54167,2.76798,1.5464,1.49627,0,0,0,0.72175,0.67818,0.73084,0.50682,0.67308,0.57739,0.59537,0.32021,1.22003,2.3901,1.11767,1.31333,0,0,0,0.000268101,0.000268101,0.000268101
413,2711.36,1.61866,2.86522,1.50188,1.48537,0,0,0,0.75195,0.65632,0.71572,0.51103,0.664,0.56521,0.56989,0.31266,1.22148,2.39135,1.11681,1.31508,0,0,0,0.000266727,0.000266727,0.000266727
414,2718.36,1.61253,2.94897,1.49404,1.46606,0,0,0,0.73086,0.6796,0.71512,0.51266,0.64768,0.58671,0.56966,0.32362,1.22081,2.39058,1.13496,1.30715,0,0,0,0.000265352,0.000265352,0.000265352
415,2724.85,1.56446,2.93672,1.49785,1.4901,0,0,0,0.74064,0.67962,0.7169,0.51686,0.65428,0.58509,0.58052,0.32467,1.20688,2.38788,1.15497,1.3014,0,0,0,0.000263978,0.000263978,0.000263978
416,2731.41,1.50298,2.86703,1.45744,1.45881,0,0,0,0.76899,0.66946,0.72405,0.51023,0.70929,0.57885,0.59953,0.32818,1.2155,2.40261,1.11738,1.31258,0,0,0,0.000262603,0.000262603,0.000262603
417,2737.93,1.63184,2.89281,1.48977,1.47749,0,0,0,0.74322,0.66079,0.71939,0.49804,0.66637,0.58836,0.59162,0.31908,1.21949,2.39725,1.12801,1.31313,0,0,0,0.000261229,0.000261229,0.000261229
418,2744.43,1.54413,2.8847,1.44815,1.47616,0,0,0,0.69736,0.67048,0.73084,0.51576,0.73786,0.53764,0.6081,0.33516,1.20648,2.37753,1.14023,1.29972,0,0,0,0.000259854,0.000259854,0.000259854
419,2750.98,1.58238,2.82946,1.45909,1.44607,0,0,0,0.75194,0.647,0.72865,0.51037,0.70059,0.55358,0.60048,0.34607,1.21584,2.37081,1.14321,1.30325,0,0,0,0.00025848,0.00025848,0.00025848
420,2757.76,1.57641,2.86075,1.51146,1.49626,0,0,0,0.77742,0.63799,0.73094,0.51653,0.68551,0.56014,0.60238,0.3337,1.22681,2.37498,1.12279,1.30911,0,0,0,0.000257105,0.000257105,0.000257105
421,2764.33,1.59574,2.85927,1.51549,1.46643,0,0,0,0.73002,0.64955,0.71824,0.51042,0.65945,0.58072,0.58714,0.32693,1.20448,2.37034,1.11434,1.29935,0,0,0,0.000255731,0.000255731,0.000255731
422,2770.76,1.53881,2.79322,1.49195,1.41861,0,0,0,0.71027,0.65089,0.71433,0.51454,0.64223,0.57104,0.59245,0.32814,1.20078,2.36988,1.11015,1.29599,0,0,0,0.000254357,0.000254357,0.000254357
423,2777.24,1.56931,2.86875,1.50159,1.47736,0,0,0,0.68467,0.69492,0.7269,0.52726,0.61644,0.59439,0.6028,0.33136,1.21641,2.3784,1.11005,1.30123,0,0,0,0.000252982,0.000252982,0.000252982
424,2783.91,1.57096,2.78917,1.52656,1.48805,0,0,0,0.71826,0.64594,0.7253,0.52201,0.70118,0.55145,0.60038,0.33614,1.21174,2.38106,1.10547,1.29573,0,0,0,0.000251608,0.000251608,0.000251608
425,2790.45,1.57406,2.8221,1.45629,1.45624,0,0,0,0.7229,0.67239,0.72784,0.53351,0.68767,0.57836,0.60301,0.34607,1.20057,2.35572,1.09372,1.29446,0,0,0,0.000250233,0.000250233,0.000250233
426,2797.32,1.52695,2.83852,1.43215,1.43864,0,0,0,0.717,0.67057,0.72696,0.52905,0.66435,0.57679,0.59592,0.33791,1.19526,2.37327,1.09585,1.29074,0,0,0,0.000248859,0.000248859,0.000248859
427,2803.84,1.62486,2.92828,1.52783,1.45853,0,0,0,0.73739,0.67855,0.72851,0.5223,0.664,0.57161,0.59561,0.32919,1.19312,2.38646,1.1139,1.28962,0,0,0,0.000247484,0.000247484,0.000247484
428,2810.41,1.53647,2.78324,1.44263,1.43734,0,0,0,0.71335,0.7089,0.73373,0.52474,0.6197,0.60309,0.59287,0.33617,1.19534,2.38824,1.12444,1.29186,0,0,0,0.00024611,0.00024611,0.00024611
429,2816.92,1.55668,2.85924,1.4644,1.44864,0,0,0,0.73333,0.6955,0.73885,0.52888,0.6466,0.60888,0.60605,0.34848,1.19373,2.36069,1.10695,1.28611,0,0,0,0.000244735,0.000244735,0.000244735
430,2823.56,1.53498,2.73219,1.44323,1.42214,0,0,0,0.69355,0.71007,0.73416,0.51906,0.67946,0.5649,0.59486,0.33727,1.18027,2.34542,1.09587,1.28167,0,0,0,0.000243361,0.000243361,0.000243361
431,2830.08,1.61198,2.84331,1.43507,1.42746,0,0,0,0.71338,0.7167,0.74262,0.5366,0.65042,0.59812,0.60919,0.34375,1.19898,2.35498,1.10097,1.28562,0,0,0,0.000241986,0.000241986,0.000241986
432,2836.66,1.55945,2.79478,1.463,1.46033,0,0,0,0.74325,0.70285,0.74615,0.54361,0.68264,0.60271,0.61241,0.34731,1.18598,2.34465,1.08407,1.28446,0,0,0,0.000240612,0.000240612,0.000240612
433,2843.33,1.50684,2.85478,1.43917,1.43653,0,0,0,0.67663,0.72265,0.74063,0.53832,0.61432,0.6123,0.60798,0.34782,1.18716,2.36144,1.07984,1.28321,0,0,0,0.000239238,0.000239238,0.000239238
434,2849.81,1.5718,2.84726,1.48029,1.44534,0,0,0,0.67668,0.71232,0.73881,0.52735,0.61433,0.63042,0.60961,0.34813,1.19351,2.36204,1.08862,1.28374,0,0,0,0.000237863,0.000237863,0.000237863
435,2856.28,1.50535,2.76674,1.43794,1.4481,0,0,0,0.70323,0.70874,0.74466,0.53078,0.6747,0.58245,0.60632,0.34259,1.19962,2.36265,1.08212,1.28672,0,0,0,0.000236489,0.000236489,0.000236489
436,2862.81,1.54704,2.78245,1.46259,1.45483,0,0,0,0.70064,0.69934,0.74069,0.53802,0.71889,0.5611,0.59994,0.35098,1.1882,2.34979,1.08045,1.28434,0,0,0,0.000235114,0.000235114,0.000235114
437,2869.37,1.56566,2.75895,1.45761,1.50066,0,0,0,0.72628,0.69108,0.73818,0.53952,0.68842,0.58374,0.60523,0.35557,1.18163,2.34298,1.08203,1.2836,0,0,0,0.00023374,0.00023374,0.00023374
438,2876.11,1.58127,2.79902,1.45118,1.42645,0,0,0,0.7011,0.70606,0.73652,0.5402,0.62608,0.62435,0.60355,0.34485,1.19177,2.34131,1.08554,1.29366,0,0,0,0.000232365,0.000232365,0.000232365
439,2882.64,1.5428,2.80373,1.41854,1.48018,0,0,0,0.74378,0.66926,0.73206,0.5196,0.69277,0.56639,0.59966,0.3358,1.20376,2.36105,1.09216,1.29596,0,0,0,0.000230991,0.000230991,0.000230991
440,2889.09,1.52944,2.84379,1.43338,1.4566,0,0,0,0.73072,0.6719,0.7331,0.50449,0.59896,0.63505,0.59916,0.32972,1.22128,2.37238,1.10851,1.3002,0,0,0,0.000229616,0.000229616,0.000229616
441,2895.58,1.50263,2.73245,1.43656,1.44703,0,0,0,0.73049,0.67668,0.72938,0.52274,0.67968,0.58927,0.60467,0.34508,1.19834,2.35913,1.09013,1.28536,0,0,0,0.000228242,0.000228242,0.000228242
442,2902.11,1.47263,2.83213,1.47282,1.4409,0,0,0,0.71041,0.71089,0.72469,0.52333,0.62516,0.6232,0.60239,0.34848,1.19368,2.3554,1.08994,1.28559,0,0,0,0.000226868,0.000226868,0.000226868
443,2908.53,1.54781,2.78398,1.433,1.42748,0,0,0,0.70107,0.67857,0.7219,0.52383,0.60434,0.62832,0.60375,0.34457,1.18928,2.35799,1.09128,1.28261,0,0,0,0.000225493,0.000225493,0.000225493
444,2915.06,1.53636,2.84758,1.45743,1.47098,0,0,0,0.77543,0.63293,0.72406,0.53072,0.71506,0.55075,0.59945,0.35035,1.19031,2.35316,1.10352,1.28136,0,0,0,0.000224119,0.000224119,0.000224119
445,2921.51,1.50545,2.87112,1.42454,1.44152,0,0,0,0.72367,0.68209,0.7407,0.53412,0.72992,0.53434,0.60696,0.34726,1.15912,2.34396,1.09519,1.26981,0,0,0,0.000222744,0.000222744,0.000222744
446,2928.12,1.52434,2.79747,1.4466,1.46405,0,0,0,0.74789,0.67141,0.73482,0.54119,0.637,0.57933,0.59394,0.34827,1.16686,2.34327,1.08708,1.27597,0,0,0,0.00022137,0.00022137,0.00022137
447,2934.75,1.53279,2.81458,1.41337,1.40681,0,0,0,0.73487,0.68983,0.73781,0.53302,0.65513,0.6021,0.60649,0.34477,1.16054,2.3401,1.08664,1.26735,0,0,0,0.000219995,0.000219995,0.000219995
448,2941.24,1.62139,2.80251,1.461,1.44025,0,0,0,0.75037,0.68765,0.73586,0.53511,0.66896,0.60585,0.60404,0.35322,1.16323,2.33152,1.1082,1.26641,0,0,0,0.000218621,0.000218621,0.000218621
449,2947.68,1.53439,2.71722,1.42242,1.43442,0,0,0,0.71003,0.69398,0.73337,0.5349,0.63263,0.6084,0.60732,0.35552,1.1603,2.33002,1.09085,1.26684,0,0,0,0.000217246,0.000217246,0.000217246
450,2954.42,1.49606,2.76086,1.46064,1.4705,0,0,0,0.71295,0.70039,0.73735,0.53207,0.6309,0.61986,0.60528,0.35546,1.16975,2.33152,1.0777,1.27456,0,0,0,0.000215872,0.000215872,0.000215872
451,2960.99,1.51839,2.80767,1.37333,1.43322,0,0,0,0.75123,0.69256,0.74156,0.52358,0.67973,0.60405,0.60763,0.34975,1.19711,2.33004,1.07886,1.28789,0,0,0,0.000214497,0.000214497,0.000214497
452,2967.45,1.62155,2.83817,1.47254,1.44714,0,0,0,0.74899,0.70842,0.74925,0.5402,0.66684,0.62583,0.61727,0.36149,1.17446,2.31334,1.08293,1.27657,0,0,0,0.000213123,0.000213123,0.000213123
453,2973.82,1.54327,2.83322,1.47741,1.46676,0,0,0,0.75197,0.68231,0.74653,0.53121,0.67802,0.60936,0.61412,0.35302,1.17453,2.3033,1.08201,1.27742,0,0,0,0.000211749,0.000211749,0.000211749
454,2980.3,1.49979,2.84191,1.4217,1.44689,0,0,0,0.75422,0.6669,0.73787,0.53114,0.68076,0.59784,0.61768,0.35103,1.15196,2.29778,1.06224,1.26174,0,0,0,0.000210374,0.000210374,0.000210374
455,2986.86,1.4843,2.72478,1.38428,1.42378,0,0,0,0.70793,0.70665,0.74003,0.5325,0.64065,0.6147,0.60822,0.35497,1.14066,2.28938,1.06175,1.25462,0,0,0,0.000209,0.000209,0.000209
456,2993.48,1.52667,2.71992,1.39385,1.41728,0,0,0,0.71284,0.72213,0.73668,0.51827,0.62869,0.6156,0.59507,0.34296,1.14142,2.29156,1.07451,1.2547,0,0,0,0.000207625,0.000207625,0.000207625
457,2999.76,1.45605,2.79502,1.37348,1.40438,0,0,0,0.69718,0.70699,0.73436,0.52743,0.66569,0.57555,0.59725,0.35025,1.15537,2.30161,1.0806,1.25929,0,0,0,0.000206251,0.000206251,0.000206251
458,3006.22,1.47384,2.71291,1.36866,1.4255,0,0,0,0.71744,0.70149,0.73943,0.53082,0.65895,0.58927,0.60897,0.362,1.15979,2.30163,1.0641,1.26414,0,0,0,0.000204876,0.000204876,0.000204876
459,3012.73,1.52475,2.74263,1.39332,1.43846,0,0,0,0.71068,0.71203,0.74723,0.53359,0.68648,0.58602,0.62573,0.35857,1.16262,2.2969,1.06515,1.26656,0,0,0,0.000203502,0.000203502,0.000203502
460,3019.3,1.61685,2.84311,1.43001,1.4179,0,0,0,0.71072,0.72062,0.74622,0.54016,0.63622,0.64295,0.62812,0.3631,1.15367,2.28867,1.06359,1.26015,0,0,0,0.000202127,0.000202127,0.000202127
461,3026,1.51087,2.75603,1.36416,1.39074,0,0,0,0.75174,0.67586,0.74213,0.54542,0.73626,0.57228,0.62234,0.36304,1.1417,2.28081,1.0577,1.2539,0,0,0,0.000200753,0.000200753,0.000200753
462,3032.75,1.59869,2.84669,1.42825,1.42924,0,0,0,0.73651,0.68861,0.74504,0.54942,0.73701,0.57503,0.62396,0.3605,1.14806,2.28117,1.0593,1.25744,0,0,0,0.000199379,0.000199379,0.000199379
463,3039.18,1.52558,2.83205,1.42319,1.43749,0,0,0,0.74018,0.69414,0.74534,0.5404,0.65229,0.604,0.6137,0.3584,1.14433,2.28042,1.06423,1.2559,0,0,0,0.000198004,0.000198004,0.000198004
464,3045.64,1.45738,2.7815,1.41713,1.44243,0,0,0,0.73876,0.68608,0.74268,0.54086,0.69772,0.57111,0.61381,0.35958,1.13902,2.27904,1.067,1.24971,0,0,0,0.00019663,0.00019663,0.00019663
465,3052.03,1.57038,2.80229,1.47024,1.45356,0,0,0,0.76704,0.6735,0.74485,0.55785,0.6994,0.59739,0.62363,0.37551,1.13884,2.26685,1.06229,1.24746,0,0,0,0.000195255,0.000195255,0.000195255
466,3058.62,1.48729,2.81117,1.42189,1.42352,0,0,0,0.74769,0.68638,0.75266,0.54842,0.69819,0.62706,0.63665,0.37136,1.14312,2.26842,1.06202,1.2491,0,0,0,0.000193881,0.000193881,0.000193881
467,3065.01,1.52371,2.83024,1.453,1.46077,0,0,0,0.78158,0.63763,0.74775,0.54306,0.70871,0.60548,0.64384,0.37424,1.14536,2.2742,1.06958,1.25102,0,0,0,0.000192506,0.000192506,0.000192506
468,3071.64,1.5061,2.7577,1.40212,1.42716,0,0,0,0.73884,0.69724,0.7491,0.53898,0.69899,0.63765,0.64443,0.36639,1.13032,2.26021,1.06176,1.24681,0,0,0,0.000191132,0.000191132,0.000191132
469,3078.17,1.48379,2.73227,1.34834,1.41358,0,0,0,0.72457,0.72178,0.75143,0.5423,0.69599,0.60846,0.63191,0.36535,1.12785,2.26604,1.05248,1.2459,0,0,0,0.000189757,0.000189757,0.000189757
470,3084.63,1.4872,2.74209,1.36609,1.39485,0,0,0,0.78808,0.66903,0.75228,0.54141,0.70416,0.57763,0.61532,0.35705,1.13063,2.28085,1.03834,1.24754,0,0,0,0.000188383,0.000188383,0.000188383
471,3091.03,1.4914,2.72844,1.35623,1.41699,0,0,0,0.71504,0.73411,0.75406,0.54937,0.76709,0.55889,0.6328,0.3609,1.14082,2.27461,1.03292,1.25332,0,0,0,0.000187008,0.000187008,0.000187008
472,3097.38,1.56748,2.75943,1.43846,1.43099,0,0,0,0.72384,0.73781,0.75909,0.54472,0.74638,0.57421,0.62704,0.37181,1.12128,2.26394,1.03472,1.24024,0,0,0,0.000185634,0.000185634,0.000185634
473,3103.81,1.4193,2.64421,1.33354,1.37658,0,0,0,0.72581,0.69462,0.74883,0.54077,0.6979,0.59274,0.63933,0.37395,1.10839,2.2519,1.03636,1.23613,0,0,0,0.00018426,0.00018426,0.00018426
474,3110.48,1.40441,2.64705,1.33773,1.38608,0,0,0,0.76817,0.66718,0.75093,0.54397,0.76402,0.57482,0.63681,0.36765,1.11214,2.25111,1.04004,1.23716,0,0,0,0.000182885,0.000182885,0.000182885
475,3116.95,1.55116,2.82002,1.46012,1.45342,0,0,0,0.76146,0.68858,0.74649,0.54593,0.72581,0.57543,0.62332,0.36322,1.1175,2.2662,1.02943,1.24298,0,0,0,0.000181511,0.000181511,0.000181511
476,3123.25,1.46556,2.74928,1.36206,1.40406,0,0,0,0.73105,0.72982,0.74811,0.54947,0.62725,0.64057,0.62463,0.37066,1.1247,2.26368,1.02138,1.24359,0,0,0,0.000180136,0.000180136,0.000180136
477,3129.69,1.57717,2.77395,1.48003,1.44702,0,0,0,0.72173,0.71944,0.75078,0.53801,0.71523,0.58707,0.63527,0.37021,1.13104,2.25648,1.02725,1.2419,0,0,0,0.000178762,0.000178762,0.000178762
478,3136.07,1.53421,2.76285,1.4078,1.41079,0,0,0,0.75193,0.69431,0.75213,0.53745,0.72512,0.59588,0.63691,0.37362,1.1196,2.24917,1.02469,1.23449,0,0,0,0.000177387,0.000177387,0.000177387
479,3142.48,1.48314,2.71251,1.36042,1.37564,0,0,0,0.75827,0.704,0.75892,0.55377,0.71743,0.6098,0.64047,0.37839,1.12146,2.25869,1.03151,1.23485,0,0,0,0.000176013,0.000176013,0.000176013
480,3149.06,1.44944,2.69633,1.35774,1.42025,0,0,0,0.78431,0.68199,0.75196,0.54299,0.72541,0.59155,0.62424,0.35989,1.11322,2.26184,1.03088,1.2297,0,0,0,0.000174638,0.000174638,0.000174638
481,3155.56,1.51583,2.75429,1.37075,1.40766,0,0,0,0.80643,0.67158,0.75853,0.55389,0.73443,0.59444,0.63439,0.36718,1.11514,2.25288,1.03131,1.23178,0,0,0,0.000173264,0.000173264,0.000173264
482,3162.07,1.52078,2.70851,1.35414,1.37543,0,0,0,0.76104,0.69534,0.7569,0.55854,0.72073,0.58421,0.63057,0.37301,1.12062,2.25066,1.03318,1.23361,0,0,0,0.00017189,0.00017189,0.00017189
483,3168.59,1.42899,2.60993,1.29973,1.38767,0,0,0,0.79256,0.67282,0.75203,0.55196,0.71318,0.59841,0.63532,0.37903,1.12337,2.2478,1.04445,1.23476,0,0,0,0.000170515,0.000170515,0.000170515
484,3175.06,1.51646,2.80689,1.35906,1.40509,0,0,0,0.78378,0.68595,0.75082,0.55413,0.71345,0.60748,0.63197,0.3779,1.10913,2.24649,1.04402,1.22994,0,0,0,0.000169141,0.000169141,0.000169141
485,3181.6,1.50415,2.71784,1.38044,1.42056,0,0,0,0.73009,0.69472,0.74677,0.54045,0.69619,0.60194,0.6331,0.37549,1.11347,2.25005,1.03999,1.23388,0,0,0,0.000167766,0.000167766,0.000167766
486,3188.32,1.5465,2.79565,1.39633,1.43291,0,0,0,0.72545,0.71887,0.74799,0.54588,0.69161,0.61491,0.63492,0.37959,1.10793,2.22663,1.03631,1.23018,0,0,0,0.000166392,0.000166392,0.000166392
487,3194.76,1.55191,2.75394,1.39697,1.39429,0,0,0,0.75561,0.72057,0.75565,0.54789,0.69631,0.62601,0.63893,0.37457,1.11869,2.22544,1.03033,1.23439,0,0,0,0.000165017,0.000165017,0.000165017
488,3201.23,1.45159,2.69002,1.34642,1.39693,0,0,0,0.74741,0.72874,0.75734,0.54332,0.67595,0.63968,0.63114,0.36961,1.13118,2.24279,1.03028,1.23882,0,0,0,0.000163643,0.000163643,0.000163643
489,3207.67,1.45552,2.70372,1.33067,1.35567,0,0,0,0.75536,0.7303,0.75751,0.5462,0.66575,0.62308,0.62387,0.37003,1.12131,2.23469,1.0306,1.23409,0,0,0,0.000162268,0.000162268,0.000162268
490,3214.17,1.41468,2.67255,1.32871,1.38889,0,0,0,0.7604,0.72746,0.75566,0.54648,0.68084,0.63056,0.64011,0.37618,1.11435,2.23072,1.03112,1.22859,0,0,0,0.000160894,0.000160894,0.000160894
491,3220.62,1.50602,2.7784,1.39139,1.40963,0,0,0,0.72107,0.7213,0.73983,0.54499,0.69209,0.62378,0.639,0.37122,1.10253,2.22622,1.03754,1.22212,0,0,0,0.00015952,0.00015952,0.00015952
492,3227.22,1.44224,2.6594,1.36703,1.39725,0,0,0,0.72397,0.7253,0.7394,0.53593,0.64284,0.65847,0.62442,0.3702,1.10721,2.22949,1.03627,1.22199,0,0,0,0.000158145,0.000158145,0.000158145
493,3233.56,1.4395,2.69176,1.31452,1.3649,0,0,0,0.79335,0.67885,0.7528,0.54279,0.66775,0.64132,0.63458,0.37438,1.1062,2.21673,1.03078,1.22501,0,0,0,0.000156771,0.000156771,0.000156771
494,3240.08,1.4481,2.6792,1.37023,1.3642,0,0,0,0.79196,0.68656,0.75645,0.54577,0.70136,0.6127,0.6365,0.37921,1.10569,2.2164,1.02696,1.22697,0,0,0,0.000155396,0.000155396,0.000155396
495,3246.46,1.51064,2.71547,1.37235,1.4108,0,0,0,0.7864,0.69353,0.75122,0.54258,0.72192,0.59516,0.63115,0.37587,1.10043,2.21195,1.02374,1.22456,0,0,0,0.000154022,0.000154022,0.000154022
496,3252.81,1.40329,2.65723,1.32364,1.40174,0,0,0,0.7649,0.71259,0.75368,0.54684,0.67516,0.63224,0.6329,0.3838,1.09283,2.20946,1.02075,1.22071,0,0,0,0.000152647,0.000152647,0.000152647
497,3259.5,1.42167,2.69012,1.35167,1.38379,0,0,0,0.73956,0.72115,0.74218,0.5436,0.65954,0.63422,0.61868,0.36749,1.09464,2.21785,1.02287,1.21953,0,0,0,0.000151273,0.000151273,0.000151273
498,3265.89,1.43214,2.71214,1.32713,1.39899,0,0,0,0.73778,0.70784,0.73931,0.54114,0.66126,0.62927,0.62349,0.36891,1.09996,2.21843,1.0295,1.22123,0,0,0,0.000149898,0.000149898,0.000149898
499,3272.35,1.43346,2.73403,1.36726,1.39451,0,0,0,0.80762,0.66365,0.74845,0.5474,0.6408,0.66534,0.63564,0.3798,1.09884,2.21421,1.02861,1.22017,0,0,0,0.000148524,0.000148524,0.000148524
500,3278.83,1.44693,2.63523,1.30422,1.38476,0,0,0,0.74959,0.69943,0.75667,0.54572,0.67779,0.62877,0.64414,0.38989,1.09902,2.20615,1.02721,1.22246,0,0,0,0.000147149,0.000147149,0.000147149
501,3285.47,1.47024,2.70967,1.3504,1.37065,0,0,0,0.7599,0.68457,0.76242,0.55948,0.69441,0.60548,0.64186,0.3836,1.10846,2.2098,1.02163,1.22763,0,0,0,0.000145775,0.000145775,0.000145775
502,3292.09,1.44476,2.68131,1.32216,1.41325,0,0,0,0.73287,0.69792,0.75764,0.54549,0.66588,0.60783,0.64036,0.38164,1.10715,2.20774,1.01121,1.22893,0,0,0,0.000144401,0.000144401,0.000144401
503,3298.66,1.46251,2.67334,1.33118,1.38163,0,0,0,0.73792,0.70867,0.75315,0.54768,0.65988,0.62862,0.64098,0.38801,1.09915,2.20505,1.00223,1.22413,0,0,0,0.000143026,0.000143026,0.000143026
504,3305.08,1.46718,2.62101,1.36032,1.39457,0,0,0,0.78835,0.67073,0.75772,0.55883,0.70562,0.59207,0.63789,0.38925,1.09182,2.20069,1.00637,1.21852,0,0,0,0.000141652,0.000141652,0.000141652
505,3311.67,1.43629,2.60148,1.36318,1.40904,0,0,0,0.75966,0.72071,0.76416,0.55894,0.68393,0.62796,0.64424,0.3877,1.09663,2.19799,1.01094,1.22116,0,0,0,0.000140277,0.000140277,0.000140277
506,3318.77,1.44435,2.6489,1.35212,1.40454,0,0,0,0.73663,0.72042,0.76682,0.55036,0.65214,0.63178,0.64442,0.38487,1.09773,2.20021,1.0095,1.22424,0,0,0,0.000138903,0.000138903,0.000138903
507,3325.29,1.45924,2.71225,1.32511,1.39629,0,0,0,0.75917,0.71217,0.76225,0.55471,0.70866,0.59755,0.64195,0.38728,1.09758,2.20242,1.01347,1.22326,0,0,0,0.000137528,0.000137528,0.000137528
508,3331.67,1.45777,2.70628,1.3242,1.37348,0,0,0,0.78911,0.70576,0.76273,0.55062,0.73288,0.59393,0.63953,0.38479,1.1016,2.19771,1.02511,1.22189,0,0,0,0.000136154,0.000136154,0.000136154
509,3338.24,1.43423,2.65405,1.33081,1.39015,0,0,0,0.77633,0.7167,0.75865,0.55146,0.68775,0.63473,0.64057,0.39168,1.10078,2.18619,1.03101,1.2219,0,0,0,0.000134779,0.000134779,0.000134779
510,3344.65,1.41431,2.67532,1.28609,1.36988,0,0,0,0.76122,0.73105,0.75911,0.56672,0.68078,0.6485,0.6447,0.39066,1.09755,2.18085,1.01559,1.22079,0,0,0,0.000133405,0.000133405,0.000133405
511,3351.22,1.45763,2.71108,1.3667,1.4347,0,0,0,0.73824,0.72997,0.76319,0.57041,0.66141,0.65158,0.6534,0.39093,1.09538,2.18024,1.00847,1.21702,0,0,0,0.000132031,0.000132031,0.000132031
512,3357.84,1.50784,2.65984,1.3642,1.40441,0,0,0,0.755,0.71502,0.76784,0.56831,0.68972,0.63835,0.66408,0.38661,1.08806,2.17149,1.00869,1.21317,0,0,0,0.000130656,0.000130656,0.000130656
513,3364.26,1.41801,2.67401,1.33093,1.3871,0,0,0,0.79495,0.70264,0.76367,0.56955,0.71065,0.64035,0.65451,0.38403,1.08129,2.16948,1.00046,1.20956,0,0,0,0.000129282,0.000129282,0.000129282
514,3370.8,1.44651,2.7058,1.31698,1.35774,0,0,0,0.79322,0.6892,0.77332,0.57346,0.69795,0.62821,0.65563,0.38542,1.0763,2.16651,0.98999,1.20728,0,0,0,0.000127907,0.000127907,0.000127907
515,3377.24,1.48268,2.73428,1.34902,1.38683,0,0,0,0.79314,0.68728,0.77,0.57975,0.73876,0.59518,0.65407,0.39037,1.07338,2.16896,0.98606,1.20513,0,0,0,0.000126533,0.000126533,0.000126533
516,3383.86,1.46793,2.68189,1.32962,1.39566,0,0,0,0.81074,0.67701,0.76665,0.57276,0.73931,0.60071,0.6497,0.38607,1.0693,2.17135,0.99309,1.20372,0,0,0,0.000125158,0.000125158,0.000125158
517,3390.3,1.43881,2.67455,1.35547,1.39948,0,0,0,0.7641,0.70318,0.76669,0.57234,0.68083,0.636,0.64998,0.38435,1.06752,2.17449,1.00183,1.20396,0,0,0,0.000123784,0.000123784,0.000123784
518,3396.74,1.41196,2.63936,1.34562,1.39653,0,0,0,0.7942,0.69039,0.76483,0.56735,0.71248,0.61326,0.64547,0.38075,1.07125,2.18321,1.0047,1.20677,0,0,0,0.000122409,0.000122409,0.000122409
519,3403.29,1.43865,2.69452,1.32757,1.39458,0,0,0,0.79303,0.69654,0.76874,0.56605,0.71696,0.6289,0.66071,0.38184,1.07469,2.17722,0.99666,1.20714,0,0,0,0.000121035,0.000121035,0.000121035
520,3409.86,1.48816,2.66811,1.29399,1.36739,0,0,0,0.77504,0.70361,0.75164,0.55745,0.69846,0.64247,0.64759,0.37823,1.07,2.16595,0.99589,1.20543,0,0,0,0.00011966,0.00011966,0.00011966
521,3416.36,1.4004,2.64941,1.34007,1.38457,0,0,0,0.76367,0.7042,0.77258,0.57411,0.68003,0.62593,0.65233,0.39939,1.06879,2.16779,0.99613,1.20412,0,0,0,0.000118286,0.000118286,0.000118286
522,3422.96,1.43962,2.67138,1.32143,1.37099,0,0,0,0.80125,0.70565,0.77592,0.57078,0.73967,0.61601,0.66176,0.39998,1.06214,2.15757,1.00006,1.20098,0,0,0,0.000116912,0.000116912,0.000116912
523,3429.55,1.45541,2.69392,1.38454,1.39051,0,0,0,0.78167,0.71418,0.77211,0.57349,0.71216,0.6197,0.65313,0.39981,1.0684,2.162,1.00175,1.20046,0,0,0,0.000115537,0.000115537,0.000115537
524,3436.02,1.51498,2.74596,1.33454,1.37733,0,0,0,0.80903,0.68764,0.77199,0.57186,0.66112,0.64213,0.65214,0.4009,1.06136,2.15532,0.99474,1.19702,0,0,0,0.000114163,0.000114163,0.000114163
525,3442.5,1.49185,2.69471,1.33497,1.38651,0,0,0,0.7459,0.72179,0.77028,0.58233,0.67312,0.6553,0.65897,0.40049,1.06487,2.15433,0.99585,1.19666,0,0,0,0.000112788,0.000112788,0.000112788
526,3449.21,1.40065,2.66853,1.27752,1.31859,0,0,0,0.79464,0.69136,0.76718,0.57762,0.68629,0.63762,0.65735,0.39507,1.05563,2.14716,0.98774,1.19493,0,0,0,0.000111414,0.000111414,0.000111414
527,3455.6,1.46556,2.67158,1.338,1.37553,0,0,0,0.81766,0.68884,0.7606,0.57097,0.73016,0.61151,0.65006,0.38842,1.04796,2.13896,0.98111,1.19372,0,0,0,0.000110039,0.000110039,0.000110039
528,3462.19,1.41236,2.68208,1.31528,1.36149,0,0,0,0.82461,0.68589,0.75595,0.57414,0.74387,0.60564,0.65274,0.39814,1.04999,2.13772,0.97503,1.19293,0,0,0,0.000108665,0.000108665,0.000108665
529,3468.62,1.4596,2.65464,1.30223,1.36241,0,0,0,0.79573,0.67888,0.76588,0.58218,0.72751,0.61629,0.66464,0.41057,1.04941,2.14214,0.97,1.19197,0,0,0,0.00010729,0.00010729,0.00010729
530,3475.23,1.41268,2.65308,1.31858,1.36624,0,0,0,0.78264,0.69308,0.77079,0.57163,0.71463,0.61716,0.66401,0.40897,1.04566,2.1496,0.97182,1.19335,0,0,0,0.000105916,0.000105916,0.000105916
531,3481.69,1.44838,2.64637,1.35402,1.39519,0,0,0,0.76816,0.7215,0.76102,0.55926,0.6952,0.65279,0.66311,0.40029,1.04817,2.14977,0.97454,1.19505,0,0,0,0.000104542,0.000104542,0.000104542
532,3488.34,1.45475,2.69738,1.35679,1.39774,0,0,0,0.7723,0.71411,0.75902,0.55959,0.69839,0.64515,0.65964,0.3974,1.05211,2.14936,0.97408,1.19712,0,0,0,0.000103167,0.000103167,0.000103167
533,3494.84,1.39906,2.59575,1.27049,1.35872,0,0,0,0.74237,0.72861,0.75891,0.56197,0.66964,0.6522,0.64651,0.39338,1.05092,2.14743,0.97176,1.19393,0,0,0,0.000101793,0.000101793,0.000101793
534,3501.28,1.49008,2.72235,1.32719,1.37171,0,0,0,0.74611,0.69856,0.75807,0.56688,0.64594,0.66807,0.64871,0.39528,1.05154,2.14964,0.97796,1.19398,0,0,0,0.000100418,0.000100418,0.000100418
535,3507.8,1.48556,2.68206,1.38032,1.41389,0,0,0,0.76887,0.70197,0.75777,0.57239,0.69955,0.63805,0.65928,0.39853,1.0528,2.1469,0.98341,1.19347,0,0,0,9.90437e-05,9.90437e-05,9.90437e-05
536,3514.3,1.49835,2.7035,1.35033,1.36648,0,0,0,0.7762,0.71051,0.77095,0.58292,0.70421,0.64007,0.6635,0.39955,1.0571,2.14605,0.98138,1.19423,0,0,0,9.76692e-05,9.76692e-05,9.76692e-05
537,3520.77,1.50398,2.67022,1.34499,1.35049,0,0,0,0.81692,0.69081,0.76592,0.57643,0.7361,0.61223,0.64666,0.39308,1.05603,2.14394,0.97434,1.19381,0,0,0,9.62948e-05,9.62948e-05,9.62948e-05
538,3527.33,1.40256,2.61592,1.2843,1.36688,0,0,0,0.77763,0.7123,0.76798,0.58185,0.64662,0.67286,0.64722,0.3895,1.05363,2.15163,0.96959,1.19288,0,0,0,9.49203e-05,9.49203e-05,9.49203e-05
539,3533.81,1.38719,2.62899,1.30337,1.38427,0,0,0,0.76198,0.716,0.7679,0.57713,0.69712,0.64039,0.65106,0.38911,1.04861,2.14015,0.96683,1.19098,0,0,0,9.35459e-05,9.35459e-05,9.35459e-05
540,3540.28,1.42036,2.5762,1.29415,1.37261,0,0,0,0.76917,0.70813,0.76592,0.57917,0.72853,0.60069,0.64792,0.38713,1.04622,2.14004,0.96981,1.18933,0,0,0,9.21715e-05,9.21715e-05,9.21715e-05
541,3546.71,1.37064,2.56715,1.24725,1.34338,0,0,0,0.76885,0.7075,0.7644,0.57463,0.62393,0.671,0.6458,0.39646,1.04246,2.13699,0.97217,1.18825,0,0,0,9.0797e-05,9.0797e-05,9.0797e-05
542,3553.22,1.45281,2.67441,1.29542,1.34943,0,0,0,0.79286,0.69348,0.76774,0.58309,0.69356,0.6174,0.64766,0.39693,1.04576,2.13986,0.97757,1.18955,0,0,0,8.94226e-05,8.94226e-05,8.94226e-05
543,3559.77,1.44805,2.62647,1.32507,1.35955,0,0,0,0.78821,0.70455,0.76458,0.58177,0.72726,0.62544,0.66336,0.39797,1.04357,2.13665,0.9818,1.18873,0,0,0,8.80481e-05,8.80481e-05,8.80481e-05
544,3566.25,1.40099,2.66866,1.30614,1.38651,0,0,0,0.80273,0.70447,0.76398,0.58146,0.73135,0.62602,0.66493,0.40752,1.04681,2.1381,0.97942,1.19016,0,0,0,8.66736e-05,8.66736e-05,8.66736e-05
545,3572.8,1.42517,2.59546,1.25006,1.34596,0,0,0,0.78746,0.68377,0.76201,0.57485,0.76221,0.594,0.65644,0.40172,1.04628,2.13062,0.98034,1.18908,0,0,0,8.52992e-05,8.52992e-05,8.52992e-05
546,3579.11,1.41836,2.59109,1.31999,1.35331,0,0,0,0.77543,0.70789,0.76368,0.57772,0.75224,0.60325,0.66356,0.39656,1.03782,2.12057,0.97769,1.18594,0,0,0,8.39248e-05,8.39248e-05,8.39248e-05
547,3585.62,1.34247,2.6802,1.29534,1.37144,0,0,0,0.7424,0.72801,0.76606,0.5768,0.7988,0.56782,0.66028,0.39224,1.03282,2.12,0.97574,1.18418,0,0,0,8.25503e-05,8.25503e-05,8.25503e-05
548,3592.02,1.38728,2.67837,1.26181,1.34852,0,0,0,0.78217,0.6873,0.76305,0.57492,0.756,0.58999,0.64933,0.39339,1.02981,2.11932,0.97337,1.18299,0,0,0,8.11759e-05,8.11759e-05,8.11759e-05
549,3598.55,1.43468,2.65481,1.30859,1.35058,0,0,0,0.79617,0.68739,0.76635,0.57679,0.72423,0.60143,0.64583,0.38966,1.03379,2.12124,0.97001,1.18381,0,0,0,7.98014e-05,7.98014e-05,7.98014e-05
550,3604.94,1.41176,2.57749,1.3144,1.33838,0,0,0,0.83776,0.67967,0.76662,0.57618,0.75384,0.59681,0.64618,0.38883,1.03539,2.12258,0.97484,1.18372,0,0,0,7.84269e-05,7.84269e-05,7.84269e-05
551,3611.39,1.41263,2.55815,1.33109,1.36045,0,0,0,0.81719,0.69184,0.76505,0.58159,0.76176,0.59243,0.64451,0.39211,1.04138,2.12206,0.97451,1.18607,0,0,0,7.70525e-05,7.70525e-05,7.70525e-05
552,3617.88,1.31623,2.51763,1.22907,1.34287,0,0,0,0.7972,0.7084,0.7626,0.57298,0.67937,0.64428,0.65516,0.39621,1.04342,2.12501,0.96755,1.1883,0,0,0,7.5678e-05,7.5678e-05,7.5678e-05
553,3624.39,1.38017,2.65978,1.28568,1.36976,0,0,0,0.78005,0.72065,0.76713,0.58234,0.69328,0.65592,0.66458,0.39877,1.03792,2.12422,0.96149,1.18645,0,0,0,7.43036e-05,7.43036e-05,7.43036e-05
554,3630.87,1.37121,2.61084,1.27317,1.35792,0,0,0,0.82072,0.70285,0.77093,0.58289,0.73778,0.63184,0.66934,0.40059,1.03553,2.11961,0.96566,1.18393,0,0,0,7.29292e-05,7.29292e-05,7.29292e-05
555,3637.32,1.4087,2.66801,1.29165,1.36099,0,0,0,0.80786,0.70408,0.778,0.58929,0.72871,0.62075,0.66693,0.40874,1.03929,2.11719,0.97299,1.18417,0,0,0,7.15547e-05,7.15547e-05,7.15547e-05
556,3643.73,1.44563,2.57217,1.30408,1.34375,0,0,0,0.80872,0.70686,0.77533,0.58748,0.67991,0.6446,0.66446,0.41252,1.04274,2.11707,0.978,1.18537,0,0,0,7.01802e-05,7.01802e-05,7.01802e-05
557,3650.53,1.37014,2.61387,1.29639,1.36277,0,0,0,0.79686,0.70587,0.77817,0.58542,0.67228,0.65484,0.66295,0.41123,1.04708,2.11621,0.98245,1.18536,0,0,0,6.88058e-05,6.88058e-05,6.88058e-05
558,3657.17,1.42554,2.66166,1.2821,1.3579,0,0,0,0.79347,0.72206,0.76808,0.58049,0.68996,0.64763,0.65505,0.40228,1.03989,2.11837,0.97995,1.18387,0,0,0,6.74313e-05,6.74313e-05,6.74313e-05
559,3663.75,1.40834,2.57142,1.25762,1.3448,0,0,0,0.7976,0.71043,0.76913,0.58247,0.73599,0.61455,0.65813,0.40046,1.03443,2.1229,0.97176,1.1835,0,0,0,6.60569e-05,6.60569e-05,6.60569e-05
560,3670.31,1.4338,2.65564,1.27367,1.34414,0,0,0,0.77638,0.72449,0.76957,0.58298,0.76205,0.60971,0.66154,0.4089,1.03046,2.12032,0.9679,1.18103,0,0,0,6.46825e-05,6.46825e-05,6.46825e-05
561,3676.77,1.45179,2.75221,1.3219,1.36209,0,0,0,0.76693,0.72773,0.76734,0.57814,0.76408,0.6115,0.66158,0.40386,1.03157,2.11786,0.96431,1.17906,0,0,0,6.3308e-05,6.3308e-05,6.3308e-05
562,3683.18,1.39884,2.59853,1.26233,1.36464,0,0,0,0.76771,0.71836,0.76836,0.57706,0.76978,0.60124,0.65965,0.4016,1.03609,2.11708,0.96501,1.17921,0,0,0,6.19335e-05,6.19335e-05,6.19335e-05
563,3689.81,1.39743,2.60176,1.28114,1.33848,0,0,0,0.76712,0.73135,0.76508,0.57273,0.67783,0.65151,0.65467,0.40788,1.03598,2.1151,0.96176,1.17879,0,0,0,6.05591e-05,6.05591e-05,6.05591e-05
564,3696.3,1.40768,2.59509,1.27746,1.34126,0,0,0,0.75859,0.72969,0.76643,0.57394,0.67439,0.64654,0.65537,0.40701,1.03722,2.10895,0.96116,1.17884,0,0,0,5.91846e-05,5.91846e-05,5.91846e-05
565,3702.84,1.45733,2.67917,1.31265,1.37116,0,0,0,0.75224,0.73097,0.76934,0.57856,0.6808,0.64561,0.65533,0.40261,1.03864,2.1069,0.96285,1.17968,0,0,0,5.78102e-05,5.78102e-05,5.78102e-05
566,3709.26,1.41981,2.64761,1.31862,1.35636,0,0,0,0.76748,0.72322,0.76635,0.57639,0.69492,0.64294,0.66241,0.40477,1.03796,2.11087,0.96207,1.17916,0,0,0,5.64358e-05,5.64358e-05,5.64358e-05
567,3715.72,1.41199,2.63535,1.2968,1.37498,0,0,0,0.76421,0.72727,0.76477,0.57525,0.69726,0.6533,0.66265,0.40627,1.03464,2.11336,0.96015,1.17988,0,0,0,5.50613e-05,5.50613e-05,5.50613e-05
568,3722.23,1.41667,2.64686,1.28287,1.33477,0,0,0,0.76059,0.73243,0.76793,0.57819,0.74794,0.61486,0.66069,0.41133,1.03616,2.10832,0.95791,1.1816,0,0,0,5.36869e-05,5.36869e-05,5.36869e-05
569,3728.93,1.42722,2.65504,1.2911,1.34962,0,0,0,0.75162,0.73544,0.7707,0.58633,0.68714,0.67083,0.6648,0.40556,1.02816,2.10557,0.95706,1.17852,0,0,0,5.23124e-05,5.23124e-05,5.23124e-05
570,3735.41,1.44729,2.65406,1.31033,1.34713,0,0,0,0.76268,0.73028,0.76753,0.58586,0.70799,0.64622,0.66289,0.39936,1.0253,2.10512,0.95799,1.17715,0,0,0,5.09379e-05,5.09379e-05,5.09379e-05
571,3741.89,1.35944,2.4954,1.25575,1.34925,0,0,0,0.81806,0.70027,0.76697,0.58208,0.74496,0.62931,0.65442,0.39366,1.02525,2.1004,0.96595,1.17767,0,0,0,4.95635e-05,4.95635e-05,4.95635e-05
572,3748.38,1.37219,2.59588,1.25913,1.31243,0,0,0,0.76666,0.71777,0.76524,0.58177,0.72986,0.62033,0.65391,0.39379,1.02342,2.10276,0.96512,1.17673,0,0,0,4.81891e-05,4.81891e-05,4.81891e-05
573,3755.01,1.41799,2.62728,1.29379,1.32425,0,0,0,0.8207,0.69667,0.7665,0.57682,0.75437,0.62463,0.65678,0.39699,1.0232,2.10118,0.9609,1.17553,0,0,0,4.68146e-05,4.68146e-05,4.68146e-05
574,3761.44,1.4315,2.60439,1.30539,1.34395,0,0,0,0.78899,0.70164,0.76667,0.57834,0.75045,0.61506,0.65965,0.39874,1.0213,2.09966,0.95751,1.17395,0,0,0,4.54402e-05,4.54402e-05,4.54402e-05
575,3768.06,1.37807,2.56216,1.25836,1.3493,0,0,0,0.76518,0.72327,0.76576,0.57914,0.7431,0.61551,0.66149,0.39947,1.02166,2.09784,0.9563,1.17457,0,0,0,4.40657e-05,4.40657e-05,4.40657e-05
576,3774.59,1.42018,2.58439,1.26772,1.35239,0,0,0,0.76981,0.73668,0.76823,0.58027,0.73886,0.62862,0.66303,0.40205,1.02119,2.08735,0.954,1.17319,0,0,0,4.26912e-05,4.26912e-05,4.26912e-05
577,3781.02,1.44981,2.61759,1.27717,1.34845,0,0,0,0.75086,0.74168,0.7683,0.58594,0.74128,0.62372,0.6621,0.406,1.0204,2.08471,0.95677,1.17235,0,0,0,4.13168e-05,4.13168e-05,4.13168e-05
578,3787.59,1.38136,2.56727,1.24023,1.34837,0,0,0,0.78567,0.72088,0.77029,0.58618,0.72451,0.63959,0.66805,0.41245,1.0235,2.08621,0.95693,1.17424,0,0,0,3.99423e-05,3.99423e-05,3.99423e-05
579,3794.11,1.3124,2.48392,1.24873,1.3541,0,0,0,0.77126,0.73032,0.76892,0.58562,0.69684,0.65403,0.66449,0.40952,1.02423,2.08836,0.95811,1.17405,0,0,0,3.85679e-05,3.85679e-05,3.85679e-05
580,3800.71,1.40716,2.57279,1.27743,1.36098,0,0,0,0.74679,0.74202,0.76985,0.58877,0.73877,0.62858,0.66584,0.41027,1.02062,2.08351,0.96018,1.17186,0,0,0,3.71935e-05,3.71935e-05,3.71935e-05
581,3807.22,1.41782,2.59748,1.30615,1.34501,0,0,0,0.75493,0.72246,0.77797,0.59058,0.74736,0.61775,0.67157,0.41594,1.01921,2.08142,0.95998,1.17086,0,0,0,3.5819e-05,3.5819e-05,3.5819e-05
582,3813.82,1.30122,2.49491,1.22925,1.33178,0,0,0,0.80288,0.70448,0.77059,0.58584,0.76442,0.61482,0.6628,0.40539,1.01638,2.08554,0.95826,1.16992,0,0,0,3.44445e-05,3.44445e-05,3.44445e-05
583,3820.21,1.44558,2.65718,1.27708,1.34921,0,0,0,0.79573,0.70723,0.7712,0.58572,0.744,0.6357,0.67162,0.40742,1.01392,2.08625,0.95389,1.16936,0,0,0,3.30701e-05,3.30701e-05,3.30701e-05
584,3826.61,1.3517,2.52493,1.24045,1.34936,0,0,0,0.81207,0.70591,0.77195,0.5837,0.7492,0.64593,0.67205,0.4066,1.01433,2.08684,0.95388,1.16981,0,0,0,3.16956e-05,3.16956e-05,3.16956e-05
585,3832.96,1.39857,2.56582,1.2908,1.36435,0,0,0,0.80911,0.71682,0.77404,0.58124,0.75737,0.6353,0.67064,0.404,1.0161,2.08838,0.95485,1.17071,0,0,0,3.03212e-05,3.03212e-05,3.03212e-05
586,3839.52,1.32805,2.48982,1.26848,1.352,0,0,0,0.8085,0.71278,0.77317,0.58267,0.76188,0.6291,0.66996,0.41018,1.01782,2.08837,0.95605,1.17068,0,0,0,2.89468e-05,2.89468e-05,2.89468e-05
587,3845.97,1.37818,2.55877,1.2819,1.34674,0,0,0,0.78916,0.71549,0.77457,0.5811,0.75467,0.62022,0.67389,0.40857,1.0163,2.08627,0.95581,1.17129,0,0,0,2.75723e-05,2.75723e-05,2.75723e-05
588,3852.44,1.37376,2.63767,1.26501,1.35038,0,0,0,0.77638,0.7224,0.77634,0.57931,0.768,0.61762,0.6769,0.41125,1.01832,2.08609,0.95302,1.17211,0,0,0,2.61978e-05,2.61978e-05,2.61978e-05
589,3858.78,1.41231,2.66438,1.29994,1.36904,0,0,0,0.75552,0.73261,0.77501,0.58159,0.76148,0.6102,0.66391,0.40261,1.0167,2.08354,0.95272,1.17114,0,0,0,2.48234e-05,2.48234e-05,2.48234e-05
590,3865.09,1.35825,2.54347,1.26739,1.34654,0,0,0,0.74625,0.7491,0.77407,0.58331,0.67282,0.68031,0.67572,0.40522,1.01627,2.08231,0.95138,1.17072,0,0,0,2.34489e-05,2.34489e-05,2.34489e-05
591,3876.02,1.40234,2.60137,1.31748,1.35494,0,0,0,0.80311,0.70763,0.77177,0.57987,0.77553,0.6214,0.67168,0.40461,1.03026,2.09368,0.97451,1.17347,0,0,0,2.20745e-05,2.20745e-05,2.20745e-05
592,3881.93,1.37373,2.51238,1.27005,1.37068,0,0,0,0.79408,0.69506,0.76491,0.5756,0.76037,0.61019,0.66269,0.3949,1.05322,2.11644,1.00227,1.18173,0,0,0,2.07001e-05,2.07001e-05,2.07001e-05
593,3887.94,1.35686,2.54649,1.25749,1.3636,0,0,0,0.76179,0.71154,0.75763,0.57302,0.73369,0.62039,0.65832,0.39139,1.0664,2.14522,1.01771,1.18701,0,0,0,1.93256e-05,1.93256e-05,1.93256e-05
594,3893.77,1.32422,2.54515,1.24103,1.33571,0,0,0,0.75992,0.70988,0.75506,0.57007,0.68994,0.63706,0.6554,0.38869,1.07146,2.15662,1.01906,1.18929,0,0,0,1.79512e-05,1.79512e-05,1.79512e-05
595,3899.69,1.33063,2.49357,1.20635,1.33276,0,0,0,0.78461,0.69342,0.76249,0.57757,0.71652,0.6134,0.65645,0.39636,1.07576,2.16418,1.01697,1.19203,0,0,0,1.65767e-05,1.65767e-05,1.65767e-05
596,3905.67,1.31869,2.48048,1.21616,1.36453,0,0,0,0.78002,0.69346,0.75542,0.57112,0.74366,0.61667,0.65875,0.3893,1.07421,2.16208,1.00822,1.19162,0,0,0,1.52022e-05,1.52022e-05,1.52022e-05
597,3911.79,1.3096,2.45389,1.15602,1.30695,0,0,0,0.79671,0.68817,0.75993,0.56633,0.73401,0.61399,0.65704,0.3882,1.07351,2.15868,1.00372,1.19168,0,0,0,1.38278e-05,1.38278e-05,1.38278e-05
598,3918.13,1.30796,2.53607,1.21729,1.33175,0,0,0,0.80164,0.68731,0.76193,0.57227,0.73207,0.61516,0.65868,0.39247,1.07143,2.15351,0.99838,1.19085,0,0,0,1.24534e-05,1.24534e-05,1.24534e-05
599,3924.13,1.34932,2.46832,1.20161,1.31552,0,0,0,0.81037,0.6854,0.76192,0.57237,0.6713,0.65714,0.65938,0.39253,1.0706,2.1492,0.99485,1.19015,0,0,0,1.10789e-05,1.10789e-05,1.10789e-05
600,3930.05,1.34457,2.46546,1.20333,1.35116,0,0,0,0.79731,0.68751,0.7615,0.57367,0.67324,0.65533,0.65931,0.39274,1.07038,2.14838,0.99305,1.18984,0,0,0,9.70445e-06,9.70445e-06,9.70445e-06
