epoch,time,train/box_loss,train/seg_loss,train/cls_loss,train/dfl_loss,train/sem_loss,train/heat_loss,train/seed_loss,metrics/precision(B),metrics/recall(B),metrics/mAP50(B),metrics/mAP50-95(B),metrics/precision(M),metrics/recall(M),metrics/mAP50(M),metrics/mAP50-95(M),val/box_loss,val/seg_loss,val/cls_loss,val/dfl_loss,val/sem_loss,val/heat_loss,val/seed_loss,lr/pg0,lr/pg1,lr/pg2
1,23.3079,3.7311,8.06254,5.75513,4.21291,0.848,0.8499,0.84887,2e-05,0.09375,2e-05,1e-05,4e-05,0.0627,1e-05,0,3.65522,5.22671,5.02863,4.1584,0,0,0,0.00012495,0.00012495,0.00012495
2,40.7873,3.7474,6.67569,5.72937,4.19732,0.84419,0.84491,0.84387,6e-05,0.09475,2e-05,1e-05,7e-05,0.0639,1e-05,0,3.65711,5.2304,5.0188,4.15589,0,0,0,0.000257804,0.000257804,0.000257804
3,58.7448,3.86936,5.51342,5.66399,4.17717,0.83522,0.8383,0.83676,8e-05,0.09536,2e-05,1e-05,8e-05,0.06451,1e-05,0,3.65975,5.19784,4.97783,4.14744,0,0,0,0.000390218,0.000390218,0.000390218
4,76.6358,3.7125,5.068,5.56495,4.14577,0.82305,0.8299,0.82811,9e-05,0.00863,0,0,8e-05,0.00361,0,0,3.65863,5.02255,4.84432,4.12821,0,0,0,0.000522192,0.000522192,0.000522192
5,94.1323,3.75664,4.66103,5.51025,4.11315,0.8087,0.81869,0.81522,7e-05,0.00221,0,0,9e-05,0.00259,0,0,3.64744,4.47886,4.76722,4.08384,0,0,0,0.000653727,0.000653727,0.000653727
6,111.484,3.72439,4.39091,5.49836,4.06072,0.79382,0.80367,0.7981,8e-05,0.00522,1e-05,0,2e-05,0.0014,0,0,3.6315,4.69846,4.73951,4.0631,0,0,0,0.000784821,0.000784821,0.000784821
7,128.915,3.71791,4.4811,5.41438,4.0278,0.77997,0.79084,0.78438,7e-05,0.00783,2e-05,0,5e-05,0.00562,0,0,3.63533,4.49108,4.89453,4.12536,0,0,0,0.000824753,0.000824753,0.000824753
8,146.643,3.75591,4.42048,5.44355,3.95422,0.76668,0.77788,0.77116,6e-05,0.00762,2e-05,0,6e-05,0.00702,1e-05,0,3.68487,4.4451,5.61805,4.13895,0,0,0,0.000823379,0.000823379,0.000823379
9,164.216,3.62208,4.38682,5.33614,3.88248,0.75166,0.76097,0.75412,0.0001,0.0122,4e-05,1e-05,8e-05,0.00502,3e-05,1e-05,3.65533,4.46817,4.75252,3.84548,0,0,0,0.000822004,0.000822004,0.000822004
10,182.823,3.60794,4.44432,5.14581,3.8067,0.73735,0.74539,0.73907,0.00014,0.0132,1e-05,0,0.7501,0.0002,1e-05,0,3.65546,41.2644,inf,5.82298,0,0,0,0.00082063,0.00082063,0.00082063
11,200.21,3.56676,4.42265,5.1568,3.74678,0.72381,0.73253,0.72592,0.00019,0.01862,1e-05,0,8e-05,0.00602,0,0,nan,nan,nan,nan,0,0,0,0.000819255,0.000819255,0.000819255
12,217.749,3.4398,4.41073,5.02815,3.66119,0.70935,0.71828,0.71259,0.00021,0.04329,3e-05,1e-05,0.00013,0.03747,2e-05,0,3.58988,4.74087,6.15925,3.84741,0,0,0,0.000817881,0.000817881,0.000817881
13,235.495,3.39492,4.33868,4.94377,3.56416,0.6968,0.7044,0.69995,0.0004,0.09354,8e-05,3e-05,0.00028,0.05788,4e-05,1e-05,3.36151,4.35664,4.48111,3.58775,0,0,0,0.000816507,0.000816507,0.000816507
14,253.059,3.39441,4.44143,4.99028,3.47671,0.68312,0.69021,0.68593,0.00055,0.13041,0.00016,4e-05,0.00034,0.11098,0.00013,3e-05,3.27442,4.36543,4.36915,3.52535,0,0,0,0.000815132,0.000815132,0.000815132
15,270.764,3.30011,4.34364,5.00257,3.45733,0.66891,0.67546,0.67134,0.00046,0.09836,0.00011,3e-05,0.00039,0.08937,0.00011,2e-05,3.24137,4.33249,4.37694,3.45156,0,0,0,0.000813758,0.000813758,0.000813758
16,288.092,3.20678,4.36309,4.90084,3.4094,0.6561,0.66282,0.65887,0.00052,0.04087,0.00015,4e-05,0.00047,0.06031,0.00021,4e-05,3.17826,4.3035,4.23132,3.36836,0,0,0,0.000812383,0.000812383,0.000812383
17,305.806,3.13369,4.32684,4.78558,3.36951,0.64344,0.64942,0.64582,0.00047,0.02944,0.00011,3e-05,0.00044,0.05327,0.00012,2e-05,3.1162,4.31469,4.28141,3.29638,0,0,0,0.000811009,0.000811009,0.000811009
18,323.356,3.05004,4.2557,4.76164,3.30903,0.63248,0.63759,0.63455,0.00048,0.04488,0.00019,4e-05,0.87656,0.00161,0.00077,0.0001,3.06874,4.30329,4.33649,3.26917,0,0,0,0.000809634,0.000809634,0.000809634
19,341.06,3.13442,4.37805,4.78976,3.26958,0.62208,0.62639,0.62386,0.00061,0.05933,0.00038,0.0001,0.00061,0.07917,0.00036,6e-05,3.01314,4.29384,4.20683,3.25517,0,0,0,0.00080826,0.00080826,0.00080826
20,358.712,3.02569,4.30798,4.82009,3.30184,0.61385,0.6179,0.61569,0.62687,0.01104,0.00113,0.00026,0.00092,0.03822,0.00084,0.00016,3.00075,4.27359,4.07646,3.18789,0,0,0,0.000806885,0.000806885,0.000806885
21,376.51,3.03938,4.23063,4.67498,3.1865,0.6047,0.60884,0.60684,0.62654,0.00659,0.00038,0.0001,0.75225,0.00458,0.00024,5e-05,2.99151,4.22837,4.19949,3.13367,0,0,0,0.000805511,0.000805511,0.000805511
22,393.977,3.04452,4.24081,4.66001,3.15424,0.59773,0.60122,0.59972,0.62692,0.01297,0.00044,0.0001,0.62619,0.0106,0.0002,3e-05,2.94463,4.21651,4.08116,3.11307,0,0,0,0.000804137,0.000804137,0.000804137
23,411.405,2.97341,4.26009,4.68465,3.11183,0.59059,0.59406,0.59308,0.87926,0.00181,0.00081,0.00016,0.00065,0.04367,0.00048,8e-05,2.9361,4.21703,3.98068,3.07534,0,0,0,0.000802762,0.000802762,0.000802762
24,428.788,2.91819,4.24784,4.60039,3.13407,0.58548,0.58912,0.58799,0.75803,0.00482,0.00147,0.00029,0.75866,0.00502,0.00133,0.00022,2.88429,4.23748,3.99668,3.0364,0,0,0,0.000801388,0.000801388,0.000801388
25,446.629,2.92832,4.26291,4.55308,3.13092,0.58034,0.58268,0.58203,0.75649,0.0064,0.00138,0.00033,0.75729,0.00741,0.0012,0.00022,2.90366,4.24182,3.97698,3.05243,0,0,0,0.000800013,0.000800013,0.000800013
26,464.391,2.90776,4.27884,4.55937,3.11011,0.57608,0.57705,0.57688,0.75829,0.00996,0.00358,0.00072,0.75691,0.00759,0.00109,0.00021,2.95575,4.21914,3.98977,3.04297,0,0,0,0.000798639,0.000798639,0.000798639
27,482.347,2.92066,4.2677,4.43762,3.02718,0.57167,0.57271,0.57255,0.75742,0.01522,0.00357,0.00072,0.75737,0.0121,0.00204,0.00033,2.89653,4.18315,4.04542,3.01671,0,0,0,0.000797264,0.000797264,0.000797264
28,500.169,2.91768,4.30643,4.46566,3.08944,0.56794,0.56827,0.56842,0.64214,0.01073,0.00192,0.00041,0.63309,0.00719,0.00121,0.00025,3.00241,4.18404,4.06237,3.08398,0,0,0,0.00079589,0.00079589,0.00079589
29,517.649,2.90869,4.17544,4.46897,3.00779,0.56335,0.56409,0.56426,0.6332,0.00841,0.00148,0.00033,0.63391,0.01377,0.00346,0.00048,2.9111,4.14819,4.06334,3.01931,0,0,0,0.000794515,0.000794515,0.000794515
30,535.003,2.81728,4.14686,4.44679,2.99059,0.56145,0.56097,0.56124,0.64474,0.00717,0.00182,0.00047,0.64474,0.00717,0.00172,0.00033,2.85947,4.13259,3.87314,2.97321,0,0,0,0.000793141,0.000793141,0.000793141
31,552.424,2.86481,4.09684,4.43389,2.98277,0.55788,0.55825,0.55865,0.63574,0.01496,0.00299,0.00074,0.62646,0.06495,0.00636,0.00121,2.83215,4.11398,4.20365,2.91995,0,0,0,0.000791767,0.000791767,0.000791767
32,569.977,2.84764,4.17103,4.4357,2.96618,0.55616,0.55543,0.55598,0.63881,0.00426,0.0039,0.00142,0.00135,0.13076,0.00157,0.00027,2.82093,4.12606,3.95548,2.94484,0,0,0,0.000790392,0.000790392,0.000790392
33,587.287,2.72662,4.16214,4.36276,2.97709,0.55401,0.55239,0.5531,0.76039,0.01374,0.00355,0.00097,0.7587,0.01161,0.00373,0.00066,2.82102,4.1315,3.83041,2.92718,0,0,0,0.000789018,0.000789018,0.000789018
34,604.803,2.90335,4.06259,4.26639,2.92304,0.55144,0.54931,0.55017,0.65582,0.01567,0.00442,0.00123,0.65721,0.015,0.00302,0.00069,2.81196,4.10164,3.80019,2.89144,0,0,0,0.000787643,0.000787643,0.000787643
35,622.195,2.75316,4.12908,4.24724,2.89544,0.54972,0.54728,0.54819,0.64834,0.01591,0.00442,0.00125,0.63402,0.00888,0.002,0.00042,2.78264,4.11678,3.78012,2.90774,0,0,0,0.000786269,0.000786269,0.000786269
36,639.753,2.79216,4.15533,4.13046,2.86029,0.54773,0.54486,0.54573,0.64049,0.02516,0.00357,0.00096,0.63415,0.01708,0.00181,0.00041,2.75711,4.09886,3.80298,2.85066,0,0,0,0.000784894,0.000784894,0.000784894
37,657.187,2.77182,4.13236,4.24271,2.87603,0.54574,0.54239,0.54336,0.01164,0.13057,0.01701,0.00541,0.63448,0.01522,0.00609,0.00152,2.76646,4.08387,3.7424,2.85304,0,0,0,0.00078352,0.00078352,0.00078352
38,674.957,2.76666,4.1886,4.17256,2.85422,0.54325,0.54049,0.54142,0.66637,0.01646,0.00779,0.0021,0.64986,0.01258,0.00506,0.00079,2.75014,4.06873,3.73813,2.83996,0,0,0,0.000782145,0.000782145,0.000782145
39,692.302,2.7639,4.12648,4.32434,2.88762,0.54165,0.53894,0.54004,0.66324,0.01147,0.00665,0.00159,0.63453,0.01286,0.00321,0.0008,2.78309,4.06464,3.70397,2.86744,0,0,0,0.000780771,0.000780771,0.000780771
40,709.831,2.77933,4.05428,4.11721,2.88407,0.54215,0.53782,0.53928,0.51547,0.01561,0.00532,0.00146,0.51205,0.01376,0.00319,0.0007,2.72613,4.03284,3.66748,2.82456,0,0,0,0.000779396,0.000779396,0.000779396
41,727.13,2.70144,4.04858,4.21185,2.85207,0.54002,0.53632,0.53755,0.51201,0.06478,0.00726,0.00227,0.51618,0.02226,0.00471,0.00104,2.69677,4.02845,3.62909,2.78898,0,0,0,0.000778022,0.000778022,0.000778022
42,744.77,2.7273,4.08448,4.11765,2.80104,0.53825,0.53489,0.53612,0.40065,0.02627,0.00488,0.0014,0.38991,0.0185,0.00244,0.00062,2.75382,4.04944,3.87026,2.80004,0,0,0,0.000776648,0.000776648,0.000776648
43,762.364,2.674,4.07854,4.20491,2.79422,0.53801,0.53416,0.53545,0.39171,0.0217,0.00481,0.00138,0.38454,0.01376,0.00251,0.00059,2.68662,4.02968,3.78641,2.77459,0,0,0,0.000775273,0.000775273,0.000775273
44,779.861,2.73083,4.09057,4.1767,2.81018,0.53612,0.53259,0.53388,0.63931,0.03109,0.00657,0.00237,0.63768,0.02724,0.00519,0.00115,2.68648,4.01498,3.82095,2.78807,0,0,0,0.000773899,0.000773899,0.000773899
45,797.197,2.67037,4.02156,4.17276,2.82152,0.5363,0.5318,0.53339,0.64944,0.02264,0.01062,0.00311,0.64564,0.01259,0.00502,0.00124,2.65634,4.00934,3.5402,2.76723,0,0,0,0.000772524,0.000772524,0.000772524
46,814.431,2.65903,4.0114,4.12477,2.76593,0.53395,0.52981,0.5316,0.7688,0.01648,0.01375,0.00455,0.76653,0.01372,0.00785,0.0018,2.70261,3.97215,3.62319,2.7963,0,0,0,0.00077115,0.00077115,0.00077115
47,831.813,2.67921,3.98598,4.05973,2.76965,0.53301,0.52912,0.53062,0.53757,0.03002,0.01365,0.00373,0.5182,0.02236,0.00674,0.00142,2.67868,3.9718,3.61791,2.7499,0,0,0,0.000769775,0.000769775,0.000769775
48,849.31,2.65393,4.05177,4.01171,2.7677,0.53215,0.52769,0.52933,0.53977,0.03795,0.01384,0.00449,0.52187,0.02365,0.00795,0.00168,2.63963,3.95152,3.62656,2.73624,0,0,0,0.000768401,0.000768401,0.000768401
49,866.662,2.65195,3.97741,4.10596,2.77786,0.53182,0.52691,0.52839,0.65662,0.0239,0.01139,0.00391,0.64582,0.01368,0.00583,0.00159,2.6367,3.9687,3.57442,2.74534,0,0,0,0.000767026,0.000767026,0.000767026
50,884.067,2.63757,4.06617,4.01804,2.78779,0.53129,0.52607,0.5277,0.04621,0.22241,0.01454,0.0032,0.64729,0.02494,0.00621,0.00167,2.60162,3.95547,3.61058,2.69949,0,0,0,0.000765652,0.000765652,0.000765652
51,901.717,2.70803,4.01079,3.98732,2.74294,0.52939,0.52498,0.5264,0.51936,0.02883,0.0092,0.00231,0.51487,0.01905,0.00837,0.00243,2.64272,3.97697,3.74275,2.7258,0,0,0,0.000764278,0.000764278,0.000764278
52,919.149,2.60782,4.06043,4.01213,2.78113,0.52844,0.5239,0.52566,0.40505,0.02809,0.01666,0.00411,0.39483,0.01766,0.00704,0.00191,2.59084,3.94382,3.46428,2.69822,0,0,0,0.000762903,0.000762903,0.000762903
53,936.43,2.66521,4.03688,3.97976,2.77554,0.52804,0.5236,0.52521,0.64891,0.02594,0.00972,0.00296,0.64739,0.02242,0.00754,0.00178,2.58104,3.96174,3.49463,2.7134,0,0,0,0.000761529,0.000761529,0.000761529
54,953.835,2.6821,3.96098,3.93684,2.69414,0.52762,0.52275,0.52428,0.64656,0.02856,0.01024,0.00309,0.64314,0.02343,0.00721,0.00204,2.57405,3.93909,3.4206,2.68538,0,0,0,0.000760154,0.000760154,0.000760154
55,971.277,2.57514,4.07673,3.94531,2.76487,0.5265,0.52211,0.52354,0.52664,0.04205,0.01292,0.00335,0.51459,0.02021,0.00879,0.00187,2.58539,3.9097,3.59351,2.67327,0,0,0,0.00075878,0.00075878,0.00075878
56,988.808,2.61335,4.00733,3.9193,2.70037,0.52596,0.5216,0.52334,0.66654,0.03325,0.01961,0.00597,0.65315,0.02337,0.01124,0.00294,2.54808,3.89979,3.39623,2.66423,0,0,0,0.000757405,0.000757405,0.000757405
57,1006.32,2.55358,3.98505,3.88135,2.70685,0.5246,0.52008,0.52196,0.6611,0.03748,0.02251,0.00625,0.64886,0.02317,0.01072,0.00279,2.53869,3.8999,3.42094,2.66919,0,0,0,0.000756031,0.000756031,0.000756031
58,1023.92,2.5863,3.95255,3.84629,2.68759,0.52527,0.52006,0.52172,0.67093,0.03278,0.02172,0.00598,0.65985,0.02412,0.01318,0.00355,2.55646,3.9068,3.35433,2.63824,0,0,0,0.000754656,0.000754656,0.000754656
59,1041.63,2.59189,3.88292,3.82637,2.65978,0.52172,0.51806,0.51987,0.67749,0.03351,0.02195,0.00657,0.65485,0.02677,0.00965,0.00249,2.54946,3.85333,3.37994,2.66184,0,0,0,0.000753282,0.000753282,0.000753282
60,1059.12,2.62625,3.87053,3.78795,2.6249,0.52359,0.51888,0.52058,0.54416,0.03534,0.02538,0.00731,0.52174,0.02396,0.0093,0.00228,2.54601,3.8769,3.37584,2.65871,0,0,0,0.000751907,0.000751907,0.000751907
61,1076.66,2.62302,3.88864,3.75816,2.65692,0.52175,0.51758,0.51928,0.55268,0.03883,0.03478,0.0113,0.52767,0.02337,0.01446,0.00385,2.51448,3.86457,3.24742,2.61942,0,0,0,0.000750533,0.000750533,0.000750533
62,1094.15,2.56336,3.90473,3.73593,2.63791,0.52143,0.51706,0.51888,0.537,0.04359,0.02458,0.00883,0.52606,0.03222,0.01485,0.00352,2.50568,3.88152,3.28192,2.6228,0,0,0,0.000749159,0.000749159,0.000749159
63,1111.47,2.54347,3.92718,3.7626,2.64479,0.52135,0.51663,0.51847,0.5355,0.03782,0.02948,0.01125,0.52782,0.02547,0.01271,0.0033,2.51609,3.87603,3.30153,2.6378,0,0,0,0.000747784,0.000747784,0.000747784
64,1128.88,2.56068,3.95322,3.77379,2.6378,0.52146,0.51691,0.51846,0.66655,0.04165,0.02716,0.00976,0.64496,0.04223,0.01359,0.00294,2.4903,3.83404,3.33029,2.61355,0,0,0,0.00074641,0.00074641,0.00074641
65,1146.42,2.53951,3.99776,3.65143,2.59139,0.51909,0.5158,0.51741,0.55675,0.06198,0.03452,0.01205,0.53012,0.04825,0.01376,0.00317,2.49133,3.84339,3.31108,2.58234,0,0,0,0.000745035,0.000745035,0.000745035
66,1164.25,2.54971,3.90527,3.64797,2.63084,0.51956,0.51526,0.51718,0.54735,0.072,0.03357,0.01218,0.53373,0.05466,0.01597,0.00472,2.46207,3.83784,3.28797,2.56769,0,0,0,0.000743661,0.000743661,0.000743661
67,1181.86,2.56046,3.96086,3.66881,2.60337,0.51785,0.51469,0.51652,0.54133,0.06224,0.04002,0.01341,0.53811,0.03734,0.01751,0.00467,2.47581,3.82152,3.24759,2.57025,0,0,0,0.000742286,0.000742286,0.000742286
68,1199.55,2.52224,3.92008,3.63697,2.61992,0.51753,0.51375,0.51571,0.47925,0.07625,0.03689,0.01368,0.42467,0.04538,0.0168,0.00422,2.46499,3.80297,3.23693,2.55396,0,0,0,0.000740912,0.000740912,0.000740912
69,1216.97,2.53729,3.86452,3.68441,2.60624,0.51841,0.51395,0.51583,0.49107,0.05817,0.03625,0.01312,0.41449,0.04654,0.01462,0.00385,2.46337,3.80492,3.18707,2.59036,0,0,0,0.000739537,0.000739537,0.000739537
70,1234.37,2.48618,3.80206,3.64323,2.5835,0.51567,0.51287,0.51436,0.48293,0.08664,0.06175,0.02654,0.40033,0.04894,0.01794,0.00402,2.45859,3.81882,3.17767,2.58399,0,0,0,0.000738163,0.000738163,0.000738163
71,1252.07,2.50211,3.87867,3.60736,2.58386,0.51597,0.51293,0.51448,0.469,0.08525,0.05646,0.02444,0.40364,0.04444,0.02235,0.00606,2.45216,3.79919,3.13342,2.55584,0,0,0,0.000736788,0.000736788,0.000736788
72,1269.33,2.52727,3.89002,3.55078,2.5574,0.51666,0.51314,0.51457,0.50356,0.09444,0.0659,0.02553,0.55506,0.05053,0.02235,0.00603,2.42433,3.80111,3.10454,2.54803,0,0,0,0.000735414,0.000735414,0.000735414
73,1287.09,2.51418,3.87935,3.56268,2.55935,0.51409,0.51191,0.51315,0.41163,0.10844,0.07025,0.0298,0.43262,0.04582,0.02391,0.00676,2.39911,3.76943,3.02713,2.51623,0,0,0,0.00073404,0.00073404,0.00073404
74,1304.7,2.44342,3.83318,3.56114,2.52898,0.51528,0.51186,0.51358,0.52807,0.07689,0.08819,0.0389,0.43689,0.04294,0.03103,0.00787,2.39414,3.74966,3.08487,2.52656,0,0,0,0.000732665,0.000732665,0.000732665
75,1322.33,2.46764,3.80825,3.50578,2.51112,0.51355,0.51057,0.51237,0.58356,0.09129,0.07038,0.02907,0.56042,0.06047,0.03373,0.00902,2.41398,3.73442,3.0303,2.52835,0,0,0,0.000731291,0.000731291,0.000731291
76,1339.8,2.50039,3.91107,3.61022,2.61514,0.51627,0.51154,0.51315,0.49034,0.12386,0.07301,0.03122,0.53888,0.05514,0.03328,0.00857,2.44098,3.76981,3.165,2.53303,0,0,0,0.000729916,0.000729916,0.000729916
77,1357.3,2.41814,3.83722,3.46598,2.54251,0.51315,0.51035,0.5121,0.50987,0.13902,0.08446,0.0354,0.34282,0.08952,0.03982,0.01117,2.38914,3.7734,3.10442,2.47729,0,0,0,0.000728542,0.000728542,0.000728542
78,1374.76,2.48309,3.78009,3.45527,2.49502,0.51209,0.50986,0.51125,0.38405,0.12005,0.09437,0.03862,0.18406,0.07926,0.03908,0.01057,2.38743,3.75365,3.03964,2.49559,0,0,0,0.000727167,0.000727167,0.000727167
79,1392.38,2.41653,3.82419,3.40094,2.51112,0.51002,0.50916,0.51037,0.3079,0.0995,0.0779,0.02854,0.17684,0.04582,0.03567,0.01002,2.39743,3.73276,3.01278,2.49923,0,0,0,0.000725793,0.000725793,0.000725793
80,1409.82,2.52626,3.85967,3.46137,2.52741,0.51149,0.50915,0.51059,0.3992,0.11485,0.08799,0.03444,0.29758,0.06269,0.03626,0.01037,2.41363,3.72675,2.98078,2.49727,0,0,0,0.000724418,0.000724418,0.000724418
81,1427.17,2.42676,3.7706,3.43366,2.48031,0.51131,0.50911,0.51053,0.34661,0.13112,0.10098,0.04074,0.32893,0.07664,0.03868,0.01152,2.38823,3.70897,2.98268,2.47508,0,0,0,0.000723044,0.000723044,0.000723044
82,1444.86,2.47115,3.83363,3.42364,2.51902,0.51043,0.50852,0.5098,0.54929,0.09295,0.09291,0.03805,0.47496,0.06112,0.03627,0.01089,2.37399,3.72645,2.99081,2.49037,0,0,0,0.00072167,0.00072167,0.00072167
83,1462.25,2.4402,3.82637,3.45828,2.53795,0.50985,0.50815,0.50911,0.43448,0.1495,0.0949,0.03954,0.31439,0.0917,0.04069,0.01317,2.38407,3.70025,2.96287,2.47656,0,0,0,0.000720295,0.000720295,0.000720295
84,1479.88,2.48002,3.77404,3.37282,2.44249,0.50967,0.50719,0.50855,0.45519,0.12618,0.10784,0.04343,0.24202,0.09357,0.04934,0.01313,2.36275,3.68502,2.95592,2.45888,0,0,0,0.000718921,0.000718921,0.000718921
85,1497.68,2.4233,3.79985,3.33171,2.46796,0.50911,0.50729,0.50862,0.54315,0.18147,0.13668,0.05099,0.35747,0.10767,0.0567,0.01757,2.35616,3.69707,3.09783,2.44933,0,0,0,0.000717546,0.000717546,0.000717546
86,1515.41,2.44475,3.80655,3.3971,2.46344,0.50883,0.50697,0.50805,0.36134,0.14347,0.10862,0.04274,0.20171,0.08447,0.05299,0.01619,2.37721,3.67917,2.92038,2.4736,0,0,0,0.000716172,0.000716172,0.000716172
87,1532.84,2.43908,3.83442,3.32744,2.47901,0.50801,0.50632,0.5076,0.33274,0.15348,0.12407,0.04953,0.198,0.11352,0.052,0.01606,2.32585,3.67839,2.85988,2.44091,0,0,0,0.000714797,0.000714797,0.000714797
88,1550.1,2.37989,3.73305,3.3882,2.47887,0.50779,0.50611,0.50762,0.31983,0.17271,0.11936,0.0526,0.18663,0.11182,0.06331,0.01902,2.31238,3.68802,2.85453,2.44219,0,0,0,0.000713423,0.000713423,0.000713423
89,1567.91,2.43232,3.83921,3.3636,2.48524,0.50746,0.50572,0.50687,0.32057,0.14963,0.11778,0.04631,0.18056,0.07745,0.0456,0.01342,2.36794,3.6828,2.99498,2.44464,0,0,0,0.000712048,0.000712048,0.000712048
90,1585.31,2.37449,3.74816,3.32786,2.4663,0.50747,0.50563,0.50695,0.48356,0.16389,0.14922,0.06473,0.32349,0.10619,0.05408,0.01651,2.28137,3.65042,2.84499,2.39332,0,0,0,0.000710674,0.000710674,0.000710674
91,1603.02,2.41312,3.75651,3.26585,2.44758,0.50678,0.50521,0.50663,0.38678,0.14067,0.13855,0.05951,0.1864,0.10859,0.05811,0.01745,2.27574,3.63193,2.79661,2.40568,0,0,0,0.000709299,0.000709299,0.000709299
92,1620.37,2.34992,3.73716,3.23982,2.40112,0.50414,0.50395,0.50514,0.1841,0.18207,0.1145,0.0475,0.09413,0.12401,0.06171,0.01858,2.25922,3.61451,2.80104,2.38912,0,0,0,0.000707925,0.000707925,0.000707925
93,1637.74,2.40132,3.75218,3.17369,2.41621,0.50309,0.50374,0.50439,0.28869,0.2058,0.13668,0.06145,0.1548,0.17451,0.07925,0.02173,2.24851,3.62231,2.75298,2.3903,0,0,0,0.000706551,0.000706551,0.000706551
94,1655.34,2.38037,3.79264,3.33182,2.48131,0.50517,0.50427,0.50541,0.28697,0.18798,0.15149,0.06588,0.22796,0.13122,0.08235,0.02327,2.27602,3.62003,2.85115,2.39617,0,0,0,0.000705176,0.000705176,0.000705176
95,1672.9,2.36447,3.7489,3.25082,2.45098,0.5038,0.50354,0.50461,0.40327,0.17521,0.13776,0.05541,0.21608,0.14639,0.06523,0.01915,2.29329,3.59732,2.74924,2.39772,0,0,0,0.000703802,0.000703802,0.000703802
96,1690.21,2.35072,3.71932,3.19435,2.4717,0.50379,0.50365,0.50488,0.36985,0.17336,0.12329,0.04576,0.28196,0.10497,0.05633,0.01851,2.33875,3.63,2.91407,2.43507,0,0,0,0.000702427,0.000702427,0.000702427
97,1707.45,2.31455,3.65996,3.28759,2.45566,0.50468,0.50305,0.50407,0.24048,0.17009,0.12728,0.04915,0.11797,0.1099,0.06908,0.01765,2.28901,3.64896,2.8188,2.40722,0,0,0,0.000701053,0.000701053,0.000701053
98,1724.93,2.34437,3.75981,3.22167,2.44482,0.50409,0.5031,0.5042,0.22941,0.20758,0.14144,0.05889,0.26899,0.11144,0.07775,0.02329,2.26128,3.58364,2.84033,2.36981,0,0,0,0.000699678,0.000699678,0.000699678
99,1742.2,2.33923,3.65423,3.23266,2.41438,0.50288,0.50197,0.50299,0.25407,0.26063,0.19031,0.07825,0.13334,0.20825,0.08569,0.02399,2.19797,3.57099,2.63372,2.33666,0,0,0,0.000698304,0.000698304,0.000698304
100,1760.14,2.36995,3.78846,3.105,2.40812,0.50199,0.5022,0.50259,0.24303,0.26066,0.16147,0.06194,0.11182,0.13569,0.08585,0.02323,2.22237,3.56563,2.68945,2.37822,0,0,0,0.000696929,0.000696929,0.000696929
101,1777.38,2.39927,3.7227,3.13758,2.40945,0.50345,0.50227,0.50314,0.21429,0.23973,0.15362,0.06693,0.1334,0.18726,0.07395,0.02208,2.18448,3.5497,2.64112,2.33814,0,0,0,0.000695555,0.000695555,0.000695555
102,1794.91,2.36552,3.6624,3.05853,2.41242,0.50129,0.50136,0.50241,0.25011,0.26096,0.16498,0.07363,0.15409,0.18569,0.08155,0.02429,2.21118,3.56011,2.7784,2.34716,0,0,0,0.000694181,0.000694181,0.000694181
103,1812.26,2.33255,3.72801,3.08543,2.3837,0.50335,0.50206,0.50298,0.23642,0.25889,0.17922,0.08036,0.1571,0.20981,0.09855,0.03078,2.20702,3.55347,2.64384,2.33488,0,0,0,0.000692806,0.000692806,0.000692806
104,1829.67,2.34081,3.67714,3.08715,2.38728,0.49945,0.50042,0.50117,0.30941,0.30254,0.22198,0.08577,0.16044,0.22082,0.11714,0.04224,2.19943,3.51651,2.63812,2.34111,0,0,0,0.000691432,0.000691432,0.000691432
105,1847.19,2.32874,3.74299,3.11891,2.40483,0.50127,0.50071,0.5017,0.26137,0.2538,0.18081,0.07883,0.16586,0.18507,0.10114,0.03711,2.17907,3.52059,2.6444,2.3468,0,0,0,0.000690057,0.000690057,0.000690057
106,1864.56,2.31903,3.64812,3.09621,2.42152,0.50166,0.50001,0.50124,0.37901,0.16319,0.21164,0.08322,0.24823,0.12105,0.14715,0.04354,2.19803,3.52212,2.62861,2.34705,0,0,0,0.000688683,0.000688683,0.000688683
107,1881.82,2.33333,3.6904,3.09956,2.37785,0.50078,0.49972,0.50121,0.37817,0.1922,0.20857,0.07836,0.21631,0.19451,0.15244,0.04144,2.19296,3.49149,2.61552,2.34652,0,0,0,0.000687308,0.000687308,0.000687308
108,1899.21,2.36149,3.65513,3.0174,2.34373,0.49991,0.49977,0.5005,0.20879,0.26538,0.17837,0.07044,0.13862,0.22901,0.10373,0.03392,2.20029,3.50585,2.57758,2.31899,0,0,0,0.000685934,0.000685934,0.000685934
109,1916.72,2.31381,3.65994,3.01744,2.37919,0.49891,0.49897,0.5,0.26295,0.29063,0.22191,0.08538,0.15773,0.23763,0.13253,0.04385,2.15029,3.49431,2.51615,2.31037,0,0,0,0.000684559,0.000684559,0.000684559
110,1934.31,2.29843,3.62242,2.99289,2.35452,0.49657,0.49838,0.49887,0.33389,0.2883,0.21626,0.0899,0.26833,0.22095,0.13632,0.04307,2.16975,3.49006,2.52874,2.29133,0,0,0,0.000683185,0.000683185,0.000683185
111,1952.08,2.3423,3.69629,2.92664,2.29672,0.49605,0.49811,0.4982,0.27029,0.29084,0.22778,0.08844,0.16207,0.21672,0.14228,0.04873,2.27165,3.48541,2.58715,2.34704,0,0,0,0.00068181,0.00068181,0.00068181
112,1969.68,2.27054,3.66084,3.039,2.36063,0.49545,0.49713,0.49775,0.28157,0.28197,0.23337,0.10541,0.13433,0.18888,0.11011,0.03267,2.18835,3.48978,2.527,2.32071,0,0,0,0.000680436,0.000680436,0.000680436
113,1987.47,2.2895,3.68406,2.99883,2.34502,0.49763,0.49775,0.49852,0.24064,0.32585,0.22157,0.09584,0.17977,0.28468,0.14055,0.0423,2.17869,3.43924,2.54125,2.30446,0,0,0,0.000679062,0.000679062,0.000679062
114,2005.07,2.3034,3.60468,3.11918,2.38507,0.50102,0.49876,0.4998,0.28102,0.31214,0.23985,0.11419,0.22476,0.23602,0.1308,0.04244,2.16541,3.4247,2.52981,2.29249,0,0,0,0.000677687,0.000677687,0.000677687
115,2022.62,2.27064,3.70233,3.02657,2.31093,0.49577,0.49721,0.49755,0.29492,0.32556,0.22882,0.09701,0.15065,0.29776,0.12833,0.04203,2.16218,3.44758,2.5094,2.30124,0,0,0,0.000676313,0.000676313,0.000676313
116,2040.06,2.31558,3.62373,3.03588,2.33886,0.49892,0.49775,0.4988,0.29499,0.33988,0.25068,0.10247,0.17386,0.2702,0.1269,0.04392,2.13389,3.47003,2.50251,2.26376,0,0,0,0.000674938,0.000674938,0.000674938
117,2057.48,2.22043,3.68727,2.89227,2.32301,0.4938,0.49574,0.49664,0.318,0.31292,0.24705,0.10628,0.21689,0.25491,0.1459,0.04954,2.11227,3.44931,2.51291,2.25187,0,0,0,0.000673564,0.000673564,0.000673564
118,2074.87,2.24395,3.55233,2.79533,2.29448,0.49325,0.49518,0.49597,0.29744,0.27157,0.22219,0.09472,0.19636,0.16767,0.11486,0.03828,2.11229,3.47205,2.5166,2.27248,0,0,0,0.000672189,0.000672189,0.000672189
119,2092.11,2.19871,3.52296,2.87887,2.30465,0.49653,0.49556,0.4968,0.33351,0.29994,0.25883,0.12011,0.24244,0.22849,0.158,0.05494,2.09663,3.41714,2.42797,2.26441,0,0,0,0.000670815,0.000670815,0.000670815
120,2109.75,2.26924,3.6193,2.9599,2.31469,0.49487,0.4953,0.49592,0.37486,0.24532,0.24101,0.09312,0.24844,0.19141,0.1487,0.03888,2.13052,3.41188,2.43239,2.27535,0,0,0,0.00066944,0.00066944,0.00066944
121,2127.28,2.22269,3.56747,2.87155,2.29972,0.49347,0.49527,0.49527,0.48064,0.26305,0.2853,0.11152,0.28363,0.20875,0.19777,0.05693,2.08565,3.40646,2.56823,2.2278,0,0,0,0.000668066,0.000668066,0.000668066
122,2144.75,2.25047,3.5486,2.84086,2.26931,0.49362,0.49449,0.4945,0.31874,0.36201,0.27085,0.10835,0.27169,0.31212,0.1881,0.06028,2.08664,3.40385,2.43927,2.23746,0,0,0,0.000666692,0.000666692,0.000666692
123,2162.17,2.25381,3.54151,2.83644,2.3114,0.49419,0.49427,0.4948,0.33024,0.30093,0.2902,0.12168,0.20593,0.30545,0.1842,0.06798,2.0713,3.37254,2.35682,2.2275,0,0,0,0.000665317,0.000665317,0.000665317
124,2179.82,2.2294,3.61727,2.86428,2.30451,0.49031,0.49342,0.49342,0.40548,0.2783,0.26626,0.11922,0.28416,0.21033,0.15236,0.0582,2.04868,3.40568,2.41006,2.21467,0,0,0,0.000663943,0.000663943,0.000663943
125,2197.3,2.20341,3.54007,2.76849,2.22753,0.48929,0.49263,0.49258,0.2942,0.34265,0.25049,0.1059,0.20045,0.25772,0.12672,0.04189,2.0593,3.40119,2.32788,2.21953,0,0,0,0.000662568,0.000662568,0.000662568
126,2214.62,2.19558,3.53812,2.82966,2.28036,0.49283,0.49414,0.49437,0.28295,0.35029,0.26865,0.12051,0.17852,0.33903,0.15113,0.05387,2.06539,3.40894,2.31435,2.22409,0,0,0,0.000661194,0.000661194,0.000661194
127,2231.97,2.21377,3.52936,2.75158,2.2383,0.49203,0.49359,0.49375,0.26828,0.34684,0.2507,0.1137,0.17279,0.26798,0.14952,0.04889,2.04228,3.37724,2.30747,2.23355,0,0,0,0.000659819,0.000659819,0.000659819
128,2249.35,2.20916,3.56269,2.73309,2.22792,0.49204,0.49255,0.49279,0.23165,0.38826,0.25545,0.1295,0.15255,0.33455,0.14579,0.04994,2.04064,3.37023,2.2914,2.22263,0,0,0,0.000658445,0.000658445,0.000658445
129,2266.6,2.1595,3.54526,2.78982,2.29456,0.48998,0.49137,0.49212,0.42849,0.35661,0.33067,0.16325,0.3348,0.25773,0.21018,0.07945,2.0446,3.35124,2.34431,2.19657,0,0,0,0.00065707,0.00065707,0.00065707
130,2284.17,2.23024,3.48949,2.80647,2.27869,0.49099,0.49206,0.49219,0.37091,0.31363,0.2939,0.13632,0.26215,0.22066,0.17819,0.0677,2.06081,3.34795,2.30993,2.19694,0,0,0,0.000655696,0.000655696,0.000655696
131,2301.48,2.19487,3.52151,2.78318,2.27543,0.4905,0.49172,0.49179,0.28456,0.37365,0.29635,0.1255,0.19821,0.28632,0.18603,0.06189,2.08121,3.33845,2.24793,2.20694,0,0,0,0.000654321,0.000654321,0.000654321
132,2318.87,2.21791,3.53792,2.69308,2.25607,0.48949,0.4909,0.49083,0.33465,0.34659,0.32346,0.1582,0.20124,0.30602,0.21348,0.06503,2.01818,3.32967,2.21669,2.16628,0,0,0,0.000652947,0.000652947,0.000652947
133,2336.19,2.12972,3.53134,2.68227,2.2441,0.4884,0.49032,0.49042,0.35212,0.35922,0.28734,0.13378,0.26986,0.3064,0.20871,0.06461,2.02355,3.31862,2.29418,2.1842,0,0,0,0.000651573,0.000651573,0.000651573
134,2353.48,2.12679,3.45352,2.74438,2.26916,0.48782,0.48945,0.49021,0.29687,0.36666,0.31345,0.14668,0.22825,0.31043,0.22205,0.07544,2.01665,3.30732,2.26755,2.18172,0,0,0,0.000650198,0.000650198,0.000650198
135,2370.86,2.10044,3.52267,2.67862,2.24453,0.48647,0.48907,0.48937,0.29099,0.43304,0.29365,0.12208,0.2092,0.31778,0.1848,0.05902,1.99483,3.29515,2.20877,2.17744,0,0,0,0.000648824,0.000648824,0.000648824
136,2388.37,2.17435,3.45599,2.70104,2.22715,0.48662,0.48911,0.48885,0.30328,0.44251,0.32171,0.1357,0.28872,0.28118,0.22741,0.0712,2.01857,3.2786,2.31522,2.16801,0,0,0,0.000647449,0.000647449,0.000647449
137,2405.83,2.19643,3.53861,2.71293,2.24462,0.48572,0.48804,0.48806,0.32111,0.47776,0.35199,0.15059,0.19978,0.3529,0.20696,0.07057,2.03984,3.30016,2.23573,2.18373,0,0,0,0.000646075,0.000646075,0.000646075
138,2423.19,2.18123,3.46388,2.76733,2.20623,0.48635,0.48847,0.48811,0.41987,0.39904,0.37251,0.17519,0.31257,0.29906,0.23494,0.08324,1.97246,3.26826,2.23752,2.14436,0,0,0,0.0006447,0.0006447,0.0006447
139,2440.79,2.17243,3.53037,2.66707,2.21697,0.48506,0.48745,0.48705,0.37027,0.44386,0.36613,0.17056,0.29005,0.34311,0.24496,0.09268,1.98473,3.24731,2.17084,2.16573,0,0,0,0.000643326,0.000643326,0.000643326
140,2458.4,2.12904,3.47174,2.62448,2.21495,0.48273,0.48655,0.48596,0.34647,0.39744,0.36677,0.16853,0.21704,0.34983,0.25189,0.08554,1.98413,3.26417,2.19966,2.14881,0,0,0,0.000641951,0.000641951,0.000641951
141,2475.9,2.14139,3.45944,2.62225,2.22056,0.48439,0.48653,0.48604,0.34523,0.37128,0.35442,0.15546,0.22386,0.31375,0.22026,0.08136,1.98352,3.27792,2.23171,2.13516,0,0,0,0.000640577,0.000640577,0.000640577
142,2493.15,2.09302,3.53483,2.64685,2.21805,0.48404,0.4866,0.48611,0.31477,0.4787,0.3582,0.17043,0.2246,0.35789,0.2292,0.08335,1.95655,3.30673,2.12509,2.14108,0,0,0,0.000639203,0.000639203,0.000639203
143,2510.5,2.13698,3.44808,2.6364,2.20968,0.48623,0.48676,0.48694,0.38177,0.44425,0.37936,0.18749,0.29147,0.35125,0.27239,0.09698,1.94446,3.28553,2.13323,2.13567,0,0,0,0.000637828,0.000637828,0.000637828
144,2527.93,2.14252,3.38122,2.64836,2.19912,0.48382,0.48568,0.48481,0.40752,0.39162,0.37199,0.18476,0.31362,0.308,0.269,0.09566,1.95677,3.27269,2.1091,2.13146,0,0,0,0.000636454,0.000636454,0.000636454
145,2545.18,2.12285,3.42719,2.61442,2.21618,0.48074,0.48426,0.48346,0.32607,0.47081,0.37867,0.17282,0.23665,0.34664,0.22679,0.08504,1.98378,3.27128,2.15128,2.1425,0,0,0,0.000635079,0.000635079,0.000635079
146,2562.67,2.13777,3.51557,2.6003,2.19203,0.48243,0.48461,0.48374,0.35869,0.45019,0.35441,0.1649,0.30734,0.28297,0.21549,0.07626,1.98704,3.26155,2.22757,2.13567,0,0,0,0.000633705,0.000633705,0.000633705
147,2579.99,2.11066,3.37156,2.54678,2.18029,0.47826,0.48259,0.4805,0.33571,0.45802,0.35735,0.16881,0.28378,0.38211,0.24659,0.08715,1.95569,3.19099,2.08478,2.1131,0,0,0,0.00063233,0.00063233,0.00063233
148,2597.44,2.12647,3.51995,2.54485,2.18352,0.48062,0.483,0.48055,0.37814,0.40685,0.36899,0.18839,0.30679,0.3384,0.26906,0.1092,1.9506,3.21485,2.10876,2.12123,0,0,0,0.000630956,0.000630956,0.000630956
149,2615.08,2.17879,3.4085,2.53275,2.18611,0.48122,0.48261,0.48045,0.44692,0.40161,0.40029,0.19883,0.33312,0.30012,0.25826,0.11182,1.92646,3.23737,2.19269,2.11916,0,0,0,0.000629581,0.000629581,0.000629581
150,2632.64,2.11725,3.42998,2.62481,2.19466,0.48119,0.48233,0.47968,0.32093,0.47261,0.37624,0.18712,0.23924,0.3706,0.24971,0.10034,1.94404,3.19177,2.08436,2.11774,0,0,0,0.000628207,0.000628207,0.000628207
151,2649.98,2.12381,3.50489,2.60856,2.15006,0.47785,0.48056,0.47711,0.34904,0.43785,0.37336,0.17964,0.33578,0.30199,0.2566,0.10197,1.91736,3.21348,2.12019,2.11413,0,0,0,0.000626832,0.000626832,0.000626832
152,2667.34,2.09516,3.42796,2.52312,2.17984,0.47644,0.47912,0.47584,0.36942,0.40297,0.35978,0.17665,0.30688,0.32498,0.24498,0.10063,1.88736,3.17311,2.04683,2.07829,0,0,0,0.000625458,0.000625458,0.000625458
153,2684.67,2.11149,3.37366,2.54903,2.19124,0.47748,0.48021,0.47504,0.42057,0.36685,0.3644,0.17467,0.29693,0.26556,0.21979,0.07964,1.9229,3.20713,2.0835,2.09718,0,0,0,0.000624084,0.000624084,0.000624084
154,2702.05,2.07825,3.30304,2.49966,2.16303,0.4776,0.4781,0.47343,0.40498,0.29169,0.33065,0.1733,0.32968,0.23293,0.22447,0.0928,1.91139,3.23856,2.20408,2.09168,0,0,0,0.000622709,0.000622709,0.000622709
155,2719.24,2.08011,3.33595,2.49901,2.15514,0.47338,0.47601,0.47053,0.34965,0.46593,0.38682,0.1909,0.23615,0.3658,0.24794,0.10183,1.89894,3.21915,2.04451,2.08267,0,0,0,0.000621335,0.000621335,0.000621335
156,2736.56,2.085,3.34585,2.48105,2.15047,0.47371,0.47533,0.46824,0.39417,0.44625,0.41196,0.20924,0.28225,0.38012,0.24735,0.09463,1.88136,3.16301,2.0154,2.06675,0,0,0,0.00061996,0.00061996,0.00061996
157,2753.94,2.09484,3.37538,2.476,2.16071,0.47125,0.47398,0.46574,0.40048,0.53933,0.41381,0.22367,0.29006,0.44121,0.25804,0.10252,1.86052,3.14973,2.01243,2.05215,0,0,0,0.000618586,0.000618586,0.000618586
158,2771.5,2.07272,3.36379,2.53968,2.15996,0.46989,0.47169,0.46156,0.38223,0.38496,0.35948,0.18742,0.27456,0.39433,0.26294,0.10299,1.85661,3.18091,2.06693,2.0451,0,0,0,0.000617211,0.000617211,0.000617211
159,2788.89,2.0315,3.37395,2.42067,2.14731,0.46739,0.46928,0.45779,0.41189,0.43894,0.38696,0.19742,0.28569,0.34741,0.25332,0.09262,1.86101,3.13562,1.94428,2.04818,0,0,0,0.000615837,0.000615837,0.000615837
160,2806.23,2.0038,3.44204,2.40653,2.12813,0.46841,0.46656,0.45492,0.41518,0.42826,0.40046,0.20751,0.28435,0.39533,0.25526,0.09915,1.86046,3.16002,1.94735,2.04645,0,0,0,0.000614462,0.000614462,0.000614462
161,2823.62,2.0716,3.441,2.47735,2.1669,0.46737,0.46437,0.4514,0.44044,0.45166,0.44172,0.23678,0.33543,0.35093,0.28591,0.12475,1.8515,3.17868,1.97872,2.0493,0,0,0,0.000613088,0.000613088,0.000613088
162,2841.09,2.07857,3.37261,2.47243,2.12138,0.46467,0.45886,0.44532,0.40203,0.46592,0.43525,0.23061,0.30495,0.3705,0.28078,0.12106,1.84783,3.13526,1.97081,2.03592,0,0,0,0.000611714,0.000611714,0.000611714
163,2858.6,2.12441,3.31175,2.51226,2.13738,0.45841,0.45124,0.43913,0.39455,0.47093,0.38418,0.19457,0.28205,0.38799,0.25728,0.10173,1.90659,3.14254,2.13533,2.06265,0,0,0,0.000610339,0.000610339,0.000610339
164,2876.02,2.06881,3.3411,2.45369,2.1141,0.45297,0.44393,0.43238,0.41901,0.42305,0.42453,0.22153,0.4423,0.27729,0.3011,0.13103,1.86917,3.10605,2.12062,2.03667,0,0,0,0.000608965,0.000608965,0.000608965
165,2893.37,2.09243,3.31206,2.47441,2.15857,0.44557,0.43323,0.42402,0.45296,0.3964,0.43766,0.23189,0.34578,0.30499,0.29194,0.12308,1.85707,3.12452,2.02047,2.04152,0,0,0,0.00060759,0.00060759,0.00060759
166,2910.61,2.04829,3.35917,2.49282,2.15991,0.43987,0.42729,0.41929,0.45267,0.45808,0.43056,0.21771,0.33982,0.34133,0.28019,0.11746,1.89471,3.10168,1.96045,2.05262,0,0,0,0.000606216,0.000606216,0.000606216
167,2928,2.08605,3.28016,2.38641,2.10405,0.43192,0.42038,0.41233,0.44355,0.45971,0.43278,0.23162,0.32599,0.35022,0.29003,0.1259,1.84205,3.07571,1.94727,2.01741,0,0,0,0.000604841,0.000604841,0.000604841
168,2945.29,2.02238,3.3474,2.43581,2.12346,0.42536,0.41163,0.40375,0.43361,0.45989,0.44097,0.23995,0.30453,0.34844,0.28312,0.12418,1.86629,3.10507,2.00057,2.02323,0,0,0,0.000603467,0.000603467,0.000603467
169,2962.99,2.04807,3.32388,2.39245,2.1086,0.42058,0.40637,0.39747,0.43362,0.49322,0.46159,0.24149,0.33324,0.38826,0.30869,0.12586,1.84371,3.07452,1.96841,2.00327,0,0,0,0.000602092,0.000602092,0.000602092
170,2980.6,1.994,3.40578,2.43633,2.12448,0.41611,0.39919,0.39214,0.49038,0.44699,0.47239,0.24815,0.40629,0.34472,0.30863,0.14065,1.82126,3.11169,1.93642,1.99344,0,0,0,0.000600718,0.000600718,0.000600718
171,2998.26,2.03314,3.32301,2.38715,2.13853,0.39909,0.38665,0.37863,0.48643,0.48726,0.45651,0.24297,0.3796,0.37443,0.30218,0.141,1.82956,3.08619,1.92799,1.99827,0,0,0,0.000599343,0.000599343,0.000599343
172,3015.57,2.0751,3.33831,2.4313,2.1375,0.39514,0.38044,0.37636,0.47045,0.45436,0.42582,0.22613,0.3903,0.36585,0.29625,0.12431,1.83083,3.08772,1.91607,2.00711,0,0,0,0.000597969,0.000597969,0.000597969
173,3032.82,2.01798,3.24545,2.37609,2.10395,0.39219,0.37821,0.3712,0.52409,0.46104,0.4854,0.2509,0.40978,0.3684,0.33812,0.13541,1.79422,3.06327,1.88243,1.97793,0,0,0,0.000596595,0.000596595,0.000596595
174,3050.22,1.99853,3.26567,2.30944,2.05693,0.38211,0.3665,0.36297,0.43605,0.53506,0.50944,0.28053,0.3253,0.43281,0.35351,0.15796,1.78796,3.01239,1.86488,1.97556,0,0,0,0.00059522,0.00059522,0.00059522
175,3067.91,2.02651,3.27412,2.25569,2.02812,0.37375,0.35731,0.3549,0.40187,0.50609,0.46362,0.25796,0.27019,0.4158,0.30029,0.12945,1.81438,3.06931,1.87404,1.98142,0,0,0,0.000593846,0.000593846,0.000593846
176,3085.3,1.9965,3.27878,2.34651,2.08206,0.37344,0.35242,0.35187,0.42174,0.53233,0.48201,0.26335,0.32161,0.42282,0.31715,0.14127,1.76878,3.03542,1.88171,1.95897,0,0,0,0.000592471,0.000592471,0.000592471
177,3102.64,1.97706,3.29755,2.39499,2.09454,0.35601,0.33573,0.33676,0.45997,0.47359,0.46516,0.26,0.34059,0.4262,0.32737,0.15038,1.75873,3.0159,1.85615,1.9468,0,0,0,0.000591097,0.000591097,0.000591097
178,3119.99,2.01205,3.32839,2.30134,2.07651,0.34655,0.32397,0.32722,0.44085,0.5451,0.48868,0.27014,0.33743,0.44109,0.3343,0.14888,1.80001,3.043,1.88216,1.97415,0,0,0,0.000589722,0.000589722,0.000589722
179,3137.28,1.99965,3.23042,2.37141,2.08791,0.34253,0.32206,0.32217,0.41047,0.52884,0.47369,0.25003,0.31157,0.45334,0.32621,0.14264,1.81234,3.04487,1.88737,1.97986,0,0,0,0.000588348,0.000588348,0.000588348
180,3154.7,2.03579,3.37492,2.32821,2.07965,0.33178,0.30992,0.31374,0.46516,0.48349,0.49231,0.27466,0.38263,0.39128,0.33852,0.14651,1.80575,3.02266,1.8829,1.97039,0,0,0,0.000586973,0.000586973,0.000586973
181,3172.08,2.05243,3.31949,2.32152,2.06417,0.31949,0.29535,0.30171,0.48932,0.4616,0.48299,0.26624,0.37613,0.36765,0.32975,0.13832,1.80213,3.02399,1.85002,1.97317,0,0,0,0.000585599,0.000585599,0.000585599
182,3189.46,2.04205,3.30348,2.37694,2.05053,0.30993,0.28352,0.28942,0.47071,0.47914,0.49651,0.27448,0.368,0.37632,0.32785,0.14693,1.80693,3.03902,1.87289,1.98442,0,0,0,0.000584225,0.000584225,0.000584225
183,3206.81,1.9682,3.21991,2.23321,2.04684,0.30168,0.2742,0.28172,0.4528,0.55789,0.49781,0.27018,0.34556,0.45246,0.32055,0.14058,1.80288,3.03984,1.90209,1.97893,0,0,0,0.00058285,0.00058285,0.00058285
184,3223.98,1.92255,3.19405,2.27002,2.09165,0.2994,0.26995,0.27888,0.47904,0.60589,0.47254,0.25215,0.38427,0.49682,0.32921,0.14036,1.77466,2.98637,1.82127,1.97426,0,0,0,0.000581476,0.000581476,0.000581476
185,3241.29,1.95374,3.22606,2.27675,2.05016,0.28726,0.25581,0.26589,0.469,0.49216,0.46806,0.25014,0.36336,0.40302,0.32242,0.14078,1.7648,2.98742,1.90506,1.9511,0,0,0,0.000580101,0.000580101,0.000580101
186,3258.62,1.97488,3.25755,2.25806,2.00415,0.27146,0.24055,0.25083,0.43487,0.52313,0.45961,0.24338,0.33337,0.44056,0.31642,0.13397,1.76245,2.97101,1.94572,1.93473,0,0,0,0.000578727,0.000578727,0.000578727
187,3275.95,1.9847,3.24876,2.31163,2.03761,0.26595,0.23199,0.24436,0.46818,0.49581,0.43184,0.24007,0.39506,0.42125,0.32422,0.14225,1.73985,2.96089,1.87244,1.92724,0,0,0,0.000577352,0.000577352,0.000577352
188,3293.23,1.93742,3.30868,2.28588,2.08488,0.26184,0.22641,0.23946,0.47418,0.48478,0.46504,0.26471,0.40135,0.40361,0.32315,0.15545,1.74356,2.96553,1.83711,1.92718,0,0,0,0.000575978,0.000575978,0.000575978
189,3310.53,1.9981,3.2239,2.29461,2.05079,0.24523,0.20374,0.2247,0.4161,0.52797,0.47644,0.26471,0.33982,0.43427,0.34727,0.15317,1.7382,2.97378,1.84514,1.92097,0,0,0,0.000574603,0.000574603,0.000574603
190,3327.83,1.9429,3.2578,2.24478,2.05921,0.23612,0.19865,0.21805,0.40068,0.51495,0.44662,0.24091,0.33809,0.44594,0.32197,0.1401,1.75105,2.99926,1.82854,1.93331,0,0,0,0.000573229,0.000573229,0.000573229
191,3345.4,2.02973,3.20902,2.28905,2.01689,0.23302,0.1924,0.21156,0.4787,0.51123,0.49141,0.26178,0.37106,0.41916,0.3222,0.13547,1.75005,2.94909,1.90997,1.91345,0,0,0,0.000571854,0.000571854,0.000571854
192,3362.82,1.93341,3.17591,2.26053,2.03441,0.22528,0.18074,0.20205,0.43228,0.55759,0.49109,0.26585,0.30724,0.44406,0.31855,0.14168,1.72778,2.93341,1.79974,1.91731,0,0,0,0.00057048,0.00057048,0.00057048
193,3380.28,1.92891,3.21109,2.21795,2.00299,0.22752,0.17999,0.19927,0.43944,0.52543,0.49285,0.26205,0.40545,0.38624,0.36226,0.15695,1.7666,2.95102,1.85808,1.93541,0,0,0,0.000569106,0.000569106,0.000569106
194,3397.64,1.91814,3.13854,2.30517,2.01822,0.22638,0.17565,0.19636,0.40542,0.50767,0.45128,0.23424,0.30459,0.46341,0.32558,0.14251,1.79966,2.98627,1.83216,1.96466,0,0,0,0.000567731,0.000567731,0.000567731
195,3415.02,1.92018,3.16526,2.15446,2.04142,0.22034,0.17387,0.19288,0.42554,0.49417,0.4585,0.24687,0.33352,0.44298,0.33506,0.14709,1.7559,2.94882,1.83667,1.94357,0,0,0,0.000566357,0.000566357,0.000566357
196,3432.55,1.9872,3.18755,2.18956,1.97409,0.21868,0.1674,0.18513,0.43686,0.56944,0.49823,0.28882,0.35552,0.48578,0.35963,0.16053,1.72109,2.92624,1.80312,1.91246,0,0,0,0.000564982,0.000564982,0.000564982
197,3449.93,2.00679,3.19621,2.23399,2.04391,0.21704,0.16693,0.18386,0.46222,0.57369,0.52408,0.30596,0.35322,0.44709,0.35002,0.16389,1.65766,2.88366,1.74328,1.86828,0,0,0,0.000563608,0.000563608,0.000563608
198,3467.41,1.90467,3.18758,2.16871,2.00563,0.21482,0.1647,0.18259,0.51522,0.52146,0.52989,0.29494,0.35457,0.4322,0.33769,0.14741,1.68345,2.92358,1.75864,1.89256,0,0,0,0.000562233,0.000562233,0.000562233
199,3484.58,1.90859,3.19956,2.20938,2.01256,0.22864,0.16757,0.18748,0.46596,0.51862,0.50997,0.29019,0.33149,0.46248,0.37228,0.16863,1.68987,2.91043,1.83042,1.88612,0,0,0,0.000560859,0.000560859,0.000560859
200,3501.86,1.90549,3.157,2.19933,2.00636,0.21907,0.16575,0.18345,0.44768,0.5707,0.50682,0.29403,0.37169,0.49148,0.37723,0.17073,1.69192,2.92341,1.79398,1.88061,0,0,0,0.000559484,0.000559484,0.000559484
201,3519.17,1.91102,3.23194,2.19377,2.03174,0.21813,0.16921,0.1827,0.43241,0.63243,0.53597,0.30903,0.35891,0.52666,0.38617,0.17516,1.64682,2.86964,1.68656,1.85937,0,0,0,0.00055811,0.00055811,0.00055811
202,3536.81,1.85363,3.19598,2.13177,2.02547,0.21326,0.17044,0.18442,0.49147,0.5516,0.55046,0.31062,0.39482,0.43408,0.37486,0.16765,1.68274,2.87924,1.7287,1.87086,0,0,0,0.000556736,0.000556736,0.000556736
203,3554.14,1.85805,3.17723,2.09892,1.97236,0.21307,0.16426,0.17776,0.5002,0.546,0.53531,0.30843,0.39243,0.47684,0.36654,0.16406,1.68629,2.86263,1.72239,1.87359,0,0,0,0.000555361,0.000555361,0.000555361
204,3571.52,1.94372,3.11721,2.13355,1.97096,0.21052,0.15861,0.17446,0.49811,0.50917,0.49808,0.27607,0.37415,0.46752,0.35937,0.14529,1.6875,2.88407,1.72946,1.88246,0,0,0,0.000553987,0.000553987,0.000553987
205,3588.82,1.92034,3.13793,2.09653,1.99405,0.20633,0.15549,0.16952,0.48044,0.64059,0.50814,0.29174,0.40586,0.55046,0.35763,0.16019,1.65935,2.86522,1.71793,1.86758,0,0,0,0.000552612,0.000552612,0.000552612
206,3606.22,1.92571,3.14758,2.16835,1.97808,0.20036,0.14926,0.16466,0.56703,0.53061,0.52787,0.30677,0.43099,0.47202,0.38593,0.17884,1.6721,2.85197,1.8194,1.86623,0,0,0,0.000551238,0.000551238,0.000551238
207,3623.78,1.88061,3.18313,2.14592,2.00152,0.20048,0.1533,0.16536,0.5846,0.51942,0.56272,0.33843,0.4431,0.44557,0.39137,0.1781,1.65597,2.83531,1.74359,1.85471,0,0,0,0.000549863,0.000549863,0.000549863
208,3641.24,1.8543,3.17138,2.10777,2.00419,0.20633,0.15683,0.17189,0.50916,0.55252,0.54465,0.30791,0.37578,0.46366,0.37112,0.16817,1.67501,2.84142,1.70669,1.86754,0,0,0,0.000548489,0.000548489,0.000548489
209,3658.5,1.89144,3.14476,2.14825,1.97723,0.19937,0.15096,0.16607,0.56827,0.53919,0.57409,0.32288,0.40792,0.48233,0.39053,0.18951,1.67086,2.82732,1.67878,1.86333,0,0,0,0.000547114,0.000547114,0.000547114
210,3675.67,1.87085,3.15942,2.1561,2.00446,0.20222,0.1547,0.16972,0.55487,0.52224,0.57301,0.3264,0.39466,0.47408,0.40055,0.18903,1.67771,2.85161,1.66319,1.87665,0,0,0,0.00054574,0.00054574,0.00054574
211,3692.94,1.89671,3.22913,2.11798,1.97755,0.20143,0.15675,0.17021,0.60978,0.45397,0.55294,0.32164,0.37306,0.47804,0.39907,0.1907,1.66818,2.84556,1.66146,1.87307,0,0,0,0.000544365,0.000544365,0.000544365
212,3710.2,1.9283,3.18077,2.12729,1.99563,0.19648,0.15651,0.17097,0.5091,0.54965,0.56651,0.3363,0.34046,0.52698,0.40294,0.19356,1.67244,2.83695,1.76156,1.86813,0,0,0,0.000542991,0.000542991,0.000542991
213,3727.83,1.89235,3.11549,2.10732,1.97287,0.1977,0.16136,0.17591,0.5071,0.56393,0.5611,0.32448,0.40262,0.49238,0.41326,0.19568,1.67614,2.86983,1.75137,1.87911,0,0,0,0.000541617,0.000541617,0.000541617
214,3745.07,1.88245,3.08515,2.13191,1.99208,0.18694,0.14718,0.16132,0.47363,0.5596,0.5564,0.33134,0.40485,0.47452,0.41661,0.19348,1.62372,2.82311,1.6604,1.83673,0,0,0,0.000540242,0.000540242,0.000540242
215,3762.33,1.89126,3.10636,2.13735,1.99872,0.19198,0.15245,0.16618,0.47691,0.534,0.53938,0.31558,0.39154,0.45006,0.39621,0.17726,1.63959,2.82931,1.67141,1.8401,0,0,0,0.000538868,0.000538868,0.000538868
216,3779.46,1.84045,3.07818,2.06942,1.99187,0.19087,0.15327,0.1667,0.52018,0.53638,0.52871,0.30809,0.4372,0.45442,0.38234,0.17994,1.61016,2.81648,1.72982,1.81716,0,0,0,0.000537493,0.000537493,0.000537493
217,3796.83,1.93422,3.19247,2.16443,1.969,0.19577,0.15425,0.16826,0.58192,0.53118,0.55809,0.3083,0.42913,0.45182,0.37981,0.16621,1.66905,2.82369,1.69637,1.8528,0,0,0,0.000536119,0.000536119,0.000536119
218,3814.1,1.89495,3.08679,2.08646,1.96533,0.18409,0.1537,0.16614,0.55426,0.52272,0.57958,0.34503,0.42527,0.50849,0.42362,0.1942,1.6275,2.79398,1.6429,1.83249,0,0,0,0.000534744,0.000534744,0.000534744
219,3831.62,1.928,3.16201,2.13236,1.95381,0.18867,0.15122,0.16505,0.55602,0.56036,0.6044,0.36814,0.44189,0.48192,0.44846,0.20996,1.62697,2.80087,1.64071,1.84133,0,0,0,0.00053337,0.00053337,0.00053337
220,3849.23,1.8488,3.0911,2.06921,1.96758,0.18782,0.15278,0.16976,0.56349,0.52799,0.5841,0.3527,0.46859,0.44073,0.43271,0.20562,1.6396,2.80691,1.64653,1.83718,0,0,0,0.000531995,0.000531995,0.000531995
221,3866.55,1.85131,3.09932,2.0609,1.95165,0.18679,0.15246,0.1664,0.52372,0.53189,0.57181,0.34362,0.4071,0.47415,0.43422,0.20668,1.63996,2.82123,1.65793,1.83409,0,0,0,0.000530621,0.000530621,0.000530621
222,3883.83,1.85159,3.06831,2.05507,1.94564,0.17827,0.15002,0.1624,0.48363,0.56194,0.55321,0.33073,0.36963,0.48144,0.39847,0.18528,1.62365,2.80475,1.68063,1.82531,0,0,0,0.000529247,0.000529247,0.000529247
223,3901.16,1.87562,3.04472,2.04084,1.91793,0.17257,0.14297,0.15721,0.53907,0.54416,0.55743,0.33849,0.44405,0.47342,0.41311,0.18998,1.59162,2.79744,1.71831,1.82051,0,0,0,0.000527872,0.000527872,0.000527872
224,3918.44,1.8179,3.07969,2.00358,1.94846,0.18993,0.15656,0.17089,0.52568,0.56805,0.59051,0.34412,0.45747,0.43781,0.42947,0.19602,1.60187,2.77022,1.66591,1.82223,0,0,0,0.000526498,0.000526498,0.000526498
225,3935.84,1.90288,3.06229,2.11121,1.95309,0.17722,0.14718,0.16058,0.54014,0.55397,0.55397,0.32791,0.38881,0.47592,0.38307,0.17112,1.62425,2.79016,1.615,1.84286,0,0,0,0.000525123,0.000525123,0.000525123
226,3953.17,1.85646,3.05176,2.04191,1.93651,0.17421,0.14462,0.15816,0.46399,0.58943,0.55974,0.33869,0.37511,0.50455,0.40266,0.18383,1.60084,2.78861,1.62576,1.82599,0,0,0,0.000523749,0.000523749,0.000523749
227,3970.51,1.82013,3.06062,2.03349,1.91459,0.18373,0.15025,0.16473,0.55221,0.53341,0.55903,0.33884,0.38942,0.51603,0.40704,0.19156,1.58834,2.71837,1.63857,1.81018,0,0,0,0.000522374,0.000522374,0.000522374
228,3987.82,1.82751,3.05343,2.00792,1.94821,0.1833,0.15414,0.16808,0.52276,0.52149,0.54487,0.31554,0.34584,0.55776,0.40478,0.18824,1.59569,2.7205,1.62875,1.8115,0,0,0,0.000521,0.000521,0.000521
229,4005.15,1.87411,3.05525,2.05817,1.92994,0.17666,0.14885,0.1626,0.46,0.6096,0.53947,0.32064,0.39654,0.5285,0.41166,0.19333,1.61192,2.74025,1.62429,1.8238,0,0,0,0.000519625,0.000519625,0.000519625
230,4022.58,1.81427,3.03353,1.95468,1.9064,0.18138,0.15097,0.16729,0.48764,0.6174,0.53625,0.33319,0.40227,0.51743,0.40445,0.19717,1.59314,2.73043,1.62239,1.80469,0,0,0,0.000518251,0.000518251,0.000518251
231,4039.89,1.85351,3.02691,2.01486,1.94608,0.1753,0.14607,0.15879,0.50278,0.6145,0.54876,0.34002,0.41444,0.4854,0.40707,0.20671,1.58323,2.73418,1.68976,1.79222,0,0,0,0.000516877,0.000516877,0.000516877
232,4057.12,1.83277,3.03217,2.03018,1.94144,0.17636,0.14863,0.16214,0.51017,0.62493,0.58609,0.35821,0.43083,0.53274,0.44076,0.21308,1.57239,2.72303,1.6503,1.79085,0,0,0,0.000515502,0.000515502,0.000515502
233,4074.35,1.85139,3.0545,2.03466,1.93995,0.17404,0.14676,0.16006,0.48436,0.65796,0.58418,0.35096,0.41476,0.56796,0.44725,0.21386,1.58895,2.71317,1.59676,1.79977,0,0,0,0.000514128,0.000514128,0.000514128
234,4091.61,1.85549,3.072,2.0339,1.93912,0.16961,0.14392,0.15877,0.53535,0.60412,0.59178,0.34716,0.46173,0.52055,0.45192,0.20844,1.60817,2.69468,1.55361,1.81193,0,0,0,0.000512753,0.000512753,0.000512753
235,4108.99,1.85436,3.02914,1.98765,1.90694,0.17557,0.15089,0.16522,0.56109,0.58498,0.59364,0.34423,0.48103,0.50921,0.44933,0.20468,1.6356,2.73454,1.57937,1.82573,0,0,0,0.000511379,0.000511379,0.000511379
236,4126.31,1.82373,3.05561,2.0038,1.93868,0.18153,0.15105,0.16695,0.61165,0.55743,0.59172,0.36058,0.50138,0.49581,0.44949,0.21142,1.62093,2.74987,1.62713,1.81067,0,0,0,0.000510004,0.000510004,0.000510004
237,4143.45,1.81254,3.01992,2.06849,1.92098,0.18206,0.15208,0.17106,0.60698,0.55935,0.59694,0.37056,0.51381,0.47963,0.45465,0.22981,1.56916,2.70614,1.61846,1.76833,0,0,0,0.00050863,0.00050863,0.00050863
238,4161.23,1.84372,2.91918,1.97047,1.91072,0.17344,0.14838,0.16215,0.56376,0.60002,0.6026,0.37044,0.46084,0.49314,0.45266,0.22063,1.56949,2.70439,1.55009,1.77755,0,0,0,0.000507255,0.000507255,0.000507255
239,4178.61,1.83156,3.02199,1.97281,1.90727,0.17284,0.14776,0.16095,0.5944,0.58623,0.61103,0.36391,0.48747,0.4877,0.44634,0.21804,1.59575,2.72017,1.53354,1.78798,0,0,0,0.000505881,0.000505881,0.000505881
240,4195.77,1.80496,3.04716,1.95131,1.94219,0.18084,0.15132,0.1663,0.61134,0.61628,0.61248,0.36944,0.52659,0.53432,0.46618,0.22639,1.57289,2.70791,1.52778,1.77436,0,0,0,0.000504506,0.000504506,0.000504506
241,4213,1.77607,2.91932,1.95419,1.89797,0.16791,0.14129,0.15662,0.49858,0.62642,0.59079,0.35368,0.39412,0.54379,0.44488,0.21122,1.5591,2.68559,1.53037,1.778,0,0,0,0.000503132,0.000503132,0.000503132
242,4230.32,1.86231,2.92735,1.9635,1.87731,0.16556,0.14303,0.15609,0.58533,0.55367,0.59521,0.35227,0.48291,0.46187,0.44315,0.20754,1.54303,2.685,1.55961,1.76265,0,0,0,0.000501758,0.000501758,0.000501758
243,4247.71,1.84979,2.98621,1.952,1.88972,0.16913,0.14797,0.15952,0.55328,0.59277,0.59625,0.35944,0.47908,0.5185,0.44635,0.20963,1.56269,2.70899,1.63768,1.76863,0,0,0,0.000500383,0.000500383,0.000500383
244,4265.02,1.78665,2.96398,1.94933,1.89981,0.17389,0.1505,0.16411,0.53382,0.59651,0.60555,0.37148,0.47379,0.51571,0.45769,0.22929,1.54604,2.66788,1.58363,1.76064,0,0,0,0.000499009,0.000499009,0.000499009
245,4282.56,1.79923,2.89753,1.94021,1.89101,0.16605,0.14107,0.15547,0.52125,0.60742,0.59581,0.35758,0.44808,0.49864,0.44795,0.21747,1.5741,2.67114,1.57698,1.78135,0,0,0,0.000497634,0.000497634,0.000497634
246,4299.75,1.80058,3.03722,2.00873,1.94491,0.16983,0.14145,0.15679,0.54003,0.58408,0.59714,0.36053,0.39791,0.56097,0.4437,0.2194,1.5488,2.65719,1.59308,1.76629,0,0,0,0.00049626,0.00049626,0.00049626
247,4317.05,1.81752,2.94499,1.92312,1.87677,0.16673,0.14548,0.15816,0.52954,0.5632,0.59998,0.36874,0.41073,0.52858,0.46305,0.23845,1.5443,2.66097,1.52592,1.75922,0,0,0,0.000494885,0.000494885,0.000494885
248,4334.76,1.83662,2.95396,1.88867,1.85043,0.16368,0.1447,0.15665,0.53974,0.62464,0.61426,0.37663,0.45669,0.52224,0.47223,0.22933,1.58519,2.69069,1.51551,1.78165,0,0,0,0.000493511,0.000493511,0.000493511
249,4352.04,1.78608,3.03737,2.00481,1.90297,0.17561,0.14809,0.16299,0.57075,0.61783,0.63781,0.4024,0.47358,0.54472,0.48399,0.24497,1.55517,2.64368,1.52203,1.76624,0,0,0,0.000492136,0.000492136,0.000492136
250,4369.55,1.78131,2.95362,1.89562,1.86982,0.16899,0.14477,0.15905,0.56864,0.66397,0.63898,0.41497,0.47785,0.54805,0.49053,0.24484,1.52071,2.63664,1.51929,1.73971,0,0,0,0.000490762,0.000490762,0.000490762
251,4387.1,1.77825,2.93407,1.90129,1.87263,0.16321,0.14216,0.15528,0.59569,0.60291,0.62334,0.38844,0.51206,0.51964,0.47239,0.23288,1.5157,2.62413,1.52535,1.73523,0,0,0,0.000489387,0.000489387,0.000489387
252,4404.39,1.77225,2.95838,1.90222,1.88713,0.16487,0.14243,0.15684,0.57393,0.61331,0.63636,0.40972,0.50867,0.54737,0.51034,0.26219,1.50166,2.6358,1.5032,1.72646,0,0,0,0.000488013,0.000488013,0.000488013
253,4421.86,1.79738,2.98596,1.92992,1.89408,0.17194,0.14401,0.1607,0.58734,0.62899,0.63633,0.38493,0.52169,0.57042,0.51089,0.25626,1.5777,2.64658,1.5762,1.76103,0,0,0,0.000486639,0.000486639,0.000486639
254,4439.2,1.79344,3.07907,2.01309,1.91121,0.17299,0.14571,0.16146,0.61544,0.55273,0.61357,0.37206,0.56277,0.49294,0.50049,0.24295,1.54987,2.661,1.63238,1.75418,0,0,0,0.000485264,0.000485264,0.000485264
255,4456.69,1.85285,2.93247,1.92032,1.8788,0.16913,0.14532,0.15929,0.53636,0.64888,0.63541,0.39102,0.48549,0.5353,0.51501,0.25619,1.5187,2.61872,1.54004,1.73147,0,0,0,0.00048389,0.00048389,0.00048389
256,4473.98,1.79006,2.97409,1.94446,1.86999,0.16839,0.14817,0.16227,0.71164,0.4747,0.61799,0.38668,0.64522,0.42114,0.49927,0.25003,1.50606,2.59483,1.5564,1.72273,0,0,0,0.000482515,0.000482515,0.000482515
257,4491.15,1.78599,2.88538,1.89971,1.86447,0.15852,0.13578,0.14786,0.59949,0.55187,0.62899,0.38877,0.49116,0.5051,0.49103,0.25375,1.5193,2.56783,1.47433,1.73104,0,0,0,0.000481141,0.000481141,0.000481141
258,4508.42,1.77327,2.86926,1.85994,1.8745,0.16636,0.14062,0.15676,0.55648,0.65142,0.61363,0.37878,0.45618,0.55892,0.47668,0.23942,1.53183,2.56609,1.49197,1.73031,0,0,0,0.000479766,0.000479766,0.000479766
259,4525.68,1.80202,2.87746,1.93767,1.88968,0.16978,0.1437,0.15726,0.52663,0.66428,0.62848,0.39433,0.43479,0.56078,0.48347,0.25977,1.52043,2.57666,1.54752,1.72333,0,0,0,0.000478392,0.000478392,0.000478392
260,4543.07,1.87473,2.93474,1.93976,1.85311,0.16359,0.13717,0.15342,0.59258,0.61378,0.62209,0.37508,0.49542,0.52847,0.47525,0.23548,1.53497,2.59208,1.54347,1.73416,0,0,0,0.000477017,0.000477017,0.000477017
261,4560.46,1.86128,3.02214,1.97011,1.86329,0.17632,0.14828,0.16292,0.60797,0.54264,0.58935,0.3322,0.51773,0.47027,0.44531,0.19452,1.55962,2.61878,1.5518,1.76614,0,0,0,0.000475643,0.000475643,0.000475643
262,4577.76,1.81295,2.96012,1.98225,1.89188,0.16658,0.14149,0.15552,0.59514,0.63033,0.64124,0.39842,0.47494,0.57357,0.4746,0.23239,1.48283,2.55871,1.52252,1.71057,0,0,0,0.000474269,0.000474269,0.000474269
263,4595.05,1.75095,2.92404,1.82284,1.8174,0.16503,0.14415,0.15673,0.63884,0.62307,0.65473,0.41917,0.51984,0.56865,0.50796,0.25384,1.46397,2.55857,1.46689,1.69623,0,0,0,0.000472894,0.000472894,0.000472894
264,4612.63,1.76865,2.87862,1.89496,1.86592,0.18014,0.15313,0.16744,0.58194,0.6658,0.61613,0.38025,0.51575,0.59537,0.47815,0.23768,1.511,2.57197,1.43867,1.72083,0,0,0,0.00047152,0.00047152,0.00047152
265,4629.82,1.78399,2.87699,1.90083,1.88263,0.17087,0.14009,0.15678,0.56886,0.62736,0.62258,0.38449,0.49791,0.55398,0.48555,0.23039,1.49526,2.56576,1.46002,1.71374,0,0,0,0.000470145,0.000470145,0.000470145
266,4647.07,1.74591,2.92479,1.90383,1.84351,0.16366,0.13458,0.15057,0.61679,0.6011,0.64186,0.40758,0.51723,0.51286,0.48218,0.24358,1.50384,2.55946,1.5012,1.72261,0,0,0,0.000468771,0.000468771,0.000468771
267,4664.33,1.76964,2.89651,1.92162,1.86341,0.16711,0.14254,0.15599,0.62548,0.60267,0.6414,0.40404,0.53342,0.51222,0.49148,0.2425,1.48128,2.54263,1.48439,1.70704,0,0,0,0.000467396,0.000467396,0.000467396
268,4681.55,1.75053,2.87766,1.88349,1.87257,0.1629,0.13961,0.1537,0.71842,0.50507,0.62586,0.39655,0.49046,0.54666,0.48908,0.23952,1.4824,2.56085,1.45687,1.71137,0,0,0,0.000466022,0.000466022,0.000466022
269,4698.96,1.77567,2.9442,1.84898,1.82855,0.16331,0.13991,0.15405,0.6017,0.65708,0.66024,0.4142,0.52239,0.56647,0.5179,0.24561,1.44387,2.52783,1.45051,1.67872,0,0,0,0.000464647,0.000464647,0.000464647
270,4716.22,1.75066,2.8702,1.8111,1.8358,0.16386,0.1415,0.15572,0.67494,0.60656,0.64981,0.40465,0.54656,0.58742,0.5039,0.24835,1.46514,2.50551,1.46074,1.68867,0,0,0,0.000463273,0.000463273,0.000463273
271,4733.29,1.79321,2.97237,1.94052,1.88443,0.16928,0.14378,0.15943,0.64112,0.6419,0.66606,0.4179,0.55073,0.54989,0.50595,0.25904,1.45971,2.52732,1.4548,1.6812,0,0,0,0.000461898,0.000461898,0.000461898
272,4750.89,1.78865,2.87988,1.87341,1.84825,0.16788,0.14398,0.15873,0.6929,0.58693,0.65063,0.41511,0.59701,0.52283,0.51156,0.25977,1.44426,2.5368,1.52197,1.6816,0,0,0,0.000460524,0.000460524,0.000460524
273,4768.26,1.78824,2.81763,1.84885,1.82952,0.16169,0.14455,0.15707,0.59643,0.63576,0.65946,0.42936,0.51878,0.55726,0.51961,0.26073,1.42446,2.5103,1.44661,1.67585,0,0,0,0.00045915,0.00045915,0.00045915
274,4785.83,1.83874,2.89324,1.91826,1.85351,0.17032,0.14314,0.15868,0.57764,0.65576,0.66503,0.42501,0.5089,0.5739,0.51335,0.26275,1.45169,2.48464,1.4619,1.68128,0,0,0,0.000457775,0.000457775,0.000457775
275,4803.17,1.75653,2.92663,1.82476,1.82636,0.16323,0.13623,0.14966,0.61122,0.65445,0.67517,0.42398,0.50768,0.54313,0.51259,0.25975,1.45131,2.5109,1.47337,1.68218,0,0,0,0.000456401,0.000456401,0.000456401
276,4820.49,1.71282,2.8816,1.87392,1.84983,0.17731,0.15142,0.16443,0.6108,0.67687,0.67199,0.41422,0.51263,0.57307,0.50391,0.25804,1.46744,2.52855,1.48549,1.69239,0,0,0,0.000455026,0.000455026,0.000455026
277,4837.8,1.76823,2.82931,1.88404,1.84667,0.16244,0.13828,0.15288,0.62113,0.63057,0.65319,0.39778,0.48921,0.60728,0.50534,0.24986,1.48713,2.54564,1.45965,1.70648,0,0,0,0.000453652,0.000453652,0.000453652
278,4855.06,1.76075,2.89557,1.82411,1.81519,0.16714,0.14414,0.15815,0.71012,0.56764,0.65792,0.40901,0.62417,0.48706,0.51551,0.25752,1.43996,2.51817,1.44929,1.67712,0,0,0,0.000452277,0.000452277,0.000452277
279,4872.4,1.72484,2.74961,1.79041,1.81037,0.15681,0.13037,0.14662,0.57661,0.66935,0.64815,0.40999,0.54366,0.55145,0.50639,0.26403,1.42983,2.50134,1.45511,1.66961,0,0,0,0.000450903,0.000450903,0.000450903
280,4889.76,1.76343,2.91456,1.9108,1.83771,0.16649,0.14176,0.15527,0.61172,0.633,0.64371,0.41242,0.5368,0.54076,0.51131,0.25711,1.44534,2.54235,1.4437,1.67066,0,0,0,0.000449528,0.000449528,0.000449528
281,4907.07,1.69949,2.82162,1.84195,1.82272,0.16442,0.14158,0.15507,0.60964,0.62459,0.64999,0.42219,0.5271,0.54263,0.50997,0.27847,1.4159,2.51339,1.42532,1.65575,0,0,0,0.000448154,0.000448154,0.000448154
282,4924.5,1.71422,2.82414,1.81589,1.83359,0.16685,0.14117,0.15632,0.62509,0.65138,0.67069,0.42916,0.58412,0.53977,0.53089,0.27002,1.43818,2.49885,1.40194,1.66746,0,0,0,0.00044678,0.00044678,0.00044678
283,4941.88,1.74554,2.80917,1.7843,1.79538,0.16772,0.14385,0.15664,0.60568,0.68215,0.68351,0.4438,0.52735,0.59504,0.54897,0.28104,1.41917,2.46623,1.41056,1.66044,0,0,0,0.000445405,0.000445405,0.000445405
284,4959.49,1.74097,2.81802,1.80531,1.82242,0.16501,0.13687,0.15174,0.69477,0.61543,0.67593,0.44094,0.59533,0.55083,0.53504,0.27552,1.41703,2.45432,1.4133,1.65617,0,0,0,0.000444031,0.000444031,0.000444031
285,4976.82,1.70766,2.82681,1.79793,1.8102,0.1574,0.13602,0.15015,0.62669,0.67846,0.67545,0.43366,0.53324,0.5996,0.53468,0.27425,1.42361,2.46976,1.40406,1.66613,0,0,0,0.000442656,0.000442656,0.000442656
286,4994.07,1.68362,2.86724,1.81063,1.81975,0.16889,0.14603,0.15982,0.68238,0.63364,0.68071,0.44455,0.67581,0.48998,0.52459,0.27142,1.42845,2.46202,1.42721,1.66062,0,0,0,0.000441282,0.000441282,0.000441282
287,5011.33,1.66986,2.77566,1.7946,1.83291,0.16292,0.14133,0.15451,0.62374,0.66302,0.68791,0.44914,0.53683,0.57133,0.53276,0.26907,1.42819,2.45574,1.4589,1.6528,0,0,0,0.000439907,0.000439907,0.000439907
288,5028.73,1.72524,2.91109,1.81366,1.79447,0.15919,0.13268,0.14889,0.64849,0.68015,0.69711,0.44664,0.56808,0.5801,0.55565,0.27388,1.41989,2.43582,1.41749,1.64931,0,0,0,0.000438533,0.000438533,0.000438533
289,5045.95,1.7541,2.7804,1.76164,1.82264,0.15339,0.13111,0.14455,0.64369,0.65444,0.67631,0.4287,0.54942,0.54763,0.51138,0.26167,1.42516,2.44059,1.4508,1.65673,0,0,0,0.000437158,0.000437158,0.000437158
290,5063.35,1.72187,2.83491,1.79388,1.80685,0.16311,0.13652,0.15232,0.71003,0.59486,0.67166,0.41756,0.60562,0.50925,0.51737,0.25247,1.41887,2.42938,1.4375,1.65364,0,0,0,0.000435784,0.000435784,0.000435784
291,5080.79,1.71591,2.80381,1.788,1.80552,0.16366,0.14095,0.154,0.63339,0.65209,0.68633,0.43247,0.54119,0.54757,0.53708,0.27731,1.40482,2.43875,1.38123,1.64008,0,0,0,0.000434409,0.000434409,0.000434409
292,5098.08,1.75265,2.80521,1.85369,1.80786,0.15726,0.13439,0.14804,0.70618,0.63921,0.68922,0.43734,0.65879,0.53238,0.55382,0.27666,1.42871,2.45817,1.35271,1.66251,0,0,0,0.000433035,0.000433035,0.000433035
293,5115.28,1.69536,2.7355,1.81471,1.82501,0.16389,0.14082,0.15345,0.71374,0.61072,0.69469,0.44474,0.64807,0.54081,0.57186,0.29298,1.40421,2.42479,1.365,1.65656,0,0,0,0.000431661,0.000431661,0.000431661
294,5132.69,1.72258,2.78756,1.77962,1.82859,0.16697,0.14513,0.15829,0.67602,0.60121,0.69072,0.44065,0.60971,0.54644,0.5792,0.28409,1.40202,2.40784,1.37711,1.6485,0,0,0,0.000430286,0.000430286,0.000430286
295,5149.91,1.69045,2.80468,1.80779,1.7939,0.15708,0.13118,0.14679,0.63731,0.63955,0.67041,0.41805,0.5709,0.58729,0.56069,0.27851,1.41975,2.45581,1.39012,1.65495,0,0,0,0.000428912,0.000428912,0.000428912
296,5167.23,1.77135,2.87707,1.83623,1.81376,0.15491,0.13341,0.14645,0.55312,0.69721,0.67258,0.41234,0.48162,0.6413,0.55269,0.27636,1.42192,2.44548,1.44455,1.64928,0,0,0,0.000427537,0.000427537,0.000427537
297,5184.54,1.73733,2.83822,1.83142,1.81078,0.16434,0.14203,0.15603,0.576,0.67256,0.67653,0.42482,0.50138,0.59769,0.55612,0.27258,1.41087,2.4625,1.43274,1.65223,0,0,0,0.000426163,0.000426163,0.000426163
298,5201.72,1.71357,2.84956,1.87505,1.85827,0.16788,0.14112,0.15538,0.60902,0.7136,0.69313,0.44163,0.53696,0.63476,0.55529,0.28345,1.41857,2.42646,1.39633,1.65756,0,0,0,0.000424788,0.000424788,0.000424788
299,5219.04,1.69167,2.77927,1.77439,1.80946,0.1618,0.13943,0.15417,0.61879,0.71562,0.67886,0.41405,0.56543,0.64347,0.55949,0.26623,1.45532,2.44581,1.40354,1.66886,0,0,0,0.000423414,0.000423414,0.000423414
300,5236.27,1.64236,2.71397,1.76335,1.83298,0.15849,0.13364,0.14799,0.65849,0.64386,0.68814,0.43382,0.59098,0.57959,0.56941,0.30273,1.39264,2.40769,1.39937,1.63403,0,0,0,0.000422039,0.000422039,0.000422039
301,5253.62,1.69967,2.78216,1.76036,1.78896,0.16616,0.14196,0.15689,0.70438,0.66697,0.70223,0.45224,0.64225,0.60671,0.59287,0.31825,1.36412,2.38793,1.36913,1.61714,0,0,0,0.000420665,0.000420665,0.000420665
302,5271.15,1.65846,2.77302,1.76154,1.81922,0.15878,0.13511,0.14902,0.6874,0.665,0.70222,0.45243,0.59336,0.6124,0.58753,0.30318,1.37779,2.39425,1.33398,1.62151,0,0,0,0.000419291,0.000419291,0.000419291
303,5288.6,1.78903,2.89249,1.80627,1.77612,0.16055,0.14127,0.15175,0.67986,0.65387,0.69849,0.45284,0.5896,0.58263,0.55725,0.28701,1.37305,2.40888,1.3296,1.61665,0,0,0,0.000417916,0.000417916,0.000417916
304,5305.89,1.68245,2.80932,1.72143,1.77582,0.1565,0.13733,0.14982,0.60103,0.70812,0.7052,0.45453,0.52447,0.62621,0.56141,0.29645,1.40113,2.43404,1.37687,1.62962,0,0,0,0.000416542,0.000416542,0.000416542
305,5323.27,1.64394,2.73705,1.714,1.76196,0.16572,0.14227,0.15317,0.64837,0.65643,0.68866,0.44189,0.55733,0.58438,0.5678,0.29807,1.3768,2.41817,1.34768,1.60907,0,0,0,0.000415167,0.000415167,0.000415167
306,5340.57,1.70865,2.69044,1.73066,1.76813,0.1544,0.13287,0.14583,0.69442,0.64576,0.69586,0.451,0.61725,0.59661,0.59279,0.29486,1.37965,2.39935,1.3372,1.60709,0,0,0,0.000413793,0.000413793,0.000413793
307,5358.04,1.71247,2.78506,1.72703,1.78297,0.16128,0.1352,0.14811,0.70974,0.64296,0.71166,0.46956,0.63215,0.57629,0.59122,0.29901,1.40175,2.39611,1.32076,1.62141,0,0,0,0.000412418,0.000412418,0.000412418
308,5375.35,1.67957,2.77751,1.72108,1.79811,0.16335,0.13961,0.15236,0.73075,0.6036,0.697,0.45913,0.5937,0.59497,0.58872,0.30034,1.43122,2.42891,1.33636,1.64836,0,0,0,0.000411044,0.000411044,0.000411044
309,5392.89,1.77042,2.90162,1.77024,1.76268,0.16194,0.13746,0.15201,0.73857,0.60116,0.70898,0.46045,0.63043,0.58116,0.60033,0.31007,1.40791,2.38851,1.34411,1.63944,0,0,0,0.000409669,0.000409669,0.000409669
310,5410.55,1.72631,2.82286,1.77232,1.77999,0.16159,0.13962,0.15333,0.6823,0.63577,0.70498,0.45279,0.60025,0.58802,0.60212,0.29597,1.39715,2.39421,1.33593,1.63609,0,0,0,0.000408295,0.000408295,0.000408295
311,5427.88,1.73213,2.85354,1.77418,1.7815,0.1646,0.14092,0.15235,0.6523,0.67089,0.69436,0.4452,0.59314,0.6117,0.58499,0.30567,1.37821,2.36755,1.32163,1.62314,0,0,0,0.00040692,0.00040692,0.00040692
312,5445.24,1.70633,2.82415,1.77809,1.7529,0.15696,0.13376,0.14587,0.68872,0.66419,0.69477,0.45457,0.59378,0.60864,0.56449,0.3011,1.36868,2.36474,1.31131,1.60689,0,0,0,0.000405546,0.000405546,0.000405546
313,5462.42,1.65292,2.79328,1.73096,1.79646,0.16049,0.14011,0.1516,0.68377,0.63887,0.68864,0.45422,0.56663,0.59173,0.55715,0.29157,1.35997,2.3537,1.31874,1.60381,0,0,0,0.000404172,0.000404172,0.000404172
314,5479.67,1.63893,2.71578,1.70394,1.76751,0.14633,0.12556,0.13774,0.66114,0.62248,0.69925,0.47288,0.55476,0.59176,0.58213,0.29498,1.3526,2.35109,1.35851,1.59463,0,0,0,0.000402797,0.000402797,0.000402797
315,5497.01,1.66086,2.72382,1.69185,1.73984,0.15616,0.13397,0.1456,0.61122,0.65261,0.7013,0.46001,0.54204,0.60084,0.58917,0.29943,1.38196,2.37223,1.35218,1.61166,0,0,0,0.000401423,0.000401423,0.000401423
316,5514.31,1.69712,2.76945,1.72899,1.80918,0.15418,0.13194,0.14438,0.67666,0.6414,0.7189,0.48376,0.61213,0.58482,0.60393,0.3264,1.3372,2.33538,1.37139,1.58964,0,0,0,0.000400048,0.000400048,0.000400048
317,5531.83,1.63522,2.70799,1.67061,1.75771,0.15813,0.13667,0.14938,0.68792,0.66981,0.68815,0.45273,0.60555,0.63006,0.56524,0.29537,1.34881,2.34889,1.34381,1.59298,0,0,0,0.000398674,0.000398674,0.000398674
318,5549.12,1.68983,2.83424,1.76854,1.79423,0.16032,0.13493,0.14822,0.6669,0.6031,0.68166,0.4307,0.57947,0.53219,0.53033,0.27145,1.37796,2.3682,1.33146,1.61375,0,0,0,0.000397299,0.000397299,0.000397299
319,5566.33,1.64214,2.77337,1.69273,1.77351,0.16601,0.14238,0.15524,0.68783,0.64032,0.7202,0.46015,0.61555,0.57189,0.57128,0.30217,1.36257,2.3577,1.37433,1.60825,0,0,0,0.000395925,0.000395925,0.000395925
320,5583.63,1.64911,2.7668,1.73815,1.77093,0.15581,0.13538,0.14741,0.68909,0.66167,0.70959,0.47332,0.59134,0.59475,0.57886,0.30486,1.35545,2.33175,1.35698,1.60079,0,0,0,0.00039455,0.00039455,0.00039455
321,5600.9,1.64941,2.65129,1.71311,1.77108,0.15246,0.13129,0.14347,0.70291,0.63963,0.72556,0.48887,0.59752,0.58724,0.59285,0.31906,1.35231,2.33874,1.34539,1.59458,0,0,0,0.000393176,0.000393176,0.000393176
322,5618.15,1.5996,2.69904,1.62496,1.74319,0.15673,0.13954,0.1493,0.62645,0.68698,0.70279,0.4696,0.55566,0.61349,0.58441,0.29495,1.33787,2.34777,1.35749,1.58969,0,0,0,0.000391802,0.000391802,0.000391802
323,5635.38,1.60479,2.68625,1.70727,1.78361,0.15467,0.12925,0.14395,0.71249,0.6504,0.71697,0.47579,0.67782,0.57342,0.5943,0.31599,1.36282,2.31856,1.30768,1.59724,0,0,0,0.000390427,0.000390427,0.000390427
324,5652.53,1.61375,2.78083,1.72262,1.81835,0.16114,0.13752,0.14917,0.62608,0.69396,0.7156,0.46549,0.6682,0.52981,0.58431,0.31186,1.37195,2.34441,1.30535,1.61263,0,0,0,0.000389053,0.000389053,0.000389053
325,5669.8,1.64544,2.69728,1.77228,1.77956,0.15799,0.13794,0.1505,0.6874,0.61359,0.71816,0.47801,0.70409,0.53202,0.60525,0.32815,1.38639,2.35053,1.32452,1.61802,0,0,0,0.000387678,0.000387678,0.000387678
326,5687.24,1.69271,2.72268,1.73233,1.78606,0.15758,0.13705,0.14956,0.5949,0.6953,0.71431,0.4663,0.54728,0.59092,0.59025,0.30805,1.40326,2.35571,1.3663,1.62113,0,0,0,0.000386304,0.000386304,0.000386304
327,5704.5,1.67865,2.74978,1.74491,1.78617,0.16826,0.14396,0.15692,0.65979,0.63739,0.71469,0.47032,0.5115,0.65599,0.59924,0.3124,1.36627,2.32345,1.39316,1.59843,0,0,0,0.000384929,0.000384929,0.000384929
328,5721.75,1.62619,2.7274,1.65159,1.73153,0.16158,0.14003,0.15339,0.60805,0.70227,0.71269,0.47491,0.52523,0.64444,0.58369,0.31333,1.32628,2.31208,1.3484,1.57294,0,0,0,0.000383555,0.000383555,0.000383555
329,5739.14,1.67289,2.72458,1.69546,1.74845,0.14769,0.13257,0.14184,0.57218,0.70325,0.6937,0.46425,0.56334,0.58245,0.55921,0.30702,1.32251,2.30941,1.33478,1.57592,0,0,0,0.00038218,0.00038218,0.00038218
330,5756.45,1.62669,2.73704,1.70462,1.76157,0.16045,0.1382,0.1513,0.67745,0.65347,0.70613,0.47687,0.60583,0.58402,0.57971,0.31689,1.33912,2.29552,1.33808,1.58755,0,0,0,0.000380806,0.000380806,0.000380806
331,5773.59,1.64834,2.63364,1.70792,1.78068,0.16211,0.14179,0.15575,0.66897,0.68667,0.71854,0.48609,0.60302,0.63529,0.59868,0.3268,1.32908,2.27681,1.29483,1.58401,0,0,0,0.000379431,0.000379431,0.000379431
332,5790.94,1.63177,2.69996,1.64283,1.71208,0.15705,0.13533,0.148,0.65275,0.73281,0.7331,0.49463,0.59463,0.63108,0.59654,0.32832,1.31479,2.26771,1.25311,1.57568,0,0,0,0.000378057,0.000378057,0.000378057
333,5808.5,1.61637,2.61276,1.64023,1.74927,0.16495,0.14225,0.15438,0.69052,0.70734,0.71676,0.48094,0.60072,0.62062,0.5803,0.30925,1.3092,2.2889,1.27956,1.56889,0,0,0,0.000376683,0.000376683,0.000376683
334,5825.76,1.58662,2.62592,1.63613,1.72335,0.14979,0.13373,0.14539,0.68829,0.67556,0.70433,0.47495,0.6059,0.60851,0.57551,0.3087,1.31296,2.28163,1.26792,1.56636,0,0,0,0.000375308,0.000375308,0.000375308
335,5842.98,1.56967,2.4929,1.58536,1.72408,0.15857,0.13528,0.14697,0.67635,0.66426,0.70364,0.4795,0.62118,0.60565,0.61064,0.31665,1.30052,2.24413,1.24739,1.55676,0,0,0,0.000373934,0.000373934,0.000373934
336,5860.32,1.67463,2.65602,1.76001,1.79107,0.1604,0.13291,0.14806,0.63434,0.68665,0.72118,0.48425,0.56628,0.60565,0.60029,0.32305,1.34668,2.25973,1.26487,1.58176,0,0,0,0.000372559,0.000372559,0.000372559
337,5877.66,1.69496,2.69703,1.69364,1.75316,0.15589,0.12998,0.14423,0.60593,0.70484,0.72186,0.48312,0.52357,0.6495,0.60405,0.32944,1.34386,2.29405,1.29407,1.58601,0,0,0,0.000371185,0.000371185,0.000371185
338,5894.94,1.6491,2.66089,1.70046,1.77011,0.15645,0.13577,0.14737,0.61006,0.7112,0.72544,0.49059,0.55211,0.64588,0.61856,0.34388,1.31934,2.27217,1.31869,1.57,0,0,0,0.00036981,0.00036981,0.00036981
339,5912.52,1.59052,2.62032,1.66,1.74561,0.15717,0.13872,0.14952,0.62488,0.65962,0.70076,0.46561,0.54656,0.60326,0.57931,0.32033,1.33876,2.25699,1.34368,1.58202,0,0,0,0.000368436,0.000368436,0.000368436
340,5929.66,1.61712,2.66948,1.69299,1.76443,0.15823,0.13748,0.14951,0.55924,0.70867,0.72205,0.46888,0.51194,0.64856,0.59407,0.31727,1.32174,2.28007,1.27639,1.57388,0,0,0,0.000367061,0.000367061,0.000367061
341,5946.9,1.67062,2.68171,1.66686,1.73741,0.14679,0.12805,0.14002,0.62039,0.70437,0.73074,0.48141,0.53532,0.62715,0.58162,0.31575,1.29701,2.2727,1.25433,1.55927,0,0,0,0.000365687,0.000365687,0.000365687
342,5964.08,1.561,2.56689,1.66458,1.72337,0.1573,0.13607,0.14836,0.63636,0.68488,0.72371,0.48611,0.59892,0.58457,0.58449,0.31876,1.29134,2.24665,1.27503,1.54725,0,0,0,0.000364313,0.000364313,0.000364313
343,5981.29,1.62032,2.63644,1.64134,1.70266,0.15541,0.13953,0.14986,0.6627,0.67205,0.72805,0.50168,0.60665,0.60778,0.61889,0.34215,1.28907,2.26953,1.26001,1.5474,0,0,0,0.000362938,0.000362938,0.000362938
344,5998.85,1.63621,2.67908,1.60826,1.70741,0.14877,0.13264,0.14217,0.68723,0.63921,0.71783,0.48397,0.61733,0.58345,0.61413,0.33691,1.31862,2.29177,1.26467,1.57056,0,0,0,0.000361564,0.000361564,0.000361564
345,6016.08,1.58846,2.64473,1.65413,1.7443,0.14758,0.12987,0.13943,0.68072,0.68012,0.73213,0.50114,0.62197,0.63043,0.6297,0.34589,1.28812,2.23588,1.25216,1.54347,0,0,0,0.000360189,0.000360189,0.000360189
346,6033.55,1.63188,2.65856,1.62798,1.71435,0.14608,0.13126,0.142,0.67238,0.69191,0.73702,0.50571,0.62577,0.60274,0.61625,0.34535,1.29316,2.21779,1.25262,1.53841,0,0,0,0.000358815,0.000358815,0.000358815
347,6051.1,1.59447,2.63799,1.61265,1.7108,0.15248,0.13327,0.14403,0.71044,0.69426,0.73612,0.5022,0.63729,0.61168,0.62096,0.34599,1.29219,2.21655,1.23899,1.54525,0,0,0,0.00035744,0.00035744,0.00035744
348,6068.39,1.61464,2.63318,1.61888,1.72588,0.14545,0.12663,0.13743,0.72515,0.69323,0.74079,0.49982,0.64416,0.64904,0.6337,0.34487,1.27552,2.22764,1.22872,1.54064,0,0,0,0.000356066,0.000356066,0.000356066
349,6085.53,1.53838,2.58444,1.57557,1.69318,0.15012,0.13327,0.14338,0.70043,0.65091,0.72665,0.49351,0.65909,0.59153,0.61955,0.34008,1.27742,2.22717,1.2354,1.54315,0,0,0,0.000354691,0.000354691,0.000354691
350,6102.7,1.5779,2.60818,1.58047,1.71532,0.1601,0.13643,0.14921,0.63603,0.72691,0.73844,0.5118,0.57355,0.66317,0.62829,0.34715,1.25361,2.21134,1.22866,1.52472,0,0,0,0.000353317,0.000353317,0.000353317
351,6120.11,1.56644,2.6502,1.57333,1.70451,0.16287,0.14208,0.15328,0.63773,0.72697,0.74294,0.52188,0.57182,0.66062,0.63505,0.35411,1.24748,2.20286,1.21454,1.51763,0,0,0,0.000351942,0.000351942,0.000351942
352,6137.75,1.6394,2.66669,1.66914,1.74582,0.15077,0.13291,0.14534,0.66217,0.6696,0.72763,0.50302,0.51948,0.68808,0.61689,0.34391,1.28075,2.21601,1.2207,1.53619,0,0,0,0.000350568,0.000350568,0.000350568
353,6155.21,1.61251,2.61795,1.57865,1.70082,0.15127,0.13355,0.14563,0.66775,0.68909,0.74256,0.50444,0.586,0.64066,0.63367,0.34025,1.2861,2.20563,1.23006,1.543,0,0,0,0.000349194,0.000349194,0.000349194
354,6172.23,1.59443,2.67609,1.58957,1.70693,0.16591,0.14057,0.15298,0.75928,0.66578,0.72833,0.48757,0.69287,0.61094,0.61883,0.33404,1.27674,2.19152,1.23782,1.53639,0,0,0,0.000347819,0.000347819,0.000347819
355,6189.54,1.61341,2.67925,1.63441,1.73128,0.15642,0.1343,0.1463,0.73561,0.67838,0.72593,0.48325,0.65605,0.60941,0.59135,0.32332,1.31324,2.23523,1.26845,1.55382,0,0,0,0.000346445,0.000346445,0.000346445
356,6206.8,1.64431,2.63089,1.68412,1.76122,0.15518,0.1354,0.14703,0.75839,0.65064,0.73582,0.4926,0.6816,0.58414,0.59914,0.31539,1.34045,2.25233,1.28434,1.57522,0,0,0,0.00034507,0.00034507,0.00034507
357,6224.07,1.64032,2.61843,1.64318,1.71999,0.15342,0.12994,0.14157,0.6887,0.65398,0.74486,0.51452,0.61382,0.58446,0.6142,0.34328,1.27704,2.21219,1.27184,1.53429,0,0,0,0.000343696,0.000343696,0.000343696
358,6241.33,1.60069,2.5294,1.55457,1.70932,0.14802,0.12936,0.1409,0.6409,0.6928,0.72914,0.5089,0.63429,0.56967,0.59277,0.32603,1.27377,2.23174,1.26217,1.52956,0,0,0,0.000342321,0.000342321,0.000342321
359,6258.5,1.57864,2.64356,1.62795,1.74666,0.15988,0.13869,0.15028,0.72616,0.63043,0.74113,0.51826,0.68293,0.55365,0.61193,0.32885,1.26451,2.16713,1.25727,1.52678,0,0,0,0.000340947,0.000340947,0.000340947
360,6275.73,1.62304,2.60625,1.64822,1.71542,0.15301,0.13217,0.14244,0.73426,0.62809,0.73737,0.51508,0.6788,0.57666,0.62851,0.35623,1.24816,2.15917,1.27499,1.51723,0,0,0,0.000339572,0.000339572,0.000339572
361,6292.81,1.57446,2.63371,1.64712,1.70824,0.15462,0.13439,0.14597,0.6584,0.67087,0.73018,0.50407,0.59013,0.6096,0.61589,0.3511,1.25189,2.16001,1.24518,1.51125,0,0,0,0.000338198,0.000338198,0.000338198
362,6310.05,1.56423,2.66871,1.56335,1.7101,0.15744,0.13596,0.14743,0.66401,0.68533,0.73576,0.51191,0.60101,0.61126,0.61064,0.34271,1.25206,2.17413,1.21813,1.51672,0,0,0,0.000336824,0.000336824,0.000336824
363,6327.26,1.632,2.61092,1.63287,1.74682,0.14716,0.12635,0.13837,0.7013,0.64973,0.73899,0.51824,0.65694,0.59418,0.62351,0.35559,1.24924,2.19011,1.22532,1.51861,0,0,0,0.000335449,0.000335449,0.000335449
364,6344.53,1.61435,2.66702,1.61288,1.71067,0.15252,0.13358,0.14439,0.66185,0.70043,0.72797,0.50614,0.71176,0.55029,0.60796,0.34407,1.25432,2.18447,1.21646,1.52151,0,0,0,0.000334075,0.000334075,0.000334075
365,6361.82,1.57388,2.58591,1.64958,1.7423,0.1571,0.13447,0.14615,0.64494,0.70052,0.72301,0.48867,0.5824,0.63978,0.60692,0.32944,1.26794,2.1878,1.24027,1.52663,0,0,0,0.0003327,0.0003327,0.0003327
366,6379.04,1.58047,2.56539,1.5965,1.70116,0.15181,0.13333,0.14358,0.64571,0.70655,0.72739,0.50607,0.59218,0.6111,0.60405,0.33844,1.25117,2.16964,1.23785,1.52314,0,0,0,0.000331326,0.000331326,0.000331326
367,6396.4,1.60235,2.57111,1.6404,1.70266,0.14292,0.1257,0.13711,0.70204,0.67031,0.7288,0.50536,0.64929,0.60323,0.62738,0.34819,1.26363,2.15918,1.22957,1.52501,0,0,0,0.000329951,0.000329951,0.000329951
368,6413.74,1.58493,2.55835,1.60094,1.7161,0.14868,0.12976,0.14115,0.70778,0.67391,0.73099,0.49272,0.66086,0.6134,0.61283,0.33508,1.30745,2.19228,1.23568,1.54248,0,0,0,0.000328577,0.000328577,0.000328577
369,6431.05,1.51668,2.5505,1.54896,1.68005,0.14686,0.13397,0.1447,0.70088,0.68253,0.73158,0.51049,0.63891,0.62763,0.63603,0.35036,1.27019,2.14108,1.21031,1.52599,0,0,0,0.000327202,0.000327202,0.000327202
370,6448.26,1.61644,2.60735,1.58858,1.7031,0.14754,0.12895,0.14064,0.6907,0.6809,0.73572,0.52075,0.63033,0.63316,0.62918,0.36368,1.25461,2.13,1.2211,1.51571,0,0,0,0.000325828,0.000325828,0.000325828
371,6465.76,1.56383,2.57792,1.57482,1.69521,0.14849,0.13394,0.14267,0.72018,0.67192,0.72209,0.51036,0.63733,0.63353,0.60962,0.35374,1.23309,2.14817,1.26943,1.49881,0,0,0,0.000324453,0.000324453,0.000324453
372,6483.15,1.58422,2.60429,1.56167,1.67639,0.14667,0.12669,0.13784,0.70195,0.68106,0.72542,0.51416,0.65722,0.62286,0.61264,0.34932,1.23854,2.1536,1.24316,1.50797,0,0,0,0.000323079,0.000323079,0.000323079
373,6500.45,1.6267,2.61071,1.64524,1.67772,0.14181,0.12023,0.13197,0.66176,0.71734,0.74919,0.52569,0.6042,0.65714,0.63019,0.35194,1.30265,2.18149,1.22819,1.5453,0,0,0,0.000321705,0.000321705,0.000321705
374,6517.72,1.58614,2.54825,1.55814,1.70047,0.15489,0.1352,0.14647,0.73526,0.68133,0.75223,0.52707,0.67053,0.62437,0.63923,0.36201,1.27539,2.16479,1.21858,1.52842,0,0,0,0.00032033,0.00032033,0.00032033
375,6535.24,1.55211,2.49251,1.55342,1.68927,0.13771,0.12657,0.13591,0.77448,0.63039,0.73341,0.51723,0.69463,0.57211,0.61617,0.34407,1.26494,2.17095,1.21178,1.52156,0,0,0,0.000318956,0.000318956,0.000318956
376,6552.58,1.57324,2.5689,1.60839,1.70213,0.15977,0.13882,0.15009,0.69143,0.74464,0.74952,0.51286,0.62434,0.65573,0.63861,0.34898,1.27174,2.17662,1.19808,1.52239,0,0,0,0.000317581,0.000317581,0.000317581
377,6569.89,1.6086,2.59969,1.60112,1.69042,0.15521,0.13458,0.14542,0.69258,0.72682,0.75099,0.51652,0.64228,0.65844,0.65453,0.36323,1.24673,2.15694,1.20581,1.50715,0,0,0,0.000316207,0.000316207,0.000316207
378,6587.11,1.52558,2.52978,1.54299,1.66519,0.15804,0.14001,0.15136,0.69397,0.74772,0.7585,0.5325,0.64862,0.68027,0.66309,0.37505,1.22365,2.1545,1.18905,1.49927,0,0,0,0.000314832,0.000314832,0.000314832
379,6604.69,1.56269,2.59273,1.59036,1.68355,0.14977,0.13167,0.14224,0.68495,0.72262,0.75696,0.53214,0.65625,0.6672,0.65963,0.37019,1.23728,2.14961,1.19832,1.51195,0,0,0,0.000313458,0.000313458,0.000313458
380,6621.98,1.56301,2.5457,1.55089,1.69178,0.14977,0.1304,0.14078,0.68988,0.71935,0.75272,0.52683,0.63037,0.68136,0.64808,0.36796,1.22613,2.14208,1.20978,1.49915,0,0,0,0.000312083,0.000312083,0.000312083
381,6639.25,1.57168,2.62227,1.53946,1.68029,0.15071,0.13042,0.14164,0.71763,0.68748,0.7468,0.53262,0.65417,0.6314,0.63788,0.36646,1.2284,2.14424,1.21144,1.49626,0,0,0,0.000310709,0.000310709,0.000310709
382,6656.55,1.59032,2.60037,1.58845,1.70667,0.15859,0.13507,0.14728,0.68918,0.71131,0.74598,0.53588,0.61434,0.65113,0.61958,0.36186,1.23067,2.13332,1.17775,1.49546,0,0,0,0.000309335,0.000309335,0.000309335
383,6673.82,1.57197,2.57353,1.57192,1.7009,0.14765,0.12934,0.13954,0.67697,0.70352,0.75478,0.54189,0.61864,0.63767,0.63579,0.36806,1.21796,2.12986,1.1745,1.48856,0,0,0,0.00030796,0.00030796,0.00030796
384,6691.36,1.5293,2.49356,1.57726,1.66674,0.14608,0.12855,0.13843,0.75782,0.66512,0.76558,0.53845,0.6955,0.57483,0.63771,0.36114,1.22061,2.14225,1.1959,1.49045,0,0,0,0.000306586,0.000306586,0.000306586
385,6708.58,1.54421,2.58511,1.52393,1.67035,0.14752,0.12895,0.13956,0.72733,0.67736,0.74629,0.52787,0.66556,0.60618,0.62726,0.35783,1.22958,2.13903,1.19919,1.49729,0,0,0,0.000305211,0.000305211,0.000305211
386,6725.79,1.58268,2.59708,1.57632,1.68177,0.14247,0.12936,0.13875,0.722,0.66986,0.74018,0.52198,0.65133,0.6022,0.62188,0.35583,1.22051,2.14144,1.18222,1.49191,0,0,0,0.000303837,0.000303837,0.000303837
387,6743.15,1.59844,2.58282,1.57016,1.6587,0.14244,0.12219,0.13245,0.76476,0.64443,0.75738,0.53223,0.6893,0.58599,0.63606,0.36523,1.23824,2.14311,1.19721,1.49943,0,0,0,0.000302462,0.000302462,0.000302462
388,6760.57,1.58891,2.58723,1.54746,1.66297,0.14851,0.13407,0.14218,0.71776,0.66746,0.753,0.537,0.63491,0.59535,0.63685,0.36656,1.22507,2.13631,1.20021,1.48976,0,0,0,0.000301088,0.000301088,0.000301088
389,6777.98,1.61953,2.61163,1.59423,1.67406,0.14541,0.13137,0.13962,0.73796,0.65415,0.75114,0.51987,0.59173,0.65057,0.64534,0.36357,1.21175,2.13346,1.2005,1.48162,0,0,0,0.000299713,0.000299713,0.000299713
390,6795.36,1.55637,2.53975,1.51838,1.64388,0.1478,0.13495,0.14328,0.67613,0.70909,0.74859,0.51416,0.59149,0.67555,0.64341,0.36036,1.21509,2.12858,1.19181,1.47642,0,0,0,0.000298339,0.000298339,0.000298339
391,6812.52,1.50133,2.44471,1.53367,1.67164,0.1489,0.13156,0.14282,0.69731,0.70214,0.74911,0.51517,0.57836,0.6656,0.63427,0.36457,1.2251,2.10996,1.19575,1.47973,0,0,0,0.000296964,0.000296964,0.000296964
392,6829.91,1.54039,2.50225,1.57094,1.6799,0.14929,0.1282,0.13754,0.71227,0.69436,0.75852,0.53522,0.6555,0.64234,0.64635,0.37235,1.21507,2.10006,1.16601,1.47912,0,0,0,0.00029559,0.00029559,0.00029559
393,6847.13,1.56851,2.64214,1.58951,1.65795,0.14676,0.127,0.13703,0.63512,0.71141,0.75642,0.51943,0.617,0.6403,0.65369,0.36988,1.2398,2.12198,1.1768,1.48813,0,0,0,0.000294216,0.000294216,0.000294216
394,6864.28,1.54969,2.49012,1.55669,1.69026,0.15296,0.13471,0.14524,0.6821,0.68424,0.74835,0.51748,0.6282,0.63908,0.66848,0.37114,1.24838,2.14012,1.17681,1.49821,0,0,0,0.000292841,0.000292841,0.000292841
395,6881.64,1.59723,2.53379,1.57756,1.67267,0.14291,0.12663,0.13746,0.67509,0.6756,0.75567,0.52824,0.59127,0.65999,0.65587,0.37253,1.21331,2.11173,1.18159,1.47617,0,0,0,0.000291467,0.000291467,0.000291467
396,6898.89,1.52882,2.50425,1.51127,1.66451,0.14369,0.12834,0.13826,0.70054,0.65453,0.74447,0.52129,0.64281,0.60669,0.65261,0.36671,1.20819,2.09007,1.18396,1.47482,0,0,0,0.000290092,0.000290092,0.000290092
397,6916.02,1.5443,2.48241,1.56725,1.69593,0.14952,0.12754,0.13786,0.69147,0.68203,0.75821,0.53497,0.62548,0.62608,0.63434,0.36222,1.20948,2.08556,1.1612,1.47666,0,0,0,0.000288718,0.000288718,0.000288718
398,6933.34,1.55119,2.61991,1.57716,1.65662,0.14271,0.12212,0.13427,0.69164,0.70655,0.76029,0.54051,0.61643,0.65589,0.6378,0.36948,1.21579,2.08339,1.1657,1.4853,0,0,0,0.000287343,0.000287343,0.000287343
399,6950.99,1.57385,2.55653,1.55949,1.68171,0.15126,0.12973,0.14017,0.74418,0.68737,0.7701,0.54607,0.67733,0.63476,0.64775,0.37085,1.21783,2.10579,1.15935,1.48667,0,0,0,0.000285969,0.000285969,0.000285969
400,6968.49,1.5664,2.50874,1.50095,1.61293,0.14557,0.12725,0.13734,0.7506,0.68078,0.77572,0.5492,0.67759,0.62341,0.64396,0.37039,1.20142,2.10999,1.15655,1.47534,0,0,0,0.000284594,0.000284594,0.000284594
401,6986.04,1.62388,2.66016,1.58861,1.67623,0.15946,0.13708,0.1479,0.7028,0.70992,0.76246,0.54431,0.63271,0.64149,0.62895,0.36387,1.21219,2.11792,1.1639,1.48229,0,0,0,0.00028322,0.00028322,0.00028322
402,7003.34,1.5338,2.50649,1.50326,1.62622,0.15204,0.13385,0.14469,0.6574,0.69938,0.74125,0.53229,0.59112,0.63057,0.61319,0.35019,1.20609,2.10384,1.17371,1.4764,0,0,0,0.000281846,0.000281846,0.000281846
403,7020.69,1.54127,2.50702,1.55321,1.64864,0.15094,0.13406,0.14458,0.67836,0.69506,0.74468,0.53233,0.60946,0.62976,0.62539,0.35057,1.20787,2.10507,1.18607,1.47426,0,0,0,0.000280471,0.000280471,0.000280471
404,7037.81,1.51604,2.4652,1.54102,1.66451,0.14244,0.1276,0.13869,0.7006,0.67771,0.75624,0.55067,0.60864,0.64201,0.64727,0.38028,1.19383,2.08215,1.17686,1.46722,0,0,0,0.000279097,0.000279097,0.000279097
405,7055.15,1.48029,2.54516,1.4875,1.63348,0.15105,0.13575,0.14458,0.76985,0.63167,0.75379,0.53119,0.58952,0.69214,0.66657,0.38503,1.20438,2.06929,1.14517,1.4708,0,0,0,0.000277722,0.000277722,0.000277722
406,7072.28,1.46863,2.47861,1.48529,1.63862,0.14677,0.12775,0.14032,0.71425,0.71449,0.76389,0.54475,0.64243,0.67161,0.65831,0.38416,1.19945,2.06166,1.14689,1.4657,0,0,0,0.000276348,0.000276348,0.000276348
407,7089.41,1.46028,2.40632,1.47444,1.65295,0.13503,0.12153,0.13023,0.74267,0.66842,0.75889,0.54328,0.63014,0.64439,0.63893,0.37379,1.17697,2.04406,1.14679,1.45427,0,0,0,0.000274973,0.000274973,0.000274973
408,7106.58,1.52508,2.48974,1.50772,1.65579,0.1469,0.12864,0.13915,0.72902,0.67714,0.76688,0.5521,0.72034,0.59245,0.64331,0.37611,1.18396,2.03694,1.13495,1.45556,0,0,0,0.000273599,0.000273599,0.000273599
409,7123.73,1.48798,2.30624,1.48169,1.64046,0.13704,0.12183,0.13022,0.77264,0.67816,0.77748,0.56336,0.71049,0.62861,0.66818,0.39049,1.18315,2.03221,1.13207,1.4582,0,0,0,0.000272224,0.000272224,0.000272224
410,7141.26,1.5046,2.45545,1.46548,1.65697,0.155,0.13794,0.14818,0.72985,0.68511,0.76083,0.53993,0.67382,0.64585,0.66942,0.37846,1.19693,2.04595,1.14933,1.46414,0,0,0,0.00027085,0.00027085,0.00027085
411,7158.8,1.55557,2.45123,1.48447,1.6664,0.14423,0.13008,0.13889,0.7077,0.68201,0.75769,0.53855,0.64124,0.63094,0.6522,0.38331,1.19476,2.06029,1.1533,1.46011,0,0,0,0.000269475,0.000269475,0.000269475
412,7176.01,1.53602,2.41539,1.52125,1.67433,0.14413,0.12506,0.1343,0.76887,0.65488,0.76842,0.54667,0.69391,0.60385,0.65421,0.39597,1.18388,2.06357,1.15379,1.45594,0,0,0,0.000268101,0.000268101,0.000268101
413,7193.42,1.555,2.52238,1.53631,1.65268,0.14743,0.13157,0.14045,0.74884,0.67523,0.77632,0.55514,0.68257,0.61363,0.6664,0.39964,1.17858,2.06028,1.15954,1.44877,0,0,0,0.000266727,0.000266727,0.000266727
414,7211.08,1.54526,2.59684,1.52572,1.6418,0.16044,0.13965,0.15034,0.68474,0.72943,0.76976,0.54385,0.61462,0.66808,0.6537,0.38327,1.20017,2.06587,1.16682,1.46468,0,0,0,0.000265352,0.000265352,0.000265352
415,7228.23,1.57119,2.52707,1.52504,1.66692,0.15074,0.13163,0.14222,0.68275,0.72453,0.76422,0.54059,0.62971,0.67452,0.66712,0.38434,1.20705,2.06539,1.14649,1.46817,0,0,0,0.000263978,0.000263978,0.000263978
416,7245.49,1.47285,2.47838,1.46901,1.64172,0.14494,0.13032,0.13805,0.67691,0.73423,0.75611,0.54348,0.61961,0.68208,0.659,0.38765,1.18171,2.05266,1.12748,1.45486,0,0,0,0.000262603,0.000262603,0.000262603
417,7262.89,1.56493,2.52079,1.517,1.62647,0.14435,0.12548,0.13666,0.65921,0.75207,0.76333,0.54835,0.61821,0.67771,0.65638,0.38925,1.18593,2.04064,1.1304,1.45487,0,0,0,0.000261229,0.000261229,0.000261229
418,7280.14,1.49441,2.48949,1.47848,1.65269,0.14714,0.13107,0.14045,0.69234,0.74612,0.7635,0.55201,0.62343,0.67649,0.64471,0.38733,1.18552,2.04179,1.12934,1.45709,0,0,0,0.000259854,0.000259854,0.000259854
419,7297.38,1.53098,2.48006,1.49294,1.59956,0.14068,0.12713,0.13672,0.66852,0.76057,0.76372,0.55096,0.61382,0.68473,0.65067,0.38346,1.18701,2.05218,1.1277,1.45869,0,0,0,0.00025848,0.00025848,0.00025848
420,7314.75,1.50996,2.46471,1.52931,1.6549,0.14545,0.13143,0.14077,0.73004,0.72197,0.77842,0.56631,0.67288,0.66894,0.67061,0.39566,1.17054,2.01946,1.13778,1.44929,0,0,0,0.000257105,0.000257105,0.000257105
421,7332.28,1.54647,2.45474,1.53709,1.64624,0.15047,0.13094,0.14232,0.6905,0.72805,0.7791,0.55935,0.70717,0.6205,0.67435,0.38971,1.16614,2.02195,1.13083,1.44649,0,0,0,0.000255731,0.000255731,0.000255731
422,7349.57,1.51576,2.45111,1.48521,1.61166,0.14404,0.12899,0.13897,0.71836,0.69741,0.77646,0.55844,0.66212,0.64107,0.65417,0.38745,1.17922,2.0459,1.14042,1.45237,0,0,0,0.000254357,0.000254357,0.000254357
423,7366.69,1.49709,2.46211,1.50917,1.62992,0.14244,0.12123,0.13152,0.73137,0.69727,0.76632,0.54882,0.66112,0.64378,0.64956,0.38214,1.17445,2.03966,1.1439,1.44924,0,0,0,0.000252982,0.000252982,0.000252982
424,7383.95,1.52186,2.44509,1.50652,1.67112,0.14455,0.12559,0.13564,0.7494,0.68709,0.7684,0.54104,0.68107,0.62999,0.64984,0.3846,1.18001,2.03892,1.14195,1.45518,0,0,0,0.000251608,0.000251608,0.000251608
425,7401.18,1.53489,2.47962,1.48122,1.63137,0.14599,0.12908,0.13977,0.76609,0.67417,0.77017,0.53274,0.65309,0.6587,0.6558,0.38653,1.17522,2.02996,1.12221,1.45465,0,0,0,0.000250233,0.000250233,0.000250233
426,7418.56,1.50161,2.4776,1.46428,1.63322,0.14101,0.12289,0.13467,0.73517,0.71437,0.77467,0.53607,0.74481,0.60576,0.67914,0.38728,1.19395,2.04681,1.13969,1.46104,0,0,0,0.000248859,0.000248859,0.000248859
427,7435.98,1.56386,2.5027,1.51209,1.60901,0.13954,0.12447,0.13332,0.77834,0.6789,0.76734,0.53165,0.72321,0.62877,0.65706,0.37963,1.19875,2.0388,1.15204,1.45979,0,0,0,0.000247484,0.000247484,0.000247484
428,7453.27,1.53139,2.4209,1.48576,1.63703,0.14049,0.12545,0.13462,0.77819,0.66817,0.77674,0.54087,0.71068,0.61723,0.66275,0.38645,1.19572,2.03338,1.17006,1.45795,0,0,0,0.00024611,0.00024611,0.00024611
429,7470.65,1.50232,2.45044,1.47338,1.62345,0.1449,0.12914,0.13933,0.69034,0.72373,0.76434,0.53586,0.63293,0.67225,0.64844,0.3834,1.19419,2.04394,1.13563,1.45497,0,0,0,0.000244735,0.000244735,0.000244735
430,7487.88,1.4736,2.39728,1.45607,1.59974,0.13853,0.12451,0.13321,0.7371,0.66008,0.75364,0.53903,0.66007,0.61302,0.63172,0.37565,1.18644,2.03636,1.12481,1.45005,0,0,0,0.000243361,0.000243361,0.000243361
431,7505.27,1.52329,2.40602,1.48852,1.59535,0.13005,0.11798,0.1267,0.7404,0.6675,0.75838,0.54091,0.6982,0.62076,0.65755,0.38325,1.17668,2.02834,1.13013,1.44352,0,0,0,0.000241986,0.000241986,0.000241986
432,7522.61,1.47377,2.45172,1.46751,1.62381,0.13713,0.12398,0.13378,0.70622,0.69631,0.75945,0.54786,0.64248,0.63714,0.65395,0.39008,1.1838,2.02238,1.12552,1.45172,0,0,0,0.000240612,0.000240612,0.000240612
433,7540.01,1.47069,2.45352,1.46671,1.62635,0.14807,0.12853,0.13954,0.68775,0.69407,0.74924,0.54294,0.6255,0.6341,0.64524,0.37697,1.17509,2.02389,1.11011,1.45161,0,0,0,0.000239238,0.000239238,0.000239238
434,7557.35,1.5089,2.43921,1.50259,1.62882,0.1517,0.12975,0.13969,0.66402,0.70302,0.7532,0.53976,0.58892,0.62767,0.61819,0.36326,1.17801,2.03836,1.10969,1.45278,0,0,0,0.000237863,0.000237863,0.000237863
435,7574.58,1.47238,2.39376,1.45564,1.62482,0.14133,0.12166,0.13179,0.69094,0.71791,0.76138,0.54417,0.59873,0.65447,0.63022,0.36465,1.17604,2.04996,1.11362,1.44959,0,0,0,0.000236489,0.000236489,0.000236489
436,7591.82,1.49868,2.43998,1.48358,1.63225,0.14228,0.12641,0.13637,0.72937,0.70385,0.77108,0.54837,0.65356,0.67303,0.67663,0.38178,1.1583,2.04426,1.10836,1.43993,0,0,0,0.000235114,0.000235114,0.000235114
437,7609.02,1.48095,2.3873,1.47615,1.64385,0.13966,0.12161,0.13157,0.76111,0.70277,0.7728,0.55822,0.70776,0.65589,0.68306,0.39388,1.14858,2.00827,1.10356,1.43055,0,0,0,0.00023374,0.00023374,0.00023374
438,7626.37,1.52706,2.42446,1.49464,1.62459,0.13586,0.12163,0.13105,0.78706,0.68875,0.77537,0.55964,0.72955,0.64291,0.68595,0.40639,1.1534,1.98899,1.10536,1.43314,0,0,0,0.000232365,0.000232365,0.000232365
439,7643.91,1.50148,2.40966,1.46835,1.65445,0.14981,0.12844,0.14023,0.80136,0.68231,0.77834,0.56215,0.71941,0.61745,0.66237,0.40593,1.16645,2.0004,1.11736,1.43888,0,0,0,0.000230991,0.000230991,0.000230991
440,7661.48,1.46973,2.48493,1.4649,1.62254,0.14234,0.12352,0.13385,0.7962,0.67674,0.77568,0.55785,0.72333,0.61618,0.6732,0.40217,1.13698,1.98891,1.11869,1.42403,0,0,0,0.000229616,0.000229616,0.000229616
441,7678.75,1.4644,2.43186,1.42019,1.61687,0.1464,0.13184,0.14117,0.78183,0.6799,0.76849,0.54969,0.69762,0.62243,0.65497,0.38679,1.15487,2.00089,1.11213,1.43505,0,0,0,0.000228242,0.000228242,0.000228242
442,7696.01,1.4396,2.47476,1.5169,1.62871,0.1493,0.12882,0.13924,0.77885,0.65177,0.76423,0.54689,0.66287,0.63133,0.65918,0.38644,1.16489,2.0043,1.11044,1.44335,0,0,0,0.000226868,0.000226868,0.000226868
443,7713.27,1.52656,2.47363,1.46184,1.63749,0.1437,0.12849,0.1376,0.66808,0.73405,0.78379,0.56255,0.76723,0.57178,0.68838,0.41371,1.16522,1.99131,1.11378,1.43913,0,0,0,0.000225493,0.000225493,0.000225493
444,7730.75,1.48737,2.47716,1.46289,1.64109,0.14873,0.13317,0.14329,0.70513,0.7178,0.76743,0.54497,0.63974,0.66665,0.67075,0.39753,1.17916,2.0041,1.12823,1.44537,0,0,0,0.000224119,0.000224119,0.000224119
445,7747.98,1.47502,2.46734,1.45938,1.60785,0.14699,0.13196,0.14184,0.69122,0.72432,0.76078,0.54975,0.62298,0.66702,0.65439,0.39507,1.16468,1.99223,1.11798,1.4312,0,0,0,0.000222744,0.000222744,0.000222744
446,7765.31,1.47027,2.4367,1.46777,1.64379,0.14158,0.1285,0.13769,0.70307,0.70724,0.76303,0.55238,0.63692,0.64833,0.64974,0.39582,1.13688,1.97684,1.09436,1.42022,0,0,0,0.00022137,0.00022137,0.00022137
447,7782.39,1.47571,2.4159,1.41749,1.56716,0.1457,0.13158,0.13955,0.67655,0.71468,0.77147,0.563,0.62802,0.65926,0.66301,0.39586,1.1448,1.98613,1.0884,1.42061,0,0,0,0.000219995,0.000219995,0.000219995
448,7799.74,1.57601,2.44683,1.46189,1.60621,0.13477,0.12187,0.13106,0.70494,0.72671,0.76533,0.54968,0.64652,0.66057,0.64937,0.38904,1.15365,1.9965,1.10347,1.42357,0,0,0,0.000218621,0.000218621,0.000218621
449,7817.02,1.48834,2.3546,1.43463,1.60923,0.13193,0.12195,0.13004,0.7078,0.71024,0.76027,0.54555,0.6352,0.64062,0.63258,0.37809,1.16112,1.99869,1.09574,1.42716,0,0,0,0.000217246,0.000217246,0.000217246
450,7834.19,1.44498,2.33369,1.42307,1.61665,0.13873,0.12267,0.13304,0.73939,0.68422,0.77004,0.54785,0.67031,0.62423,0.66078,0.39961,1.1496,1.97879,1.08358,1.42124,0,0,0,0.000215872,0.000215872,0.000215872
451,7851.49,1.46432,2.42245,1.37352,1.60701,0.13904,0.12693,0.13582,0.75536,0.68732,0.76901,0.55563,0.685,0.62119,0.66705,0.40613,1.13503,1.97125,1.07602,1.41898,0,0,0,0.000214497,0.000214497,0.000214497
452,7868.84,1.53179,2.484,1.47804,1.61142,0.14358,0.12832,0.13726,0.73826,0.70641,0.76944,0.55133,0.6704,0.64998,0.66411,0.40001,1.15816,1.98278,1.1039,1.43226,0,0,0,0.000213123,0.000213123,0.000213123
453,7886.01,1.49546,2.48002,1.47549,1.65053,0.14322,0.12887,0.13679,0.6997,0.73183,0.77031,0.54189,0.64225,0.67599,0.66746,0.39888,1.15952,1.9817,1.10822,1.43228,0,0,0,0.000211749,0.000211749,0.000211749
454,7903.17,1.45925,2.44295,1.43298,1.60672,0.14411,0.12872,0.13815,0.71715,0.73999,0.77625,0.55093,0.65914,0.66255,0.66504,0.40148,1.133,1.96048,1.08391,1.41364,0,0,0,0.000210374,0.000210374,0.000210374
455,7920.37,1.43813,2.34664,1.38989,1.58288,0.13991,0.12848,0.13756,0.78609,0.68831,0.78381,0.56614,0.73037,0.61811,0.67263,0.40952,1.12544,1.95767,1.07804,1.4087,0,0,0,0.000209,0.000209,0.000209
456,7937.49,1.43565,2.33333,1.40269,1.58001,0.14983,0.13362,0.14268,0.74474,0.70657,0.77619,0.56071,0.72333,0.62153,0.6667,0.40178,1.1374,1.96543,1.08939,1.41614,0,0,0,0.000207625,0.000207625,0.000207625
457,7954.74,1.42692,2.43129,1.37909,1.57913,0.139,0.12523,0.13498,0.72968,0.73799,0.77989,0.5714,0.6647,0.66874,0.68251,0.41099,1.1372,1.95193,1.07332,1.41342,0,0,0,0.000206251,0.000206251,0.000206251
458,7972.2,1.4359,2.35169,1.40076,1.59078,0.14241,0.12906,0.138,0.74414,0.69867,0.77503,0.56916,0.67354,0.64842,0.67258,0.41133,1.13702,1.94939,1.06609,1.41201,0,0,0,0.000204876,0.000204876,0.000204876
459,7989.46,1.46561,2.35105,1.41929,1.60933,0.13974,0.12348,0.13275,0.70306,0.74627,0.77283,0.56562,0.64248,0.68007,0.66578,0.41145,1.11785,1.94153,1.06191,1.40272,0,0,0,0.000203502,0.000203502,0.000203502
460,8006.87,1.53704,2.43582,1.4443,1.59801,0.13846,0.12406,0.13382,0.72786,0.71413,0.77024,0.56069,0.68158,0.64591,0.6673,0.40614,1.10099,1.94506,1.07394,1.39639,0,0,0,0.000202127,0.000202127,0.000202127
461,8024.14,1.47611,2.3987,1.41675,1.56501,0.13804,0.12243,0.13267,0.71241,0.73425,0.7771,0.56813,0.64641,0.678,0.66401,0.40863,1.11845,1.94755,1.07889,1.40334,0,0,0,0.000200753,0.000200753,0.000200753
462,8041.6,1.52699,2.47855,1.44028,1.59836,0.13407,0.12194,0.13077,0.66808,0.78484,0.77877,0.57544,0.5956,0.7182,0.6707,0.40914,1.11407,1.95402,1.0866,1.40181,0,0,0,0.000199379,0.000199379,0.000199379
463,8059.11,1.48483,2.52765,1.47066,1.60229,0.13847,0.12173,0.13141,0.69454,0.73764,0.78,0.57665,0.63755,0.67825,0.68847,0.40784,1.121,1.95395,1.09009,1.40365,0,0,0,0.000198004,0.000198004,0.000198004
464,8076.27,1.43186,2.39164,1.46119,1.63229,0.1366,0.12139,0.13,0.66869,0.75875,0.77546,0.56894,0.61755,0.67673,0.68183,0.40711,1.12563,1.94879,1.06902,1.40903,0,0,0,0.00019663,0.00019663,0.00019663
465,8093.63,1.51347,2.38108,1.48972,1.63014,0.14013,0.12184,0.13276,0.67501,0.74657,0.77719,0.56539,0.6123,0.68137,0.67067,0.40736,1.11947,1.9416,1.05621,1.40254,0,0,0,0.000195255,0.000195255,0.000195255
466,8110.89,1.46793,2.39407,1.45981,1.60222,0.13956,0.1238,0.13401,0.70363,0.7418,0.79,0.56967,0.64365,0.67011,0.68382,0.42189,1.1188,1.94119,1.06382,1.40307,0,0,0,0.000193881,0.000193881,0.000193881
467,8128.43,1.48519,2.47152,1.5073,1.64963,0.13994,0.12333,0.1337,0.69869,0.75311,0.79797,0.57888,0.63568,0.68745,0.69086,0.4337,1.12971,1.94255,1.07584,1.40656,0,0,0,0.000192506,0.000192506,0.000192506
468,8145.89,1.49205,2.44155,1.46709,1.59789,0.13891,0.12212,0.13222,0.6968,0.75152,0.79852,0.58514,0.69128,0.64475,0.69262,0.4291,1.12566,1.93778,1.07586,1.40545,0,0,0,0.000191132,0.000191132,0.000191132
469,8163.42,1.47892,2.36166,1.41767,1.61782,0.13351,0.12009,0.12854,0.73897,0.73299,0.80136,0.58096,0.66163,0.66737,0.70101,0.43213,1.11623,1.93242,1.06629,1.40457,0,0,0,0.000189757,0.000189757,0.000189757
470,8180.83,1.44099,2.37764,1.40477,1.5699,0.13705,0.12408,0.1326,0.73924,0.75921,0.8039,0.58563,0.6608,0.6891,0.69501,0.43325,1.12084,1.94027,1.06544,1.40481,0,0,0,0.000188383,0.000188383,0.000188383
471,8198.23,1.45494,2.33591,1.39394,1.57884,0.13423,0.12375,0.13206,0.73547,0.74328,0.80031,0.58209,0.66088,0.67088,0.68965,0.42332,1.12353,1.93035,1.07006,1.40753,0,0,0,0.000187008,0.000187008,0.000187008
472,8215.49,1.48396,2.39652,1.4648,1.60033,0.12883,0.116,0.12499,0.72036,0.72478,0.78203,0.56201,0.65238,0.65712,0.6676,0.3997,1.1414,1.93061,1.07547,1.40963,0,0,0,0.000185634,0.000185634,0.000185634
473,8232.73,1.39092,2.30506,1.35341,1.54943,0.1327,0.12028,0.13136,0.68255,0.77295,0.77097,0.55047,0.60318,0.72543,0.6708,0.39717,1.12763,1.93539,1.05986,1.39833,0,0,0,0.00018426,0.00018426,0.00018426
474,8249.9,1.38522,2.31087,1.38792,1.58067,0.13266,0.12106,0.12952,0.67119,0.7368,0.76995,0.55105,0.62142,0.67526,0.6732,0.40614,1.11634,1.93261,1.05841,1.39316,0,0,0,0.000182885,0.000182885,0.000182885
475,8267.24,1.47999,2.45054,1.49936,1.62331,0.14731,0.12913,0.13973,0.68304,0.75224,0.76708,0.55125,0.60673,0.69892,0.67645,0.40368,1.11144,1.93636,1.06317,1.39579,0,0,0,0.000181511,0.000181511,0.000181511
476,8284.46,1.45442,2.43223,1.4421,1.59371,0.14248,0.12699,0.1359,0.72203,0.71627,0.7662,0.55291,0.60077,0.69878,0.67576,0.4032,1.10672,1.93193,1.05747,1.397,0,0,0,0.000180136,0.000180136,0.000180136
477,8301.74,1.50977,2.37113,1.49709,1.61098,0.13488,0.11844,0.12961,0.73674,0.72761,0.7812,0.56874,0.68855,0.64627,0.69058,0.41827,1.10845,1.92241,1.05632,1.39315,0,0,0,0.000178762,0.000178762,0.000178762
478,8319,1.47422,2.38566,1.41731,1.56791,0.13161,0.12254,0.13063,0.7205,0.76027,0.7908,0.56782,0.70996,0.64256,0.68518,0.41735,1.1152,1.91644,1.05097,1.39339,0,0,0,0.000177387,0.000177387,0.000177387
479,8336.26,1.44742,2.31925,1.37135,1.56124,0.12354,0.1157,0.12382,0.7349,0.76163,0.78811,0.56129,0.6646,0.6923,0.68708,0.41453,1.12433,1.93114,1.04854,1.39997,0,0,0,0.000176013,0.000176013,0.000176013
480,8353.5,1.40638,2.33364,1.4006,1.58963,0.13619,0.11998,0.12902,0.72365,0.75915,0.78583,0.57223,0.67439,0.67103,0.6863,0.41446,1.10856,1.92806,1.04785,1.38939,0,0,0,0.000174638,0.000174638,0.000174638
481,8370.93,1.48215,2.38773,1.3866,1.57695,0.13789,0.12764,0.13693,0.722,0.7498,0.78101,0.56933,0.65028,0.6822,0.67602,0.40882,1.10393,1.91439,1.06423,1.38559,0,0,0,0.000173264,0.000173264,0.000173264
482,8388.28,1.4659,2.35195,1.38742,1.56482,0.13598,0.12493,0.13328,0.74802,0.72133,0.78358,0.57377,0.69986,0.65656,0.68467,0.41428,1.12078,1.91348,1.06391,1.39686,0,0,0,0.00017189,0.00017189,0.00017189
483,8405.48,1.40803,2.28778,1.33542,1.57281,0.13209,0.12144,0.12942,0.72041,0.72987,0.77806,0.57202,0.66295,0.67364,0.66838,0.40898,1.15775,1.9302,1.06825,1.41715,0,0,0,0.000170515,0.000170515,0.000170515
484,8422.96,1.47248,2.45745,1.41695,1.588,0.13554,0.1238,0.13223,0.71377,0.75152,0.78456,0.57588,0.66402,0.66906,0.67838,0.41609,1.12947,1.91139,1.06496,1.40043,0,0,0,0.000169141,0.000169141,0.000169141
485,8440.29,1.48709,2.30946,1.41123,1.61487,0.1382,0.12418,0.13493,0.72367,0.74389,0.78922,0.57878,0.6841,0.67333,0.68271,0.41317,1.09456,1.90278,1.0636,1.38268,0,0,0,0.000167766,0.000167766,0.000167766
486,8457.66,1.49535,2.44196,1.43115,1.59122,0.14252,0.13296,0.1408,0.7307,0.75471,0.78987,0.59041,0.66652,0.68491,0.68421,0.41477,1.09148,1.8941,1.06655,1.38346,0,0,0,0.000166392,0.000166392,0.000166392
487,8474.98,1.48525,2.38537,1.42185,1.57687,0.13783,0.12497,0.13239,0.68314,0.76094,0.78587,0.5895,0.61812,0.68984,0.67824,0.4173,1.09854,1.89449,1.06004,1.38801,0,0,0,0.000165017,0.000165017,0.000165017
488,8492.22,1.42954,2.3133,1.41504,1.57586,0.14188,0.12698,0.13617,0.68109,0.77283,0.78498,0.58961,0.62552,0.70778,0.68693,0.42871,1.09897,1.89295,1.06001,1.38626,0,0,0,0.000163643,0.000163643,0.000163643
489,8509.34,1.44914,2.33565,1.36391,1.53408,0.13033,0.11933,0.12671,0.68369,0.75859,0.79006,0.5877,0.61675,0.71825,0.69351,0.42957,1.09628,1.89532,1.0563,1.38642,0,0,0,0.000162268,0.000162268,0.000162268
490,8526.51,1.3818,2.32966,1.3499,1.57087,0.13005,0.12046,0.12864,0.70308,0.76179,0.79081,0.58898,0.63485,0.72156,0.7007,0.42685,1.09472,1.90147,1.04952,1.38775,0,0,0,0.000160894,0.000160894,0.000160894
491,8543.81,1.47465,2.40184,1.43819,1.5946,0.13545,0.12473,0.13251,0.72009,0.74532,0.78575,0.583,0.64569,0.69595,0.68912,0.42203,1.08906,1.89602,1.05698,1.3836,0,0,0,0.00015952,0.00015952,0.00015952
492,8561.06,1.41711,2.22548,1.36736,1.57042,0.13478,0.12317,0.13201,0.71801,0.73342,0.78287,0.5849,0.68141,0.67933,0.69213,0.42323,1.07775,1.89496,1.04713,1.37535,0,0,0,0.000158145,0.000158145,0.000158145
493,8578.37,1.45449,2.36729,1.38947,1.58182,0.13371,0.12325,0.1305,0.7062,0.72706,0.78028,0.57797,0.63279,0.68992,0.68721,0.42148,1.07865,1.89371,1.04344,1.37533,0,0,0,0.000156771,0.000156771,0.000156771
494,8595.47,1.43654,2.30105,1.36292,1.55053,0.13592,0.12267,0.13115,0.71945,0.72397,0.78854,0.57751,0.66884,0.65583,0.69318,0.42314,1.08457,1.89989,1.04545,1.3799,0,0,0,0.000155396,0.000155396,0.000155396
495,8612.66,1.46688,2.36881,1.3979,1.57801,0.13842,0.12289,0.1331,0.81418,0.66506,0.80411,0.597,0.66402,0.65658,0.70051,0.43198,1.09239,1.901,1.04326,1.3834,0,0,0,0.000154022,0.000154022,0.000154022
496,8630.08,1.38943,2.29839,1.36726,1.57684,0.13226,0.12294,0.13133,0.75177,0.71236,0.80428,0.59405,0.72675,0.63573,0.70367,0.42701,1.09358,1.89629,1.04202,1.3806,0,0,0,0.000152647,0.000152647,0.000152647
497,8647.28,1.40519,2.31364,1.3936,1.5624,0.12555,0.11664,0.12465,0.68699,0.76939,0.80103,0.58818,0.73049,0.62815,0.694,0.4234,1.08451,1.89706,1.03694,1.37424,0,0,0,0.000151273,0.000151273,0.000151273
498,8664.48,1.40195,2.32265,1.34834,1.57372,0.14378,0.13174,0.14064,0.71687,0.76237,0.80867,0.59339,0.64871,0.6955,0.71193,0.4388,1.07648,1.89812,1.03445,1.36783,0,0,0,0.000149898,0.000149898,0.000149898
499,8681.93,1.4199,2.3779,1.39026,1.58174,0.14393,0.12937,0.1374,0.69142,0.76758,0.80619,0.59846,0.63174,0.69852,0.71576,0.43674,1.06812,1.89861,1.04318,1.36688,0,0,0,0.000148524,0.000148524,0.000148524
500,8699.49,1.397,2.27358,1.33171,1.54145,0.13181,0.11834,0.1277,0.75729,0.69707,0.80826,0.60469,0.7013,0.657,0.71725,0.4364,1.07416,1.90566,1.04135,1.37164,0,0,0,0.000147149,0.000147149,0.000147149
501,8716.97,1.4216,2.3386,1.35797,1.55043,0.14277,0.12893,0.13892,0.74144,0.72016,0.80571,0.59529,0.69193,0.67129,0.70979,0.42491,1.08559,1.90938,1.03811,1.37687,0,0,0,0.000145775,0.000145775,0.000145775
502,8734.11,1.38393,2.31987,1.35835,1.58017,0.13787,0.129,0.13656,0.74671,0.74959,0.80667,0.59394,0.69231,0.70009,0.71316,0.42895,1.08953,1.90535,1.03005,1.37885,0,0,0,0.000144401,0.000144401,0.000144401
503,8751.39,1.43191,2.29796,1.36844,1.57134,0.13617,0.12582,0.13417,0.74687,0.75201,0.80675,0.59524,0.69539,0.70101,0.71338,0.43407,1.08357,1.88934,1.02868,1.37549,0,0,0,0.000143026,0.000143026,0.000143026
504,8768.57,1.39233,2.23606,1.3603,1.551,0.13203,0.12277,0.13086,0.74579,0.75191,0.80373,0.59165,0.68774,0.70055,0.71311,0.43188,1.08637,1.88385,1.02549,1.37496,0,0,0,0.000141652,0.000141652,0.000141652
505,8785.8,1.40725,2.30733,1.39804,1.58181,0.13443,0.12241,0.13152,0.7264,0.73863,0.80414,0.58564,0.64639,0.70295,0.71513,0.4309,1.08884,1.88521,1.01628,1.3766,0,0,0,0.000140277,0.000140277,0.000140277
506,8803.01,1.4156,2.31407,1.39314,1.5814,0.13309,0.12339,0.13174,0.75223,0.69868,0.79826,0.58938,0.68464,0.64876,0.70464,0.42568,1.08383,1.89643,1.02355,1.37463,0,0,0,0.000138903,0.000138903,0.000138903
507,8820.25,1.39889,2.31131,1.3337,1.567,0.13232,0.12251,0.13159,0.72423,0.72914,0.80286,0.59969,0.66305,0.67857,0.70814,0.43701,1.06467,1.88716,1.0315,1.36413,0,0,0,0.000137528,0.000137528,0.000137528
508,8837.63,1.42096,2.35988,1.37407,1.56501,0.14485,0.13055,0.14038,0.68587,0.77334,0.80321,0.59936,0.61977,0.71942,0.69998,0.42796,1.06168,1.88641,1.03738,1.36348,0,0,0,0.000136154,0.000136154,0.000136154
509,8854.91,1.39303,2.3218,1.34897,1.56767,0.13692,0.12705,0.13519,0.79037,0.68783,0.80214,0.59714,0.7149,0.62731,0.6907,0.42635,1.06414,1.87982,1.03219,1.36666,0,0,0,0.000134779,0.000134779,0.000134779
510,8872.13,1.39623,2.34333,1.35758,1.55993,0.13723,0.12803,0.13573,0.70559,0.75994,0.79789,0.58726,0.66789,0.67146,0.68867,0.41961,1.08072,1.88722,1.01851,1.37497,0,0,0,0.000133405,0.000133405,0.000133405
511,8889.3,1.43337,2.33993,1.399,1.58513,0.1355,0.12035,0.12933,0.7104,0.76073,0.79747,0.58263,0.65105,0.68889,0.68329,0.41668,1.08143,1.87785,1.0183,1.37004,0,0,0,0.000132031,0.000132031,0.000132031
512,8906.64,1.45659,2.29731,1.39272,1.57377,0.14268,0.12882,0.13749,0.72257,0.77199,0.8029,0.59324,0.65364,0.69756,0.69083,0.43252,1.06523,1.86466,1.01184,1.36102,0,0,0,0.000130656,0.000130656,0.000130656
513,8923.93,1.37791,2.28754,1.36309,1.56079,0.138,0.12672,0.13561,0.7128,0.77404,0.80685,0.59733,0.67114,0.70392,0.69682,0.43113,1.06699,1.86598,1.02109,1.36261,0,0,0,0.000129282,0.000129282,0.000129282
514,8941.07,1.39596,2.34677,1.33068,1.53644,0.12882,0.12016,0.1274,0.79081,0.7141,0.8059,0.5961,0.72236,0.6658,0.70477,0.42975,1.0826,1.87862,1.02965,1.37174,0,0,0,0.000127907,0.000127907,0.000127907
515,8958.51,1.44238,2.32044,1.37857,1.56437,0.13253,0.11959,0.12745,0.79223,0.71951,0.80603,0.59854,0.72311,0.66885,0.70272,0.42754,1.07939,1.88288,1.02605,1.36982,0,0,0,0.000126533,0.000126533,0.000126533
516,8975.76,1.4488,2.35356,1.39193,1.57279,0.13881,0.13113,0.13924,0.79304,0.72781,0.80743,0.60354,0.72969,0.67052,0.70563,0.43893,1.06471,1.8711,1.02002,1.36073,0,0,0,0.000125158,0.000125158,0.000125158
517,8993.26,1.4219,2.29874,1.39398,1.55441,0.13419,0.12088,0.12966,0.7903,0.71701,0.80378,0.59788,0.74169,0.65977,0.70809,0.43356,1.06272,1.87039,1.02198,1.35916,0,0,0,0.000123784,0.000123784,0.000123784
518,9010.44,1.37131,2.25893,1.335,1.56654,0.1275,0.11488,0.12429,0.77781,0.71898,0.79624,0.58738,0.68411,0.6965,0.70788,0.43385,1.07235,1.86545,1.01249,1.36174,0,0,0,0.000122409,0.000122409,0.000122409
519,9027.7,1.40805,2.31602,1.33048,1.53682,0.13439,0.12239,0.1308,0.73863,0.75269,0.79611,0.58894,0.68444,0.70745,0.71053,0.44044,1.06951,1.85887,1.00958,1.36027,0,0,0,0.000121035,0.000121035,0.000121035
520,9045.08,1.42868,2.27143,1.30425,1.53963,0.13735,0.1243,0.13337,0.7852,0.73551,0.80141,0.60146,0.72549,0.68303,0.7102,0.444,1.0689,1.85605,1.00805,1.35896,0,0,0,0.00011966,0.00011966,0.00011966
521,9062.5,1.37017,2.32078,1.356,1.54612,0.13685,0.1274,0.13599,0.76309,0.73865,0.80759,0.60623,0.68704,0.69136,0.70921,0.44256,1.06433,1.85997,1.01125,1.3555,0,0,0,0.000118286,0.000118286,0.000118286
522,9079.85,1.40962,2.31459,1.37023,1.54845,0.13687,0.1239,0.1322,0.83279,0.69698,0.80619,0.6027,0.7799,0.64551,0.70584,0.43595,1.05465,1.85046,1.00835,1.34864,0,0,0,0.000116912,0.000116912,0.000116912
523,9097.1,1.42572,2.31557,1.40851,1.57079,0.13416,0.12129,0.13177,0.81709,0.70168,0.80176,0.59651,0.75112,0.64895,0.70151,0.43107,1.05874,1.8552,0.99853,1.3524,0,0,0,0.000115537,0.000115537,0.000115537
524,9114.5,1.47387,2.37373,1.39633,1.54461,0.13608,0.12489,0.13368,0.79714,0.73035,0.8016,0.60069,0.73038,0.67742,0.70616,0.43581,1.05958,1.85335,0.99423,1.35612,0,0,0,0.000114163,0.000114163,0.000114163
525,9131.85,1.47675,2.28986,1.38861,1.56172,0.13977,0.12607,0.13584,0.76684,0.74619,0.80353,0.60621,0.68666,0.68321,0.70023,0.4319,1.06379,1.86214,0.99723,1.35956,0,0,0,0.000112788,0.000112788,0.000112788
526,9149.16,1.38088,2.30992,1.31312,1.52454,0.13133,0.12167,0.13011,0.7833,0.72579,0.80354,0.59806,0.70689,0.66893,0.70234,0.42965,1.06301,1.85888,1.00409,1.36066,0,0,0,0.000111414,0.000111414,0.000111414
527,9166.48,1.43214,2.28522,1.39036,1.56503,0.13636,0.12653,0.13521,0.77916,0.71765,0.80171,0.59422,0.68323,0.69239,0.69639,0.42618,1.06503,1.8572,1.0048,1.36211,0,0,0,0.000110039,0.000110039,0.000110039
528,9183.74,1.40165,2.2831,1.36028,1.54871,0.12803,0.11767,0.12508,0.81363,0.7011,0.80041,0.59341,0.73129,0.6479,0.69253,0.42551,1.06274,1.85024,1.00384,1.35965,0,0,0,0.000108665,0.000108665,0.000108665
529,9201.06,1.418,2.27652,1.35039,1.54604,0.13574,0.12372,0.13374,0.79928,0.71315,0.80482,0.59782,0.73974,0.65995,0.70632,0.43746,1.06017,1.84365,0.99891,1.35658,0,0,0,0.00010729,0.00010729,0.00010729
530,9218.33,1.40323,2.32496,1.36141,1.54992,0.13939,0.12479,0.13536,0.80007,0.72271,0.80572,0.60005,0.74056,0.66878,0.70489,0.43954,1.05804,1.85241,1.00298,1.35363,0,0,0,0.000105916,0.000105916,0.000105916
531,9235.51,1.41695,2.2595,1.36775,1.57433,0.1252,0.11757,0.12505,0.77293,0.73828,0.79876,0.5871,0.71441,0.67811,0.68693,0.43052,1.06164,1.85058,1.00474,1.35292,0,0,0,0.000104542,0.000104542,0.000104542
532,9252.89,1.40289,2.32014,1.40201,1.5726,0.13649,0.12281,0.1334,0.75115,0.74634,0.79673,0.584,0.72794,0.6661,0.68838,0.43178,1.05843,1.84617,1.00219,1.35256,0,0,0,0.000103167,0.000103167,0.000103167
533,9270.13,1.38094,2.2509,1.33144,1.54355,0.13709,0.12573,0.13495,0.79975,0.7371,0.80182,0.59712,0.74182,0.6903,0.70342,0.43678,1.04716,1.83561,0.99478,1.34715,0,0,0,0.000101793,0.000101793,0.000101793
534,9287.39,1.44055,2.36263,1.37177,1.54687,0.14105,0.12806,0.13772,0.78577,0.73448,0.80424,0.5923,0.72149,0.67886,0.68681,0.42579,1.04573,1.83092,1.00011,1.34642,0,0,0,0.000100418,0.000100418,0.000100418
535,9304.57,1.44527,2.36374,1.39859,1.58693,0.13307,0.12255,0.13208,0.81178,0.72777,0.81762,0.60969,0.7465,0.67293,0.70913,0.43143,1.05388,1.84201,1.00359,1.35012,0,0,0,9.90437e-05,9.90437e-05,9.90437e-05
536,9321.88,1.46742,2.33726,1.3997,1.55705,0.13477,0.12253,0.13112,0.82829,0.72001,0.82357,0.61524,0.76088,0.66379,0.71854,0.44468,1.04558,1.836,1.00307,1.34425,0,0,0,9.76692e-05,9.76692e-05,9.76692e-05
537,9339.46,1.45486,2.31995,1.38245,1.54509,0.126,0.11821,0.12627,0.84268,0.70825,0.82121,0.61495,0.76366,0.6516,0.71572,0.44272,1.03929,1.83861,0.9998,1.33852,0,0,0,9.62948e-05,9.62948e-05,9.62948e-05
538,9356.66,1.37043,2.27547,1.33851,1.55424,0.13476,0.12143,0.13172,0.83989,0.69868,0.81749,0.61525,0.71748,0.66684,0.69783,0.433,1.03905,1.84337,1.00082,1.33842,0,0,0,9.49203e-05,9.49203e-05,9.49203e-05
539,9373.73,1.33507,2.25456,1.31774,1.54345,0.13104,0.11946,0.12835,0.82809,0.70093,0.81334,0.61087,0.68373,0.70701,0.69119,0.43027,1.03389,1.83709,1.00031,1.33591,0,0,0,9.35459e-05,9.35459e-05,9.35459e-05
540,9390.9,1.39096,2.15,1.35333,1.55056,0.13795,0.12581,0.1339,0.80737,0.70028,0.80182,0.60119,0.69249,0.68189,0.68767,0.4292,1.03413,1.8337,0.99893,1.33544,0,0,0,9.21715e-05,9.21715e-05,9.21715e-05
541,9408.11,1.37181,2.2642,1.29335,1.53227,0.13156,0.12191,0.13068,0.71298,0.77018,0.79863,0.60017,0.65482,0.71191,0.68326,0.42977,1.03653,1.83159,1.00096,1.33628,0,0,0,9.0797e-05,9.0797e-05,9.0797e-05
542,9425.45,1.40672,2.30108,1.31221,1.51972,0.12933,0.12078,0.12848,0.72509,0.76017,0.79582,0.59649,0.66665,0.69693,0.68869,0.43528,1.04989,1.83644,1.00539,1.34319,0,0,0,8.94226e-05,8.94226e-05,8.94226e-05
543,9442.76,1.44952,2.31015,1.36289,1.56216,0.12658,0.11749,0.12567,0.70899,0.75995,0.79542,0.59743,0.64252,0.69097,0.68887,0.43785,1.05318,1.83615,1.00906,1.34439,0,0,0,8.80481e-05,8.80481e-05,8.80481e-05
544,9459.86,1.36514,2.32806,1.36342,1.5772,0.13492,0.12381,0.13232,0.75839,0.72933,0.79872,0.60055,0.67769,0.66502,0.69023,0.43974,1.04638,1.83509,1.0057,1.3414,0,0,0,8.66736e-05,8.66736e-05,8.66736e-05
545,9477.1,1.38881,2.24892,1.31045,1.5217,0.12442,0.11574,0.12387,0.73109,0.76687,0.80393,0.5985,0.65919,0.70653,0.70572,0.44298,1.04534,1.83007,1.00172,1.34064,0,0,0,8.52992e-05,8.52992e-05,8.52992e-05
546,9494.41,1.39542,2.25978,1.37314,1.54504,0.12995,0.11863,0.12656,0.72086,0.76877,0.80717,0.60576,0.72763,0.66306,0.71594,0.45009,1.04051,1.82644,0.99151,1.34071,0,0,0,8.39248e-05,8.39248e-05,8.39248e-05
547,9511.56,1.34456,2.31803,1.34279,1.54814,0.1321,0.12286,0.13225,0.71291,0.78294,0.81165,0.60731,0.65727,0.72382,0.71674,0.44938,1.04309,1.8313,0.98462,1.34358,0,0,0,8.25503e-05,8.25503e-05,8.25503e-05
548,9528.84,1.38833,2.30883,1.32265,1.53216,0.13835,0.12881,0.13824,0.80801,0.7072,0.80503,0.59876,0.76447,0.64901,0.71117,0.44112,1.04287,1.83923,0.98847,1.34248,0,0,0,8.11759e-05,8.11759e-05,8.11759e-05
549,9546.06,1.40628,2.26272,1.32984,1.51655,0.14474,0.13154,0.14229,0.74445,0.73728,0.80438,0.60518,0.73863,0.63055,0.7,0.43114,1.03551,1.82878,0.99884,1.33713,0,0,0,7.98014e-05,7.98014e-05,7.98014e-05
550,9563.33,1.40095,2.25055,1.36597,1.52628,0.13487,0.12381,0.1328,0.84118,0.70273,0.80713,0.60781,0.77517,0.6521,0.71535,0.43745,1.03154,1.82052,1.01185,1.33432,0,0,0,7.84269e-05,7.84269e-05,7.84269e-05
551,9580.55,1.35519,2.20526,1.32388,1.53199,0.12836,0.1168,0.12675,0.80338,0.71703,0.80643,0.60496,0.74016,0.66657,0.71379,0.44655,1.03237,1.81626,1.00453,1.33304,0,0,0,7.70525e-05,7.70525e-05,7.70525e-05
552,9597.7,1.29983,2.17596,1.25768,1.50951,0.12526,0.11689,0.12406,0.79994,0.7067,0.80101,0.6009,0.73772,0.65468,0.70514,0.44058,1.03092,1.8166,0.98876,1.33282,0,0,0,7.5678e-05,7.5678e-05,7.5678e-05
553,9614.93,1.34676,2.2826,1.32883,1.53345,0.13603,0.12587,0.13491,0.82897,0.67114,0.7984,0.59867,0.76737,0.62616,0.70215,0.43883,1.03172,1.81963,0.97986,1.33432,0,0,0,7.43036e-05,7.43036e-05,7.43036e-05
554,9632.06,1.35137,2.22799,1.29829,1.52107,0.12446,0.11779,0.12431,0.83171,0.66989,0.80158,0.59826,0.76405,0.61627,0.6877,0.42831,1.0246,1.81783,0.9796,1.33178,0,0,0,7.29292e-05,7.29292e-05,7.29292e-05
555,9649.26,1.3823,2.26712,1.32728,1.52737,0.13227,0.12236,0.13105,0.86006,0.6651,0.80754,0.60422,0.63727,0.71909,0.69633,0.43371,1.01921,1.81433,0.98443,1.33007,0,0,0,7.15547e-05,7.15547e-05,7.15547e-05
556,9666.5,1.40282,2.24871,1.34366,1.53288,0.12552,0.11874,0.12572,0.84584,0.66688,0.80914,0.60625,0.64518,0.71105,0.70141,0.43701,1.02162,1.81595,0.99228,1.33171,0,0,0,7.01802e-05,7.01802e-05,7.01802e-05
557,9683.77,1.33901,2.2006,1.29071,1.53366,0.13452,0.12108,0.1293,0.76845,0.72416,0.80944,0.60935,0.69013,0.66662,0.69185,0.43876,1.02833,1.81717,0.99041,1.33486,0,0,0,6.88058e-05,6.88058e-05,6.88058e-05
558,9701.05,1.39686,2.28454,1.33025,1.54855,0.13198,0.12509,0.13159,0.73176,0.78273,0.80673,0.60906,0.67841,0.72089,0.71712,0.44883,1.02906,1.82128,0.98682,1.3353,0,0,0,6.74313e-05,6.74313e-05,6.74313e-05
559,9718.32,1.34819,2.19181,1.27678,1.49723,0.13222,0.12542,0.13259,0.75987,0.74506,0.80915,0.60864,0.72028,0.67892,0.71727,0.44936,1.02143,1.82234,0.98756,1.33078,0,0,0,6.60569e-05,6.60569e-05,6.60569e-05
560,9735.7,1.41017,2.28228,1.31148,1.51817,0.13093,0.1221,0.13049,0.76996,0.75366,0.81363,0.61203,0.69959,0.70658,0.72149,0.45377,1.01847,1.81901,0.98714,1.32689,0,0,0,6.46825e-05,6.46825e-05,6.46825e-05
561,9753.04,1.37183,2.32628,1.3106,1.51191,0.14004,0.1284,0.13727,0.86461,0.68082,0.81418,0.61301,0.68407,0.70489,0.72122,0.45396,1.02599,1.82281,0.98778,1.32945,0,0,0,6.3308e-05,6.3308e-05,6.3308e-05
562,9770.6,1.3344,2.22225,1.3163,1.53497,0.13237,0.12315,0.13197,0.84235,0.70493,0.81372,0.60941,0.77998,0.64378,0.71869,0.44656,1.03376,1.82858,0.989,1.33559,0,0,0,6.19335e-05,6.19335e-05,6.19335e-05
563,9787.88,1.36182,2.26087,1.32868,1.51895,0.12754,0.11999,0.12916,0.83106,0.70064,0.81134,0.61009,0.7709,0.65251,0.71888,0.44437,1.03285,1.82611,0.99094,1.33416,0,0,0,6.05591e-05,6.05591e-05,6.05591e-05
564,9805.17,1.36512,2.23158,1.29709,1.51325,0.1375,0.12821,0.13667,0.85272,0.69489,0.81169,0.60711,0.80024,0.64447,0.71879,0.44677,1.03419,1.81589,0.98589,1.33453,0,0,0,5.91846e-05,5.91846e-05,5.91846e-05
565,9822.49,1.40863,2.26009,1.37372,1.54328,0.13408,0.12477,0.13263,0.844,0.6744,0.81123,0.60389,0.78627,0.63465,0.7196,0.44633,1.03034,1.81448,0.98322,1.33194,0,0,0,5.78102e-05,5.78102e-05,5.78102e-05
566,9839.62,1.40237,2.28676,1.36561,1.53829,0.12528,0.12012,0.12721,0.86052,0.67664,0.81233,0.60726,0.79802,0.63742,0.71795,0.44649,1.02334,1.81871,0.98134,1.32885,0,0,0,5.64358e-05,5.64358e-05,5.64358e-05
567,9856.91,1.3694,2.22225,1.32395,1.52994,0.13656,0.12297,0.1316,0.79214,0.72529,0.81381,0.61078,0.74216,0.67029,0.72208,0.45491,1.01546,1.81377,0.97753,1.32469,0,0,0,5.50613e-05,5.50613e-05,5.50613e-05
568,9874.14,1.36957,2.24556,1.29663,1.5086,0.13166,0.12178,0.12994,0.82269,0.70155,0.81486,0.61666,0.77774,0.64653,0.72249,0.45438,1.01166,1.80615,0.97271,1.32243,0,0,0,5.36869e-05,5.36869e-05,5.36869e-05
569,9891.63,1.42014,2.29386,1.3374,1.54853,0.13409,0.12375,0.13317,0.80223,0.6996,0.81076,0.6103,0.74549,0.64916,0.71713,0.44928,1.01911,1.81037,0.97255,1.32521,0,0,0,5.23124e-05,5.23124e-05,5.23124e-05
570,9909.01,1.37526,2.27362,1.30145,1.49989,0.13338,0.12289,0.13231,0.69173,0.80266,0.80937,0.60743,0.64465,0.7349,0.71441,0.44576,1.02218,1.81428,0.97407,1.32734,0,0,0,5.09379e-05,5.09379e-05,5.09379e-05
571,9926.16,1.34598,2.13,1.28783,1.52779,0.12609,0.12008,0.12723,0.80565,0.70705,0.81022,0.60512,0.73421,0.65628,0.7112,0.44801,1.01932,1.80832,0.97536,1.32525,0,0,0,4.95635e-05,4.95635e-05,4.95635e-05
572,9943.41,1.37415,2.24317,1.31004,1.51419,0.1305,0.12444,0.13259,0.70367,0.79665,0.81221,0.60843,0.64945,0.73178,0.71577,0.45275,1.01112,1.80165,0.97088,1.32258,0,0,0,4.81891e-05,4.81891e-05,4.81891e-05
573,9960.76,1.41788,2.25365,1.31972,1.52017,0.12797,0.12103,0.128,0.83962,0.67429,0.81131,0.60833,0.77817,0.6289,0.71464,0.45422,1.00777,1.80027,0.96722,1.32082,0,0,0,4.68146e-05,4.68146e-05,4.68146e-05
574,9978.1,1.41531,2.23025,1.34952,1.51035,0.13205,0.12097,0.12978,0.70724,0.77841,0.80957,0.61318,0.77391,0.62974,0.71809,0.46004,1.00561,1.79825,0.96881,1.31878,0,0,0,4.54402e-05,4.54402e-05,4.54402e-05
575,9995.64,1.35832,2.21374,1.29294,1.51696,0.13089,0.12098,0.12922,0.71262,0.78425,0.82154,0.62203,0.74628,0.65489,0.73001,0.46279,1.00599,1.79726,0.97124,1.31758,0,0,0,4.40657e-05,4.40657e-05,4.40657e-05
576,10013.2,1.38916,2.21544,1.28641,1.53493,0.12336,0.11843,0.12473,0.80691,0.70505,0.82239,0.62004,0.74883,0.64936,0.7304,0.46161,1.00926,1.79772,0.97087,1.31857,0,0,0,4.26912e-05,4.26912e-05,4.26912e-05
577,10030.4,1.40566,2.28093,1.3126,1.51988,0.11952,0.11703,0.12358,0.71306,0.78037,0.82064,0.61957,0.66109,0.72743,0.72809,0.45924,1.00978,1.79735,0.97079,1.32004,0,0,0,4.13168e-05,4.13168e-05,4.13168e-05
578,10047.6,1.35893,2.21434,1.29361,1.49868,0.12843,0.12042,0.12789,0.71111,0.78507,0.81971,0.62266,0.68075,0.71324,0.72984,0.46335,1.00923,1.79783,0.97139,1.32033,0,0,0,3.99423e-05,3.99423e-05,3.99423e-05
579,10065.1,1.29406,2.10751,1.28405,1.52002,0.13169,0.12284,0.13179,0.83608,0.67366,0.8179,0.62254,0.77164,0.62809,0.7279,0.46104,1.00427,1.79195,0.97243,1.31813,0,0,0,3.85679e-05,3.85679e-05,3.85679e-05
580,10082.3,1.34861,2.20231,1.3129,1.52459,0.12877,0.11767,0.12629,0.68663,0.80887,0.81948,0.62091,0.63317,0.74501,0.72831,0.46306,0.99941,1.78734,0.97175,1.3159,0,0,0,3.71935e-05,3.71935e-05,3.71935e-05
581,10099.7,1.39244,2.19127,1.34162,1.52516,0.13343,0.12271,0.13231,0.69485,0.81771,0.81953,0.62042,0.64085,0.74642,0.72576,0.46066,0.99656,1.78483,0.96836,1.31294,0,0,0,3.5819e-05,3.5819e-05,3.5819e-05
582,10116.8,1.30198,2.1361,1.27556,1.49885,0.13341,0.12559,0.13382,0.7369,0.7592,0.81655,0.61997,0.69433,0.702,0.72458,0.46038,0.99563,1.7863,0.97294,1.31228,0,0,0,3.44445e-05,3.44445e-05,3.44445e-05
583,10134.2,1.40926,2.29544,1.33133,1.50679,0.13358,0.12606,0.13381,0.70982,0.78984,0.81634,0.6197,0.69384,0.69803,0.72289,0.45973,0.9941,1.7889,0.97698,1.31122,0,0,0,3.30701e-05,3.30701e-05,3.30701e-05
584,10151.5,1.33733,2.13776,1.28729,1.51388,0.13748,0.12575,0.13435,0.73064,0.79048,0.81916,0.62391,0.68771,0.71132,0.72646,0.45828,0.99768,1.79041,0.97983,1.31365,0,0,0,3.16956e-05,3.16956e-05,3.16956e-05
585,10168.7,1.38611,2.21709,1.34294,1.55307,0.12622,0.11731,0.12528,0.73431,0.78845,0.81852,0.62198,0.69284,0.71915,0.72465,0.45703,1.00451,1.79245,0.98234,1.3163,0,0,0,3.03212e-05,3.03212e-05,3.03212e-05
586,10185.7,1.31597,2.14746,1.30878,1.53135,0.12307,0.1147,0.12334,0.73039,0.78845,0.81058,0.6146,0.76107,0.65332,0.71749,0.45189,1.00609,1.79423,0.98014,1.31762,0,0,0,2.89468e-05,2.89468e-05,2.89468e-05
587,10203,1.34487,2.1812,1.32749,1.52918,0.13412,0.12218,0.13034,0.75807,0.75638,0.81081,0.6167,0.7146,0.68793,0.71662,0.45472,1.0026,1.79089,0.97527,1.31621,0,0,0,2.75723e-05,2.75723e-05,2.75723e-05
588,10220.3,1.35973,2.20446,1.31868,1.5328,0.12526,0.11896,0.12684,0.82177,0.70405,0.81339,0.61735,0.75554,0.66084,0.71775,0.45588,1.00042,1.78802,0.97085,1.31456,0,0,0,2.61978e-05,2.61978e-05,2.61978e-05
589,10237.5,1.39085,2.29453,1.34011,1.54127,0.12619,0.11614,0.12483,0.74855,0.77215,0.81315,0.61697,0.69111,0.71469,0.717,0.45272,1.00195,1.78689,0.96868,1.31425,0,0,0,2.48234e-05,2.48234e-05,2.48234e-05
590,10254.6,1.36572,2.27601,1.33704,1.54585,0.12479,0.11487,0.12302,0.74444,0.773,0.81906,0.61759,0.71182,0.69426,0.72531,0.45844,1.00128,1.78626,0.96868,1.31349,0,0,0,2.34489e-05,2.34489e-05,2.34489e-05
591,10274.9,1.41992,2.23293,1.35205,1.57056,0.10144,0.08105,0.09021,0.71831,0.77668,0.81053,0.61011,0.71252,0.68545,0.71252,0.44887,1.02486,1.80611,0.97988,1.32261,0,0,0,2.20745e-05,2.20745e-05,2.20745e-05
592,10292.2,1.35976,2.21684,1.26015,1.54054,0.09786,0.07983,0.08847,0.73004,0.77694,0.8066,0.5968,0.68155,0.71887,0.70885,0.44159,1.05921,1.84326,0.99714,1.34135,0,0,0,2.07001e-05,2.07001e-05,2.07001e-05
593,10309.3,1.37652,2.25338,1.26177,1.57064,0.09645,0.07779,0.08587,0.74341,0.77592,0.8029,0.59041,0.69147,0.725,0.70739,0.44022,1.07815,1.86727,1.00038,1.35293,0,0,0,1.93256e-05,1.93256e-05,1.93256e-05
594,10326.4,1.3685,2.20133,1.2448,1.5503,0.0952,0.07843,0.08543,0.74134,0.77011,0.80118,0.59126,0.69062,0.71854,0.70813,0.43815,1.08525,1.8801,0.99832,1.35893,0,0,0,1.79512e-05,1.79512e-05,1.79512e-05
595,10343.6,1.35682,2.16464,1.22313,1.52686,0.09836,0.07834,0.08672,0.7613,0.74787,0.79702,0.5919,0.70695,0.6968,0.70383,0.43818,1.08915,1.8886,0.99665,1.36205,0,0,0,1.65767e-05,1.65767e-05,1.65767e-05
596,10360.8,1.31684,2.16123,1.20013,1.51107,0.09388,0.07822,0.08544,0.76166,0.7494,0.7989,0.58907,0.70294,0.70003,0.70458,0.439,1.08715,1.88862,0.9921,1.36015,0,0,0,1.52022e-05,1.52022e-05,1.52022e-05
597,10378,1.31009,2.04898,1.17684,1.49668,0.09009,0.07579,0.08182,0.76686,0.7387,0.7987,0.5881,0.71335,0.68553,0.70497,0.44049,1.08537,1.8889,0.9915,1.35923,0,0,0,1.38278e-05,1.38278e-05,1.38278e-05
598,10395.1,1.32266,2.2091,1.20286,1.49717,0.09213,0.07737,0.08461,0.76837,0.74807,0.80049,0.59,0.71866,0.69475,0.70783,0.44254,1.08326,1.88623,0.98865,1.35776,0,0,0,1.24534e-05,1.24534e-05,1.24534e-05
599,10412.4,1.34439,2.12081,1.19656,1.47489,0.09142,0.07615,0.08321,0.80428,0.71209,0.80238,0.59142,0.75553,0.66628,0.71026,0.43848,1.08258,1.89008,0.98832,1.35863,0,0,0,1.10789e-05,1.10789e-05,1.10789e-05
600,10429.6,1.32612,2.10032,1.20568,1.51704,0.09095,0.07662,0.08348,0.77418,0.74571,0.80291,0.59084,0.74181,0.67727,0.71034,0.43507,1.08233,1.89025,0.99001,1.35776,0,0,0,9.70445e-06,9.70445e-06,9.70445e-06
