epoch,time,train/box_loss,train/seg_loss,train/cls_loss,train/dfl_loss,train/sem_loss,train/heat_loss,train/seed_loss,metrics/precision(B),metrics/recall(B),metrics/mAP50(B),metrics/mAP50-95(B),metrics/precision(M),metrics/recall(M),metrics/mAP50(M),metrics/mAP50-95(M),val/box_loss,val/seg_loss,val/cls_loss,val/dfl_loss,val/sem_loss,val/heat_loss,val/seed_loss,lr/pg0,lr/pg1,lr/pg2
1,64.7742,3.66165,9.46836,5.79251,4.22138,0.41542,0.85531,0.86706,5e-05,0.0014,0,0,3e-05,0.0008,0,0,3.65476,5.22372,5.02319,4.15658,nan,0,0,0.00025823,0.00025823,0.00025823
2,121.366,3.70664,6.31098,5.80868,4.19679,0.41025,0.84831,0.86011,0.0001,0.09612,3e-05,1e-05,0.00013,0.07225,2e-05,0,3.65412,5.10804,4.91902,4.14666,nan,0,0,0.000523924,0.000523924,0.000523924
3,178.376,3.78932,5.06681,5.68784,4.1615,0.40076,0.83704,0.84865,7e-05,0.09536,3e-05,2e-05,9e-05,0.06551,2e-05,1e-05,3.63743,4.62175,4.83935,4.12415,nan,0,0,0.000788739,0.000788739,0.000788739
4,235.318,3.73235,4.36515,5.71767,4.11399,0.38866,0.82185,0.83498,1e-05,0.01974,0,0,6e-05,0.00738,0,0,3.65854,4.17826,4.99609,4.11338,nan,0,0,0.000828877,0.000828877,0.000828877
5,291.966,3.65391,4.1365,5.41981,4.07099,0.37676,0.80582,0.81882,0.0001,0.00702,1e-05,0,0.0001,0.00742,1e-05,0,3.65132,4.48011,5.18954,4.09002,nan,0,0,0.000827502,0.000827502,0.000827502
6,349.184,3.76208,4.10476,5.54119,3.99452,0.36417,0.79313,0.80616,0.00012,0.06691,6e-05,2e-05,0.00012,0.06732,6e-05,1e-05,3.62805,4.36182,5.07069,3.9575,nan,0,0,0.000826128,0.000826128,0.000826128
7,406.069,3.67333,4.14763,5.35783,3.93305,0.34955,0.78054,0.79332,0.00018,0.04086,2e-05,0,0.00021,0.10276,8e-05,1e-05,3.61625,4.4457,4.69288,3.96629,nan,0,0,0.000824753,0.000824753,0.000824753
8,463.177,3.6031,4.11299,5.34221,3.85797,0.3334,0.76654,0.77982,0.00017,0.01721,3e-05,0,0.00022,0.05384,4e-05,1e-05,3.53905,4.32743,4.59499,3.88918,nan,0,0,0.000823379,0.000823379,0.000823379
9,520.009,3.52484,4.14988,5.12558,3.81083,0.31762,0.75386,0.76726,0.00019,0.04046,2e-05,0,0.00015,0.00761,2e-05,0,3.49924,4.52223,4.56744,3.80486,nan,0,0,0.000822004,0.000822004,0.000822004
10,576.707,3.39713,4.08541,5.24011,3.7433,0.29591,0.74164,0.75568,0.00023,0.07694,5e-05,1e-05,0.00016,0.01344,1e-05,0,3.43312,4.30421,4.58736,3.80197,nan,0,0,0.00082063,0.00082063,0.00082063
11,633.203,3.32165,4.03098,5.22384,3.66651,0.28001,0.72853,0.74376,0.00033,0.08656,7e-05,2e-05,0.00026,0.05147,4e-05,1e-05,3.36502,4.25,4.44607,3.71581,nan,0,0,0.000819255,0.000819255,0.000819255
12,689.824,3.23595,4.03666,5.12085,3.59607,0.26945,0.71544,0.73107,0.00036,0.02406,6e-05,1e-05,0.00037,0.0533,5e-05,1e-05,3.27352,4.14247,4.32179,3.58456,nan,0,0,0.000817881,0.000817881,0.000817881
13,746.814,3.23636,4.11324,5.06521,3.51873,0.26431,0.70359,0.71921,0.00028,0.02087,0.00027,7e-05,0.00027,0.04851,9e-05,1e-05,3.25829,4.06785,4.33136,3.51538,nan,0,0,0.000816507,0.000816507,0.000816507
14,803.959,3.2251,4.04456,5.02561,3.44203,0.25556,0.69269,0.70774,0.00033,0.02889,0.00029,0.0001,0.0003,0.02689,8e-05,1e-05,3.23269,4.0787,4.30536,3.46456,nan,0,0,0.000815132,0.000815132,0.000815132
15,860.625,3.04272,3.98547,5.03491,3.41736,0.25435,0.68098,0.69594,0.00029,0.02147,0.0001,2e-05,0.00024,0.01846,8e-05,2e-05,3.15034,4.0732,4.26998,3.39852,nan,0,0,0.000813758,0.000813758,0.000813758
16,917.337,3.15467,3.97657,4.97983,3.36702,0.24939,0.67031,0.68508,0.00024,0.02107,9e-05,2e-05,0.00023,0.02006,7e-05,1e-05,3.12052,4.09299,4.27812,3.3238,nan,0,0,0.000812383,0.000812383,0.000812383
17,974.084,3.02994,3.93446,4.89762,3.35537,0.24514,0.65987,0.67427,0.00039,0.02968,0.00012,3e-05,0.00045,0.06051,0.00018,3e-05,3.10902,4.03346,4.23989,3.29532,nan,0,0,0.000811009,0.000811009,0.000811009
18,1030.66,3.0459,3.95115,4.92552,3.29689,0.24335,0.64949,0.66325,0.00057,0.05434,0.00021,5e-05,0.00054,0.10983,0.00023,5e-05,3.08515,4.04567,4.19236,3.29547,nan,0,0,0.000809634,0.000809634,0.000809634
19,1087.43,3.05753,4.05482,4.85523,3.27217,0.24107,0.64022,0.65343,0.00053,0.04091,0.00061,0.00011,0.00046,0.06857,0.00256,0.00032,3.07947,4.02458,4.14043,3.27715,nan,0,0,0.00080826,0.00080826,0.00080826
20,1144.41,3.02737,4.04062,4.845,3.21903,0.23961,0.63088,0.6434,0.00047,0.05016,0.00047,9e-05,0.0004,0.04234,0.00048,0.0001,3.0144,4.01171,4.01963,3.15095,nan,0,0,0.000806885,0.000806885,0.000806885
21,1201.08,3.00906,3.95248,4.80952,3.19753,0.23434,0.62232,0.63432,0.00063,0.06058,0.00049,0.0001,0.00067,0.05574,0.00045,0.0001,2.97672,3.97808,3.96246,3.10394,nan,0,0,0.000805511,0.000805511,0.000805511
22,1257.82,2.96009,3.98402,4.74942,3.18657,0.23714,0.613,0.62427,0.00095,0.06264,0.00094,0.00019,0.00113,0.09364,0.00138,0.00037,2.97703,3.9832,4.02053,3.12102,nan,0,0,0.000804137,0.000804137,0.000804137
23,1314.94,2.91892,3.92909,4.7039,3.15061,0.23211,0.60586,0.61658,0.62645,0.01304,0.00032,7e-05,0.62654,0.01083,0.00055,0.00011,2.98294,4.0217,4.22295,3.14485,nan,0,0,0.000802762,0.000802762,0.000802762
24,1371.79,2.94098,3.99325,4.77337,3.09384,0.23164,0.59916,0.6095,0.00098,0.06279,0.00049,0.00011,0.00127,0.12403,0.00077,0.00016,2.92927,3.96004,4.11722,3.09349,nan,0,0,0.000801388,0.000801388,0.000801388
25,1428.44,3.01842,3.97126,4.62192,3.10335,0.22994,0.59269,0.60236,0.00103,0.05615,0.00148,0.00039,0.00126,0.08773,0.00182,0.00049,2.92193,3.93522,3.98733,3.06932,nan,0,0,0.000800013,0.000800013,0.000800013
26,1485.58,2.92928,3.89935,4.53245,3.09338,0.22481,0.58676,0.596,0.62908,0.03612,0.0011,0.00028,0.63237,0.01895,0.0013,0.00031,2.95678,3.91305,3.98676,3.06274,nan,0,0,0.000798639,0.000798639,0.000798639
27,1542.29,2.87119,3.85875,4.59123,3.06289,0.21643,0.58135,0.58991,0.64427,0.01,0.00228,0.00059,0.64529,0.01492,0.00254,0.00068,2.92422,3.92789,3.91555,2.99617,nan,0,0,0.000797264,0.000797264,0.000797264
28,1599.02,2.89242,3.88826,4.53992,3.03119,0.21283,0.57738,0.58543,0.62801,0.00702,0.00135,0.00032,0.62801,0.00702,0.00174,0.00036,2.93073,3.93619,3.93081,3.0396,nan,0,0,0.00079589,0.00079589,0.00079589
29,1655.64,2.86314,3.83439,4.56541,2.99987,0.20302,0.57289,0.58065,0.00151,0.07667,0.00113,0.00023,0.00148,0.07186,0.00124,0.00028,2.93757,3.93115,3.97913,3.03332,nan,0,0,0.000794515,0.000794515,0.000794515
30,1712.1,2.85041,3.8916,4.52724,2.99567,0.20285,0.56819,0.57544,0.50249,0.07544,0.00306,0.00087,0.62879,0.05977,0.00312,0.00075,2.8079,3.89121,3.84245,2.94827,nan,0,0,0.000793141,0.000793141,0.000793141
31,1769.06,2.89291,3.87466,4.49938,2.99603,0.20257,0.56482,0.57192,0.64568,0.01067,0.00315,0.00071,0.65053,0.01198,0.00331,0.00068,2.82199,3.84923,3.86468,2.91285,nan,0,0,0.000791767,0.000791767,0.000791767
32,1825.81,2.84143,3.80011,4.42422,2.92941,0.20181,0.56152,0.5683,0.77169,0.00883,0.00383,0.00078,0.77475,0.00863,0.00296,0.00066,2.81893,3.84334,3.90581,2.89881,nan,0,0,0.000790392,0.000790392,0.000790392
33,1882.5,2.81101,3.76383,4.3572,2.96281,0.20433,0.55777,0.56415,0.6384,0.01649,0.00282,0.00068,0.64473,0.0197,0.00534,0.00103,2.78994,3.82091,3.85171,2.88029,nan,0,0,0.000789018,0.000789018,0.000789018
34,1939.27,2.79992,3.80156,4.51443,2.96924,0.20145,0.55469,0.56067,0.00435,0.2105,0.0065,0.00174,0.64879,0.02087,0.01081,0.00268,2.78107,3.8051,3.7865,2.89472,nan,0,0,0.000787643,0.000787643,0.000787643
35,1996.12,2.80538,3.81698,4.41753,2.97307,0.19845,0.55149,0.55729,0.63553,0.03125,0.00456,0.00107,0.76489,0.00647,0.00408,0.00092,2.75963,3.802,3.8465,2.88633,nan,0,0,0.000786269,0.000786269,0.000786269
36,2052.78,2.74263,3.78052,4.40529,2.90583,0.1977,0.54915,0.55471,0.00614,0.17482,0.00357,0.00093,0.63433,0.0324,0.00469,0.00094,2.79963,3.79993,3.89414,2.87258,nan,0,0,0.000784894,0.000784894,0.000784894
37,2109.43,2.77919,3.73406,4.45905,2.89207,0.19644,0.54691,0.55223,0.01397,0.15946,0.00959,0.00232,0.00673,0.21014,0.0083,0.00162,2.74969,3.82593,3.84977,2.81698,nan,0,0,0.00078352,0.00078352,0.00078352
38,2165.98,2.75367,3.76794,4.35603,2.86315,0.194,0.54441,0.54961,0.63847,0.01583,0.00341,0.0009,0.64226,0.02454,0.00423,0.00094,2.71478,3.79771,3.79945,2.83088,nan,0,0,0.000782145,0.000782145,0.000782145
39,2222.36,2.70302,3.7073,4.40267,2.90317,0.19617,0.54266,0.54767,0.64398,0.01676,0.00831,0.00182,0.65829,0.01476,0.00906,0.00172,2.7345,3.7804,3.74604,2.83031,nan,0,0,0.000780771,0.000780771,0.000780771
40,2279.01,2.7712,3.76667,4.29909,2.88842,0.19254,0.54093,0.54567,0.63814,0.02713,0.00773,0.00318,0.65827,0.01611,0.01276,0.00356,2.72617,3.75035,3.69567,2.79325,nan,0,0,0.000779396,0.000779396,0.000779396
41,2336,2.76816,3.69956,4.2508,2.84068,0.19375,0.53865,0.54321,0.64146,0.01503,0.00619,0.00148,0.65465,0.01691,0.01206,0.0024,2.70542,3.71347,3.65541,2.78748,nan,0,0,0.000778022,0.000778022,0.000778022
42,2392.98,2.76528,3.71808,4.28433,2.85541,0.1881,0.537,0.54139,0.63827,0.01934,0.00846,0.00157,0.63885,0.01932,0.00557,0.00123,2.744,3.81107,3.89363,2.82752,nan,0,0,0.000776648,0.000776648,0.000776648
43,2449.53,2.66113,3.72998,4.28896,2.81828,0.18904,0.53558,0.53976,0.80461,0.00933,0.00526,0.00149,0.78423,0.00983,0.00628,0.00161,2.66878,3.72722,3.72063,2.79622,nan,0,0,0.000775273,0.000775273,0.000775273
44,2506.23,2.69803,3.68284,4.25073,2.81379,0.18738,0.53359,0.53777,0.64097,0.04883,0.00694,0.00177,0.64235,0.05675,0.00821,0.00206,2.64662,3.71183,3.65851,2.78595,nan,0,0,0.000773899,0.000773899,0.000773899
45,2562.81,2.60856,3.71443,4.35825,2.84296,0.19081,0.53256,0.53672,0.64372,0.02537,0.00756,0.00207,0.64704,0.02614,0.00872,0.00197,2.648,3.69311,3.69454,2.75429,nan,0,0,0.000772524,0.000772524,0.000772524
46,2619.42,2.64441,3.60893,4.18857,2.79093,0.1912,0.53095,0.53515,0.65094,0.01959,0.00549,0.00174,0.64647,0.01903,0.0065,0.00164,2.63481,3.67341,3.75126,2.72804,nan,0,0,0.00077115,0.00077115,0.00077115
47,2676.25,2.68392,3.68782,4.19182,2.77471,0.19418,0.53033,0.53461,0.51076,0.02034,0.00426,0.0011,0.51362,0.02386,0.0052,0.00127,nan,nan,nan,nan,nan,0,0,0.000769775,0.000769775,0.000769775
48,2732.9,2.59328,3.73868,4.15203,2.77455,0.19504,0.52906,0.53318,0.64658,0.02408,0.00966,0.00248,0.64864,0.02405,0.00963,0.00229,nan,nan,nan,nan,nan,0,0,0.000768401,0.000768401,0.000768401
49,2789.6,2.63783,3.63043,4.18091,2.78755,0.19442,0.52801,0.53192,0.65455,0.02735,0.01163,0.00341,0.65798,0.0259,0.01064,0.00309,nan,nan,nan,nan,nan,0,0,0.000767026,0.000767026,0.000767026
50,2846.57,2.74623,3.69552,4.03285,2.67646,0.18996,0.52698,0.53053,0.65739,0.02744,0.02568,0.00761,0.65739,0.0274,0.01506,0.00489,2.62362,3.6623,3.53127,2.7004,nan,0,0,0.000765652,0.000765652,0.000765652
51,2903.85,2.62844,3.63567,4.09632,2.75427,0.18975,0.52583,0.52937,0.64836,0.01432,0.01016,0.00328,0.64796,0.01529,0.01113,0.00313,2.60363,3.63324,3.51012,2.69374,nan,0,0,0.000764278,0.000764278,0.000764278
52,2960.42,2.64858,3.53936,4.20243,2.78377,0.1921,0.52491,0.52838,0.64284,0.01447,0.00971,0.0029,0.64673,0.01724,0.01055,0.00267,2.60267,3.63746,3.61363,2.70435,nan,0,0,0.000762903,0.000762903,0.000762903
53,3017.16,2.61439,3.61676,4.13999,2.7245,0.19036,0.52391,0.52755,0.6552,0.02591,0.01941,0.005,0.65443,0.02531,0.02068,0.00484,2.59467,3.62723,3.51241,2.69933,nan,0,0,0.000761529,0.000761529,0.000761529
54,3073.84,2.61001,3.61772,4.09674,2.73312,0.19116,0.52288,0.52647,0.66688,0.02862,0.01771,0.0045,0.6574,0.02328,0.0176,0.00459,2.60063,3.63305,3.48561,2.70933,nan,0,0,0.000760154,0.000760154,0.000760154
55,3130.67,2.60048,3.60581,4.03934,2.72944,0.19169,0.52169,0.52529,0.02454,0.30495,0.01772,0.00601,0.02193,0.26075,0.01648,0.00517,2.58126,3.59845,3.48261,2.6989,nan,0,0,0.00075878,0.00075878,0.00075878
56,3187.42,2.60685,3.6237,3.99493,2.69899,0.19467,0.52188,0.52516,0.66464,0.02373,0.01744,0.005,0.65319,0.02322,0.0142,0.00398,nan,nan,nan,nan,nan,0,0,0.000757405,0.000757405,0.000757405
57,3244.3,2.61974,3.51303,3.96887,2.65356,0.18922,0.52024,0.52336,0.66685,0.03382,0.01748,0.00594,0.66408,0.03556,0.01538,0.00395,nan,nan,nan,nan,nan,0,0,0.000756031,0.000756031,0.000756031
58,3300.83,2.57242,3.56616,3.99029,2.68587,0.18952,0.52001,0.52336,0.6658,0.02716,0.01579,0.00511,0.65798,0.02298,0.01479,0.00409,2.54677,3.56356,3.40291,2.64619,nan,0,0,0.000754656,0.000754656,0.000754656
59,3357.45,2.58757,3.59581,4.05954,2.70507,0.1843,0.51885,0.52192,0.26881,0.03285,0.00831,0.00277,0.26555,0.03105,0.00721,0.00229,nan,nan,nan,nan,nan,0,0,0.000753282,0.000753282,0.000753282
60,3414.04,2.54154,3.57554,3.95814,2.66769,0.18945,0.51863,0.52207,0.55995,0.03897,0.02673,0.00882,0.54467,0.03751,0.03109,0.00792,2.5105,3.53319,3.38168,2.61289,nan,0,0,0.000751907,0.000751907,0.000751907
61,3470.91,2.575,3.47171,3.94113,2.67809,0.1883,0.5184,0.52158,0.41732,0.03698,0.02889,0.00884,0.41282,0.03523,0.04052,0.00884,nan,nan,nan,nan,nan,0,0,0.000750533,0.000750533,0.000750533
62,3528.23,2.54415,3.65456,3.90104,2.6861,0.1882,0.51749,0.52076,0.53551,0.03466,0.03128,0.01229,0.52934,0.03191,0.03842,0.00884,nan,nan,nan,nan,nan,0,0,0.000749159,0.000749159,0.000749159
63,3585.14,2.536,3.56354,3.89912,2.64649,0.18693,0.5163,0.51919,0.53394,0.03762,0.01818,0.00562,0.52905,0.03777,0.01883,0.00514,nan,nan,nan,nan,nan,0,0,0.000747784,0.000747784,0.000747784
64,3641.87,2.57597,3.52323,3.83211,2.65249,0.18922,0.51629,0.51944,0.40533,0.04853,0.01497,0.00376,0.52712,0.04571,0.01525,0.00463,2.54619,3.55496,3.64348,2.64914,nan,0,0,0.00074641,0.00074641,0.00074641
65,3698.52,2.55298,3.53212,3.83787,2.66244,0.18487,0.51556,0.5188,0.53448,0.03866,0.02197,0.00634,0.53421,0.03712,0.01947,0.0059,2.50626,3.5043,3.36095,2.62998,nan,0,0,0.000745035,0.000745035,0.000745035
66,3755.35,2.61341,3.57389,3.79127,2.62994,0.19048,0.51514,0.51802,0.40083,0.0364,0.01043,0.00273,0.39757,0.03257,0.00835,0.00216,nan,nan,nan,nan,nan,0,0,0.000743661,0.000743661,0.000743661
67,3812.07,2.55878,3.49419,3.87408,2.65614,0.18679,0.51436,0.51742,0.40743,0.04639,0.01558,0.00462,0.40495,0.04141,0.01236,0.00363,nan,nan,nan,nan,nan,0,0,0.000742286,0.000742286,0.000742286
68,3868.75,2.53261,3.47446,3.80894,2.61193,0.19482,0.51413,0.51718,0.68439,0.04109,0.02815,0.00883,0.67835,0.03826,0.02901,0.00942,2.47909,3.47383,3.30181,2.57274,nan,0,0,0.000740912,0.000740912,0.000740912
69,3925.44,2.5873,3.56372,3.82205,2.57627,0.18371,0.51325,0.51629,0.5782,0.04878,0.03827,0.0106,0.57263,0.05035,0.04015,0.0118,2.4987,3.45978,3.23301,2.54917,nan,0,0,0.000739537,0.000739537,0.000739537
70,3982.24,2.48592,3.54422,3.75469,2.57168,0.19606,0.51349,0.51671,0.55911,0.04264,0.02008,0.00676,0.55651,0.04468,0.01823,0.00587,nan,nan,nan,nan,nan,0,0,0.000738163,0.000738163,0.000738163
71,4038.77,2.46248,3.56306,3.90891,2.61318,0.19219,0.51306,0.51609,0.53754,0.05283,0.01915,0.00642,0.5292,0.04872,0.01871,0.00592,nan,nan,nan,nan,nan,0,0,0.000736788,0.000736788,0.000736788
72,4095.49,2.53117,3.52469,3.79438,2.59192,0.18694,0.5124,0.51553,0.43244,0.05088,0.06218,0.01339,0.42119,0.05846,0.0614,0.01797,2.46562,3.42713,3.19939,2.54842,nan,0,0,0.000735414,0.000735414,0.000735414
73,4152.41,2.4976,3.43115,3.69678,2.57064,0.18601,0.51172,0.5144,0.55928,0.05194,0.05378,0.01934,0.55209,0.05251,0.05452,0.01586,2.43016,3.4089,3.23166,2.52469,nan,0,0,0.00073404,0.00073404,0.00073404
74,4209.15,2.44165,3.44668,3.58723,2.54375,0.18681,0.51126,0.51399,0.68023,0.04464,0.06881,0.02758,0.66263,0.06163,0.07164,0.01733,2.42232,3.40054,3.19222,2.52234,nan,0,0,0.000732665,0.000732665,0.000732665
75,4265.89,2.50414,3.48412,3.75524,2.56659,0.18747,0.51108,0.51402,0.5453,0.04805,0.04243,0.01497,0.54315,0.04829,0.04413,0.01416,2.4267,3.42752,3.26474,2.56291,nan,0,0,0.000731291,0.000731291,0.000731291
76,4322.47,2.43871,3.49261,3.76991,2.60844,0.1861,0.51104,0.51439,0.53805,0.07322,0.05066,0.01508,0.53615,0.07275,0.05115,0.01463,2.41656,3.41192,3.21388,2.5342,nan,0,0,0.000729916,0.000729916,0.000729916
77,4379.11,2.47811,3.40538,3.69563,2.53412,0.18368,0.51024,0.51321,0.54731,0.0614,0.03913,0.01324,0.54389,0.05564,0.05031,0.01414,2.3746,3.40708,3.29735,2.49074,nan,0,0,0.000728542,0.000728542,0.000728542
78,4435.86,2.53276,3.47629,3.6633,2.5058,0.18084,0.50931,0.51194,0.55727,0.06047,0.04703,0.01665,0.56047,0.07372,0.04502,0.01455,2.3827,3.37922,3.14361,2.48079,nan,0,0,0.000727167,0.000727167,0.000727167
79,4492.48,2.45202,3.45098,3.61082,2.55224,0.18551,0.50873,0.51171,0.4242,0.06961,0.03245,0.01048,0.42045,0.07172,0.03235,0.00978,2.40051,3.37355,4.81105,2.49368,nan,0,0,0.000725793,0.000725793,0.000725793
80,4549.05,2.43365,3.4005,3.60796,2.54329,0.18092,0.50899,0.51198,0.44342,0.05996,0.03576,0.01141,0.44475,0.0522,0.03228,0.01013,2.38946,3.3717,3.19478,2.49312,nan,0,0,0.000724418,0.000724418,0.000724418
81,4605.76,2.51737,3.44872,3.66083,2.5322,0.17662,0.50841,0.51091,0.67934,0.05817,0.08504,0.02395,0.67816,0.05621,0.05597,0.01862,2.36016,3.34265,3.02676,2.46187,nan,0,0,0.000723044,0.000723044,0.000723044
82,4662.52,2.47075,3.47715,3.61984,2.52508,0.17634,0.50821,0.51087,0.69989,0.06959,0.07329,0.02551,0.69277,0.06749,0.06907,0.02087,2.37785,3.35094,3.01097,2.47215,nan,0,0,0.00072167,0.00072167,0.00072167
83,4719.18,2.41966,3.33412,3.61839,2.53393,0.17307,0.50754,0.51022,0.68076,0.07876,0.05497,0.01992,0.55311,0.07839,0.05213,0.01821,2.36657,3.34957,3.03767,2.47316,nan,0,0,0.000720295,0.000720295,0.000720295
84,4775.75,2.43414,3.45481,3.62085,2.53431,0.16889,0.50686,0.50948,0.41494,0.07682,0.05998,0.02297,0.47696,0.08522,0.05971,0.01831,2.37324,3.33804,3.06032,2.44288,nan,0,0,0.000718921,0.000718921,0.000718921
85,4832.49,2.38191,3.37358,3.57322,2.49571,0.17567,0.50648,0.50957,0.34449,0.09427,0.06622,0.02006,0.33655,0.0862,0.06455,0.0182,2.34561,3.32383,3.00177,2.44007,nan,0,0,0.000717546,0.000717546,0.000717546
86,4889.18,2.42595,3.43157,3.55553,2.48549,0.17064,0.50662,0.50969,0.34371,0.08107,0.0474,0.01741,0.3495,0.08471,0.06317,0.01804,2.33877,3.32862,2.96343,2.42892,nan,0,0,0.000716172,0.000716172,0.000716172
87,4945.82,2.48248,3.45773,3.54499,2.49259,0.17091,0.50613,0.5086,0.20436,0.10218,0.05622,0.0215,0.20224,0.12104,0.07165,0.02247,2.33861,3.29211,2.96375,2.43503,nan,0,0,0.000714797,0.000714797,0.000714797
88,5002.53,2.39909,3.35004,3.59798,2.51163,0.16423,0.50582,0.50888,0.46136,0.08035,0.06698,0.02399,0.45978,0.06581,0.06977,0.02299,2.3245,3.27441,3.00789,2.41372,nan,0,0,0.000713423,0.000713423,0.000713423
89,5059.51,2.41218,3.38065,3.3959,2.45239,0.16709,0.50497,0.50781,0.29314,0.11213,0.05558,0.02102,0.29023,0.10555,0.05772,0.01829,2.32269,3.33187,4.32749,2.41776,nan,0,0,0.000712048,0.000712048,0.000712048
90,5116.12,2.40817,3.42249,3.5085,2.42621,0.16575,0.50517,0.50803,0.30228,0.11679,0.07942,0.03186,0.29724,0.10739,0.08049,0.02504,2.31759,3.29824,3.04034,2.42125,nan,0,0,0.000710674,0.000710674,0.000710674
91,5172.99,2.42474,3.36627,3.38216,2.47299,0.16813,0.50504,0.50803,0.3538,0.13897,0.08543,0.03568,0.35155,0.1349,0.09113,0.02921,2.27928,3.29094,2.92753,2.38152,nan,0,0,0.000709299,0.000709299,0.000709299
92,5229.98,2.41799,3.39883,3.45423,2.4515,0.15829,0.50398,0.50716,0.22233,0.12671,0.09722,0.03665,0.21803,0.1182,0.09897,0.03082,2.30927,3.2769,2.91582,2.38108,nan,0,0,0.000707925,0.000707925,0.000707925
93,5286.86,2.356,3.30273,3.47482,2.485,0.16316,0.50352,0.50656,0.34926,0.13607,0.11989,0.04738,0.32672,0.12884,0.11213,0.03705,2.29192,3.30302,2.92629,2.37013,nan,0,0,0.000706551,0.000706551,0.000706551
94,5343.7,2.41875,3.37831,3.44513,2.46868,0.1612,0.50399,0.50677,0.33067,0.13262,0.14391,0.05753,0.31754,0.12921,0.13727,0.04209,2.29333,3.2952,2.91956,2.37786,nan,0,0,0.000705176,0.000705176,0.000705176
95,5400.6,2.35494,3.35574,3.35723,2.43661,0.16007,0.50321,0.50562,0.44768,0.16591,0.1455,0.05885,0.43947,0.16443,0.14217,0.05358,2.30689,3.24439,2.87009,2.37763,nan,0,0,0.000703802,0.000703802,0.000703802
96,5457.37,2.33148,3.33739,3.39889,2.43097,0.16312,0.50258,0.50564,0.28575,0.15858,0.12707,0.05165,0.29075,0.1648,0.12426,0.0458,2.2909,3.23973,2.89864,2.38853,nan,0,0,0.000702427,0.000702427,0.000702427
97,5514.03,2.36601,3.32636,3.39524,2.40873,0.16052,0.5032,0.50618,0.41024,0.18252,0.15657,0.06834,0.41604,0.17351,0.12176,0.0443,2.24136,3.23658,2.82269,2.35499,nan,0,0,0.000701053,0.000701053,0.000701053
98,5570.79,2.32631,3.31129,3.45878,2.46807,0.15902,0.50208,0.50539,0.4542,0.16504,0.15133,0.06766,0.45333,0.15604,0.14849,0.04666,2.2654,3.22752,2.81865,2.37289,nan,0,0,0.000699678,0.000699678,0.000699678
99,5627.65,2.36891,3.33639,3.27134,2.40384,0.16114,0.50136,0.50466,0.28632,0.15731,0.15694,0.06939,0.31579,0.16255,0.11908,0.04301,2.28172,3.25362,2.76721,2.38253,nan,0,0,0.000698304,0.000698304,0.000698304
100,5684.3,2.37614,3.34911,3.40606,2.4654,0.16069,0.5013,0.50419,0.24384,0.14731,0.16255,0.05919,0.23065,0.15063,0.13778,0.03858,2.27983,3.23645,2.77581,2.38847,nan,0,0,0.000696929,0.000696929,0.000696929
101,5740.86,2.33789,3.3772,3.46962,2.44991,0.15533,0.50009,0.50324,0.31081,0.15909,0.14033,0.06293,0.28757,0.16304,0.13401,0.05051,2.26748,3.22624,2.9257,2.37455,nan,0,0,0.000695555,0.000695555,0.000695555
102,5797.55,2.34313,3.26441,3.31037,2.41154,0.16485,0.501,0.50453,0.37706,0.15192,0.18291,0.08843,0.28254,0.18903,0.17357,0.06693,2.26781,3.18482,2.83559,2.34977,nan,0,0,0.000694181,0.000694181,0.000694181
103,5854.34,2.33885,3.31899,3.28135,2.39401,0.15851,0.4996,0.5029,0.31216,0.19009,0.1805,0.08788,0.30327,0.1795,0.17338,0.06219,2.2381,3.18462,2.82359,2.35072,nan,0,0,0.000692806,0.000692806,0.000692806
104,5910.8,2.29749,3.29655,3.2526,2.42398,0.15927,0.49937,0.50309,0.35489,0.15709,0.14832,0.06821,0.3396,0.14834,0.14841,0.05074,2.23001,3.18326,2.77685,2.35582,nan,0,0,0.000691432,0.000691432,0.000691432
105,5967.37,2.32342,3.28229,3.35767,2.41722,0.16112,0.50055,0.50432,0.26893,0.18765,0.18113,0.06991,0.28404,0.2027,0.17645,0.06192,2.24069,3.15287,2.71264,2.34366,nan,0,0,0.000690057,0.000690057,0.000690057
106,6023.92,2.27705,3.29448,3.22015,2.41528,0.15527,0.49704,0.50127,0.27458,0.20826,0.15546,0.06561,0.28114,0.22289,0.15551,0.05704,2.22617,3.14587,2.71128,2.31823,nan,0,0,0.000688683,0.000688683,0.000688683
107,6080.44,2.25693,3.24592,3.28677,2.41763,0.15812,0.49857,0.50161,0.34352,0.21052,0.15308,0.06173,0.35504,0.2096,0.13138,0.04802,2.21285,3.16154,2.74625,2.30807,nan,0,0,0.000687308,0.000687308,0.000687308
108,6137.06,2.3062,3.25233,3.36359,2.40836,0.15735,0.49816,0.50154,0.25451,0.20617,0.18862,0.0871,0.27817,0.22762,0.17803,0.0655,2.19248,3.13175,2.74982,2.28853,nan,0,0,0.000685934,0.000685934,0.000685934
109,6193.65,2.32486,3.24598,3.21196,2.38188,0.16035,0.49864,0.50228,0.22841,0.23519,0.19536,0.09534,0.22111,0.2601,0.19335,0.07919,2.21983,3.10922,2.69419,2.29312,nan,0,0,0.000684559,0.000684559,0.000684559
110,6250.49,2.30543,3.21573,3.23353,2.38642,0.1563,0.49736,0.50094,0.20765,0.24811,0.15989,0.07304,0.20656,0.27251,0.16308,0.05839,2.1793,3.09617,2.68303,2.28089,nan,0,0,0.000683185,0.000683185,0.000683185
111,6307.07,2.29261,3.2331,3.11618,2.35324,0.16211,0.49665,0.50005,0.22031,0.28417,0.18423,0.08514,0.2091,0.25431,0.18062,0.06452,2.1504,3.07711,2.62479,2.2692,nan,0,0,0.00068181,0.00068181,0.00068181
112,6363.76,2.30828,3.26353,3.2496,2.36618,0.15751,0.49739,0.50093,0.31328,0.29138,0.23048,0.11101,0.33271,0.29499,0.23373,0.09032,2.16804,3.09252,2.62174,2.26488,nan,0,0,0.000680436,0.000680436,0.000680436
113,6420.58,2.25654,3.25389,3.11007,2.32818,0.15475,0.49545,0.49878,0.1718,0.22839,0.21095,0.09164,0.26006,0.25245,0.21716,0.07436,2.158,3.09399,2.65116,2.25311,nan,0,0,0.000679062,0.000679062,0.000679062
114,6477.18,2.30364,3.19766,3.17498,2.36382,0.15584,0.4958,0.49945,0.2597,0.2593,0.20118,0.09208,0.2681,0.26288,0.2017,0.07467,2.15909,3.08451,2.61776,2.2645,nan,0,0,0.000677687,0.000677687,0.000677687
115,6533.79,2.30971,3.24809,3.12082,2.36346,0.15449,0.49504,0.49914,0.21422,0.31104,0.20424,0.09191,0.19691,0.30775,0.19758,0.0671,2.14479,3.0938,2.60366,2.25594,nan,0,0,0.000676313,0.000676313,0.000676313
116,6590.45,2.27065,3.14809,3.09481,2.39277,0.16037,0.49425,0.49817,0.22453,0.3283,0.23447,0.10009,0.2122,0.33447,0.22817,0.08391,2.15318,3.06569,2.61786,2.28642,nan,0,0,0.000674938,0.000674938,0.000674938
117,6646.97,2.23172,3.20604,3.06042,2.36676,0.15808,0.49482,0.49864,0.42,0.21316,0.21952,0.10295,0.40641,0.20443,0.22162,0.08978,2.1449,3.05519,2.53818,2.26149,nan,0,0,0.000673564,0.000673564,0.000673564
118,6703.51,2.24189,3.14059,3.01275,2.34603,0.16655,0.49338,0.49754,0.37228,0.2717,0.22632,0.10736,0.36116,0.27567,0.23151,0.09113,2.15602,3.03988,2.53382,2.25675,nan,0,0,0.000672189,0.000672189,0.000672189
119,6760.01,2.27715,3.23051,2.98006,2.29021,0.15907,0.49364,0.4981,0.30875,0.31316,0.25316,0.11984,0.31153,0.30556,0.24975,0.10085,2.10873,3.06899,2.53504,2.22354,nan,0,0,0.000670815,0.000670815,0.000670815
120,6816.9,2.24815,3.21009,3.07015,2.35126,0.15488,0.49186,0.49585,0.30727,0.31093,0.23637,0.10586,0.3298,0.31367,0.24718,0.09371,2.11924,3.04831,2.53867,2.21076,nan,0,0,0.00066944,0.00066944,0.00066944
121,6873.51,2.26846,3.20217,3.06526,2.32361,0.16318,0.49188,0.4961,0.27501,0.3312,0.2539,0.11625,0.27499,0.3327,0.24525,0.09188,2.14371,3.03072,2.49348,2.22794,nan,0,0,0.000668066,0.000668066,0.000668066
122,6929.94,2.24398,3.1359,2.97149,2.31602,0.15589,0.49104,0.49546,0.34164,0.30338,0.27389,0.13169,0.34053,0.30129,0.2752,0.09733,2.12204,3.02669,2.42545,2.2139,nan,0,0,0.000666692,0.000666692,0.000666692
123,6986.83,2.23747,3.12484,2.98328,2.30457,0.15845,0.49075,0.4956,0.29271,0.30233,0.23016,0.1192,0.3028,0.30484,0.24495,0.09213,2.08814,2.97223,2.47507,2.18816,nan,0,0,0.000665317,0.000665317,0.000665317
124,7043.51,2.19962,3.10441,2.99658,2.29621,0.15166,0.48934,0.49367,0.29618,0.31176,0.21392,0.10667,0.30551,0.31584,0.22249,0.0877,2.09287,2.99768,2.4302,2.202,nan,0,0,0.000663943,0.000663943,0.000663943
125,7100.14,2.2717,3.2135,2.94474,2.27587,0.15618,0.4901,0.49431,0.32267,0.27547,0.24655,0.12735,0.31427,0.26697,0.24524,0.10319,2.10737,3.00276,2.42042,2.21662,nan,0,0,0.000662568,0.000662568,0.000662568
126,7157.01,2.18972,3.11644,2.96735,2.27057,0.15636,0.48882,0.494,0.31202,0.32554,0.27376,0.13304,0.341,0.34908,0.29744,0.11887,2.09429,2.95559,2.42579,2.20038,nan,0,0,0.000661194,0.000661194,0.000661194
127,7213.83,2.16196,3.14423,2.93209,2.26716,0.15783,0.48869,0.49359,0.39169,0.28435,0.30386,0.13936,0.38927,0.291,0.30592,0.12391,2.10832,2.95954,2.43911,2.20453,nan,0,0,0.000659819,0.000659819,0.000659819
128,7270.54,2.20365,3.14638,2.98162,2.30238,0.1639,0.48883,0.49356,0.38593,0.31871,0.29871,0.14551,0.39525,0.31832,0.30206,0.12551,2.0777,2.96262,2.41032,2.19474,nan,0,0,0.000658445,0.000658445,0.000658445
129,7327.4,2.22272,3.17382,2.88389,2.26692,0.15864,0.4871,0.49169,0.4664,0.27812,0.31425,0.15444,0.46882,0.27677,0.31809,0.13822,2.03715,2.93385,2.3071,2.171,nan,0,0,0.00065707,0.00065707,0.00065707
130,7384.29,2.25008,3.11284,2.93699,2.23492,0.1573,0.48671,0.49235,0.3593,0.27437,0.27877,0.12965,0.30544,0.33749,0.27025,0.11552,2.04844,2.95019,2.35661,2.16713,nan,0,0,0.000655696,0.000655696,0.000655696
131,7441.02,2.20865,3.10901,2.92657,2.23488,0.15517,0.48533,0.49103,0.36068,0.29488,0.26004,0.11189,0.34753,0.27841,0.25356,0.10167,2.07923,2.9694,2.45235,2.18124,nan,0,0,0.000654321,0.000654321,0.000654321
132,7497.55,2.16863,3.10628,2.91438,2.28134,0.15404,0.48547,0.49149,0.32106,0.34431,0.25769,0.1131,0.31752,0.34278,0.26168,0.10786,2.04916,2.93853,2.49865,2.16617,nan,0,0,0.000652947,0.000652947,0.000652947
133,7554.2,2.23,3.07032,2.92597,2.24582,0.15351,0.48278,0.48873,0.37926,0.33881,0.28334,0.13304,0.38767,0.34455,0.29335,0.11513,2.04618,2.95107,2.35057,2.1487,nan,0,0,0.000651573,0.000651573,0.000651573
134,7610.76,2.15284,3.03559,2.92005,2.23639,0.15845,0.48349,0.49064,0.33191,0.34881,0.27815,0.13475,0.42007,0.28899,0.2675,0.10961,2.06409,2.94985,2.35034,2.15811,nan,0,0,0.000650198,0.000650198,0.000650198
135,7667.32,2.19498,3.18529,2.94455,2.25931,0.15642,0.48361,0.49082,0.3625,0.3477,0.28502,0.15011,0.35476,0.3432,0.28009,0.12632,2.04275,2.92401,2.35056,2.15888,nan,0,0,0.000648824,0.000648824,0.000648824
136,7724.07,2.2232,3.08058,2.87353,2.18606,0.16007,0.4823,0.48949,0.37507,0.2944,0.27772,0.14739,0.3722,0.27242,0.26996,0.12366,2.00325,2.92022,2.44289,2.12675,nan,0,0,0.000647449,0.000647449,0.000647449
137,7780.72,2.16786,3.10807,2.85298,2.2375,0.1574,0.48118,0.48971,0.33701,0.30926,0.29785,0.14881,0.33317,0.30771,0.2978,0.1305,2.00278,2.93512,2.3359,2.12657,nan,0,0,0.000646075,0.000646075,0.000646075
138,7837.25,2.17522,2.99363,2.86973,2.27696,0.1502,0.47915,0.48767,0.44263,0.31965,0.3044,0.1517,0.43467,0.31621,0.3035,0.13926,2.01197,2.90401,2.26086,2.11949,nan,0,0,0.0006447,0.0006447,0.0006447
139,7893.97,2.27583,3.1117,2.84544,2.18444,0.14875,0.47798,0.48703,0.47108,0.32254,0.30599,0.1502,0.48145,0.30182,0.29893,0.12401,2.02477,2.89806,2.30462,2.12911,nan,0,0,0.000643326,0.000643326,0.000643326
140,7950.46,2.17914,3.01447,2.82467,2.22505,0.1578,0.47593,0.48575,0.4258,0.38199,0.3531,0.17158,0.41703,0.36663,0.34444,0.14978,1.98313,2.85856,2.23168,2.11389,nan,0,0,0.000641951,0.000641951,0.000641951
141,8007.25,2.16698,3.01574,2.77642,2.22352,0.1594,0.47527,0.48662,0.43448,0.35019,0.36045,0.1755,0.39253,0.36334,0.32923,0.14474,2.01864,2.89656,2.30329,2.13504,nan,0,0,0.000640577,0.000640577,0.000640577
142,8063.92,2.13645,3.08339,2.73663,2.22754,0.1527,0.47316,0.48564,0.30955,0.44072,0.28571,0.14721,0.32788,0.43171,0.2799,0.12198,1.98668,2.88412,2.36348,2.10504,nan,0,0,0.000639203,0.000639203,0.000639203
143,8120.56,2.15318,3.10634,2.72872,2.18803,0.15617,0.47232,0.48516,0.44113,0.33074,0.32849,0.1622,0.38141,0.30481,0.29822,0.12297,1.97132,2.85878,2.25712,2.10863,nan,0,0,0.000637828,0.000637828,0.000637828
144,8177.24,2.20077,3.03013,2.82612,2.22677,0.1535,0.4684,0.48344,0.43182,0.32378,0.32229,0.16814,0.42057,0.31852,0.31406,0.1406,1.95825,2.84276,2.21029,2.10336,nan,0,0,0.000636454,0.000636454,0.000636454
145,8233.76,2.13783,3.02317,2.8271,2.23266,0.153,0.4663,0.48361,0.32364,0.39901,0.3251,0.17666,0.31297,0.40032,0.31545,0.14793,1.94177,2.83256,2.20403,2.09284,nan,0,0,0.000635079,0.000635079,0.000635079
146,8290.75,2.12849,3.09504,2.74512,2.23167,0.15836,0.46209,0.48176,0.43572,0.36469,0.37097,0.20424,0.45909,0.34193,0.3706,0.17208,1.95698,2.83743,2.1688,2.10071,nan,0,0,0.000633705,0.000633705,0.000633705
147,8347.7,2.14138,3.02481,2.69196,2.17981,0.15605,0.45779,0.4804,0.45962,0.37421,0.36184,0.19398,0.46337,0.38187,0.35103,0.16304,1.95699,2.85462,2.24299,2.09289,nan,0,0,0.00063233,0.00063233,0.00063233
148,8404.27,2.10428,3.01473,2.71381,2.20854,0.15396,0.4508,0.47809,0.40257,0.35728,0.35603,0.19084,0.39131,0.3759,0.35734,0.17003,1.95613,2.84405,2.22259,2.0899,nan,0,0,0.000630956,0.000630956,0.000630956
149,8460.84,2.1424,3.00621,2.72735,2.18344,0.15551,0.44453,0.47665,0.38445,0.36867,0.38727,0.19806,0.37838,0.37131,0.38758,0.188,1.97119,2.82163,2.15602,2.09656,nan,0,0,0.000629581,0.000629581,0.000629581
150,8517.58,2.13425,2.98921,2.74238,2.18821,0.15759,0.43843,0.47773,0.38161,0.41955,0.38545,0.20908,0.53785,0.31141,0.36894,0.17959,1.95201,2.81293,2.13761,2.09344,nan,0,0,0.000628207,0.000628207,0.000628207
151,8574.35,2.15211,3.05106,2.74803,2.17776,0.15571,0.42802,0.47373,0.37086,0.40192,0.38147,0.20363,0.45299,0.36915,0.39478,0.17686,1.92523,2.80998,2.16243,2.0671,nan,0,0,0.000626832,0.000626832,0.000626832
152,8631.01,2.14428,3.03717,2.76017,2.20566,0.15513,0.41562,0.47248,0.32896,0.46974,0.38742,0.19879,0.32993,0.47086,0.38945,0.18295,1.93732,2.80116,2.16368,2.06983,nan,0,0,0.000625458,0.000625458,0.000625458
153,8687.74,2.16322,2.96501,2.65455,2.17401,0.15368,0.39933,0.4686,0.36353,0.44829,0.39107,0.20171,0.35816,0.44307,0.39057,0.18087,1.95068,2.81665,2.16557,2.08091,nan,0,0,0.000624084,0.000624084,0.000624084
154,8744.42,2.13317,3.08388,2.79575,2.19343,0.15301,0.37963,0.46385,0.45672,0.42119,0.40885,0.22265,0.48651,0.38285,0.39039,0.18025,1.92987,2.7968,2.16538,2.06944,nan,0,0,0.000622709,0.000622709,0.000622709
155,8801.39,2.05951,2.93181,2.64178,2.1573,0.15315,0.36066,0.45938,0.3947,0.40055,0.37905,0.21066,0.3908,0.40227,0.38143,0.18315,1.90464,2.78329,2.14249,2.04909,nan,0,0,0.000621335,0.000621335,0.000621335
156,8857.74,2.05921,2.96273,2.6349,2.17353,0.16172,0.34562,0.45731,0.43986,0.35177,0.39084,0.21721,0.57191,0.30464,0.39476,0.18689,1.90792,2.79408,2.17785,2.03636,nan,0,0,0.00061996,0.00061996,0.00061996
157,8914.66,2.11143,2.98112,2.62113,2.15466,0.15739,0.3242,0.44904,0.39496,0.43988,0.39281,0.21856,0.39607,0.42997,0.39174,0.18937,1.89938,2.76217,2.12875,2.02248,nan,0,0,0.000618586,0.000618586,0.000618586
158,8971.53,2.14022,2.99143,2.6352,2.17312,0.15599,0.3093,0.44372,0.38684,0.44411,0.39097,0.22044,0.3854,0.44609,0.38523,0.18938,1.86423,2.73737,2.11222,2.0137,nan,0,0,0.000617211,0.000617211,0.000617211
159,9028.25,2.10039,2.95181,2.69612,2.17578,0.15347,0.29211,0.43579,0.35878,0.43797,0.3808,0.21962,0.36783,0.43435,0.37962,0.18993,1.85853,2.76326,2.07055,2.02151,nan,0,0,0.000615837,0.000615837,0.000615837
160,9084.77,2.10361,2.95138,2.59199,2.18075,0.1547,0.27755,0.42609,0.43616,0.41947,0.42003,0.22155,0.40676,0.4427,0.4164,0.20239,1.87751,2.76573,2.10643,2.03744,nan,0,0,0.000614462,0.000614462,0.000614462
161,9141.75,2.01601,3.00464,2.58898,2.13079,0.1533,0.2675,0.4162,0.50459,0.40681,0.4227,0.24198,0.48796,0.39963,0.41462,0.20264,1.88502,2.75931,2.0775,2.02594,nan,0,0,0.000613088,0.000613088,0.000613088
162,9198.49,2.13118,2.95986,2.60056,2.13616,0.15705,0.25937,0.40764,0.46845,0.38766,0.40423,0.2232,0.48209,0.39812,0.40548,0.192,1.90044,2.74144,2.07031,2.03611,nan,0,0,0.000611714,0.000611714,0.000611714
163,9255.1,2.12721,2.95125,2.64818,2.11106,0.14796,0.24353,0.39327,0.38791,0.44229,0.42412,0.24335,0.47975,0.38964,0.43485,0.21164,1.90393,2.76493,2.03249,2.04395,nan,0,0,0.000610339,0.000610339,0.000610339
164,9312.34,2.10438,3.00207,2.57516,2.12766,0.15378,0.24187,0.38658,0.41519,0.41265,0.40945,0.2412,0.46874,0.40278,0.41727,0.20913,1.86747,2.74302,2.05824,2.02422,nan,0,0,0.000608965,0.000608965,0.000608965
165,9369.01,2.14102,2.96967,2.54278,2.14585,0.15655,0.23388,0.37291,0.57184,0.37013,0.40981,0.23362,0.57342,0.37141,0.40947,0.20538,1.86247,2.72673,2.09264,2.00748,nan,0,0,0.00060759,0.00060759,0.00060759
166,9425.58,2.10338,2.97664,2.56974,2.13286,0.15652,0.22871,0.35901,0.39449,0.40151,0.38582,0.22612,0.39459,0.40535,0.38584,0.19101,1.85572,2.71271,2.03427,1.99354,nan,0,0,0.000606216,0.000606216,0.000606216
167,9482.11,2.06557,2.97926,2.47935,2.11956,0.15685,0.22087,0.34436,0.38562,0.47963,0.41475,0.24223,0.37788,0.47285,0.4011,0.19841,1.79668,2.69257,1.97756,1.97398,nan,0,0,0.000604841,0.000604841,0.000604841
168,9538.76,2.05986,2.95459,2.49807,2.09248,0.15849,0.21463,0.32793,0.34496,0.50414,0.43142,0.25747,0.33556,0.49511,0.41906,0.21262,1.82283,2.69452,1.96802,1.98577,nan,0,0,0.000603467,0.000603467,0.000603467
169,9595.5,2.0391,2.87413,2.50275,2.1258,0.15936,0.20995,0.31048,0.48851,0.4283,0.47582,0.27568,0.48449,0.42887,0.46786,0.22778,1.79838,2.67323,1.94349,1.96666,nan,0,0,0.000602092,0.000602092,0.000602092
170,9652.34,2.02606,2.91638,2.53827,2.14004,0.15648,0.20159,0.29408,0.47481,0.42282,0.45189,0.25465,0.50268,0.43931,0.46547,0.23109,1.80197,2.66256,2.04358,1.95999,nan,0,0,0.000600718,0.000600718,0.000600718
171,9708.92,1.98636,2.91434,2.53097,2.12848,0.1608,0.20296,0.27987,0.46155,0.38985,0.43355,0.23595,0.47526,0.37446,0.42678,0.21094,1.80095,2.66016,2.04968,1.96663,nan,0,0,0.000599343,0.000599343,0.000599343
172,9765.53,2.05279,2.93422,2.56262,2.12828,0.15268,0.18825,0.25845,0.41172,0.43582,0.43063,0.22226,0.41546,0.43633,0.42164,0.2022,1.81674,2.67705,2.0522,1.97969,nan,0,0,0.000597969,0.000597969,0.000597969
173,9822.2,2.05342,2.87047,2.52582,2.09042,0.15103,0.18369,0.2495,0.45509,0.42789,0.45339,0.2352,0.57054,0.36914,0.45208,0.22058,1.80627,2.67444,1.9774,1.97006,nan,0,0,0.000596595,0.000596595,0.000596595
174,9878.66,1.99971,2.86462,2.46796,2.07978,0.1605,0.18995,0.24769,0.51503,0.40109,0.47091,0.24429,0.52058,0.3979,0.46453,0.22283,1.83808,2.6867,1.94424,1.98321,nan,0,0,0.00059522,0.00059522,0.00059522
175,9935.35,2.09798,2.87313,2.55632,2.0821,0.15162,0.17909,0.23225,0.37713,0.471,0.44331,0.23031,0.37883,0.4758,0.45129,0.21241,1.81,2.67333,1.98135,1.95791,nan,0,0,0.000593846,0.000593846,0.000593846
176,9991.99,2.07361,2.89654,2.51548,2.09255,0.15456,0.1789,0.22653,0.40319,0.50041,0.4766,0.26169,0.40565,0.51946,0.48235,0.22553,1.79651,2.6634,2.03276,1.94692,nan,0,0,0.000592471,0.000592471,0.000592471
177,10048.5,2.02605,2.90007,2.49786,2.07977,0.15595,0.17385,0.22103,0.45272,0.4565,0.45552,0.25455,0.45417,0.45801,0.45647,0.22371,1.78872,2.65909,1.97235,1.94809,nan,0,0,0.000591097,0.000591097,0.000591097
178,10105.2,2.04832,2.87583,2.46441,2.07927,0.15041,0.16918,0.21385,0.50394,0.44734,0.45965,0.24633,0.54038,0.41615,0.47134,0.2157,1.75932,2.63865,1.98855,1.93043,nan,0,0,0.000589722,0.000589722,0.000589722
179,10161.7,2.03115,2.88333,2.48473,2.11023,0.15741,0.17644,0.21857,0.46902,0.44456,0.47066,0.25889,0.47586,0.43408,0.47842,0.23564,1.79512,2.65012,1.9473,1.94938,nan,0,0,0.000588348,0.000588348,0.000588348
180,10218.2,2.05444,2.86899,2.39882,2.05306,0.14889,0.1642,0.20213,0.4484,0.44767,0.44273,0.23277,0.43348,0.4795,0.4507,0.22762,1.79083,2.63638,1.89652,1.95377,nan,0,0,0.000586973,0.000586973,0.000586973
181,10274.8,2.05256,2.92194,2.53769,2.1084,0.15341,0.17098,0.20769,0.45721,0.47111,0.44288,0.2342,0.44947,0.44956,0.43797,0.22129,1.76377,2.61207,1.90448,1.93235,nan,0,0,0.000585599,0.000585599,0.000585599
182,10331.4,2.01362,2.94088,2.45685,2.05765,0.15982,0.17225,0.20831,0.49591,0.46225,0.47909,0.27511,0.49132,0.45702,0.48205,0.24532,1.74798,2.61403,1.94233,1.92567,nan,0,0,0.000584225,0.000584225,0.000584225
183,10388.2,1.99576,2.83414,2.37995,2.07107,0.1508,0.16185,0.1945,0.61887,0.40121,0.47631,0.288,0.62599,0.3997,0.47482,0.24354,1.74263,2.59364,1.92001,1.92337,nan,0,0,0.00058285,0.00058285,0.00058285
184,10445.1,1.98654,2.86401,2.41131,2.06843,0.14856,0.16454,0.19498,0.45973,0.53818,0.48737,0.26952,0.45225,0.53052,0.48251,0.25159,1.74355,2.60749,1.92211,1.91896,nan,0,0,0.000581476,0.000581476,0.000581476
185,10501.7,2.02832,2.82905,2.43593,2.07973,0.15681,0.17159,0.19947,0.50404,0.45066,0.48891,0.27836,0.53452,0.45985,0.49624,0.25828,1.73326,2.61353,1.87335,1.91218,nan,0,0,0.000580101,0.000580101,0.000580101
186,10558.5,2.01391,2.86939,2.4186,2.06785,0.15311,0.16689,0.19351,0.52456,0.44546,0.47662,0.27583,0.52098,0.44874,0.47981,0.24233,1.72878,2.62866,1.90353,1.9102,nan,0,0,0.000578727,0.000578727,0.000578727
187,10615.1,1.94621,2.88696,2.3964,2.07128,0.15692,0.16442,0.19144,0.46828,0.51526,0.49791,0.29103,0.46296,0.52299,0.49403,0.24931,1.70526,2.5934,1.91313,1.89369,nan,0,0,0.000577352,0.000577352,0.000577352
188,10671.9,1.99911,2.78009,2.3858,2.03651,0.15331,0.16123,0.18636,0.46072,0.44996,0.4858,0.27349,0.50989,0.40722,0.49264,0.2477,1.72099,2.58872,1.9144,1.90353,nan,0,0,0.000575978,0.000575978,0.000575978
189,10728.6,2.01374,2.80097,2.47345,2.08772,0.1539,0.16091,0.18391,0.42217,0.50591,0.45679,0.26732,0.42864,0.50678,0.45336,0.21886,1.73927,2.59376,1.93951,1.90973,nan,0,0,0.000574603,0.000574603,0.000574603
190,10785.2,1.97678,2.88853,2.34252,2.01897,0.1593,0.17241,0.19395,0.52212,0.49307,0.50674,0.29956,0.49347,0.48199,0.49607,0.25878,1.70771,2.56712,1.87524,1.89774,nan,0,0,0.000573229,0.000573229,0.000573229
191,10842.1,1.96746,2.72586,2.36328,2.06238,0.15824,0.16885,0.18645,0.55709,0.4414,0.49841,0.28901,0.54893,0.43936,0.48947,0.25087,1.68886,2.54723,1.86478,1.87786,nan,0,0,0.000571854,0.000571854,0.000571854
192,10898.7,2.03486,2.82946,2.39591,2.0703,0.15199,0.16462,0.18279,0.50231,0.49785,0.47459,0.27226,0.49684,0.49473,0.46754,0.23802,1.7122,2.56966,1.92043,1.88293,nan,0,0,0.00057048,0.00057048,0.00057048
193,10955.3,1.94833,2.76292,2.31602,2.03619,0.15409,0.16503,0.18181,0.50049,0.48612,0.48436,0.28361,0.48269,0.49736,0.47788,0.24636,1.72365,2.56111,1.87057,1.886,nan,0,0,0.000569106,0.000569106,0.000569106
194,11011.7,1.99227,2.95287,2.44009,2.061,0.15504,0.16349,0.18021,0.49949,0.49372,0.49011,0.29811,0.49118,0.49087,0.49329,0.25946,1.69895,2.54056,1.80927,1.8794,nan,0,0,0.000567731,0.000567731,0.000567731
195,11068.3,1.97308,2.73816,2.32938,2.04786,0.15446,0.15927,0.17522,0.38919,0.54921,0.48394,0.2848,0.52088,0.44948,0.48551,0.24367,1.71308,2.55227,1.88407,1.88751,nan,0,0,0.000566357,0.000566357,0.000566357
196,11124.9,1.93744,2.74923,2.30147,2.00222,0.15435,0.16263,0.17829,0.52135,0.48795,0.52336,0.31684,0.57793,0.474,0.52745,0.27347,1.68345,2.51217,1.8295,1.87234,nan,0,0,0.000564982,0.000564982,0.000564982
197,11181.6,1.91082,2.74771,2.33679,2.03665,0.15731,0.16587,0.18357,0.55544,0.50911,0.54483,0.33271,0.53512,0.52888,0.54537,0.29406,1.68974,2.53223,1.81477,1.86916,nan,0,0,0.000563608,0.000563608,0.000563608
198,11238.4,1.99254,2.71999,2.31015,2.00063,0.14698,0.14982,0.16486,0.52132,0.48517,0.52804,0.31359,0.53294,0.48808,0.53635,0.28451,1.69214,2.52805,1.79821,1.86869,nan,0,0,0.000562233,0.000562233,0.000562233
199,11295,1.94498,2.88346,2.3773,2.03594,0.1574,0.16408,0.17845,0.43767,0.55751,0.53038,0.3062,0.43586,0.5867,0.53069,0.28339,1.69268,2.53141,1.82498,1.86889,nan,0,0,0.000560859,0.000560859,0.000560859
200,11351.6,2.01993,2.79321,2.36201,2.0393,0.15331,0.16302,0.17677,0.55457,0.48002,0.52375,0.30708,0.54924,0.48496,0.53079,0.27911,1.68504,2.52147,1.92207,1.86733,nan,0,0,0.000559484,0.000559484,0.000559484
201,11408.2,1.97562,2.85571,2.30395,2.01088,0.15415,0.16414,0.17792,0.55277,0.50803,0.53906,0.31624,0.54817,0.51258,0.53508,0.28662,1.68819,2.53266,1.82342,1.86468,nan,0,0,0.00055811,0.00055811,0.00055811
202,11464.8,1.90281,2.73741,2.31457,1.99783,0.1498,0.15624,0.16923,0.61888,0.38018,0.4659,0.27406,0.40856,0.50405,0.45709,0.24316,1.69177,2.52669,2.06936,1.86404,nan,0,0,0.000556736,0.000556736,0.000556736
203,11521.2,1.94054,2.79642,2.39066,2.0018,0.1491,0.15651,0.16988,0.59985,0.46827,0.54457,0.33009,0.48996,0.56532,0.54109,0.28949,1.6615,2.5141,1.76337,1.85793,nan,0,0,0.000555361,0.000555361,0.000555361
204,11577.6,1.94507,2.79844,2.28945,1.97703,0.15465,0.15921,0.17385,0.58378,0.45931,0.53448,0.33079,0.55968,0.49814,0.53489,0.28443,1.65445,2.49155,1.74899,1.8513,nan,0,0,0.000553987,0.000553987,0.000553987
205,11634.1,1.9525,2.74112,2.27127,2.03141,0.15612,0.16284,0.17819,0.45029,0.56976,0.54861,0.34466,0.44518,0.56356,0.54541,0.29157,1.66147,2.49545,1.75551,1.84986,nan,0,0,0.000552612,0.000552612,0.000552612
206,11690.8,1.94574,2.72519,2.27903,2.04178,0.15014,0.15037,0.1641,0.50093,0.56281,0.54124,0.33419,0.49807,0.56068,0.54287,0.29392,1.6647,2.49141,1.73956,1.85107,nan,0,0,0.000551238,0.000551238,0.000551238
207,11747.3,1.91043,2.77722,2.27869,2.01287,0.15229,0.16323,0.17703,0.49747,0.55279,0.55293,0.32864,0.49051,0.54885,0.54723,0.30138,1.64562,2.47193,1.73125,1.836,nan,0,0,0.000549863,0.000549863,0.000549863
208,11803.9,1.96905,2.74728,2.25656,1.99319,0.15124,0.15396,0.16738,0.43514,0.59356,0.55008,0.33813,0.44254,0.57932,0.54311,0.30156,1.64546,2.47164,1.75292,1.83023,nan,0,0,0.000548489,0.000548489,0.000548489
209,11860.6,1.87209,2.6733,2.20643,1.98077,0.14879,0.15461,0.16717,0.43963,0.59723,0.54647,0.32754,0.43471,0.59786,0.52224,0.29025,1.65751,2.46474,1.76768,1.83721,nan,0,0,0.000547114,0.000547114,0.000547114
210,11917.2,1.92614,2.75684,2.21814,2.0076,0.1546,0.15964,0.17411,0.43728,0.57479,0.54737,0.32414,0.43566,0.56934,0.52641,0.29976,1.64185,2.44537,1.82047,1.83645,nan,0,0,0.00054574,0.00054574,0.00054574
211,11973.7,1.93072,2.75504,2.24304,2.00396,0.15601,0.16132,0.17456,0.54,0.52035,0.55347,0.33819,0.5496,0.5156,0.54347,0.29795,1.61993,2.45858,1.70293,1.82516,nan,0,0,0.000544365,0.000544365,0.000544365
212,12030.2,1.9384,2.74888,2.19511,1.99166,0.15238,0.15909,0.17294,0.50408,0.55476,0.57228,0.35106,0.49601,0.58411,0.56592,0.32422,1.61549,2.42494,1.74156,1.82468,nan,0,0,0.000542991,0.000542991,0.000542991
213,12087,1.88938,2.70333,2.14972,1.95893,0.15129,0.15977,0.17303,0.54082,0.57608,0.57331,0.3463,0.6393,0.50285,0.57474,0.31047,1.64968,2.45559,1.75004,1.83379,nan,0,0,0.000541617,0.000541617,0.000541617
214,12143.5,1.8856,2.7236,2.19239,1.97777,0.15033,0.15384,0.16787,0.50381,0.56286,0.55791,0.33617,0.49419,0.55528,0.53738,0.30105,1.61909,2.45018,1.70539,1.81665,nan,0,0,0.000540242,0.000540242,0.000540242
215,12199.9,1.91319,2.70276,2.22006,1.98267,0.15076,0.15647,0.17108,0.52969,0.55458,0.54455,0.33387,0.52172,0.54366,0.5368,0.30646,1.63206,2.43684,1.73357,1.81806,nan,0,0,0.000538868,0.000538868,0.000538868
216,12256.6,1.9357,2.77629,2.19788,1.98532,0.15219,0.15597,0.17015,0.53704,0.52842,0.54847,0.31911,0.5254,0.52821,0.53747,0.29998,1.63584,2.42178,1.78421,1.82121,nan,0,0,0.000537493,0.000537493,0.000537493
217,12313.3,1.96737,2.74109,2.20701,1.99006,0.15101,0.15453,0.17005,0.48496,0.55652,0.55461,0.32966,0.46506,0.55938,0.54428,0.29341,1.62355,2.43911,1.74892,1.81888,nan,0,0,0.000536119,0.000536119,0.000536119
218,12369.9,1.94412,2.73375,2.1234,1.96768,0.15335,0.16175,0.17512,0.50474,0.59994,0.55073,0.32716,0.47363,0.59838,0.54317,0.2913,1.64185,2.43105,1.74727,1.81954,nan,0,0,0.000534744,0.000534744,0.000534744
219,12426.5,1.82881,2.68768,2.14612,1.95863,0.15314,0.15603,0.16863,0.53697,0.57331,0.57877,0.35547,0.52893,0.56264,0.57159,0.3151,1.61748,2.41478,1.71103,1.8068,nan,0,0,0.00053337,0.00053337,0.00053337
220,12483.1,1.85552,2.7208,2.18847,1.95391,0.15363,0.15924,0.17371,0.58285,0.54988,0.58543,0.36836,0.586,0.53568,0.57986,0.33117,1.60462,2.39839,1.70048,1.80127,nan,0,0,0.000531995,0.000531995,0.000531995
221,12539.9,1.92538,2.67133,2.21189,1.93943,0.15026,0.15528,0.17092,0.50835,0.54474,0.54839,0.34194,0.49838,0.54085,0.53965,0.29757,1.58679,2.3897,1.68157,1.79419,nan,0,0,0.000530621,0.000530621,0.000530621
222,12596.4,1.89896,2.63145,2.12293,1.96586,0.15391,0.15729,0.17111,0.49078,0.57224,0.54527,0.34744,0.49339,0.58069,0.54618,0.2945,1.60283,2.39683,1.65435,1.79582,nan,0,0,0.000529247,0.000529247,0.000529247
223,12653.1,1.88614,2.70924,2.17001,1.91674,0.1482,0.14941,0.16304,0.5175,0.54815,0.56002,0.36108,0.51143,0.55401,0.56239,0.31431,1.58079,2.38523,1.66422,1.78014,nan,0,0,0.000527872,0.000527872,0.000527872
224,12709.7,1.91325,2.63358,2.15926,1.94968,0.14987,0.15382,0.16866,0.55148,0.53168,0.56722,0.34909,0.5745,0.52489,0.56468,0.3131,1.60571,2.38312,1.71115,1.78424,nan,0,0,0.000526498,0.000526498,0.000526498
225,12766.4,1.94858,2.75084,2.20644,1.97961,0.14718,0.14664,0.16102,0.54509,0.55544,0.56766,0.35711,0.56099,0.55468,0.56959,0.30691,1.60735,2.38648,1.6808,1.79215,nan,0,0,0.000525123,0.000525123,0.000525123
226,12822.9,1.81432,2.67494,2.13585,1.95997,0.15107,0.15367,0.16655,0.55282,0.52028,0.57725,0.36618,0.6684,0.46017,0.58273,0.32224,1.58435,2.39812,1.63806,1.77693,nan,0,0,0.000523749,0.000523749,0.000523749
227,12879.5,1.88123,2.71602,2.12586,1.92833,0.15557,0.15575,0.16926,0.5318,0.53618,0.56932,0.34758,0.4965,0.57107,0.56753,0.32369,1.58794,2.36943,1.68942,1.77176,nan,0,0,0.000522374,0.000522374,0.000522374
228,12936,1.83504,2.70121,2.12273,1.95739,0.15139,0.15187,0.16858,0.59897,0.55168,0.57273,0.34863,0.58954,0.54666,0.57059,0.32449,1.58328,2.36599,1.68319,1.76509,nan,0,0,0.000521,0.000521,0.000521
229,12992.7,1.87124,2.66891,2.12146,1.95485,0.15286,0.15303,0.16827,0.59082,0.54598,0.59779,0.36727,0.58274,0.54718,0.5937,0.32968,1.57526,2.36275,1.65409,1.76812,nan,0,0,0.000519625,0.000519625,0.000519625
230,13049.2,1.86058,2.64435,2.14169,1.95958,0.15055,0.15158,0.16682,0.56531,0.5502,0.60258,0.36618,0.55808,0.5467,0.59456,0.33237,1.58157,2.37133,1.62534,1.77414,nan,0,0,0.000518251,0.000518251,0.000518251
231,13105.8,1.87106,2.66415,2.18921,1.94672,0.14554,0.14344,0.15915,0.53545,0.58459,0.60564,0.37904,0.53172,0.57874,0.59759,0.33235,1.58302,2.41282,1.60337,1.78072,nan,0,0,0.000516877,0.000516877,0.000516877
232,13162.6,1.80103,2.5626,2.10329,1.92774,0.14538,0.1428,0.15562,0.55435,0.56046,0.57427,0.36601,0.55447,0.56025,0.56455,0.31336,1.56063,2.37395,1.63297,1.76259,nan,0,0,0.000515502,0.000515502,0.000515502
233,13219.1,1.86712,2.73128,2.16041,1.95321,0.14995,0.14942,0.16246,0.48969,0.66712,0.57401,0.36238,0.48801,0.66303,0.56101,0.31608,1.57208,2.36458,1.6785,1.76841,nan,0,0,0.000514128,0.000514128,0.000514128
234,13275.5,1.80926,2.57369,2.12583,1.95469,0.15424,0.15303,0.1693,0.55205,0.61547,0.58554,0.37181,0.55027,0.60612,0.58075,0.32687,1.55935,2.34157,1.64254,1.75596,nan,0,0,0.000512753,0.000512753,0.000512753
235,13332.2,1.86565,2.67923,2.11659,1.94472,0.15384,0.15473,0.17082,0.52825,0.59578,0.59634,0.3793,0.52242,0.59688,0.59047,0.34175,1.55318,2.34425,1.63914,1.75467,nan,0,0,0.000511379,0.000511379,0.000511379
236,13389,1.88877,2.67151,2.08421,1.92223,0.14652,0.14614,0.16121,0.53424,0.58589,0.60169,0.36745,0.58978,0.53423,0.59109,0.32718,1.55743,2.3246,1.61147,1.76276,nan,0,0,0.000510004,0.000510004,0.000510004
237,13445.5,1.81858,2.56466,2.09757,1.9389,0.1507,0.15136,0.16549,0.4901,0.62672,0.60158,0.37624,0.55166,0.56422,0.60331,0.32842,1.53967,2.3212,1.62519,1.75071,nan,0,0,0.00050863,0.00050863,0.00050863
238,13502.1,1.89632,2.64168,2.10249,1.91316,0.14961,0.15213,0.16848,0.57799,0.54889,0.61215,0.40145,0.57625,0.54975,0.61211,0.3515,1.52375,2.31868,1.68243,1.73471,nan,0,0,0.000507255,0.000507255,0.000507255
239,13558.9,1.83684,2.5736,2.08597,1.96417,0.15327,0.1547,0.17241,0.69932,0.50726,0.63567,0.39325,0.7058,0.50342,0.62831,0.35719,1.52528,2.33243,1.61455,1.74228,nan,0,0,0.000505881,0.000505881,0.000505881
240,13615.4,1.84522,2.65131,2.10192,1.94217,0.14726,0.14182,0.15795,0.65727,0.51411,0.59052,0.37817,0.65371,0.5111,0.58318,0.32998,1.52999,2.34427,1.61715,1.74833,nan,0,0,0.000504506,0.000504506,0.000504506
241,13672,1.87538,2.66804,2.09086,1.92888,0.14705,0.14537,0.16149,0.58451,0.54394,0.58857,0.35795,0.5774,0.53646,0.57929,0.32612,1.54911,2.33559,1.59879,1.74941,nan,0,0,0.000503132,0.000503132,0.000503132
242,13728.4,1.84314,2.64497,2.09536,1.91643,0.14997,0.14833,0.16362,0.48426,0.68626,0.61047,0.36605,0.47524,0.67975,0.60085,0.33085,1.52382,2.32037,1.59461,1.73838,nan,0,0,0.000501758,0.000501758,0.000501758
243,13784.9,1.84947,2.60271,2.09025,1.92225,0.14871,0.14647,0.16356,0.52191,0.597,0.60892,0.37134,0.53011,0.58209,0.60832,0.32647,1.53945,2.3226,1.68599,1.7519,nan,0,0,0.000500383,0.000500383,0.000500383
244,13841.4,1.8525,2.61674,2.10992,1.94031,0.14816,0.14889,0.166,0.48906,0.59771,0.58703,0.37763,0.45673,0.62699,0.58949,0.3291,1.52185,2.30007,1.61163,1.73198,nan,0,0,0.000499009,0.000499009,0.000499009
245,13897.8,1.82545,2.62008,2.08721,1.90989,0.14767,0.1468,0.16064,0.54536,0.57312,0.59256,0.37225,0.5499,0.57728,0.59199,0.33285,1.51147,2.28742,1.56546,1.73449,nan,0,0,0.000497634,0.000497634,0.000497634
246,13954.3,1.82022,2.59122,2.05198,1.91413,0.14908,0.14469,0.15969,0.58425,0.56976,0.62024,0.38027,0.57992,0.56735,0.61536,0.35139,1.5252,2.30114,1.5968,1.74272,nan,0,0,0.00049626,0.00049626,0.00049626
247,14010.9,1.89635,2.64957,2.0428,1.89445,0.14668,0.14527,0.16076,0.57914,0.56229,0.61317,0.37975,0.5742,0.55099,0.59644,0.34485,1.52717,2.31445,1.58671,1.73646,nan,0,0,0.000494885,0.000494885,0.000494885
248,14067.3,1.80534,2.56333,2.02937,1.92425,0.15247,0.15204,0.16933,0.53165,0.62521,0.62442,0.37476,0.52244,0.62155,0.61327,0.34283,1.51345,2.28506,1.56152,1.72541,nan,0,0,0.000493511,0.000493511,0.000493511
249,14123.9,1.78607,2.54443,2.05964,1.91348,0.1546,0.15314,0.16974,0.51182,0.65634,0.61282,0.38167,0.50283,0.65164,0.6004,0.34913,1.491,2.27714,1.59393,1.70957,nan,0,0,0.000492136,0.000492136,0.000492136
250,14180.4,1.77215,2.53593,1.99063,1.90292,0.14919,0.14804,0.16323,0.50026,0.6618,0.61226,0.37785,0.49512,0.65473,0.60681,0.34645,1.50773,2.29724,1.57141,1.7189,nan,0,0,0.000490762,0.000490762,0.000490762
251,14236.9,1.85389,2.66353,2.06177,1.90359,0.15577,0.15495,0.17261,0.50855,0.63354,0.61302,0.38169,0.54375,0.59812,0.60438,0.34413,1.50832,2.30347,1.57729,1.72051,nan,0,0,0.000489387,0.000489387,0.000489387
252,14293.4,1.76934,2.42839,2.02468,1.88644,0.14944,0.14306,0.16062,0.54522,0.60936,0.59443,0.36327,0.53921,0.56855,0.57471,0.32654,1.50322,2.30285,1.59293,1.71877,nan,0,0,0.000488013,0.000488013,0.000488013
253,14349.9,1.88198,2.58439,2.05633,1.93982,0.15112,0.15291,0.16674,0.58371,0.5964,0.61525,0.38884,0.57146,0.58619,0.60304,0.3479,1.49816,2.29214,1.56872,1.71923,nan,0,0,0.000486639,0.000486639,0.000486639
254,14406.6,1.8538,2.62033,2.07784,1.91167,0.15064,0.14808,0.16488,0.64722,0.56371,0.64302,0.41072,0.6435,0.56232,0.63883,0.36915,1.50991,2.2841,1.57949,1.72285,nan,0,0,0.000485264,0.000485264,0.000485264
255,14463.5,1.85544,2.5948,2.0085,1.86794,0.14476,0.1462,0.15984,0.63251,0.55349,0.63761,0.40295,0.5114,0.64598,0.63156,0.36526,1.49775,2.27245,1.56501,1.71101,nan,0,0,0.00048389,0.00048389,0.00048389
256,14520.1,1.81982,2.55766,1.99222,1.84511,0.14703,0.14475,0.159,0.50371,0.65472,0.61868,0.3869,0.49267,0.64885,0.6126,0.35893,1.48585,2.27108,1.53393,1.70559,nan,0,0,0.000482515,0.000482515,0.000482515
257,14576.6,1.81257,2.55434,2.02432,1.8868,0.15204,0.15007,0.16453,0.54155,0.65073,0.62169,0.38917,0.53314,0.64573,0.61464,0.35823,1.4852,2.26247,1.49882,1.70711,nan,0,0,0.000481141,0.000481141,0.000481141
258,14633.1,1.78487,2.5005,2.00461,1.90707,0.14683,0.14517,0.16211,0.64597,0.58862,0.64227,0.40319,0.5794,0.61557,0.62861,0.35685,1.48863,2.26985,1.55512,1.70515,nan,0,0,0.000479766,0.000479766,0.000479766
259,14689.7,1.85019,2.58723,2.03556,1.87116,0.15774,0.15817,0.17345,0.60971,0.58917,0.63771,0.40808,0.55795,0.6156,0.63149,0.3737,1.49135,2.26844,1.59734,1.70108,nan,0,0,0.000478392,0.000478392,0.000478392
260,14746.5,1.84843,2.5269,2.00008,1.87886,0.14496,0.14437,0.16127,0.61324,0.58531,0.64657,0.42105,0.60638,0.57007,0.63769,0.37821,1.46583,2.24573,1.57836,1.68948,nan,0,0,0.000477017,0.000477017,0.000477017
261,14803.3,1.76453,2.58059,1.957,1.87601,0.14566,0.14153,0.15934,0.55859,0.60517,0.63623,0.39734,0.58661,0.58718,0.63397,0.36852,1.45789,2.25316,1.504,1.68573,nan,0,0,0.000475643,0.000475643,0.000475643
262,14859.8,1.78437,2.6145,1.9848,1.90196,0.14937,0.14779,0.16494,0.56448,0.6052,0.62492,0.38875,0.61125,0.56538,0.62607,0.35847,1.46812,2.25221,1.50737,1.69419,nan,0,0,0.000474269,0.000474269,0.000474269
263,14916.3,1.75376,2.51422,1.94051,1.87071,0.14919,0.14696,0.16422,0.63273,0.60939,0.61589,0.38775,0.6223,0.59729,0.60324,0.35591,1.48279,2.23859,1.51928,1.70468,nan,0,0,0.000472894,0.000472894,0.000472894
264,14972.8,1.75747,2.50141,1.93832,1.85658,0.15042,0.15043,0.16391,0.55379,0.65924,0.65416,0.41315,0.54368,0.66009,0.64215,0.37515,1.4516,2.22937,1.49501,1.68191,nan,0,0,0.00047152,0.00047152,0.00047152
265,15029.4,1.82615,2.58746,1.95653,1.89208,0.15009,0.14475,0.15929,0.64375,0.56983,0.62505,0.40144,0.55978,0.64277,0.62585,0.35136,1.45822,2.21838,1.4663,1.68335,nan,0,0,0.000470145,0.000470145,0.000470145
266,15086,1.83007,2.56249,1.98254,1.88483,0.15042,0.14097,0.15811,0.67167,0.6041,0.6742,0.4302,0.65405,0.61519,0.67173,0.39015,1.46521,2.23131,1.45854,1.6933,nan,0,0,0.000468771,0.000468771,0.000468771
267,15142.8,1.81977,2.50127,1.9966,1.90138,0.1464,0.14698,0.16258,0.56873,0.65365,0.67383,0.43631,0.56505,0.64497,0.66747,0.38354,1.47778,2.2594,1.49861,1.69639,nan,0,0,0.000467396,0.000467396,0.000467396
268,15199.3,1.78936,2.54911,1.96416,1.87495,0.14777,0.14023,0.15866,0.60573,0.55895,0.64562,0.42739,0.611,0.5591,0.64347,0.3847,1.46179,2.23932,1.52795,1.68442,nan,0,0,0.000466022,0.000466022,0.000466022
269,15255.7,1.75545,2.52799,1.95155,1.88788,0.15483,0.1519,0.16861,0.62183,0.59883,0.65285,0.43196,0.62189,0.5949,0.64529,0.38962,1.45326,2.22004,1.47826,1.67689,nan,0,0,0.000464647,0.000464647,0.000464647
270,15312.4,1.74264,2.49493,1.95057,1.87459,0.15388,0.15432,0.17182,0.61869,0.59086,0.66279,0.43328,0.61047,0.5871,0.65652,0.39194,1.46759,2.19196,1.50234,1.68157,nan,0,0,0.000463273,0.000463273,0.000463273
271,15369,1.75687,2.51526,1.9289,1.85272,0.15018,0.14637,0.16265,0.6246,0.61213,0.65775,0.44328,0.62534,0.60151,0.65411,0.39084,1.437,2.18111,1.46365,1.6725,nan,0,0,0.000461898,0.000461898,0.000461898
272,15425.7,1.71487,2.44823,1.92985,1.84584,0.14846,0.14623,0.16163,0.71428,0.5384,0.65214,0.4405,0.65041,0.58671,0.65487,0.39366,1.43436,2.18808,1.44186,1.67409,nan,0,0,0.000460524,0.000460524,0.000460524
273,15482.5,1.738,2.54854,1.91606,1.8377,0.14778,0.14633,0.16212,0.65253,0.58266,0.65269,0.4456,0.64891,0.58107,0.64862,0.39429,1.44161,2.1858,1.45247,1.67628,nan,0,0,0.00045915,0.00045915,0.00045915
274,15539.2,1.73756,2.4639,1.90486,1.86465,0.14926,0.14276,0.1571,0.6154,0.59768,0.63695,0.42611,0.60866,0.59902,0.63517,0.38137,1.43708,2.20277,1.45369,1.66377,nan,0,0,0.000457775,0.000457775,0.000457775
275,15595.7,1.78079,2.45221,1.91893,1.86428,0.14884,0.14536,0.15961,0.5376,0.66906,0.64442,0.43335,0.53401,0.67622,0.64101,0.3974,1.43423,2.19106,1.48649,1.66141,nan,0,0,0.000456401,0.000456401,0.000456401
276,15652.1,1.75577,2.49175,1.91582,1.86479,0.14581,0.14055,0.15513,0.58455,0.63265,0.64773,0.43689,0.57753,0.62985,0.64344,0.39517,1.42676,2.18602,1.45845,1.65764,nan,0,0,0.000455026,0.000455026,0.000455026
277,15708.4,1.73053,2.50528,1.9531,1.86631,0.152,0.14784,0.16637,0.58902,0.6553,0.65871,0.43316,0.5818,0.6547,0.65514,0.3836,1.43305,2.18431,1.43594,1.66216,nan,0,0,0.000453652,0.000453652,0.000453652
278,15764.9,1.75779,2.51034,1.90441,1.8342,0.14684,0.14321,0.15913,0.60293,0.60725,0.63768,0.41924,0.59438,0.6022,0.62984,0.38038,1.43534,2.17953,1.48666,1.66312,nan,0,0,0.000452277,0.000452277,0.000452277
279,15821.3,1.71175,2.47986,1.94322,1.87149,0.14958,0.14394,0.16275,0.56783,0.59935,0.62737,0.40652,0.56773,0.60194,0.61901,0.37425,1.43839,2.17798,1.49763,1.67778,nan,0,0,0.000450903,0.000450903,0.000450903
280,15877.6,1.7363,2.45624,1.93216,1.86109,0.15023,0.14477,0.15902,0.64614,0.56876,0.64715,0.42074,0.5882,0.61323,0.63902,0.38325,1.4142,2.16262,1.49702,1.66406,nan,0,0,0.000449528,0.000449528,0.000449528
281,15934,1.8108,2.5427,1.92384,1.84856,0.14532,0.13968,0.15614,0.63469,0.59219,0.66968,0.4454,0.62418,0.58541,0.66226,0.40075,1.40702,2.17904,1.5335,1.64903,nan,0,0,0.000448154,0.000448154,0.000448154
282,15990.8,1.72323,2.46521,1.87153,1.82304,0.14701,0.14047,0.15666,0.56118,0.62881,0.64511,0.43597,0.59954,0.59624,0.63645,0.38768,1.41748,2.1525,1.47591,1.64695,nan,0,0,0.00044678,0.00044678,0.00044678
283,16047.4,1.78796,2.49041,1.99683,1.85671,0.14998,0.15177,0.16682,0.67971,0.53807,0.64198,0.42865,0.50222,0.68425,0.63325,0.39009,1.4426,2.16484,1.46174,1.65138,nan,0,0,0.000445405,0.000445405,0.000445405
284,16103.8,1.76113,2.46143,1.90335,1.84187,0.15099,0.14333,0.15807,0.67986,0.56088,0.65223,0.44125,0.67457,0.5583,0.6491,0.39504,1.40221,2.17929,1.41901,1.6384,nan,0,0,0.000444031,0.000444031,0.000444031
285,16160.3,1.71802,2.41121,1.86819,1.82892,0.15089,0.1488,0.1649,0.59827,0.63546,0.661,0.44275,0.59136,0.63096,0.65796,0.40801,1.40202,2.17399,1.4121,1.64571,nan,0,0,0.000442656,0.000442656,0.000442656
286,16217,1.69922,2.38791,1.86548,1.81185,0.14844,0.14369,0.15927,0.63078,0.62698,0.66172,0.43753,0.625,0.62324,0.65357,0.39446,1.38836,2.16354,1.43358,1.63118,nan,0,0,0.000441282,0.000441282,0.000441282
287,16273.4,1.67058,2.42037,1.88149,1.8361,0.14715,0.13981,0.1552,0.63088,0.62736,0.65596,0.442,0.62042,0.61903,0.64585,0.38703,1.38571,2.15043,1.42054,1.63598,nan,0,0,0.000439907,0.000439907,0.000439907
288,16329.8,1.71816,2.40813,1.85727,1.83685,0.14812,0.14298,0.15739,0.64694,0.6523,0.67615,0.45075,0.64038,0.64445,0.66846,0.41211,1.38439,2.13323,1.42565,1.6327,nan,0,0,0.000438533,0.000438533,0.000438533
289,16386.2,1.70981,2.43563,1.9269,1.83106,0.14404,0.14005,0.15454,0.57591,0.63399,0.66732,0.44968,0.56671,0.64751,0.66431,0.41017,1.39879,2.14838,1.40741,1.64268,nan,0,0,0.000437158,0.000437158,0.000437158
290,16442.6,1.74028,2.48866,1.90529,1.81623,0.14691,0.14583,0.16176,0.52199,0.66374,0.65645,0.43195,0.52014,0.66002,0.64822,0.39453,1.40456,2.14565,1.43043,1.63844,nan,0,0,0.000435784,0.000435784,0.000435784
291,16499,1.72152,2.44312,1.88018,1.81718,0.14813,0.143,0.15958,0.60827,0.65544,0.66552,0.45263,0.60303,0.65208,0.65895,0.40252,1.38548,2.1294,1.43744,1.62787,nan,0,0,0.000434409,0.000434409,0.000434409
292,16555.4,1.74369,2.49706,1.8727,1.82204,0.14763,0.14639,0.16216,0.6713,0.64212,0.7022,0.47974,0.66721,0.64126,0.69224,0.42918,1.38199,2.12276,1.39825,1.63408,nan,0,0,0.000433035,0.000433035,0.000433035
293,16611.9,1.7138,2.4199,1.89626,1.85159,0.15148,0.15152,0.1665,0.57468,0.68494,0.69345,0.46508,0.58395,0.67645,0.6804,0.41099,1.38356,2.12212,1.41121,1.63015,nan,0,0,0.000431661,0.000431661,0.000431661
294,16668.4,1.75554,2.51046,1.86413,1.82344,0.15119,0.14929,0.16435,0.65301,0.59272,0.67357,0.45424,0.54028,0.67007,0.66594,0.40415,1.37932,2.11548,1.43677,1.62468,nan,0,0,0.000430286,0.000430286,0.000430286
295,16724.9,1.68945,2.44362,1.84195,1.80078,0.15113,0.14959,0.16362,0.64623,0.62097,0.64266,0.43612,0.63938,0.61911,0.63817,0.38788,1.37684,2.11379,1.45894,1.61463,nan,0,0,0.000428912,0.000428912,0.000428912
296,16782.2,1.78653,2.56287,1.9329,1.79775,0.14672,0.14368,0.15943,0.7101,0.59294,0.65011,0.4396,0.70288,0.58835,0.63957,0.38434,1.3925,2.13477,1.46295,1.62436,nan,0,0,0.000427537,0.000427537,0.000427537
297,16838.6,1.73949,2.44756,1.87244,1.83449,0.1499,0.14718,0.16488,0.67626,0.61573,0.67749,0.45568,0.67076,0.61296,0.66691,0.39909,1.40104,2.12576,1.42068,1.63052,nan,0,0,0.000426163,0.000426163,0.000426163
298,16895,1.77121,2.51474,1.95035,1.85107,0.14633,0.13889,0.15324,0.59809,0.65427,0.67008,0.45053,0.59481,0.65233,0.66651,0.40503,1.39149,2.11559,1.39844,1.62333,nan,0,0,0.000424788,0.000424788,0.000424788
299,16951.4,1.68645,2.3813,1.81345,1.78287,0.14861,0.14573,0.15973,0.60511,0.64178,0.67173,0.44917,0.59772,0.63788,0.66327,0.40662,1.37338,2.12318,1.38929,1.6147,nan,0,0,0.000423414,0.000423414,0.000423414
300,17007.9,1.75263,2.50007,1.89901,1.83204,0.1465,0.13906,0.15526,0.61751,0.65018,0.68404,0.45851,0.61763,0.63961,0.67867,0.4223,1.37381,2.10505,1.40311,1.6108,nan,0,0,0.000422039,0.000422039,0.000422039
301,17064.3,1.66649,2.40669,1.75824,1.81884,0.14938,0.1437,0.16051,0.6083,0.6629,0.69723,0.4665,0.60462,0.65178,0.69127,0.42649,1.35275,2.09836,1.40516,1.60228,nan,0,0,0.000420665,0.000420665,0.000420665
302,17120.8,1.71169,2.42389,1.85729,1.82618,0.14776,0.14016,0.15459,0.60351,0.64668,0.6612,0.4542,0.60264,0.63358,0.65492,0.40396,1.3504,2.10518,1.39949,1.60057,nan,0,0,0.000419291,0.000419291,0.000419291
303,17177.2,1.74223,2.53799,1.88052,1.80947,0.14607,0.14184,0.15919,0.58474,0.66855,0.65411,0.43678,0.58148,0.66976,0.65025,0.39331,1.37445,2.12872,1.43018,1.61164,nan,0,0,0.000417916,0.000417916,0.000417916
304,17233.8,1.75757,2.4709,1.86024,1.80262,0.14774,0.13774,0.15315,0.58377,0.67145,0.67621,0.45608,0.57962,0.66912,0.66919,0.40777,1.3637,2.11285,1.41377,1.61117,nan,0,0,0.000416542,0.000416542,0.000416542
305,17290.4,1.65462,2.40869,1.82599,1.78527,0.14915,0.14717,0.16168,0.64042,0.64077,0.68283,0.46107,0.62906,0.6202,0.66181,0.40785,1.36659,2.11124,1.38092,1.60849,nan,0,0,0.000415167,0.000415167,0.000415167
306,17346.8,1.68652,2.41318,1.80306,1.81162,0.14738,0.13915,0.15154,0.57688,0.66451,0.66862,0.45983,0.57402,0.66306,0.66099,0.41363,1.35884,2.11251,1.35827,1.60431,nan,0,0,0.000413793,0.000413793,0.000413793
307,17403.2,1.70162,2.43811,1.82661,1.8198,0.14425,0.13903,0.15241,0.5581,0.69122,0.65462,0.45164,0.55389,0.68768,0.64776,0.39729,1.36262,2.10659,1.40175,1.6033,nan,0,0,0.000412418,0.000412418,0.000412418
308,17459.7,1.71974,2.43961,1.84012,1.80074,0.14714,0.13806,0.15351,0.6112,0.65729,0.68085,0.46346,0.59369,0.6706,0.67552,0.41283,1.38061,2.10895,1.41652,1.61289,nan,0,0,0.000411044,0.000411044,0.000411044
309,17516.1,1.67271,2.39789,1.75475,1.80417,0.15028,0.14435,0.15928,0.65119,0.64501,0.67334,0.46182,0.64444,0.64171,0.66837,0.41677,1.36129,2.08481,1.38821,1.60117,nan,0,0,0.000409669,0.000409669,0.000409669
310,17572.5,1.71737,2.44834,1.83413,1.80253,0.14777,0.14,0.15405,0.65812,0.63207,0.68991,0.48444,0.64607,0.62357,0.68003,0.43082,1.34367,2.07778,1.41124,1.59094,nan,0,0,0.000408295,0.000408295,0.000408295
311,17629.1,1.64828,2.39412,1.79256,1.78895,0.14895,0.14144,0.15556,0.64368,0.64984,0.69951,0.49537,0.63966,0.64518,0.6907,0.43784,1.34796,2.07166,1.3577,1.59576,nan,0,0,0.00040692,0.00040692,0.00040692
312,17685.7,1.69532,2.46364,1.86386,1.81856,0.14741,0.13952,0.15482,0.65971,0.63231,0.70936,0.49483,0.65699,0.62948,0.70456,0.44633,1.35102,2.07945,1.36256,1.59324,nan,0,0,0.000405546,0.000405546,0.000405546
313,17742.5,1.69173,2.42477,1.79562,1.78546,0.15058,0.14734,0.1606,0.64998,0.63673,0.70345,0.48177,0.64814,0.63357,0.69414,0.43365,1.34446,2.08675,1.36615,1.5891,nan,0,0,0.000404172,0.000404172,0.000404172
314,17798.9,1.65243,2.3026,1.79659,1.78631,0.14466,0.13501,0.14906,0.56384,0.70929,0.69159,0.47439,0.56007,0.70847,0.68544,0.42409,1.34008,2.07077,1.36814,1.58242,nan,0,0,0.000402797,0.000402797,0.000402797
315,17855.4,1.68994,2.43065,1.76837,1.76238,0.14711,0.14499,0.15618,0.61987,0.66939,0.69983,0.47807,0.62187,0.66085,0.69212,0.43242,1.36997,2.07904,1.36031,1.59747,nan,0,0,0.000401423,0.000401423,0.000401423
316,17911.9,1.71585,2.40214,1.81948,1.77878,0.14576,0.14011,0.15357,0.63837,0.67859,0.71901,0.50154,0.63364,0.67563,0.70894,0.45313,1.33849,2.06073,1.33539,1.5823,nan,0,0,0.000400048,0.000400048,0.000400048
317,17968.4,1.70781,2.39997,1.79561,1.7638,0.15164,0.1412,0.15573,0.67181,0.64195,0.7158,0.49107,0.65446,0.63923,0.70514,0.44665,1.3489,2.06865,1.34362,1.58726,nan,0,0,0.000398674,0.000398674,0.000398674
318,18024.9,1.67008,2.42256,1.81023,1.78007,0.14741,0.14427,0.15882,0.64078,0.64723,0.70963,0.49158,0.63084,0.63921,0.69619,0.43538,1.35359,2.0902,1.3216,1.59392,nan,0,0,0.000397299,0.000397299,0.000397299
319,18081.3,1.70269,2.42941,1.83742,1.80321,0.14705,0.1426,0.15675,0.60705,0.69055,0.70935,0.49381,0.58952,0.70049,0.70229,0.45051,1.33637,2.05548,1.35057,1.58285,nan,0,0,0.000395925,0.000395925,0.000395925
320,18137.7,1.71808,2.5293,1.83103,1.77758,0.15407,0.15344,0.16746,0.64087,0.66225,0.70372,0.47353,0.63471,0.65619,0.6954,0.43329,1.36214,2.07519,1.35896,1.60122,nan,0,0,0.00039455,0.00039455,0.00039455
321,18194.1,1.70311,2.37169,1.79652,1.78219,0.14658,0.13619,0.1517,0.61435,0.66958,0.69743,0.47031,0.60839,0.6638,0.68759,0.42322,1.33085,2.06556,1.33456,1.58209,nan,0,0,0.000393176,0.000393176,0.000393176
322,18250.6,1.64688,2.36211,1.74811,1.78234,0.15538,0.155,0.17034,0.65156,0.62186,0.68305,0.46236,0.64296,0.61735,0.67059,0.41197,1.34706,2.06446,1.35018,1.58707,nan,0,0,0.000391802,0.000391802,0.000391802
323,18306.9,1.69547,2.34215,1.79796,1.78148,0.15003,0.14582,0.15897,0.58748,0.67569,0.68846,0.46831,0.58047,0.67181,0.67631,0.42046,1.34564,2.0823,1.36704,1.58266,nan,0,0,0.000390427,0.000390427,0.000390427
324,18363.3,1.65936,2.33103,1.76686,1.78228,0.14685,0.1414,0.15504,0.6663,0.6765,0.68651,0.46644,0.6606,0.67437,0.68133,0.42623,1.31795,2.05305,1.34187,1.57075,nan,0,0,0.000389053,0.000389053,0.000389053
325,18419.6,1.59608,2.35979,1.75151,1.75939,0.14743,0.14551,0.15804,0.68021,0.63971,0.69543,0.47702,0.676,0.63652,0.68575,0.43407,1.30953,2.04983,1.34504,1.56556,nan,0,0,0.000387678,0.000387678,0.000387678
326,18476,1.65883,2.33051,1.75352,1.77863,0.14628,0.14149,0.1539,0.69853,0.63516,0.70756,0.4815,0.68539,0.6396,0.69933,0.43661,1.30073,2.04792,1.30952,1.56653,nan,0,0,0.000386304,0.000386304,0.000386304
327,18532.5,1.73025,2.42445,1.78324,1.76811,0.14718,0.13891,0.15124,0.66042,0.67246,0.71083,0.49807,0.65523,0.66844,0.70118,0.44223,1.31792,2.04001,1.30766,1.57098,nan,0,0,0.000384929,0.000384929,0.000384929
328,18588.7,1.65294,2.34991,1.74001,1.75298,0.14942,0.14846,0.16175,0.62828,0.69926,0.72945,0.50723,0.62525,0.69689,0.72295,0.46608,1.31833,2.03605,1.32067,1.56876,nan,0,0,0.000383555,0.000383555,0.000383555
329,18645.4,1.65301,2.36893,1.68588,1.75394,0.14071,0.1335,0.14379,0.63261,0.68368,0.726,0.51217,0.63172,0.68308,0.72378,0.46628,1.30686,2.03592,1.32458,1.5591,nan,0,0,0.00038218,0.00038218,0.00038218
330,18702.1,1.67671,2.34671,1.76128,1.76879,0.15006,0.14314,0.15735,0.6527,0.68858,0.72851,0.50631,0.65531,0.67817,0.71998,0.46422,1.32752,2.04713,1.32124,1.56823,nan,0,0,0.000380806,0.000380806,0.000380806
331,18758.5,1.62577,2.36913,1.72012,1.76143,0.14923,0.14326,0.15683,0.66745,0.66985,0.73782,0.52109,0.6647,0.66827,0.73158,0.47696,1.31247,2.02746,1.30018,1.56146,nan,0,0,0.000379431,0.000379431,0.000379431
332,18815.1,1.63902,2.33892,1.75488,1.75546,0.14328,0.13282,0.14481,0.64704,0.69034,0.72779,0.5069,0.64125,0.68789,0.71634,0.45988,1.31269,2.01988,1.29326,1.56628,nan,0,0,0.000378057,0.000378057,0.000378057
333,18871.7,1.65315,2.32416,1.70173,1.75863,0.14867,0.14187,0.15501,0.71149,0.62724,0.71741,0.50219,0.7038,0.62044,0.70285,0.45402,1.32045,2.01989,1.28293,1.57006,nan,0,0,0.000376683,0.000376683,0.000376683
334,18928.2,1.62549,2.31983,1.7138,1.75652,0.1466,0.14655,0.15859,0.69649,0.66668,0.72537,0.51458,0.69121,0.66257,0.71652,0.46339,1.29179,2.01369,1.30071,1.55008,nan,0,0,0.000375308,0.000375308,0.000375308
335,18984.6,1.58395,2.27346,1.74067,1.74069,0.14972,0.14364,0.15663,0.64649,0.71593,0.73044,0.50527,0.6388,0.70856,0.71809,0.46313,1.29303,2.00969,1.31136,1.54624,nan,0,0,0.000373934,0.000373934,0.000373934
336,19041,1.67568,2.4041,1.77448,1.73863,0.14506,0.13946,0.15395,0.70719,0.68659,0.74102,0.51533,0.70364,0.68404,0.72956,0.46508,1.30168,2.00216,1.30028,1.55067,nan,0,0,0.000372559,0.000372559,0.000372559
337,19097.6,1.60004,2.2581,1.7034,1.76722,0.15012,0.14631,0.15928,0.66982,0.70388,0.74426,0.51706,0.6665,0.69584,0.73266,0.4763,1.2878,1.98453,1.28549,1.54576,nan,0,0,0.000371185,0.000371185,0.000371185
338,19154,1.66115,2.39754,1.70727,1.7875,0.14575,0.14056,0.15325,0.71832,0.65982,0.73222,0.50455,0.71429,0.65429,0.72278,0.46112,1.28781,1.98819,1.288,1.53897,nan,0,0,0.00036981,0.00036981,0.00036981
339,19210.4,1.64684,2.35611,1.71497,1.75707,0.14918,0.14462,0.15808,0.68332,0.69549,0.72926,0.50649,0.68066,0.69583,0.72259,0.46116,1.30747,2.00311,1.31277,1.54804,nan,0,0,0.000368436,0.000368436,0.000368436
340,19267,1.66326,2.37673,1.73453,1.73927,0.14478,0.13494,0.14655,0.63195,0.69961,0.72022,0.50288,0.62842,0.69535,0.71311,0.45515,1.31695,1.99913,1.3156,1.55006,nan,0,0,0.000367061,0.000367061,0.000367061
341,19323.4,1.62646,2.31637,1.71138,1.73199,0.14825,0.14121,0.15425,0.62393,0.6865,0.71688,0.51555,0.59095,0.69175,0.70498,0.45831,1.29496,1.99219,1.30588,1.54394,nan,0,0,0.000365687,0.000365687,0.000365687
342,19379.8,1.61511,2.30665,1.72271,1.75947,0.15037,0.14644,0.16048,0.59034,0.71376,0.73228,0.52046,0.57312,0.72147,0.72341,0.464,1.2887,1.99075,1.3137,1.54144,nan,0,0,0.000364313,0.000364313,0.000364313
343,19436.2,1.70236,2.39974,1.78183,1.80487,0.14541,0.14329,0.15609,0.64478,0.67404,0.73209,0.50606,0.64123,0.67185,0.72543,0.45362,1.30173,2.00352,1.33042,1.55462,nan,0,0,0.000362938,0.000362938,0.000362938
344,19492.6,1.6609,2.29784,1.74085,1.7362,0.13864,0.12721,0.13831,0.62839,0.69375,0.72168,0.49629,0.62611,0.68874,0.7132,0.4452,1.27992,1.9906,1.30631,1.54439,nan,0,0,0.000361564,0.000361564,0.000361564
345,19548.9,1.65025,2.33642,1.72885,1.76707,0.14694,0.13951,0.15105,0.64116,0.70512,0.72995,0.51872,0.63807,0.69984,0.72201,0.46472,1.28255,1.99914,1.28405,1.54018,nan,0,0,0.000360189,0.000360189,0.000360189
346,19605.3,1.63469,2.4039,1.73863,1.7555,0.14959,0.14169,0.15498,0.66966,0.69558,0.73156,0.50917,0.66738,0.69928,0.7298,0.47304,1.29851,1.97841,1.30749,1.54468,nan,0,0,0.000358815,0.000358815,0.000358815
347,19661.9,1.68656,2.41813,1.77343,1.71642,0.14552,0.13937,0.15139,0.6729,0.69659,0.72645,0.50193,0.67055,0.69526,0.71947,0.46487,1.30357,1.98663,1.32693,1.54805,nan,0,0,0.00035744,0.00035744,0.00035744
348,19718.3,1.68171,2.32908,1.76935,1.76581,0.146,0.14123,0.15296,0.6932,0.69464,0.7313,0.50886,0.68537,0.69142,0.72421,0.46535,1.30578,1.97266,1.32539,1.5463,nan,0,0,0.000356066,0.000356066,0.000356066
349,19774.8,1.69141,2.38348,1.76328,1.77221,0.14904,0.14356,0.15622,0.63691,0.69746,0.72579,0.50917,0.63073,0.69384,0.71912,0.45717,1.28749,1.98931,1.27891,1.54135,nan,0,0,0.000354691,0.000354691,0.000354691
350,19831.2,1.59685,2.37581,1.7084,1.73048,0.14225,0.1346,0.14713,0.67076,0.65227,0.72168,0.50403,0.67044,0.64774,0.71316,0.45746,1.27724,1.98878,1.30336,1.54048,nan,0,0,0.000353317,0.000353317,0.000353317
351,19887.6,1.61437,2.38151,1.68405,1.71851,0.14999,0.14294,0.15498,0.59171,0.71853,0.72744,0.50929,0.67456,0.62954,0.719,0.46825,1.27621,1.97563,1.30324,1.54186,nan,0,0,0.000351942,0.000351942,0.000351942
352,19944.1,1.5951,2.34984,1.72202,1.73061,0.1482,0.14091,0.15253,0.69204,0.65182,0.73151,0.50581,0.69684,0.64694,0.72442,0.46386,1.28729,1.98274,1.27762,1.5512,nan,0,0,0.000350568,0.000350568,0.000350568
353,20000.4,1.64743,2.37324,1.72909,1.74285,0.14837,0.14729,0.16067,0.65805,0.70272,0.7263,0.50614,0.65385,0.69996,0.71782,0.45551,1.28864,1.97146,1.26859,1.54753,nan,0,0,0.000349194,0.000349194,0.000349194
354,20056.8,1.59097,2.28698,1.71096,1.74742,0.14311,0.13545,0.14809,0.65966,0.69879,0.72926,0.50349,0.65693,0.69549,0.72031,0.45809,1.29528,1.97813,1.29695,1.54734,nan,0,0,0.000347819,0.000347819,0.000347819
355,20113.2,1.68839,2.33108,1.7183,1.73804,0.14365,0.13662,0.14832,0.68522,0.67426,0.72584,0.50079,0.68452,0.67386,0.71925,0.4686,1.27384,1.96609,1.2931,1.53387,nan,0,0,0.000346445,0.000346445,0.000346445
356,20169.6,1.6383,2.35361,1.71527,1.73349,0.15194,0.1532,0.16733,0.67377,0.68695,0.73649,0.50759,0.66915,0.68757,0.72735,0.46891,1.26646,1.97256,1.28631,1.52622,nan,0,0,0.00034507,0.00034507,0.00034507
357,20226.1,1.63946,2.35018,1.68986,1.72255,0.15068,0.14412,0.15649,0.73992,0.63317,0.72906,0.50925,0.68432,0.65453,0.72091,0.46703,1.28541,1.96882,1.26532,1.53315,nan,0,0,0.000343696,0.000343696,0.000343696
358,20282.5,1.6055,2.29635,1.66096,1.69476,0.15064,0.14786,0.15975,0.64641,0.69028,0.73173,0.50749,0.64088,0.6872,0.72466,0.46676,1.26427,1.96804,1.28173,1.52385,nan,0,0,0.000342321,0.000342321,0.000342321
359,20338.9,1.62274,2.32927,1.69543,1.74558,0.14682,0.14442,0.15746,0.64387,0.7019,0.73349,0.50326,0.63618,0.69937,0.72475,0.47039,1.24645,1.97467,1.27749,1.51735,nan,0,0,0.000340947,0.000340947,0.000340947
360,20395.4,1.66896,2.3435,1.75581,1.74208,0.14292,0.13921,0.15135,0.59362,0.72703,0.72841,0.50045,0.67135,0.63948,0.71826,0.45933,1.26079,1.98481,1.27144,1.51786,nan,0,0,0.000339572,0.000339572,0.000339572
361,20451.7,1.61918,2.3435,1.70314,1.72756,0.15429,0.14616,0.16002,0.66371,0.69455,0.74123,0.51265,0.67071,0.68159,0.73116,0.48087,1.25419,1.9622,1.27437,1.51329,nan,0,0,0.000338198,0.000338198,0.000338198
362,20508.1,1.58362,2.2967,1.72005,1.75053,0.14348,0.14086,0.15396,0.7168,0.68638,0.74399,0.5144,0.71355,0.68481,0.73649,0.4786,1.25441,1.94434,1.25041,1.51522,nan,0,0,0.000336824,0.000336824,0.000336824
363,20564.7,1.63344,2.34524,1.67317,1.72421,0.14489,0.13581,0.14901,0.70824,0.70872,0.74498,0.5153,0.70693,0.70316,0.73697,0.47807,1.25404,1.9752,1.24432,1.51493,nan,0,0,0.000335449,0.000335449,0.000335449
364,20621.2,1.64301,2.34702,1.67342,1.72908,0.14421,0.13646,0.14853,0.70326,0.70714,0.74795,0.52207,0.69815,0.71495,0.74281,0.4718,1.25774,1.95495,1.27938,1.51568,nan,0,0,0.000334075,0.000334075,0.000334075
365,20677.6,1.579,2.28369,1.65256,1.72611,0.15316,0.14836,0.16177,0.68832,0.70364,0.73762,0.51152,0.6867,0.69998,0.72946,0.46295,1.25448,1.95032,1.25257,1.51443,nan,0,0,0.0003327,0.0003327,0.0003327
366,20734,1.62547,2.31407,1.6287,1.69222,0.14772,0.14258,0.1541,0.66133,0.70829,0.7395,0.51619,0.66421,0.68704,0.72866,0.46837,1.25642,1.9328,1.2451,1.51729,nan,0,0,0.000331326,0.000331326,0.000331326
367,20790.4,1.5836,2.22715,1.62992,1.68164,0.14019,0.12874,0.13983,0.7,0.68177,0.72786,0.50922,0.69226,0.67668,0.71628,0.4605,1.27976,1.95703,1.25371,1.52554,nan,0,0,0.000329951,0.000329951,0.000329951
368,20846.9,1.58586,2.30508,1.68228,1.75619,0.14494,0.13443,0.14594,0.6839,0.67744,0.73756,0.51642,0.68137,0.6674,0.72715,0.47684,1.27246,1.95978,1.24143,1.52039,nan,0,0,0.000328577,0.000328577,0.000328577
369,20903.2,1.61205,2.30294,1.69487,1.72482,0.14488,0.14398,0.15601,0.73435,0.64865,0.7311,0.509,0.73059,0.64408,0.72157,0.46724,1.25587,1.94525,1.26269,1.51468,nan,0,0,0.000327202,0.000327202,0.000327202
370,20959.6,1.62838,2.28269,1.66593,1.72749,0.14799,0.14065,0.15328,0.68573,0.69686,0.73968,0.51433,0.6805,0.69207,0.72712,0.47406,1.25316,1.92674,1.27212,1.51392,nan,0,0,0.000325828,0.000325828,0.000325828
371,21016,1.61884,2.30294,1.62217,1.71565,0.14726,0.13861,0.1503,0.73956,0.6515,0.74468,0.51807,0.73356,0.64873,0.73368,0.47257,1.25963,1.92559,1.25181,1.51421,nan,0,0,0.000324453,0.000324453,0.000324453
372,21072.2,1.52025,2.19332,1.60527,1.71568,0.15297,0.14529,0.15877,0.73669,0.65618,0.74285,0.52546,0.72703,0.64841,0.73287,0.47664,1.25885,1.9368,1.2682,1.50638,nan,0,0,0.000323079,0.000323079,0.000323079
373,21129,1.59264,2.23349,1.63992,1.71166,0.14862,0.14072,0.15321,0.70389,0.65273,0.7297,0.52766,0.70163,0.64054,0.7224,0.46934,1.25997,1.93486,1.26703,1.50634,nan,0,0,0.000321705,0.000321705,0.000321705
374,21185.4,1.6314,2.2667,1.62473,1.68083,0.14724,0.14405,0.15519,0.65879,0.67793,0.72822,0.51996,0.64902,0.66833,0.71737,0.47108,1.24213,1.92849,1.24334,1.50498,nan,0,0,0.00032033,0.00032033,0.00032033
375,21241.9,1.54639,2.23343,1.6099,1.6801,0.14038,0.13489,0.14609,0.64611,0.7129,0.73578,0.52106,0.64123,0.70958,0.72407,0.46991,1.23879,1.92988,1.22884,1.50202,nan,0,0,0.000318956,0.000318956,0.000318956
376,21298.3,1.6687,2.26434,1.65105,1.69236,0.14556,0.1414,0.15278,0.63507,0.71418,0.74159,0.51399,0.62853,0.71506,0.73066,0.47913,1.23293,1.91197,1.21513,1.4931,nan,0,0,0.000317581,0.000317581,0.000317581
377,21354.8,1.61213,2.28703,1.59806,1.69775,0.14714,0.13539,0.14765,0.65436,0.7388,0.75809,0.52609,0.6472,0.73413,0.748,0.48823,1.23123,1.9031,1.20127,1.49502,nan,0,0,0.000316207,0.000316207,0.000316207
378,21411.5,1.59808,2.28031,1.66838,1.71778,0.14478,0.14125,0.1541,0.64086,0.74019,0.75374,0.52536,0.64263,0.72679,0.74037,0.48312,1.24007,1.9075,1.22204,1.50146,nan,0,0,0.000314832,0.000314832,0.000314832
379,21467.8,1.47549,2.19457,1.56498,1.67705,0.14171,0.13407,0.14554,0.67037,0.72939,0.75552,0.53663,0.66332,0.72659,0.74167,0.48897,1.23019,1.9021,1.22368,1.495,nan,0,0,0.000313458,0.000313458,0.000313458
380,21524.4,1.59076,2.25561,1.63989,1.6858,0.14425,0.1359,0.14835,0.75177,0.6799,0.75784,0.54925,0.74941,0.67622,0.74836,0.49205,1.24104,1.91324,1.21014,1.50407,nan,0,0,0.000312083,0.000312083,0.000312083
381,21580.9,1.56277,2.22743,1.58872,1.68871,0.15249,0.14665,0.15921,0.76991,0.66198,0.76678,0.55617,0.7647,0.65876,0.7558,0.49179,1.249,1.91276,1.22394,1.51113,nan,0,0,0.000310709,0.000310709,0.000310709
382,21637.6,1.61098,2.28755,1.68679,1.72525,0.14427,0.13357,0.1448,0.64385,0.74877,0.7692,0.55219,0.63858,0.74613,0.75838,0.49514,1.24273,1.91057,1.22386,1.50587,nan,0,0,0.000309335,0.000309335,0.000309335
383,21693.9,1.60022,2.32276,1.67472,1.75914,0.14295,0.13528,0.14809,0.67726,0.69312,0.7627,0.54478,0.67482,0.69195,0.75328,0.49058,1.23852,1.91338,1.20583,1.50038,nan,0,0,0.00030796,0.00030796,0.00030796
384,21750.4,1.54563,2.21717,1.59704,1.67929,0.14796,0.14,0.15177,0.63751,0.72567,0.75546,0.54272,0.63222,0.72258,0.74475,0.48773,1.224,1.90519,1.234,1.49269,nan,0,0,0.000306586,0.000306586,0.000306586
385,21806.7,1.55793,2.26568,1.59496,1.65591,0.14191,0.13567,0.14653,0.69186,0.68964,0.74661,0.53285,0.68285,0.68759,0.73319,0.47868,1.24369,1.9136,1.28996,1.50077,nan,0,0,0.000305211,0.000305211,0.000305211
386,21863.1,1.56057,2.22159,1.63234,1.70302,0.14495,0.13927,0.15071,0.69234,0.68462,0.75526,0.54168,0.68465,0.67229,0.73942,0.4858,1.23053,1.90154,1.28385,1.49011,nan,0,0,0.000303837,0.000303837,0.000303837
387,21919.4,1.50486,2.19143,1.58196,1.67435,0.14553,0.13964,0.15035,0.78559,0.6359,0.767,0.54739,0.7742,0.62856,0.75135,0.49016,1.23376,1.8858,1.24708,1.4922,nan,0,0,0.000302462,0.000302462,0.000302462
388,21976,1.54547,2.22331,1.5515,1.6726,0.1442,0.13621,0.14789,0.81311,0.6589,0.77353,0.56002,0.77908,0.65896,0.7619,0.50792,1.22638,1.8694,1.21456,1.49092,nan,0,0,0.000301088,0.000301088,0.000301088
389,22032.6,1.61158,2.29472,1.67526,1.68451,0.14447,0.1354,0.14748,0.75484,0.69666,0.77483,0.55895,0.74292,0.68854,0.75824,0.51023,1.23049,1.88239,1.1902,1.49789,nan,0,0,0.000299713,0.000299713,0.000299713
390,22089.2,1.52978,2.1723,1.54505,1.68028,0.14266,0.13227,0.14439,0.74141,0.71411,0.78008,0.56628,0.73599,0.70938,0.76889,0.51448,1.22631,1.87966,1.17607,1.49205,nan,0,0,0.000298339,0.000298339,0.000298339
391,22145.9,1.64444,2.33901,1.64492,1.73729,0.14352,0.13566,0.14669,0.78311,0.6627,0.77764,0.56152,0.78053,0.65775,0.7687,0.51366,1.22259,1.87761,1.19317,1.485,nan,0,0,0.000296964,0.000296964,0.000296964
392,22202.3,1.51885,2.21686,1.53445,1.63949,0.14851,0.14827,0.16003,0.72046,0.72269,0.7747,0.55806,0.71274,0.71844,0.7632,0.50292,1.22471,1.88802,1.22774,1.48622,nan,0,0,0.00029559,0.00029559,0.00029559
393,22258.7,1.54941,2.21424,1.61054,1.68042,0.14916,0.13554,0.14902,0.73203,0.69702,0.7637,0.54585,0.72254,0.69538,0.753,0.48989,1.21815,1.88411,1.23759,1.48772,nan,0,0,0.000294216,0.000294216,0.000294216
394,22315.1,1.54756,2.19512,1.57903,1.65837,0.14112,0.12998,0.14054,0.70614,0.71795,0.76838,0.5445,0.69896,0.71167,0.75642,0.49198,1.21546,1.88261,1.22483,1.4904,nan,0,0,0.000292841,0.000292841,0.000292841
395,22371.5,1.56535,2.19762,1.59349,1.67513,0.14472,0.13877,0.15018,0.76036,0.69325,0.77157,0.54571,0.76665,0.67437,0.76012,0.49742,1.2171,1.86644,1.21264,1.48897,nan,0,0,0.000291467,0.000291467,0.000291467
396,22427.8,1.55759,2.23544,1.60607,1.66126,0.14077,0.13378,0.14433,0.7567,0.70814,0.7646,0.5438,0.74743,0.69623,0.74653,0.48723,1.21783,1.87123,1.19841,1.48985,nan,0,0,0.000290092,0.000290092,0.000290092
397,22484.2,1.56821,2.24094,1.62079,1.69853,0.14602,0.13865,0.14991,0.71063,0.71983,0.76455,0.5461,0.71704,0.69236,0.74768,0.49758,1.21616,1.85995,1.20262,1.48197,nan,0,0,0.000288718,0.000288718,0.000288718
398,22540.5,1.55804,2.23639,1.62195,1.69208,0.14357,0.1348,0.14614,0.71549,0.69705,0.76279,0.54359,0.73992,0.65316,0.7449,0.49604,1.19866,1.87788,1.19937,1.47087,nan,0,0,0.000287343,0.000287343,0.000287343
399,22596.9,1.57618,2.24825,1.60475,1.68334,0.13944,0.12617,0.13555,0.7544,0.64478,0.75952,0.5464,0.75067,0.63571,0.74332,0.49801,1.2053,1.87871,1.19824,1.47318,nan,0,0,0.000285969,0.000285969,0.000285969
400,22653.4,1.5815,2.24492,1.57628,1.65659,0.14297,0.13768,0.15011,0.77745,0.62683,0.76006,0.54897,0.65925,0.69872,0.7447,0.50034,1.20985,1.85969,1.20237,1.47646,nan,0,0,0.000284594,0.000284594,0.000284594
401,22709.7,1.54126,2.17668,1.61578,1.6827,0.13987,0.13419,0.14425,0.67028,0.71298,0.76123,0.54355,0.66459,0.7077,0.74713,0.50131,1.20801,1.85674,1.21834,1.47613,nan,0,0,0.00028322,0.00028322,0.00028322
402,22766.1,1.48093,2.10817,1.52665,1.66789,0.14711,0.14252,0.15326,0.71711,0.68863,0.76468,0.54413,0.71699,0.68554,0.75213,0.49926,1.20308,1.8584,1.22083,1.47354,nan,0,0,0.000281846,0.000281846,0.000281846
403,22822.6,1.60199,2.26974,1.66134,1.67453,0.14431,0.13458,0.14484,0.73326,0.69725,0.77114,0.55031,0.72609,0.69336,0.75817,0.49542,1.19357,1.85773,1.2003,1.46363,nan,0,0,0.000280471,0.000280471,0.000280471
404,22879,1.51066,2.21332,1.60361,1.6696,0.14648,0.13918,0.15061,0.6992,0.72533,0.76656,0.55209,0.69192,0.72049,0.7538,0.49227,1.18855,1.84914,1.18721,1.46312,nan,0,0,0.000279097,0.000279097,0.000279097
405,22935.4,1.56185,2.21439,1.56694,1.66279,0.14409,0.13674,0.14757,0.6942,0.73145,0.76623,0.54769,0.69431,0.71684,0.75395,0.49711,1.19414,1.84786,1.17925,1.47125,nan,0,0,0.000277722,0.000277722,0.000277722
406,22991.9,1.52323,2.21251,1.5503,1.64436,0.14376,0.13164,0.14307,0.72745,0.7017,0.769,0.56368,0.73091,0.69601,0.75772,0.50213,1.19775,1.83886,1.19032,1.46989,nan,0,0,0.000276348,0.000276348,0.000276348
407,23048.3,1.57243,2.22202,1.5571,1.68538,0.14555,0.1405,0.1506,0.69584,0.7322,0.77191,0.55481,0.69019,0.7296,0.75923,0.49936,1.20224,1.84438,1.17677,1.46624,nan,0,0,0.000274973,0.000274973,0.000274973
408,23104.8,1.51657,2.18337,1.56961,1.64904,0.14333,0.13406,0.14748,0.72732,0.71617,0.78207,0.55861,0.71985,0.71291,0.7698,0.50637,1.18285,1.85348,1.18584,1.45558,nan,0,0,0.000273599,0.000273599,0.000273599
409,23161.1,1.56536,2.16274,1.61973,1.69865,0.14476,0.13288,0.14512,0.73967,0.71347,0.77704,0.56422,0.73918,0.70469,0.76676,0.50752,1.17599,1.85129,1.19135,1.45417,nan,0,0,0.000272224,0.000272224,0.000272224
410,23217.2,1.54713,2.20383,1.57401,1.68585,0.14349,0.13541,0.14542,0.79134,0.65758,0.77513,0.55922,0.78924,0.65031,0.76249,0.51005,1.17464,1.85482,1.20256,1.45425,nan,0,0,0.00027085,0.00027085,0.00027085
411,23273.7,1.54603,2.20114,1.56779,1.63895,0.14729,0.14014,0.15237,0.73902,0.69322,0.77344,0.55542,0.73143,0.68373,0.75831,0.51195,1.17292,1.85144,1.1922,1.45123,nan,0,0,0.000269475,0.000269475,0.000269475
412,23330.1,1.5555,2.26039,1.62022,1.69824,0.14611,0.1387,0.14917,0.68177,0.71982,0.77197,0.55903,0.6712,0.71112,0.75653,0.51151,1.186,1.84611,1.18545,1.4563,nan,0,0,0.000268101,0.000268101,0.000268101
413,23386.4,1.55048,2.23002,1.59915,1.64865,0.14071,0.13032,0.14188,0.66148,0.73323,0.77301,0.56968,0.6255,0.74344,0.75226,0.51748,1.17826,1.84365,1.18719,1.45593,nan,0,0,0.000266727,0.000266727,0.000266727
414,23443.2,1.58473,2.24547,1.57362,1.64951,0.14445,0.14131,0.15233,0.67955,0.74434,0.76154,0.54925,0.68912,0.72391,0.74307,0.50159,1.17309,1.83714,1.19505,1.45274,nan,0,0,0.000265352,0.000265352,0.000265352
415,23499.7,1.51083,2.20526,1.56352,1.64681,0.14406,0.13553,0.14601,0.71292,0.71077,0.76353,0.55211,0.70734,0.69967,0.74328,0.49801,1.18439,1.85048,1.19437,1.45948,nan,0,0,0.000263978,0.000263978,0.000263978
416,23556.1,1.51138,2.16387,1.5599,1.6423,0.14077,0.13097,0.14297,0.79474,0.64473,0.76034,0.54222,0.78101,0.64709,0.75202,0.49831,1.17744,1.8447,1.167,1.45439,nan,0,0,0.000262603,0.000262603,0.000262603
417,23612.5,1.59982,2.22468,1.59653,1.68885,0.14015,0.13195,0.14319,0.75199,0.65281,0.7673,0.54078,0.66177,0.71686,0.75094,0.4989,1.17531,1.83743,1.15683,1.45079,nan,0,0,0.000261229,0.000261229,0.000261229
418,23668.9,1.4849,2.20417,1.52075,1.63157,0.13901,0.1313,0.14082,0.74643,0.69568,0.77209,0.54443,0.72306,0.69494,0.75258,0.49956,1.17577,1.83939,1.17822,1.451,nan,0,0,0.000259854,0.000259854,0.000259854
419,23725.2,1.53137,2.20509,1.5751,1.64385,0.14452,0.13636,0.14755,0.75565,0.6967,0.77009,0.54508,0.74869,0.6855,0.76018,0.50023,1.16443,1.83008,1.1624,1.4475,nan,0,0,0.00025848,0.00025848,0.00025848
420,23781.7,1.50761,2.19113,1.52324,1.63697,0.14291,0.13613,0.1474,0.75129,0.70245,0.77904,0.56398,0.73766,0.69103,0.76365,0.51669,1.1606,1.81896,1.15001,1.44368,nan,0,0,0.000257105,0.000257105,0.000257105
421,23837.9,1.51843,2.13706,1.54976,1.6296,0.14297,0.13804,0.15089,0.7161,0.73347,0.78221,0.56477,0.7077,0.735,0.77329,0.51707,1.16507,1.81389,1.16465,1.44394,nan,0,0,0.000255731,0.000255731,0.000255731
422,23894.3,1.62785,2.23817,1.65087,1.67598,0.14319,0.13569,0.14877,0.77136,0.70095,0.78141,0.56625,0.73341,0.72357,0.77104,0.52295,1.16411,1.80802,1.19979,1.43863,nan,0,0,0.000254357,0.000254357,0.000254357
423,23950.9,1.54769,2.1773,1.53897,1.66523,0.14026,0.13624,0.14769,0.76895,0.68439,0.77541,0.56664,0.78347,0.6689,0.76776,0.51694,1.17009,1.81681,1.17059,1.44199,nan,0,0,0.000252982,0.000252982,0.000252982
424,24007.2,1.52555,2.20595,1.61252,1.69294,0.14217,0.13444,0.14627,0.80708,0.67576,0.77942,0.56802,0.80492,0.67312,0.77063,0.51311,1.17569,1.81104,1.15432,1.45001,nan,0,0,0.000251608,0.000251608,0.000251608
425,24063.5,1.4952,2.09456,1.51009,1.65071,0.14357,0.12878,0.14083,0.77508,0.69052,0.78201,0.5724,0.77362,0.68894,0.77466,0.51933,1.16335,1.80546,1.16884,1.44425,nan,0,0,0.000250233,0.000250233,0.000250233
426,24119.9,1.49086,2.18541,1.51165,1.64877,0.14223,0.13832,0.14792,0.74106,0.71316,0.77931,0.57015,0.75059,0.69471,0.76976,0.51974,1.15318,1.81166,1.16786,1.43527,nan,0,0,0.000248859,0.000248859,0.000248859
427,24176.5,1.62987,2.29153,1.64544,1.65937,0.14112,0.12678,0.13736,0.7286,0.70179,0.77644,0.56597,0.72523,0.69898,0.76595,0.50732,1.16558,1.83316,1.15247,1.4408,nan,0,0,0.000247484,0.000247484,0.000247484
428,24232.8,1.48522,2.1866,1.55316,1.64643,0.14431,0.13706,0.14765,0.7821,0.66503,0.76999,0.55636,0.77823,0.66346,0.76143,0.51675,1.17017,1.81923,1.16881,1.44367,nan,0,0,0.00024611,0.00024611,0.00024611
429,24289.1,1.5022,2.14952,1.59373,1.66218,0.14303,0.13235,0.14362,0.73488,0.676,0.7598,0.55053,0.73194,0.67463,0.75329,0.51354,1.16521,1.80605,1.18265,1.43626,nan,0,0,0.000244735,0.000244735,0.000244735
430,24345.4,1.51011,2.17998,1.5586,1.6567,0.14657,0.14024,0.15229,0.7004,0.72207,0.75677,0.54836,0.69546,0.7188,0.74852,0.50514,1.16459,1.80165,1.16101,1.43578,nan,0,0,0.000243361,0.000243361,0.000243361
431,24401.7,1.52312,2.17537,1.5171,1.63147,0.14967,0.14691,0.15735,0.77669,0.68496,0.76601,0.55952,0.76984,0.68153,0.75819,0.5034,1.15856,1.8031,1.15212,1.4362,nan,0,0,0.000241986,0.000241986,0.000241986
432,24458.2,1.53223,2.16238,1.53122,1.61715,0.1387,0.13328,0.14375,0.74361,0.72425,0.779,0.57128,0.73525,0.71976,0.7669,0.51458,1.1508,1.79158,1.15812,1.43397,nan,0,0,0.000240612,0.000240612,0.000240612
433,24514.7,1.557,2.26593,1.58305,1.66762,0.14365,0.14025,0.15227,0.73197,0.73604,0.78583,0.57577,0.72509,0.73213,0.77448,0.51934,1.14542,1.78964,1.15204,1.43086,nan,0,0,0.000239238,0.000239238,0.000239238
434,24571.2,1.41705,2.02706,1.45051,1.61522,0.14201,0.13069,0.14138,0.70323,0.75169,0.78664,0.57776,0.69837,0.74897,0.77779,0.5259,1.15879,1.79452,1.15113,1.43827,nan,0,0,0.000237863,0.000237863,0.000237863
435,24627.8,1.5068,2.09393,1.48837,1.62102,0.14635,0.13525,0.14604,0.72909,0.7303,0.78817,0.57669,0.71602,0.72015,0.7708,0.51953,1.16075,1.79486,1.14141,1.43953,nan,0,0,0.000236489,0.000236489,0.000236489
436,24684.2,1.48452,2.09425,1.58095,1.65451,0.14365,0.1374,0.15051,0.67623,0.74663,0.77998,0.57288,0.65666,0.74597,0.75864,0.51826,1.16111,1.78803,1.13882,1.43899,nan,0,0,0.000235114,0.000235114,0.000235114
437,24740.5,1.55465,2.15094,1.55926,1.63526,0.14224,0.13264,0.14333,0.74095,0.71787,0.78488,0.58062,0.7253,0.71111,0.76561,0.52927,1.15411,1.78291,1.13655,1.43617,nan,0,0,0.00023374,0.00023374,0.00023374
438,24797.2,1.51086,2.17418,1.51869,1.62876,0.14141,0.13442,0.1439,0.73725,0.71259,0.78817,0.58157,0.70354,0.74326,0.77423,0.52976,1.15287,1.78551,1.15431,1.43437,nan,0,0,0.000232365,0.000232365,0.000232365
439,24854.2,1.50932,2.19085,1.52052,1.63665,0.14316,0.13087,0.14172,0.72138,0.74135,0.78596,0.58101,0.71647,0.73406,0.77565,0.53164,1.15253,1.79453,1.14914,1.43324,nan,0,0,0.000230991,0.000230991,0.000230991
440,24910.9,1.49376,2.15763,1.49406,1.60551,0.14236,0.13587,0.14574,0.74029,0.71061,0.7852,0.58588,0.73193,0.70591,0.77678,0.53443,1.12926,1.77995,1.13523,1.41958,nan,0,0,0.000229616,0.000229616,0.000229616
441,24967.5,1.48716,2.1661,1.46527,1.60142,0.14133,0.13714,0.14735,0.72937,0.72871,0.78926,0.57559,0.7242,0.72539,0.77923,0.52932,1.12977,1.79079,1.13747,1.41917,nan,0,0,0.000228242,0.000228242,0.000228242
442,25024,1.47062,2.1366,1.45449,1.57344,0.14539,0.13638,0.14714,0.74338,0.73057,0.79062,0.5886,0.73756,0.72687,0.78141,0.5318,1.13874,1.78812,1.12925,1.42063,nan,0,0,0.000226868,0.000226868,0.000226868
443,25080.8,1.56829,2.19707,1.53893,1.62496,0.14579,0.14052,0.15159,0.73518,0.73882,0.78849,0.58739,0.73403,0.73357,0.77876,0.53649,1.14682,1.77452,1.107,1.42324,nan,0,0,0.000225493,0.000225493,0.000225493
444,25137.2,1.459,2.06536,1.52594,1.63426,0.14254,0.13017,0.14055,0.74976,0.72406,0.79117,0.58171,0.73966,0.71839,0.77779,0.53397,1.15126,1.788,1.1212,1.42508,nan,0,0,0.000224119,0.000224119,0.000224119
445,25193.5,1.58082,2.15293,1.55564,1.63866,0.14279,0.13664,0.1483,0.71344,0.75313,0.79566,0.58776,0.70729,0.74954,0.78642,0.54052,1.1392,1.78468,1.12094,1.42134,nan,0,0,0.000222744,0.000222744,0.000222744
446,25250.2,1.54069,2.21249,1.57603,1.65564,0.14411,0.13524,0.14568,0.78301,0.7005,0.79823,0.58625,0.78425,0.69317,0.78836,0.53833,1.14652,1.78894,1.12718,1.42699,nan,0,0,0.00022137,0.00022137,0.00022137
447,25306.5,1.46551,2.12543,1.52655,1.62623,0.13981,0.13137,0.14234,0.71252,0.74156,0.79201,0.58742,0.7221,0.72626,0.78002,0.52889,1.14634,1.78746,1.12685,1.43034,nan,0,0,0.000219995,0.000219995,0.000219995
448,25362.9,1.50092,2.20307,1.50662,1.60768,0.1408,0.13176,0.14257,0.70057,0.74536,0.7916,0.58463,0.69291,0.74085,0.77845,0.52618,1.14371,1.79206,1.11952,1.4306,nan,0,0,0.000218621,0.000218621,0.000218621
449,25419.2,1.46006,2.09446,1.50516,1.64548,0.14467,0.13587,0.14738,0.72887,0.70087,0.79037,0.58074,0.71854,0.70968,0.78014,0.52711,1.13915,1.79017,1.10698,1.42941,nan,0,0,0.000217246,0.000217246,0.000217246
450,25475.6,1.52509,2.17222,1.56561,1.65962,0.14503,0.13394,0.14442,0.79831,0.67417,0.79236,0.5877,0.79553,0.66856,0.78511,0.53288,1.14494,1.788,1.10607,1.43144,nan,0,0,0.000215872,0.000215872,0.000215872
451,25532,1.53658,2.10229,1.49353,1.62829,0.14456,0.12923,0.13985,0.79039,0.66968,0.78967,0.58621,0.78585,0.66514,0.78193,0.53394,1.14315,1.78909,1.10249,1.42399,nan,0,0,0.000214497,0.000214497,0.000214497
452,25588.4,1.55361,2.17128,1.58617,1.66221,0.14217,0.13472,0.1446,0.769,0.68119,0.78612,0.5741,0.76899,0.67635,0.77779,0.52811,1.1369,1.77476,1.11409,1.42087,nan,0,0,0.000213123,0.000213123,0.000213123
453,25644.9,1.53688,2.17913,1.53789,1.62479,0.13994,0.13433,0.14505,0.70474,0.72043,0.78312,0.57092,0.7068,0.71075,0.77421,0.52426,1.13243,1.76963,1.12059,1.41708,nan,0,0,0.000211749,0.000211749,0.000211749
454,25701.3,1.49763,2.09391,1.4972,1.62212,0.1407,0.13077,0.14095,0.73907,0.69946,0.78364,0.57041,0.73584,0.69647,0.7712,0.52981,1.12994,1.76464,1.11054,1.41457,nan,0,0,0.000210374,0.000210374,0.000210374
455,25757.8,1.5102,2.1117,1.50427,1.60298,0.14119,0.13107,0.1403,0.7296,0.69047,0.785,0.56906,0.72544,0.68812,0.77341,0.53079,1.13504,1.76027,1.11206,1.41797,nan,0,0,0.000209,0.000209,0.000209
456,25814.2,1.45217,2.08135,1.46091,1.60453,0.1431,0.1407,0.15142,0.66948,0.75356,0.79254,0.57544,0.66628,0.74489,0.78208,0.52931,1.1359,1.76154,1.119,1.41902,nan,0,0,0.000207625,0.000207625,0.000207625
457,25870.5,1.44859,2.13002,1.43148,1.60051,0.13506,0.12474,0.13235,0.69946,0.74748,0.79082,0.58447,0.69576,0.74496,0.78031,0.54273,1.12349,1.75318,1.11475,1.40965,nan,0,0,0.000206251,0.000206251,0.000206251
458,25926.7,1.47071,2.11985,1.49073,1.62053,0.14684,0.13905,0.15005,0.70046,0.74451,0.78326,0.58017,0.69642,0.74197,0.7757,0.53886,1.11588,1.75169,1.1091,1.40505,nan,0,0,0.000204876,0.000204876,0.000204876
459,25983,1.45484,2.06391,1.45633,1.60853,0.14078,0.13414,0.1433,0.74195,0.72623,0.78253,0.58204,0.73936,0.7234,0.77395,0.53227,1.11568,1.75278,1.11809,1.40585,nan,0,0,0.000203502,0.000203502,0.000203502
460,26039.5,1.53002,2.20088,1.50774,1.58245,0.14276,0.13502,0.1475,0.71915,0.73266,0.78534,0.58924,0.72267,0.72879,0.77899,0.53393,1.11568,1.74384,1.10786,1.40678,nan,0,0,0.000202127,0.000202127,0.000202127
461,26095.8,1.43871,2.11534,1.5101,1.62516,0.14801,0.14434,0.15504,0.69125,0.76881,0.78652,0.58577,0.68338,0.76244,0.77227,0.5319,1.13122,1.74952,1.1059,1.41368,nan,0,0,0.000200753,0.000200753,0.000200753
462,26152.3,1.54829,2.14457,1.53993,1.62533,0.1396,0.12824,0.13993,0.78537,0.67582,0.78734,0.58133,0.66348,0.7594,0.77466,0.53228,1.1327,1.75097,1.11581,1.41374,nan,0,0,0.000199379,0.000199379,0.000199379
463,26208.4,1.45627,2.06884,1.48884,1.62206,0.13908,0.12507,0.13593,0.64964,0.78155,0.78492,0.58026,0.64497,0.78048,0.77609,0.53338,1.12627,1.74935,1.11222,1.4108,nan,0,0,0.000198004,0.000198004,0.000198004
464,26264.8,1.46485,2.12421,1.50563,1.6402,0.13885,0.13081,0.14129,0.71939,0.70601,0.79299,0.58749,0.71484,0.70334,0.78374,0.53663,1.12362,1.73936,1.10959,1.40723,nan,0,0,0.00019663,0.00019663,0.00019663
465,26321.1,1.4698,2.08275,1.51462,1.62794,0.14016,0.12528,0.13568,0.71423,0.71814,0.78978,0.5941,0.71513,0.71795,0.78097,0.53484,1.13811,1.73965,1.11733,1.41357,nan,0,0,0.000195255,0.000195255,0.000195255
466,26378,1.44917,2.08902,1.45294,1.57913,0.14628,0.13747,0.14871,0.71112,0.72774,0.79114,0.59716,0.7083,0.72599,0.78068,0.53656,1.12801,1.74455,1.09302,1.4093,nan,0,0,0.000193881,0.000193881,0.000193881
467,26434.5,1.47083,2.09745,1.48011,1.6181,0.14237,0.13853,0.1497,0.75396,0.69733,0.796,0.58475,0.75751,0.68706,0.78427,0.53753,1.11911,1.74751,1.08798,1.40433,nan,0,0,0.000192506,0.000192506,0.000192506
468,26490.8,1.51562,2.10016,1.50138,1.61246,0.14156,0.13641,0.14687,0.74647,0.70381,0.79285,0.58516,0.73422,0.69707,0.77954,0.53877,1.1194,1.75182,1.10597,1.40401,nan,0,0,0.000191132,0.000191132,0.000191132
469,26547.2,1.42736,2.07094,1.45739,1.59553,0.1448,0.12911,0.13966,0.68044,0.74481,0.79166,0.58187,0.67106,0.73784,0.77655,0.53094,1.13001,1.75315,1.12114,1.40836,nan,0,0,0.000189757,0.000189757,0.000189757
470,26603.6,1.43404,2.05184,1.44836,1.59458,0.14565,0.13933,0.14969,0.71494,0.73159,0.78955,0.58415,0.69533,0.72892,0.77309,0.53316,1.1197,1.73986,1.10927,1.40123,nan,0,0,0.000188383,0.000188383,0.000188383
471,26660,1.47228,2.08165,1.45479,1.60332,0.14882,0.14157,0.15369,0.71702,0.73776,0.78855,0.58541,0.70471,0.72811,0.77266,0.53091,1.1218,1.73828,1.10424,1.4008,nan,0,0,0.000187008,0.000187008,0.000187008
472,26716.4,1.51477,2.13124,1.51942,1.60573,0.14322,0.13604,0.14675,0.73456,0.73412,0.79428,0.58359,0.72763,0.72854,0.78156,0.53551,1.12451,1.7372,1.10944,1.40476,nan,0,0,0.000185634,0.000185634,0.000185634
473,26772.8,1.43581,2.07518,1.45781,1.58168,0.14125,0.13157,0.14156,0.7846,0.71826,0.79665,0.59622,0.77533,0.70915,0.78055,0.54466,1.10921,1.72063,1.09558,1.39683,nan,0,0,0.00018426,0.00018426,0.00018426
474,26829.3,1.43063,2.01792,1.43509,1.59538,0.14259,0.1332,0.14326,0.78928,0.7191,0.79629,0.59777,0.77665,0.7102,0.78132,0.54624,1.09924,1.7136,1.09211,1.3933,nan,0,0,0.000182885,0.000182885,0.000182885
475,26885.9,1.46779,2.12653,1.47297,1.60112,0.14098,0.12887,0.13903,0.71789,0.76379,0.79671,0.59867,0.7021,0.75616,0.783,0.54873,1.09493,1.71613,1.09578,1.39377,nan,0,0,0.000181511,0.000181511,0.000181511
476,26942.5,1.47015,2.0943,1.49574,1.602,0.14104,0.13361,0.14342,0.69627,0.74807,0.79052,0.59055,0.68008,0.75428,0.77871,0.54249,1.09951,1.72119,1.09985,1.39361,nan,0,0,0.000180136,0.000180136,0.000180136
477,26998.9,1.503,2.11281,1.46104,1.61191,0.13964,0.12842,0.14012,0.67222,0.75858,0.78707,0.58256,0.65838,0.75624,0.77463,0.53953,1.10756,1.71931,1.0948,1.39903,nan,0,0,0.000178762,0.000178762,0.000178762
478,27055.3,1.42891,2.08731,1.4466,1.59281,0.14388,0.13468,0.14643,0.68297,0.75844,0.78368,0.57961,0.66545,0.74816,0.7669,0.53655,1.0986,1.71419,1.10097,1.39178,nan,0,0,0.000177387,0.000177387,0.000177387
479,27111.5,1.4582,2.12293,1.47451,1.62452,0.14117,0.13192,0.14083,0.72501,0.71626,0.78274,0.57854,0.68198,0.74081,0.7664,0.53415,1.09048,1.71148,1.09879,1.38845,nan,0,0,0.000176013,0.000176013,0.000176013
480,27167.8,1.41723,2.05762,1.43957,1.59395,0.14369,0.13816,0.14854,0.69908,0.74924,0.78522,0.58118,0.6825,0.76143,0.77153,0.53815,1.09066,1.70355,1.1058,1.38607,nan,0,0,0.000174638,0.000174638,0.000174638
481,27224.3,1.45056,2.1009,1.4608,1.58827,0.14373,0.12964,0.14079,0.67686,0.76457,0.78753,0.58668,0.65574,0.77384,0.77585,0.54416,1.10161,1.71076,1.10707,1.39127,nan,0,0,0.000173264,0.000173264,0.000173264
482,27280.7,1.45286,2.12572,1.44824,1.58969,0.14113,0.1331,0.14321,0.71284,0.74107,0.79462,0.59349,0.70385,0.73578,0.78348,0.54654,1.10896,1.72284,1.09256,1.3926,nan,0,0,0.00017189,0.00017189,0.00017189
483,27337.2,1.48506,2.14721,1.47324,1.59808,0.14152,0.13454,0.143,0.70775,0.77219,0.80034,0.59714,0.70004,0.76731,0.78551,0.54735,1.10596,1.71664,1.08827,1.38989,nan,0,0,0.000170515,0.000170515,0.000170515
484,27393.6,1.45124,2.08481,1.46386,1.58876,0.14327,0.1352,0.14555,0.7153,0.75996,0.79887,0.60098,0.70684,0.75733,0.78563,0.55055,1.0984,1.71045,1.08673,1.38686,nan,0,0,0.000169141,0.000169141,0.000169141
485,27450.2,1.42449,2.115,1.42879,1.57944,0.14387,0.14022,0.15095,0.71318,0.76696,0.79668,0.60253,0.70557,0.76434,0.78576,0.54988,1.09541,1.70952,1.06524,1.38665,nan,0,0,0.000167766,0.000167766,0.000167766
486,27506.8,1.42362,2.05907,1.42512,1.56884,0.13944,0.13152,0.14026,0.71395,0.76059,0.7929,0.59741,0.70766,0.75666,0.78123,0.54452,1.09067,1.71354,1.06693,1.387,nan,0,0,0.000166392,0.000166392,0.000166392
487,27563.2,1.44648,2.10097,1.49795,1.5944,0.1414,0.12942,0.14015,0.70701,0.76158,0.79425,0.588,0.69449,0.76391,0.78224,0.54214,1.10226,1.722,1.0899,1.38989,nan,0,0,0.000165017,0.000165017,0.000165017
488,27619.6,1.54927,2.18102,1.51849,1.57881,0.1396,0.13057,0.13897,0.73341,0.75651,0.80213,0.59078,0.72519,0.75203,0.78935,0.54378,1.11396,1.72913,1.09161,1.3932,nan,0,0,0.000163643,0.000163643,0.000163643
489,27675.8,1.41842,2.0238,1.39823,1.5626,0.14134,0.13277,0.1432,0.7131,0.77016,0.80262,0.59585,0.70732,0.76712,0.79422,0.55121,1.10681,1.72878,1.0672,1.38918,nan,0,0,0.000162268,0.000162268,0.000162268
490,27732.2,1.47774,2.07948,1.45567,1.6074,0.13831,0.1247,0.1351,0.71247,0.77537,0.8046,0.59452,0.70705,0.77165,0.79454,0.55062,1.09931,1.7209,1.06516,1.38778,nan,0,0,0.000160894,0.000160894,0.000160894
491,27788.8,1.49936,2.141,1.46939,1.60315,0.14385,0.14052,0.14904,0.70179,0.77509,0.80718,0.60738,0.69641,0.76897,0.79379,0.55674,1.09472,1.71431,1.07428,1.38805,nan,0,0,0.00015952,0.00015952,0.00015952
492,27845.5,1.4695,2.09728,1.44434,1.59017,0.13657,0.12409,0.13332,0.68924,0.76853,0.80257,0.59398,0.71813,0.73206,0.78805,0.54814,1.0989,1.708,1.07334,1.39016,nan,0,0,0.000158145,0.000158145,0.000158145
493,27901.9,1.47815,2.09332,1.44672,1.57401,0.14181,0.13486,0.14409,0.70955,0.76109,0.80087,0.59863,0.71069,0.75701,0.78963,0.55518,1.08843,1.70089,1.0688,1.38694,nan,0,0,0.000156771,0.000156771,0.000156771
494,27958.3,1.50267,2.13392,1.49498,1.60743,0.1395,0.13043,0.13924,0.70726,0.7691,0.8013,0.59297,0.70868,0.76269,0.79222,0.55225,1.08373,1.69958,1.07268,1.38418,nan,0,0,0.000155396,0.000155396,0.000155396
495,28014.7,1.4766,2.0737,1.42965,1.60761,0.14332,0.13244,0.14282,0.71139,0.76935,0.79992,0.59897,0.70465,0.75465,0.78627,0.54787,1.09092,1.70175,1.08444,1.39017,nan,0,0,0.000154022,0.000154022,0.000154022
496,28071.1,1.45534,2.10316,1.45383,1.60169,0.14156,0.13592,0.14612,0.72352,0.75592,0.80064,0.59895,0.72065,0.74603,0.78752,0.54954,1.09561,1.70369,1.08668,1.39229,nan,0,0,0.000152647,0.000152647,0.000152647
497,28127.5,1.39636,2.02904,1.40538,1.57587,0.14236,0.13438,0.14437,0.71821,0.76086,0.80214,0.60183,0.71069,0.75411,0.79193,0.55163,1.08519,1.69628,1.07489,1.38792,nan,0,0,0.000151273,0.000151273,0.000151273
498,28184,1.46802,2.12887,1.44169,1.5829,0.13945,0.13173,0.14131,0.73856,0.74095,0.80731,0.60901,0.73925,0.72803,0.79797,0.55897,1.08326,1.69229,1.0546,1.3848,nan,0,0,0.000149898,0.000149898,0.000149898
499,28240.6,1.50633,2.18406,1.51243,1.61783,0.13934,0.1258,0.13716,0.75847,0.71842,0.80328,0.6117,0.75697,0.71274,0.79469,0.55401,1.08335,1.692,1.07145,1.38127,nan,0,0,0.000148524,0.000148524,0.000148524
500,28297,1.42072,2.02746,1.43377,1.57439,0.14301,0.12976,0.14116,0.75284,0.73193,0.80468,0.61033,0.75106,0.7201,0.79448,0.55076,1.09383,1.69615,1.07594,1.38586,nan,0,0,0.000147149,0.000147149,0.000147149
501,28353.4,1.3842,1.97745,1.38715,1.55567,0.13747,0.12814,0.13686,0.7763,0.71695,0.80313,0.60873,0.77166,0.71304,0.79446,0.55162,1.08982,1.69364,1.06337,1.38362,nan,0,0,0.000145775,0.000145775,0.000145775
502,28409.9,1.51689,2.10736,1.50579,1.61687,0.14328,0.13337,0.14397,0.76316,0.73595,0.80571,0.60824,0.75929,0.73127,0.7963,0.55521,1.09283,1.69447,1.06471,1.38438,nan,0,0,0.000144401,0.000144401,0.000144401
503,28466.2,1.46292,2.09862,1.45945,1.57869,0.14666,0.13618,0.14912,0.73392,0.7752,0.80617,0.60311,0.7253,0.7695,0.79462,0.55307,1.09243,1.69415,1.06938,1.38652,nan,0,0,0.000143026,0.000143026,0.000143026
504,28522.8,1.4937,2.09516,1.52651,1.59128,0.14073,0.13193,0.14414,0.75176,0.76075,0.80645,0.6025,0.75372,0.7435,0.79481,0.55256,1.09341,1.69433,1.07447,1.38625,nan,0,0,0.000141652,0.000141652,0.000141652
505,28579.2,1.40841,1.97834,1.3791,1.5485,0.14053,0.12738,0.13652,0.74018,0.76804,0.80352,0.60316,0.75237,0.73056,0.7898,0.54776,1.09104,1.68961,1.07104,1.38472,nan,0,0,0.000140277,0.000140277,0.000140277
506,28635.7,1.4381,2.01922,1.42516,1.59246,0.14254,0.13348,0.14395,0.75576,0.75374,0.80324,0.60208,0.74877,0.74766,0.78691,0.53937,1.09373,1.69046,1.05722,1.38552,nan,0,0,0.000138903,0.000138903,0.000138903
507,28691.9,1.37835,2.02237,1.40401,1.56475,0.13818,0.12009,0.12944,0.8027,0.70928,0.80122,0.60113,0.79802,0.70695,0.78925,0.54483,1.09322,1.69131,1.0516,1.38643,nan,0,0,0.000137528,0.000137528,0.000137528
508,28748.3,1.46181,2.09912,1.45162,1.58664,0.14341,0.137,0.14729,0.77482,0.73874,0.79652,0.59993,0.76453,0.72943,0.78323,0.54344,1.09229,1.68711,1.05257,1.38639,nan,0,0,0.000136154,0.000136154,0.000136154
509,28804.6,1.42357,2.08591,1.39767,1.54759,0.1437,0.13694,0.14582,0.76004,0.73836,0.79333,0.58906,0.75056,0.72989,0.78118,0.53888,1.09174,1.68636,1.06006,1.38434,nan,0,0,0.000134779,0.000134779,0.000134779
510,28861,1.42387,2.05565,1.40589,1.55889,0.13991,0.13005,0.13901,0.7287,0.77174,0.80882,0.60651,0.72096,0.76372,0.79623,0.55665,1.08308,1.68157,1.05818,1.37599,nan,0,0,0.000133405,0.000133405,0.000133405
511,28917.3,1.45077,2.05909,1.51688,1.59485,0.14411,0.13283,0.14348,0.77609,0.73064,0.809,0.6128,0.76734,0.72369,0.79506,0.56046,1.07383,1.67867,1.04679,1.37241,nan,0,0,0.000132031,0.000132031,0.000132031
512,28973.8,1.38678,1.96838,1.39611,1.6007,0.14108,0.12966,0.14059,0.76622,0.74682,0.80713,0.61772,0.75696,0.74246,0.79472,0.56286,1.06575,1.66846,1.04331,1.36705,nan,0,0,0.000130656,0.000130656,0.000130656
513,29030.4,1.42897,2.0235,1.4044,1.58101,0.14559,0.13659,0.14766,0.75096,0.75,0.81075,0.61266,0.73531,0.7489,0.8007,0.56442,1.06427,1.67064,1.04645,1.36645,nan,0,0,0.000129282,0.000129282,0.000129282
514,29086.8,1.43352,2.13316,1.43903,1.5616,0.13844,0.12668,0.13637,0.7519,0.7518,0.8101,0.61201,0.76594,0.71659,0.79745,0.56204,1.07108,1.67632,1.06015,1.36782,nan,0,0,0.000127907,0.000127907,0.000127907
515,29143.2,1.41661,2.07062,1.37671,1.53419,0.13984,0.12532,0.13487,0.77068,0.74949,0.81014,0.61165,0.76008,0.74475,0.79553,0.55861,1.0727,1.68087,1.05524,1.36826,nan,0,0,0.000126533,0.000126533,0.000126533
516,29199.7,1.45129,2.04029,1.44682,1.58233,0.13938,0.13598,0.14642,0.78086,0.74559,0.81118,0.61106,0.77064,0.74138,0.79616,0.55998,1.06972,1.67812,1.04199,1.36575,nan,0,0,0.000125158,0.000125158,0.000125158
517,29256.1,1.36621,1.98656,1.43453,1.56502,0.14001,0.12927,0.14027,0.71906,0.78226,0.81127,0.61937,0.71194,0.77719,0.79653,0.56516,1.07188,1.67468,1.04296,1.36687,nan,0,0,0.000123784,0.000123784,0.000123784
518,29312.8,1.39365,1.95866,1.4148,1.57453,0.14098,0.13244,0.14401,0.78178,0.71498,0.80746,0.61796,0.72191,0.75802,0.79192,0.55955,1.07529,1.68108,1.05362,1.36923,nan,0,0,0.000122409,0.000122409,0.000122409
519,29369.3,1.40752,2.01165,1.39027,1.54874,0.1383,0.12946,0.13988,0.80787,0.70819,0.8095,0.61778,0.77053,0.71696,0.79568,0.56744,1.06325,1.68156,1.0444,1.36551,nan,0,0,0.000121035,0.000121035,0.000121035
520,29426,1.41522,2.05917,1.42024,1.55898,0.14016,0.13093,0.14098,0.79609,0.70823,0.80792,0.61883,0.74293,0.73202,0.79603,0.57031,1.06835,1.68207,1.03272,1.36765,nan,0,0,0.00011966,0.00011966,0.00011966
521,29482.5,1.4019,2.00783,1.39991,1.56233,0.14344,0.13582,0.14394,0.77539,0.73264,0.81115,0.61676,0.77049,0.72808,0.79523,0.56046,1.06979,1.67888,1.03437,1.36936,nan,0,0,0.000118286,0.000118286,0.000118286
522,29538.9,1.38449,1.98272,1.38841,1.56691,0.13909,0.12613,0.13507,0.75623,0.75209,0.80847,0.61599,0.75454,0.74551,0.79577,0.56021,1.06907,1.67879,1.05119,1.36743,nan,0,0,0.000116912,0.000116912,0.000116912
523,29595.4,1.47188,2.07363,1.47854,1.61142,0.138,0.1304,0.1402,0.75164,0.75363,0.80577,0.61623,0.74833,0.75001,0.79927,0.56512,1.06755,1.68561,1.05031,1.36352,nan,0,0,0.000115537,0.000115537,0.000115537
524,29651.8,1.4552,2.04622,1.44498,1.57451,0.1443,0.13813,0.14955,0.78609,0.72417,0.80697,0.6138,0.75466,0.73857,0.79513,0.56787,1.06027,1.69224,1.04325,1.35893,nan,0,0,0.000114163,0.000114163,0.000114163
525,29708.2,1.39021,2.03355,1.38824,1.56594,0.13712,0.12793,0.13636,0.80303,0.71629,0.80798,0.61511,0.77605,0.72844,0.796,0.5597,1.05535,1.68439,1.04092,1.35725,nan,0,0,0.000112788,0.000112788,0.000112788
526,29764.6,1.39283,2.10777,1.3837,1.55688,0.13938,0.13544,0.1449,0.79566,0.72808,0.80998,0.62082,0.79294,0.72651,0.79891,0.56627,1.0562,1.67052,1.03853,1.35756,nan,0,0,0.000111414,0.000111414,0.000111414
527,29821,1.41278,2.04569,1.35118,1.55535,0.14034,0.13049,0.13969,0.78055,0.74622,0.8129,0.6254,0.77648,0.74168,0.80159,0.57222,1.05456,1.66703,1.03192,1.35507,nan,0,0,0.000110039,0.000110039,0.000110039
528,29877.8,1.42952,2.01425,1.45608,1.60607,0.14519,0.13563,0.146,0.75297,0.76949,0.81269,0.62338,0.74941,0.75694,0.80106,0.56793,1.05385,1.6683,1.02725,1.35445,nan,0,0,0.000108665,0.000108665,0.000108665
529,29934.2,1.36928,2.00368,1.41652,1.57312,0.14245,0.13327,0.14254,0.79455,0.73711,0.81445,0.63,0.79042,0.73414,0.80318,0.56503,1.05682,1.67098,1.02427,1.35573,nan,0,0,0.00010729,0.00010729,0.00010729
530,29990.5,1.43212,2.03794,1.42227,1.55854,0.13961,0.13365,0.14381,0.77685,0.72279,0.81201,0.62735,0.77258,0.7191,0.80028,0.56186,1.05812,1.67198,1.02867,1.35723,nan,0,0,0.000105916,0.000105916,0.000105916
531,30046.9,1.38512,1.98328,1.39347,1.54911,0.14095,0.1315,0.14404,0.77292,0.72437,0.81112,0.62665,0.77118,0.72169,0.79869,0.55788,1.05068,1.66907,1.03252,1.3547,nan,0,0,0.000104542,0.000104542,0.000104542
532,30103.2,1.37009,1.90451,1.39729,1.59881,0.14295,0.1401,0.15058,0.77797,0.72171,0.80837,0.61968,0.74916,0.73,0.79733,0.55964,1.05375,1.67125,1.04033,1.35468,nan,0,0,0.000103167,0.000103167,0.000103167
533,30159.6,1.3925,2.01574,1.36948,1.55658,0.13895,0.12444,0.13292,0.76072,0.73768,0.81026,0.61854,0.75483,0.73764,0.8003,0.55838,1.04769,1.66776,1.04285,1.35225,nan,0,0,0.000101793,0.000101793,0.000101793
534,30216,1.40721,2.05875,1.40327,1.55763,0.13608,0.12919,0.13807,0.77348,0.72746,0.80801,0.61559,0.76075,0.72649,0.79661,0.55499,1.04623,1.66147,1.03877,1.35342,nan,0,0,0.000100418,0.000100418,0.000100418
535,30272.4,1.44459,2.11739,1.4372,1.57902,0.13392,0.12508,0.13378,0.7436,0.76024,0.80961,0.61856,0.73812,0.75796,0.79646,0.55682,1.05376,1.66028,1.03879,1.35622,nan,0,0,9.90437e-05,9.90437e-05,9.90437e-05
536,30328.7,1.42079,2.02106,1.40499,1.57016,0.13937,0.13177,0.14174,0.74407,0.76004,0.80916,0.62481,0.73855,0.75665,0.79763,0.55815,1.05297,1.66056,1.03443,1.3543,nan,0,0,9.76692e-05,9.76692e-05,9.76692e-05
537,30385.1,1.38709,2.00407,1.40934,1.56609,0.13773,0.13202,0.14191,0.75571,0.7567,0.81244,0.63202,0.75109,0.75378,0.79633,0.56096,1.0463,1.65468,1.03213,1.35166,nan,0,0,9.62948e-05,9.62948e-05,9.62948e-05
538,30441.5,1.37073,2.0059,1.33887,1.5615,0.13952,0.13144,0.14056,0.74686,0.75911,0.80801,0.63596,0.74986,0.74873,0.7988,0.56645,1.05088,1.65565,1.03229,1.35313,nan,0,0,9.49203e-05,9.49203e-05,9.49203e-05
539,30498.4,1.39216,1.99155,1.40281,1.55287,0.13909,0.13012,0.1409,0.74659,0.75518,0.80657,0.6221,0.74221,0.75228,0.79659,0.5584,1.05506,1.65936,1.03326,1.35487,nan,0,0,9.35459e-05,9.35459e-05,9.35459e-05
540,30554.8,1.37752,1.9284,1.34015,1.54137,0.14166,0.13147,0.14128,0.74552,0.77213,0.80713,0.62242,0.74273,0.7647,0.79618,0.55473,1.05691,1.65491,1.02805,1.35613,nan,0,0,9.21715e-05,9.21715e-05,9.21715e-05
541,30611.3,1.42775,2.0391,1.42529,1.56968,0.14141,0.13563,0.14557,0.79281,0.73561,0.80775,0.62709,0.78996,0.731,0.79778,0.55848,1.04931,1.65345,1.0288,1.35337,nan,0,0,9.0797e-05,9.0797e-05,9.0797e-05
542,30667.6,1.37854,1.97557,1.37785,1.57311,0.13637,0.13002,0.13922,0.76528,0.74724,0.80814,0.61932,0.75817,0.74258,0.79796,0.55851,1.0445,1.65732,1.03079,1.35174,nan,0,0,8.94226e-05,8.94226e-05,8.94226e-05
543,30724.1,1.41871,1.98984,1.38925,1.52988,0.14131,0.13152,0.14238,0.7624,0.74886,0.80957,0.62543,0.76308,0.74074,0.79978,0.56514,1.04022,1.65888,1.0267,1.34917,nan,0,0,8.80481e-05,8.80481e-05,8.80481e-05
544,30780.5,1.4004,2.02146,1.40583,1.58223,0.14057,0.13211,0.14224,0.75166,0.75804,0.81211,0.62879,0.74613,0.74802,0.80111,0.56154,1.04019,1.6605,1.02691,1.34685,nan,0,0,8.66736e-05,8.66736e-05,8.66736e-05
545,30837,1.38867,2.0248,1.38336,1.52443,0.13976,0.13491,0.14617,0.73812,0.76312,0.81169,0.62321,0.79224,0.71406,0.80167,0.5629,1.04372,1.66292,1.0232,1.34653,nan,0,0,8.52992e-05,8.52992e-05,8.52992e-05
546,30893.4,1.39011,1.99798,1.3987,1.55099,0.13709,0.13423,0.14395,0.75589,0.76724,0.81211,0.63043,0.75814,0.7566,0.80155,0.56212,1.04394,1.66614,1.02058,1.34737,nan,0,0,8.39248e-05,8.39248e-05,8.39248e-05
547,30949.8,1.41087,1.99306,1.39471,1.55661,0.14328,0.1398,0.1495,0.76224,0.76086,0.81038,0.62985,0.75738,0.75126,0.80084,0.56381,1.04486,1.66767,1.03099,1.34915,nan,0,0,8.25503e-05,8.25503e-05,8.25503e-05
548,31006.3,1.41033,2.02964,1.35899,1.56002,0.13754,0.13087,0.14047,0.78199,0.75291,0.81133,0.6299,0.77617,0.74595,0.80243,0.56475,1.03876,1.66514,1.03217,1.34804,nan,0,0,8.11759e-05,8.11759e-05,8.11759e-05
549,31062.7,1.35722,1.98166,1.35657,1.55381,0.13908,0.13245,0.14234,0.7729,0.7618,0.81237,0.62896,0.78078,0.75108,0.80134,0.56367,1.03344,1.65691,1.02894,1.34464,nan,0,0,7.98014e-05,7.98014e-05,7.98014e-05
550,31119.1,1.35983,1.97368,1.34392,1.52844,0.13682,0.12867,0.13866,0.76136,0.7668,0.81279,0.62444,0.75394,0.76071,0.8019,0.5658,1.0364,1.65211,1.031,1.34605,nan,0,0,7.84269e-05,7.84269e-05,7.84269e-05
551,31175.5,1.43657,2.03687,1.40233,1.55683,0.13915,0.13688,0.14704,0.78347,0.74972,0.81435,0.62171,0.78543,0.74323,0.80497,0.56803,1.03744,1.65128,1.02699,1.34901,nan,0,0,7.70525e-05,7.70525e-05,7.70525e-05
552,31231.8,1.35243,1.98573,1.37712,1.5541,0.1345,0.12654,0.13628,0.76893,0.7631,0.81442,0.61829,0.76339,0.75898,0.806,0.57031,1.03331,1.64447,1.02666,1.34495,nan,0,0,7.5678e-05,7.5678e-05,7.5678e-05
553,31288.3,1.39234,1.98488,1.4303,1.55702,0.14275,0.14104,0.15201,0.7738,0.74962,0.8151,0.62037,0.7682,0.74556,0.80536,0.5699,1.03193,1.64031,1.02716,1.34318,nan,0,0,7.43036e-05,7.43036e-05,7.43036e-05
554,31344.6,1.42671,2.03645,1.42377,1.58113,0.13589,0.13276,0.1409,0.7688,0.74416,0.81321,0.62811,0.73169,0.77493,0.79816,0.57126,1.03136,1.64082,1.02604,1.34173,nan,0,0,7.29292e-05,7.29292e-05,7.29292e-05
555,31401.1,1.45852,2.08119,1.42779,1.56581,0.13329,0.12742,0.13664,0.76417,0.74519,0.80947,0.62776,0.75781,0.74085,0.79808,0.56666,1.03309,1.63847,1.02149,1.34072,nan,0,0,7.15547e-05,7.15547e-05,7.15547e-05
556,31457.5,1.38509,2.0254,1.39722,1.55839,0.13941,0.1327,0.14339,0.73582,0.75943,0.80774,0.6208,0.74782,0.73915,0.79394,0.5664,1.02516,1.63822,1.01878,1.33733,nan,0,0,7.01802e-05,7.01802e-05,7.01802e-05
557,31513.9,1.35953,1.94061,1.34037,1.52379,0.13612,0.12942,0.13839,0.72405,0.78144,0.81317,0.62894,0.72156,0.77484,0.80213,0.56845,1.02089,1.64043,1.01584,1.33604,nan,0,0,6.88058e-05,6.88058e-05,6.88058e-05
558,31570.4,1.37385,1.94821,1.3544,1.51662,0.1347,0.12442,0.13293,0.72178,0.77647,0.81517,0.62764,0.7292,0.7649,0.80537,0.56999,1.02453,1.63941,1.01301,1.33746,nan,0,0,6.74313e-05,6.74313e-05,6.74313e-05
559,31626.7,1.36395,2.01229,1.39317,1.54221,0.14078,0.13744,0.14715,0.80894,0.71948,0.81642,0.63258,0.80975,0.71414,0.80707,0.57163,1.02577,1.63589,1.01215,1.33749,nan,0,0,6.60569e-05,6.60569e-05,6.60569e-05
560,31683.4,1.35071,1.88462,1.32534,1.53037,0.13747,0.13467,0.14385,0.8124,0.71471,0.8188,0.63322,0.81066,0.71317,0.80977,0.56614,1.02738,1.62916,1.01933,1.33861,nan,0,0,6.46825e-05,6.46825e-05,6.46825e-05
561,31739.9,1.30419,1.94732,1.28986,1.50771,0.13869,0.13478,0.14394,0.82262,0.71381,0.81973,0.63249,0.81826,0.71164,0.80959,0.56567,1.02391,1.62094,1.02012,1.33872,nan,0,0,6.3308e-05,6.3308e-05,6.3308e-05
562,31796.2,1.39441,1.96396,1.38282,1.54529,0.1393,0.12955,0.14048,0.80711,0.7147,0.81983,0.63613,0.80276,0.71255,0.81159,0.56953,1.02673,1.62218,1.01557,1.33969,nan,0,0,6.19335e-05,6.19335e-05,6.19335e-05
563,31852.7,1.37226,2.00198,1.35469,1.54998,0.13717,0.1236,0.13311,0.74186,0.76977,0.81688,0.63425,0.73604,0.76757,0.80812,0.56543,1.02592,1.6246,1.00982,1.33763,nan,0,0,6.05591e-05,6.05591e-05,6.05591e-05
564,31908.9,1.38581,1.98352,1.37113,1.53192,0.1415,0.13648,0.14584,0.75831,0.76445,0.82058,0.63648,0.75095,0.75958,0.81228,0.57517,1.02453,1.6239,1.00485,1.33772,nan,0,0,5.91846e-05,5.91846e-05,5.91846e-05
565,31965.5,1.38126,2.01231,1.36642,1.54206,0.14012,0.13164,0.14096,0.76532,0.76224,0.82193,0.62726,0.76194,0.76693,0.81207,0.57156,1.02439,1.62343,1.00889,1.33746,nan,0,0,5.78102e-05,5.78102e-05,5.78102e-05
566,32021.8,1.40981,2.03736,1.37768,1.54707,0.13624,0.13092,0.13953,0.75316,0.78053,0.82187,0.62765,0.74846,0.77696,0.8117,0.57168,1.02737,1.62064,1.0109,1.33779,nan,0,0,5.64358e-05,5.64358e-05,5.64358e-05
567,32078.2,1.3765,1.94799,1.38842,1.5385,0.13413,0.12546,0.13638,0.78254,0.74758,0.81902,0.63206,0.77048,0.75185,0.80863,0.57118,1.02992,1.61963,1.01761,1.33947,nan,0,0,5.50613e-05,5.50613e-05,5.50613e-05
568,32134.6,1.39935,2.02878,1.32756,1.5372,0.13852,0.13513,0.14346,0.75891,0.76659,0.81749,0.63173,0.75183,0.76549,0.80619,0.56751,1.02881,1.62214,1.00884,1.33993,nan,0,0,5.36869e-05,5.36869e-05,5.36869e-05
569,32190.9,1.39242,1.98057,1.37459,1.54264,0.13291,0.12698,0.13559,0.83065,0.70921,0.8203,0.62743,0.82815,0.70562,0.80985,0.57008,1.02528,1.62223,1.003,1.3388,nan,0,0,5.23124e-05,5.23124e-05,5.23124e-05
570,32247.2,1.34119,1.98587,1.35007,1.53013,0.13517,0.12569,0.13562,0.783,0.74423,0.81988,0.63603,0.76687,0.74498,0.80995,0.57356,1.02278,1.6269,1.00005,1.33827,nan,0,0,5.09379e-05,5.09379e-05,5.09379e-05
571,32303.5,1.3617,1.97033,1.33382,1.55563,0.13618,0.12975,0.13871,0.80771,0.73104,0.82007,0.63278,0.80267,0.72689,0.81094,0.57294,1.02369,1.62746,1.00173,1.33803,nan,0,0,4.95635e-05,4.95635e-05,4.95635e-05
572,32359.9,1.38222,1.98337,1.34867,1.52486,0.13686,0.12889,0.13868,0.80602,0.73294,0.82005,0.63968,0.81134,0.72544,0.8117,0.57035,1.02346,1.62599,1.00695,1.33792,nan,0,0,4.81891e-05,4.81891e-05,4.81891e-05
573,32416.2,1.3656,1.95015,1.34158,1.51749,0.13187,0.12578,0.13504,0.75643,0.76644,0.81797,0.63792,0.74867,0.76605,0.80501,0.56901,1.0286,1.62535,1.01934,1.34046,nan,0,0,4.68146e-05,4.68146e-05,4.68146e-05
574,32472.7,1.40388,2.02058,1.4225,1.57762,0.13845,0.12878,0.13976,0.7571,0.7714,0.81682,0.63345,0.75253,0.76828,0.80799,0.57192,1.03118,1.62436,1.02629,1.34067,nan,0,0,4.54402e-05,4.54402e-05,4.54402e-05
575,32529.2,1.40687,2.02946,1.37614,1.51897,0.13509,0.12669,0.13643,0.76316,0.76556,0.81689,0.63561,0.75011,0.76117,0.80573,0.57641,1.0238,1.62295,1.02141,1.33593,nan,0,0,4.40657e-05,4.40657e-05,4.40657e-05
576,32585.9,1.33738,1.9539,1.39215,1.54639,0.13827,0.13468,0.1446,0.75694,0.75857,0.81607,0.63837,0.75142,0.75499,0.80472,0.57426,1.0151,1.61851,1.01135,1.33307,nan,0,0,4.26912e-05,4.26912e-05,4.26912e-05
577,32642.9,1.40144,2.02087,1.34543,1.52168,0.13619,0.13097,0.13999,0.79141,0.73379,0.8164,0.63564,0.7765,0.7397,0.80439,0.57567,1.01477,1.62169,1.00225,1.33263,nan,0,0,4.13168e-05,4.13168e-05,4.13168e-05
578,32699.4,1.42524,2.01028,1.39267,1.5358,0.13825,0.13032,0.13883,0.8006,0.72672,0.81435,0.63563,0.7976,0.7224,0.80402,0.57046,1.01557,1.62409,0.99943,1.33185,nan,0,0,3.99423e-05,3.99423e-05,3.99423e-05
579,32755.8,1.31039,1.88701,1.36799,1.53818,0.13591,0.12533,0.1336,0.80841,0.73147,0.81536,0.63724,0.80273,0.72714,0.80562,0.57102,1.01947,1.62514,1.00348,1.33193,nan,0,0,3.85679e-05,3.85679e-05,3.85679e-05
580,32812.3,1.43349,2.0388,1.36079,1.5482,0.13574,0.12897,0.13857,0.81382,0.72768,0.81783,0.63505,0.80883,0.72269,0.80694,0.57238,1.02361,1.62192,1.00355,1.33308,nan,0,0,3.71935e-05,3.71935e-05,3.71935e-05
581,32869,1.39375,2.01351,1.38059,1.55665,0.14047,0.13508,0.14505,0.81802,0.7303,0.81845,0.63183,0.80863,0.72472,0.80784,0.57168,1.02547,1.62061,1.00272,1.3359,nan,0,0,3.5819e-05,3.5819e-05,3.5819e-05
582,32925.5,1.38213,1.95958,1.34194,1.53867,0.13436,0.12798,0.13609,0.81586,0.73304,0.81669,0.62726,0.81154,0.72562,0.8067,0.57117,1.02183,1.61797,1.00114,1.3339,nan,0,0,3.44445e-05,3.44445e-05,3.44445e-05
583,32982.1,1.40714,2.0149,1.35513,1.57624,0.13507,0.12923,0.13946,0.81495,0.72928,0.8172,0.629,0.80922,0.7252,0.80662,0.57292,1.01749,1.61438,0.99877,1.3317,nan,0,0,3.30701e-05,3.30701e-05,3.30701e-05
584,33038.6,1.37009,1.95051,1.32353,1.52261,0.13255,0.12677,0.13609,0.81703,0.72741,0.81715,0.63158,0.81328,0.72263,0.80804,0.57276,1.01913,1.61491,1.0008,1.33111,nan,0,0,3.16956e-05,3.16956e-05,3.16956e-05
585,33095.1,1.40928,1.96979,1.36995,1.55607,0.13729,0.13194,0.14317,0.81217,0.72989,0.81703,0.63295,0.81049,0.72263,0.80705,0.57154,1.01928,1.6142,0.99783,1.33068,nan,0,0,3.03212e-05,3.03212e-05,3.03212e-05
586,33151.7,1.37105,2.01099,1.36776,1.53108,0.13771,0.13043,0.13899,0.8123,0.73118,0.81623,0.63373,0.808,0.72725,0.80605,0.57313,1.01946,1.61578,0.99808,1.32998,nan,0,0,2.89468e-05,2.89468e-05,2.89468e-05
587,33208.2,1.38676,1.96158,1.37255,1.53091,0.13771,0.13377,0.14307,0.82318,0.73854,0.81776,0.63488,0.81747,0.73401,0.80708,0.57376,1.01934,1.6145,0.99783,1.33029,nan,0,0,2.75723e-05,2.75723e-05,2.75723e-05
588,33264.6,1.3449,1.98418,1.36951,1.53929,0.13368,0.12571,0.1351,0.80565,0.73748,0.81635,0.63404,0.81932,0.72826,0.80594,0.57165,1.01277,1.61052,1.00041,1.32784,nan,0,0,2.61978e-05,2.61978e-05,2.61978e-05
589,33321.1,1.41137,1.97616,1.39789,1.57226,0.13119,0.12194,0.13212,0.79222,0.74002,0.81838,0.63164,0.80317,0.73098,0.8071,0.57214,1.01307,1.60947,1.00187,1.32543,nan,0,0,2.48234e-05,2.48234e-05,2.48234e-05
590,33377.5,1.40855,2.01852,1.39028,1.53501,0.136,0.13087,0.1404,0.81893,0.73126,0.81939,0.6418,0.81486,0.72595,0.80836,0.57731,1.01157,1.60894,1.00293,1.32602,nan,0,0,2.34489e-05,2.34489e-05,2.34489e-05
591,33435.2,1.33657,1.90434,1.30111,1.5254,0.12319,0.08435,0.09378,0.80497,0.7337,0.81832,0.63759,0.7973,0.73086,0.80764,0.57231,1.035,1.62845,1.02977,1.33521,nan,0,0,2.20745e-05,2.20745e-05,2.20745e-05
592,33491.7,1.3507,1.90929,1.28701,1.56739,0.12442,0.08665,0.09574,0.78942,0.73525,0.81313,0.62112,0.78428,0.7321,0.80259,0.56094,1.0845,1.66795,1.06613,1.35997,nan,0,0,2.07001e-05,2.07001e-05,2.07001e-05
593,33548.2,1.36123,1.90257,1.30317,1.54252,0.12317,0.08387,0.09374,0.76682,0.74489,0.80906,0.61344,0.76489,0.73913,0.79897,0.55936,1.1024,1.69071,1.07096,1.37201,nan,0,0,1.93256e-05,1.93256e-05,1.93256e-05
594,33604.5,1.33336,1.905,1.29428,1.56241,0.12376,0.08627,0.09374,0.7836,0.71141,0.80523,0.61186,0.77783,0.70176,0.79556,0.55055,1.10507,1.70005,1.06504,1.37467,nan,0,0,1.79512e-05,1.79512e-05,1.79512e-05
595,33661,1.31828,1.8846,1.28341,1.54707,0.1234,0.08447,0.09361,0.74013,0.74263,0.80449,0.60926,0.74301,0.73928,0.79454,0.55095,1.09557,1.69816,1.05509,1.37129,nan,0,0,1.65767e-05,1.65767e-05,1.65767e-05
596,33717.5,1.30524,1.87067,1.2072,1.52429,0.12458,0.08485,0.09369,0.74802,0.74617,0.80469,0.6168,0.7445,0.744,0.79481,0.55619,1.08413,1.69043,1.04294,1.36387,nan,0,0,1.52022e-05,1.52022e-05,1.52022e-05
597,33774,1.29509,1.88473,1.22333,1.51935,0.12218,0.08385,0.09263,0.74542,0.75765,0.80594,0.61984,0.74196,0.75547,0.79553,0.55733,1.07909,1.68973,1.03562,1.36252,nan,0,0,1.38278e-05,1.38278e-05,1.38278e-05
598,33830.6,1.27227,1.86766,1.22653,1.5217,0.12228,0.08429,0.09218,0.74402,0.74998,0.8066,0.621,0.74052,0.74781,0.79609,0.5574,1.07089,1.68724,1.02828,1.35842,nan,0,0,1.24534e-05,1.24534e-05,1.24534e-05
599,33887.1,1.31866,1.89584,1.2254,1.51898,0.12326,0.08332,0.0922,0.72546,0.76159,0.80458,0.62196,0.73041,0.75676,0.79354,0.55704,1.0685,1.68434,1.02676,1.35718,nan,0,0,1.10789e-05,1.10789e-05,1.10789e-05
600,33943.7,1.28376,1.86233,1.23725,1.50251,0.12208,0.08332,0.092,0.73,0.76962,0.80566,0.62273,0.72727,0.76783,0.79492,0.55734,1.07133,1.68545,1.02483,1.35835,nan,0,0,9.70445e-06,9.70445e-06,9.70445e-06
