epoch,time,train/box_loss,train/seg_loss,train/cls_loss,train/dfl_loss,train/sem_loss,train/heat_loss,train/seed_loss,metrics/precision(B),metrics/recall(B),metrics/mAP50(B),metrics/mAP50-95(B),metrics/precision(M),metrics/recall(M),metrics/mAP50(M),metrics/mAP50-95(M),val/box_loss,val/seg_loss,val/cls_loss,val/dfl_loss,val/sem_loss,val/heat_loss,val/seed_loss,lr/pg0,lr/pg1,lr/pg2
1,21.7343,3.96493,6.50006,5.16296,4.21735,0.83952,0.8403,0.85027,0.00023,0.10632,7e-05,3e-05,0.00033,0.11384,0.00011,3e-05,3.85038,5.18667,4.28168,4.15635,0,0,0,0.00012495,0.00012495,0.00012495
2,37.1984,3.92968,5.17649,5.00428,4.19469,0.83238,0.83287,0.84494,0.0002,0.10632,5e-05,2e-05,0.00029,0.11474,7e-05,2e-05,3.84959,5.09762,4.23842,4.148,0,0,0,0.000257804,0.000257804,0.000257804
3,52.7738,3.91281,4.66267,4.9291,4.15871,0.82371,0.82407,0.83642,0.00019,0.01452,5e-05,1e-05,0.00031,0.02221,3e-05,1e-05,3.84585,4.79543,4.17476,4.12334,0,0,0,0.000390218,0.000390218,0.000390218
4,68.2779,3.88057,3.65782,4.79366,4.11234,0.80991,0.81024,0.82299,0.00023,0.0618,0.00015,3e-05,0.00027,0.08184,9e-05,2e-05,3.82847,3.80971,4.20841,4.05863,0,0,0,0.000522192,0.000522192,0.000522192
5,84.3431,3.98003,3.14292,4.76137,4.0747,0.7983,0.79879,0.81101,9e-05,0.01104,0.00021,5e-05,9e-05,0.01104,1e-05,0,3.86969,3.11395,3.86496,3.97643,0,0,0,0.000653727,0.000653727,0.000653727
6,99.9009,3.94558,3.04512,4.69074,4.0224,0.78496,0.78523,0.79696,0.00016,0.03521,9e-05,2e-05,4e-05,0.01566,1e-05,0,3.89875,5.06433,4.8275,4.17942,0,0,0,0.000784821,0.000784821,0.000784821
7,115.696,3.92129,3.00735,4.54714,3.98456,0.77184,0.7721,0.78397,0.00015,0.0124,5e-05,1e-05,0,0,0,0,3.81093,11.7143,4.52324,3.97557,0,0,0,0.000824753,0.000824753,0.000824753
8,131.317,3.8014,3.05494,4.573,3.88051,0.75831,0.75777,0.76947,0.00016,0.03106,7e-05,2e-05,1e-05,0.00083,0,0,3.88591,8.11609,4.11198,4.60011,0,0,0,0.000823379,0.000823379,0.000823379
9,146.703,3.77399,2.9584,4.49416,3.82936,0.74455,0.74482,0.75768,0.00037,0.03887,9e-05,4e-05,0.00037,0.02026,5e-05,1e-05,3.71987,3.83228,4.19739,4.05183,0,0,0,0.000822004,0.000822004,0.000822004
10,162.096,3.63044,2.82352,4.39015,3.74601,0.7288,0.7297,0.74121,0.00059,0.02583,5e-05,1e-05,0.00047,0.02015,5e-05,1e-05,3.65426,2.80245,4.22155,3.97879,0,0,0,0.00082063,0.00082063,0.00082063
11,177.444,3.70347,3.0172,4.47795,3.71469,0.71645,0.71736,0.7284,0.37543,0.00479,0.00011,2e-05,0.37528,0.00313,0.00011,3e-05,3.53276,2.56075,4.00056,3.78236,0,0,0,0.000819255,0.000819255,0.000819255
12,192.757,3.59136,2.85707,4.44017,3.64995,0.70302,0.70354,0.71355,0.75051,0.00937,0.0001,2e-05,0.87556,0.00396,8e-05,2e-05,3.4325,2.5813,4.02423,3.55717,0,0,0,0.000817881,0.000817881,0.000817881
13,208.322,3.55955,2.78343,4.35088,3.57547,0.69009,0.69074,0.69962,0.00052,0.02281,0.00015,3e-05,0.12517,0.01896,0.00012,2e-05,3.42426,2.56468,3.94795,3.52472,0,0,0,0.000816507,0.000816507,0.000816507
14,224.145,3.47472,3.02883,4.27556,3.50928,0.67764,0.67765,0.68584,0.37955,0.0025,0.00052,8e-05,0.37938,0.00229,0.00052,7e-05,3.39303,2.66317,3.9515,3.4177,0,0,0,0.000815132,0.000815132,0.000815132
15,239.824,3.48245,2.85231,4.23935,3.46064,0.66532,0.66536,0.67285,0.38305,0.00229,0.00118,0.00018,0.37939,0.00125,0.00062,0.00015,3.38619,2.50592,3.88074,3.36713,0,0,0,0.000813758,0.000813758,0.000813758
16,255.688,3.33583,2.85032,4.32536,3.42373,0.65367,0.65357,0.65979,0.00047,0.05186,0.00095,0.00012,0.00037,0.03641,0.00077,0.0001,3.30714,2.54136,3.88261,3.37837,0,0,0,0.000812383,0.000812383,0.000812383
17,271.437,3.31055,2.81752,4.31514,3.40399,0.64347,0.64256,0.64818,0.37574,0.00562,0.00039,7e-05,0.37595,0.00187,0.00013,2e-05,3.29907,2.55184,5.03216,3.32121,0,0,0,0.000811009,0.000811009,0.000811009
18,286.941,3.29466,2.70993,4.3017,3.41673,0.63428,0.63334,0.63803,0.12685,0.00208,0.00037,7e-05,0.25439,0.00083,0.00031,6e-05,3.33675,2.49079,3.89218,3.33615,0,0,0,0.000809634,0.000809634,0.000809634
19,302.46,3.24282,2.79315,4.30727,3.35301,0.62528,0.62373,0.62844,0.00034,0.04557,0.00024,5e-05,0.25222,0.00208,0.00022,4e-05,3.31523,2.51162,3.89477,3.35782,0,0,0,0.00080826,0.00080826,0.00080826
20,317.864,3.3071,2.76535,4.31638,3.32925,0.61837,0.61534,0.62013,0.12744,0.00208,0.0004,8e-05,0.12675,0.00458,0.0003,5e-05,3.27899,2.52029,3.85631,3.27714,0,0,0,0.000806885,0.000806885,0.000806885
21,333.372,3.23883,2.73733,4.33213,3.33794,0.61032,0.60665,0.61085,0.00063,0.04626,0.00047,9e-05,0.00057,0.03351,0.00017,3e-05,3.29761,2.53966,3.88925,3.27597,0,0,0,0.000805511,0.000805511,0.000805511
22,349.023,3.21032,2.81726,4.29543,3.27077,0.6032,0.5995,0.6038,0.62848,0.00208,0.00125,0.00017,0.00101,0.04323,0.00091,0.00019,3.24619,2.5094,3.75674,3.21961,0,0,0,0.000804137,0.000804137,0.000804137
23,364.782,3.23468,2.80852,4.32018,3.23773,0.59653,0.59188,0.59613,0.6295,0.00167,0.00097,0.00014,0.62848,0.00146,0.00068,9e-05,3.24071,2.5182,4.03809,3.17852,0,0,0,0.000802762,0.000802762,0.000802762
24,380.013,3.17303,2.64037,4.25348,3.24089,0.59135,0.58617,0.58997,0.00072,0.07068,0.00085,0.00016,0.00058,0.04386,0.00062,9e-05,3.19335,2.48081,3.84578,3.22761,0,0,0,0.000801388,0.000801388,0.000801388
25,395.543,3.22331,2.69445,4.17735,3.2209,0.5864,0.58095,0.58486,0.00096,0.05557,0.00079,0.00013,0.00136,0.03618,0.00082,0.00012,3.22149,2.46181,3.89928,3.24489,0,0,0,0.000800013,0.000800013,0.000800013
26,410.843,3.1028,2.76929,4.14627,3.18175,0.58161,0.5764,0.58012,0.00131,0.05161,0.00051,0.00012,0.25082,0.01792,0.00048,0.00011,3.22185,2.46855,3.87099,3.25361,0,0,0,0.000798639,0.000798639,0.000798639
27,426.218,3.15579,2.81971,4.07764,3.13742,0.57819,0.57201,0.57578,0.38386,0.00167,0.00171,0.00036,0.38341,0.00167,0.00088,0.00014,3.20298,2.52241,3.8086,3.17862,0,0,0,0.000797264,0.000797264,0.000797264
28,442.009,3.14274,2.77558,4.05195,3.05195,0.57482,0.56883,0.57245,0.50749,0.00555,0.0018,0.00032,0.50506,0.00819,0.00093,0.00017,3.14604,2.50774,3.73752,3.07267,0,0,0,0.00079589,0.00079589,0.00079589
29,457.419,3.11506,2.90345,4.20248,3.10086,0.57118,0.56401,0.56758,0.37797,0.01152,0.00083,0.00016,0.37714,0.01063,0.00059,0.00012,3.21082,2.45301,3.9059,3.17859,0,0,0,0.000794515,0.000794515,0.000794515
30,472.787,3.07979,2.88423,4.16186,3.08405,0.56803,0.55989,0.5634,0.00099,0.08181,0.00118,0.00024,0.2521,0.03726,0.0007,0.00015,3.12812,2.49023,3.72761,3.11504,0,0,0,0.000793141,0.000793141,0.000793141
31,488.243,3.07748,2.82618,4.14228,3.08379,0.56596,0.55735,0.5613,0.12607,0.05827,0.00082,0.00015,0.12591,0.04764,0.00074,0.00014,3.15293,2.42999,3.83435,3.1492,0,0,0,0.000791767,0.000791767,0.000791767
32,503.488,3.07854,2.64333,4.11775,3.05379,0.5617,0.55355,0.55706,0.64186,0.00932,0.00188,0.00041,0.00447,0.09569,0.00244,0.00035,3.1251,2.37256,3.74231,3.09165,0,0,0,0.000790392,0.000790392,0.000790392
33,519.151,3.0826,2.83442,4.04223,3.0197,0.56086,0.5516,0.55553,0.76299,0.00393,0.0041,0.00073,0.25208,0.11342,0.00304,0.00054,3.10259,2.41083,3.65195,3.05343,0,0,0,0.000789018,0.000789018,0.000789018
34,534.975,3.01584,2.72495,4.03646,3.01672,0.55912,0.54887,0.55298,0.00293,0.21048,0.00836,0.00147,0.00277,0.17828,0.0076,0.00113,3.05457,2.43131,3.59858,3.00417,0,0,0,0.000787643,0.000787643,0.000787643
35,550.581,3.02172,2.7655,4.02642,2.99596,0.55674,0.54666,0.55048,0.38799,0.03283,0.00697,0.00127,0.38406,0.0278,0.0039,0.00068,3.07283,2.40128,3.67062,3.04052,0,0,0,0.000786269,0.000786269,0.000786269
36,565.958,3.01462,2.70126,4.04735,2.99024,0.55402,0.54431,0.54815,0.76566,0.00828,0.00344,0.00063,0.63533,0.02159,0.0025,0.00056,3.10713,2.36326,3.69151,3.00565,0,0,0,0.000784894,0.000784894,0.000784894
37,581.54,3.05126,2.72083,3.96572,2.95463,0.55294,0.54259,0.54652,0.25696,0.01034,0.00188,0.00043,0.26478,0.00851,0.00256,0.00051,3.09728,2.43155,3.78796,2.99496,0,0,0,0.00078352,0.00078352,0.00078352
38,597.13,2.94911,2.59717,3.96103,2.90739,0.55032,0.53966,0.54378,0.25737,0.02537,0.00202,0.00039,0.25676,0.01428,0.00179,0.00033,3.10757,2.52888,4.92399,3.05512,0,0,0,0.000782145,0.000782145,0.000782145
39,612.48,2.92142,2.83134,3.91582,2.93609,0.55068,0.53863,0.54305,0.63595,0.0059,0.00253,0.0005,0.63723,0.00617,0.00206,0.00043,3.00852,2.3951,3.65912,2.96689,0,0,0,0.000780771,0.000780771,0.000780771
40,628.003,2.9017,2.66939,3.88086,2.90578,0.5487,0.537,0.54109,0.64765,0.01166,0.00375,0.00068,0.64688,0.01058,0.00335,0.00062,2.96543,2.42188,3.5981,2.93085,0,0,0,0.000779396,0.000779396,0.000779396
41,643.444,2.96752,2.77551,3.92346,2.8969,0.54702,0.53507,0.53952,0.64626,0.01155,0.00691,0.00136,0.64245,0.00991,0.00535,0.00082,2.95981,2.42499,3.60292,2.92738,0,0,0,0.000778022,0.000778022,0.000778022
42,658.822,2.8725,2.65287,3.92336,2.87296,0.54576,0.53395,0.53815,0.66259,0.01913,0.00883,0.00188,0.64343,0.01023,0.00503,0.00107,2.94227,2.3756,3.59827,2.90213,0,0,0,0.000776648,0.000776648,0.000776648
43,674.383,2.89185,2.73521,3.93411,2.87273,0.54528,0.53275,0.53714,0.01274,0.27695,0.0151,0.00339,0.50789,0.03667,0.00768,0.00167,2.96992,2.37783,3.48887,2.9084,0,0,0,0.000775273,0.000775273,0.000775273
44,690.006,2.88465,2.67622,3.88876,2.89725,0.54348,0.53163,0.53605,0.00958,0.21388,0.01045,0.00153,0.50435,0.02219,0.00525,0.00104,3.00876,2.46389,3.84275,2.94436,0,0,0,0.000773899,0.000773899,0.000773899
45,705.328,2.8257,2.76478,3.91411,2.84788,0.54276,0.53027,0.53467,0.52452,0.01031,0.00572,0.00132,0.51386,0.00632,0.00602,0.00132,2.98288,2.42821,3.59903,2.88754,0,0,0,0.000772524,0.000772524,0.000772524
46,720.949,2.88078,2.75355,3.81787,2.80342,0.54089,0.52924,0.53359,0.64438,0.01912,0.00684,0.00169,0.63802,0.01829,0.00788,0.00185,2.88346,2.4029,3.61991,2.8475,0,0,0,0.00077115,0.00077115,0.00077115
47,736.399,2.92049,2.72669,3.8302,2.81081,0.5421,0.52883,0.5335,0.08561,0.28558,0.01879,0.00491,0.02273,0.23108,0.01429,0.00236,2.84281,2.33289,3.44869,2.8148,0,0,0,0.000769775,0.000769775,0.000769775
48,752.008,2.83166,2.78182,3.83917,2.83688,0.53962,0.52763,0.53192,0.52162,0.04109,0.01526,0.00401,0.01567,0.2347,0.01306,0.00226,2.86208,2.3617,3.45088,2.81155,0,0,0,0.000768401,0.000768401,0.000768401
49,767.578,2.81802,2.64152,3.76734,2.78812,0.53989,0.52669,0.53144,0.08558,0.26279,0.01543,0.00377,0.02372,0.21403,0.00924,0.00252,2.89878,2.36,3.49181,2.8367,0,0,0,0.000767026,0.000767026,0.000767026
50,783.003,2.83198,2.75384,3.6515,2.71424,0.53798,0.52565,0.53029,0.52046,0.02582,0.01065,0.00294,0.51117,0.02129,0.00583,0.00144,2.83251,2.33214,3.45893,2.76815,0,0,0,0.000765652,0.000765652,0.000765652
51,798.492,2.8547,2.73977,3.73917,2.77956,0.53678,0.52455,0.5288,0.64762,0.02847,0.01038,0.00275,0.63919,0.01948,0.00639,0.00155,2.83339,2.34575,3.46726,2.78465,0,0,0,0.000764278,0.000764278,0.000764278
52,814.068,2.85765,2.64399,3.80177,2.75472,0.53702,0.52429,0.52895,0.64764,0.0395,0.02626,0.00603,0.61194,0.04329,0.02673,0.00488,2.79994,2.35488,3.43435,2.76588,0,0,0,0.000762903,0.000762903,0.000762903
53,829.596,2.75348,2.65291,3.80385,2.78525,0.53585,0.5236,0.52817,0.01834,0.30954,0.0304,0.00779,0.00914,0.24222,0.02027,0.00578,2.80761,2.35474,3.42072,2.76707,0,0,0,0.000761529,0.000761529,0.000761529
54,845.172,2.74702,2.65301,3.64728,2.70028,0.53575,0.52303,0.5278,0.66257,0.02746,0.01731,0.00495,0.65124,0.02452,0.01233,0.00272,2.78478,2.39565,3.43453,2.73842,0,0,0,0.000760154,0.000760154,0.000760154
55,860.9,2.77951,2.81288,3.56068,2.67307,0.534,0.52219,0.52677,0.6632,0.03487,0.03468,0.00858,0.65216,0.02088,0.01777,0.00344,2.80043,2.41617,3.42754,2.73978,0,0,0,0.00075878,0.00075878,0.00075878
56,876.243,2.72975,2.60274,3.74263,2.74766,0.53551,0.52174,0.52654,0.65973,0.02185,0.0264,0.00837,0.65119,0.01749,0.01826,0.00499,2.75429,2.34008,3.41762,2.72252,0,0,0,0.000757405,0.000757405,0.000757405
57,891.639,2.78352,2.80026,3.63182,2.68023,0.5344,0.52107,0.52595,0.66809,0.04317,0.02349,0.00748,0.63839,0.03101,0.0113,0.00304,2.76426,2.31795,3.34226,2.69655,0,0,0,0.000756031,0.000756031,0.000756031
58,907.276,2.78771,2.58599,3.55371,2.65212,0.53437,0.52038,0.52583,0.65057,0.05586,0.03584,0.01185,0.64044,0.03834,0.0179,0.00538,2.76452,2.34957,3.34627,2.70383,0,0,0,0.000754656,0.000754656,0.000754656
59,923.006,2.7419,2.53324,3.6179,2.63662,0.52977,0.51879,0.52322,0.59206,0.04073,0.04164,0.01404,0.55452,0.02085,0.0249,0.00791,2.70678,2.29597,3.29706,2.72281,0,0,0,0.000753282,0.000753282,0.000753282
60,938.576,2.78794,2.74311,3.51928,2.63136,0.53144,0.51861,0.52366,0.49839,0.05125,0.03693,0.0123,0.44765,0.0383,0.0206,0.00602,2.69518,2.27004,3.30806,2.72802,0,0,0,0.000751907,0.000751907,0.000751907
61,954.171,2.71377,2.64262,3.56342,2.69919,0.53385,0.51932,0.52476,0.56149,0.0473,0.04715,0.01399,0.45016,0.04246,0.04137,0.00925,2.74169,2.30094,3.34398,2.71018,0,0,0,0.000750533,0.000750533,0.000750533
62,969.813,2.72973,2.51035,3.59727,2.68172,0.53053,0.51798,0.52295,0.54642,0.0613,0.04817,0.01815,0.53006,0.04164,0.01909,0.00512,2.69555,2.30378,3.26848,2.6575,0,0,0,0.000749159,0.000749159,0.000749159
63,985.603,2.71685,2.66205,3.49128,2.62679,0.52974,0.51755,0.52239,0.60565,0.06629,0.05271,0.01567,0.50078,0.02977,0.0216,0.00764,2.65209,2.31628,3.23048,2.62217,0,0,0,0.000747784,0.000747784,0.000747784
64,1001.37,2.72037,2.68914,3.48516,2.57373,0.52787,0.51663,0.52099,0.66226,0.05457,0.06084,0.01804,0.52055,0.03146,0.0226,0.00803,2.67644,2.32643,3.29305,2.61624,0,0,0,0.00074641,0.00074641,0.00074641
65,1017,2.68092,2.6399,3.44445,2.61481,0.52851,0.51621,0.52117,0.59906,0.052,0.04439,0.0161,0.41524,0.02696,0.01358,0.0043,2.69646,2.28267,3.2538,2.63626,0,0,0,0.000745035,0.000745035,0.000745035
66,1032.4,2.747,2.72775,3.44252,2.5659,0.53062,0.51585,0.52121,0.49102,0.07142,0.04817,0.01744,0.39449,0.04115,0.01979,0.00726,2.71257,2.2905,3.23084,2.63031,0,0,0,0.000743661,0.000743661,0.000743661
67,1047.86,2.67061,2.49879,3.49925,2.59106,0.52853,0.51542,0.52076,0.57049,0.03534,0.04465,0.01386,0.5245,0.02639,0.02564,0.00687,2.67631,2.24154,3.17643,2.61238,0,0,0,0.000742286,0.000742286,0.000742286
68,1063.22,2.7017,2.64096,3.4204,2.57636,0.52685,0.51446,0.51948,0.67411,0.05474,0.05157,0.01779,0.6532,0.03248,0.02686,0.01073,2.65712,2.25913,3.14905,2.62355,0,0,0,0.000740912,0.000740912,0.000740912
69,1078.79,2.64299,2.62923,3.39434,2.58552,0.52599,0.51434,0.51906,0.44875,0.09395,0.06942,0.02426,0.30308,0.03675,0.02491,0.01032,2.60686,2.23955,3.07756,2.57237,0,0,0,0.000739537,0.000739537,0.000739537
70,1094.46,2.67884,2.52462,3.4044,2.53467,0.52412,0.51366,0.51819,0.42073,0.09822,0.06718,0.0268,0.29957,0.04305,0.0224,0.0083,2.59093,2.239,3.08309,2.56284,0,0,0,0.000738163,0.000738163,0.000738163
71,1110.17,2.58965,2.65031,3.44459,2.5597,0.52547,0.51331,0.51811,0.44152,0.09178,0.08235,0.03128,0.34272,0.03966,0.03732,0.01316,2.57057,2.23683,3.12273,2.53332,0,0,0,0.000736788,0.000736788,0.000736788
72,1125.86,2.68158,2.58185,3.42355,2.54102,0.52552,0.51306,0.51806,0.51613,0.09416,0.07828,0.02613,0.40328,0.03414,0.0341,0.01019,2.58028,2.20771,3.11089,2.55812,0,0,0,0.000735414,0.000735414,0.000735414
73,1141.41,2.60415,2.5907,3.38669,2.49219,0.52476,0.51277,0.51795,0.45395,0.09485,0.07462,0.02533,0.17154,0.04948,0.02826,0.00754,2.60408,2.24234,3.19609,2.53907,0,0,0,0.00073404,0.00073404,0.00073404
74,1156.83,2.63461,2.42056,3.37051,2.48731,0.52245,0.51157,0.51624,0.44447,0.10087,0.07646,0.0266,0.17127,0.04959,0.02504,0.00896,2.53829,2.20354,3.09789,2.49807,0,0,0,0.000732665,0.000732665,0.000732665
75,1172.32,2.63903,2.55617,3.23165,2.45653,0.52145,0.51117,0.51607,0.47387,0.09825,0.08193,0.02828,0.43474,0.0583,0.03469,0.01301,2.5471,2.18982,2.99312,2.51879,0,0,0,0.000731291,0.000731291,0.000731291
76,1187.96,2.63607,2.58798,3.28624,2.45504,0.52227,0.51085,0.51583,0.46188,0.08969,0.09635,0.03138,0.4156,0.0533,0.04094,0.01448,2.53377,2.21046,2.98475,2.51208,0,0,0,0.000729916,0.000729916,0.000729916
77,1203.57,2.61272,2.58983,3.22599,2.43186,0.52191,0.51078,0.51548,0.30907,0.11844,0.09987,0.03122,0.3166,0.05336,0.06161,0.01694,2.56293,2.25295,3.01889,2.51268,0,0,0,0.000728542,0.000728542,0.000728542
78,1219.21,2.64407,2.62677,3.22488,2.4938,0.52346,0.51076,0.5159,0.21734,0.1477,0.10508,0.03202,0.1978,0.0536,0.05112,0.014,2.56593,2.22196,2.96293,2.52131,0,0,0,0.000727167,0.000727167,0.000727167
79,1234.93,2.60873,2.49503,3.20963,2.46985,0.5199,0.50976,0.51451,0.12844,0.17125,0.10267,0.03487,0.06443,0.11705,0.0618,0.01742,2.5044,2.22646,2.98784,2.51694,0,0,0,0.000725793,0.000725793,0.000725793
80,1250.57,2.57471,2.41763,3.16039,2.43714,0.51964,0.50984,0.51429,0.27738,0.14042,0.11636,0.04055,0.25421,0.11054,0.07965,0.02332,2.45954,2.18573,2.98774,2.47629,0,0,0,0.000724418,0.000724418,0.000724418
81,1266.22,2.56868,2.57745,3.11467,2.43273,0.51816,0.50898,0.51311,0.24681,0.13493,0.11004,0.0373,0.08026,0.10293,0.05557,0.01473,2.45036,2.18541,2.95827,2.44578,0,0,0,0.000723044,0.000723044,0.000723044
82,1281.8,2.57172,2.54234,3.08393,2.35975,0.51686,0.50782,0.5123,0.37195,0.15367,0.10588,0.04243,0.31278,0.08129,0.04005,0.0124,2.47888,2.19314,2.9696,2.45448,0,0,0,0.00072167,0.00072167,0.00072167
83,1297.17,2.55154,2.57478,3.12799,2.40039,0.51816,0.50801,0.51241,0.228,0.16153,0.12958,0.04193,0.10911,0.14265,0.06718,0.01453,2.45623,2.1571,2.86935,2.46023,0,0,0,0.000720295,0.000720295,0.000720295
84,1312.64,2.5482,2.66989,3.1918,2.45155,0.5184,0.50856,0.51303,0.31801,0.15486,0.11645,0.04251,0.09035,0.08282,0.0516,0.01531,2.45096,2.19252,2.8864,2.44873,0,0,0,0.000718921,0.000718921,0.000718921
85,1328.26,2.59057,2.68411,3.07785,2.38379,0.51608,0.50716,0.51133,0.30361,0.16395,0.15357,0.05181,0.17638,0.11416,0.07796,0.02289,2.42066,2.15437,2.86086,2.40937,0,0,0,0.000717546,0.000717546,0.000717546
86,1343.92,2.57652,2.51573,3.19653,2.43672,0.51714,0.50705,0.51173,0.30667,0.24134,0.15397,0.05252,0.15421,0.17977,0.08585,0.02229,2.43159,2.16167,2.85979,2.42189,0,0,0,0.000716172,0.000716172,0.000716172
87,1359.56,2.51486,2.52144,3.12337,2.39791,0.51647,0.50673,0.51109,0.36476,0.20736,0.13987,0.04947,0.20503,0.15398,0.07297,0.02068,2.42921,2.16664,2.85216,2.40994,0,0,0,0.000714797,0.000714797,0.000714797
88,1375.13,2.56072,2.50818,3.12341,2.37895,0.51562,0.50589,0.50991,0.33367,0.17952,0.1314,0.04902,0.20508,0.10708,0.05729,0.01735,2.40591,2.12843,2.82574,2.39531,0,0,0,0.000713423,0.000713423,0.000713423
89,1390.63,2.55305,2.50991,3.06408,2.35211,0.51442,0.50573,0.50991,0.33364,0.15231,0.13897,0.05,0.20042,0.09071,0.05333,0.01687,2.40291,2.16785,2.7971,2.39927,0,0,0,0.000712048,0.000712048,0.000712048
90,1406,2.52548,2.48602,3.18327,2.4341,0.51607,0.5056,0.51004,0.25729,0.1054,0.0748,0.0226,0.21004,0.06158,0.03416,0.00982,2.48449,2.23131,2.9066,2.45618,0,0,0,0.000710674,0.000710674,0.000710674
91,1421.59,2.54597,2.47688,3.07581,2.37079,0.51499,0.50529,0.50928,0.42032,0.15397,0.09253,0.03111,0.31452,0.06841,0.03083,0.00867,2.42053,2.21772,2.91024,2.41091,0,0,0,0.000709299,0.000709299,0.000709299
92,1436.96,2.44771,2.50203,3.08557,2.3799,0.5156,0.50524,0.50953,0.26299,0.17794,0.10576,0.04099,0.20403,0.13522,0.04638,0.01428,2.41552,2.12766,2.8083,2.38607,0,0,0,0.000707925,0.000707925,0.000707925
93,1452.32,2.5114,2.63218,3.07583,2.32183,0.51449,0.50508,0.50955,0.35012,0.27966,0.14887,0.04899,0.25593,0.20593,0.07584,0.01925,2.39819,2.11672,2.769,2.38388,0,0,0,0.000706551,0.000706551,0.000706551
94,1467.92,2.46382,2.45254,3.03233,2.35934,0.51291,0.50416,0.50876,0.39358,0.21272,0.16019,0.05421,0.22375,0.15435,0.07114,0.0215,2.36931,2.08567,2.70742,2.37645,0,0,0,0.000705176,0.000705176,0.000705176
95,1483.6,2.50593,2.56145,2.93423,2.3269,0.51221,0.50362,0.50828,0.41639,0.1699,0.15056,0.05299,0.30681,0.09228,0.07489,0.02148,2.4008,2.10482,2.84874,2.37799,0,0,0,0.000703802,0.000703802,0.000703802
96,1499.03,2.48846,2.67194,2.99962,2.33762,0.5118,0.50359,0.50792,0.17936,0.16514,0.12045,0.0425,0.0737,0.10737,0.05238,0.01626,2.36953,2.1271,2.72255,2.3508,0,0,0,0.000702427,0.000702427,0.000702427
97,1514.48,2.37154,2.45957,3.00268,2.3189,0.51032,0.50239,0.50686,0.39101,0.14965,0.15554,0.0577,0.24297,0.07703,0.0673,0.02021,2.3627,2.1169,2.67342,2.35371,0,0,0,0.000701053,0.000701053,0.000701053
98,1530.32,2.45974,2.45593,2.93606,2.32069,0.51094,0.50291,0.50689,0.23026,0.16493,0.16021,0.05816,0.09426,0.12795,0.06796,0.0217,2.3635,2.06163,2.61648,2.35823,0,0,0,0.000699678,0.000699678,0.000699678
99,1545.79,2.46767,2.46204,2.9526,2.32984,0.51066,0.50254,0.50611,0.33987,0.18542,0.14228,0.05313,0.2356,0.16806,0.07021,0.02279,2.35195,2.04006,2.63777,2.33917,0,0,0,0.000698304,0.000698304,0.000698304
100,1561.32,2.44422,2.46607,3.03821,2.3708,0.51314,0.50266,0.50747,0.14174,0.18128,0.13673,0.0521,0.09244,0.09113,0.06259,0.02155,2.35334,2.05893,2.64475,2.33759,0,0,0,0.000696929,0.000696929,0.000696929
101,1576.82,2.44926,2.44561,2.94491,2.31931,0.51154,0.50243,0.50667,0.23812,0.18436,0.15682,0.06112,0.11473,0.11546,0.07515,0.0219,2.31703,2.0395,2.57707,2.32266,0,0,0,0.000695555,0.000695555,0.000695555
102,1592.45,2.43024,2.48239,2.95627,2.31681,0.51366,0.50329,0.50795,0.34052,0.17975,0.14495,0.05805,0.14083,0.21799,0.07924,0.02817,2.33755,2.0572,2.65063,2.32118,0,0,0,0.000694181,0.000694181,0.000694181
103,1608.41,2.45535,2.51024,2.86723,2.3126,0.50906,0.50141,0.50561,0.33553,0.19926,0.18622,0.07139,0.27491,0.1666,0.10528,0.03285,2.29015,2.06666,2.54171,2.28485,0,0,0,0.000692806,0.000692806,0.000692806
104,1624.03,2.37041,2.40325,2.91144,2.31757,0.5117,0.50105,0.50613,0.34872,0.23972,0.16961,0.0656,0.26245,0.22238,0.09697,0.03027,2.27962,2.03858,2.52849,2.30143,0,0,0,0.000691432,0.000691432,0.000691432
105,1639.47,2.44365,2.50008,2.86854,2.26556,0.50969,0.50113,0.50517,0.30563,0.24199,0.20293,0.08358,0.12982,0.16221,0.08645,0.02667,2.2804,2.02226,2.53235,2.27407,0,0,0,0.000690057,0.000690057,0.000690057
106,1655.28,2.42754,2.51186,2.8494,2.27122,0.50753,0.50036,0.50434,0.30103,0.23584,0.2168,0.09144,0.20689,0.19029,0.12078,0.04039,2.2974,2.02844,2.60598,2.28326,0,0,0,0.000688683,0.000688683,0.000688683
107,1671.02,2.40752,2.44536,2.81287,2.24172,0.51021,0.50125,0.50539,0.49923,0.21134,0.20355,0.08388,0.1802,0.16683,0.12546,0.0423,2.30982,2.05438,2.60829,2.29124,0,0,0,0.000687308,0.000687308,0.000687308
108,1686.36,2.34566,2.35484,2.84001,2.31506,0.51069,0.50031,0.50539,0.48629,0.23336,0.20319,0.08701,0.26366,0.15448,0.12418,0.04483,2.2261,2.0282,2.47923,2.24497,0,0,0,0.000685934,0.000685934,0.000685934
109,1702.2,2.41892,2.44916,2.82549,2.26805,0.50695,0.49952,0.50335,0.30798,0.23752,0.19328,0.07204,0.28825,0.17296,0.1358,0.04807,2.25651,2.0163,2.48872,2.25479,0,0,0,0.000684559,0.000684559,0.000684559
110,1717.54,2.35156,2.35617,2.68844,2.22118,0.50513,0.49776,0.50226,0.25944,0.29109,0.22484,0.08213,0.17768,0.20079,0.15185,0.0467,2.24192,2.00277,2.4946,2.23987,0,0,0,0.000683185,0.000683185,0.000683185
111,1732.98,2.37176,2.42723,2.72779,2.22588,0.50589,0.49817,0.50221,0.33869,0.25192,0.23522,0.09635,0.23537,0.19624,0.14596,0.05318,2.209,2.00813,2.47107,2.22795,0,0,0,0.00068181,0.00068181,0.00068181
112,1748.75,2.36635,2.47187,2.77822,2.27315,0.50788,0.49935,0.50332,0.3196,0.29789,0.24109,0.09956,0.19769,0.20975,0.14327,0.05363,2.22561,2.03789,2.50568,2.25046,0,0,0,0.000680436,0.000680436,0.000680436
113,1764.4,2.33997,2.36,2.81148,2.31084,0.506,0.49861,0.50291,0.27854,0.37414,0.26711,0.11465,0.16523,0.28882,0.15398,0.05694,2.19067,2.02708,2.47035,2.23342,0,0,0,0.000679062,0.000679062,0.000679062
114,1780.25,2.32599,2.23899,2.79991,2.28813,0.50703,0.49809,0.50332,0.25846,0.32973,0.23891,0.09821,0.19148,0.27214,0.1625,0.06124,2.18591,2.03439,2.46897,2.1993,0,0,0,0.000677687,0.000677687,0.000677687
115,1795.8,2.33924,2.32057,2.8036,2.2543,0.50733,0.49753,0.50263,0.27443,0.34058,0.2167,0.08978,0.17975,0.27152,0.14242,0.04929,2.16398,2.03168,2.40685,2.201,0,0,0,0.000676313,0.000676313,0.000676313
116,1811.27,2.27304,2.42765,2.69736,2.23378,0.50619,0.49694,0.5026,0.26304,0.31375,0.23159,0.10455,0.15864,0.26011,0.12479,0.04253,2.1721,2.03074,2.40451,2.20059,0,0,0,0.000674938,0.000674938,0.000674938
117,1826.79,2.30167,2.4868,2.6591,2.21436,0.50292,0.496,0.50048,0.31666,0.34592,0.27173,0.12818,0.25504,0.28265,0.16719,0.06409,2.1738,2.05362,2.37175,2.19465,0,0,0,0.000673564,0.000673564,0.000673564
118,1842.56,2.32502,2.36762,2.74137,2.22984,0.50726,0.49624,0.50231,0.46603,0.24165,0.28083,0.12445,0.24385,0.22605,0.17407,0.06788,2.17591,2.0101,2.39418,2.21122,0,0,0,0.000672189,0.000672189,0.000672189
119,1858.11,2.3351,2.34049,2.74143,2.2219,0.50441,0.49529,0.50072,0.34949,0.36439,0.27732,0.11615,0.2544,0.29706,0.19743,0.06273,2.19859,1.99362,2.34706,2.20691,0,0,0,0.000670815,0.000670815,0.000670815
120,1873.41,2.44934,2.50273,2.65,2.15956,0.5026,0.49587,0.49964,0.31529,0.31861,0.27684,0.12079,0.20942,0.25453,0.17019,0.06741,2.18173,2.03393,2.35062,2.18626,0,0,0,0.00066944,0.00066944,0.00066944
121,1889.05,2.34494,2.40772,2.64826,2.15377,0.50359,0.49496,0.50017,0.35106,0.35386,0.32845,0.14837,0.22717,0.27909,0.21192,0.08719,2.16236,1.99091,2.32978,2.16753,0,0,0,0.000668066,0.000668066,0.000668066
122,1904.76,2.31744,2.35791,2.62026,2.19932,0.50057,0.49344,0.49856,0.30882,0.3273,0.30451,0.13508,0.20005,0.27523,0.18736,0.07404,2.11477,1.9963,2.34109,2.14248,0,0,0,0.000666692,0.000666692,0.000666692
123,1920.14,2.31659,2.30127,2.7104,2.22838,0.5008,0.49345,0.49907,0.36055,0.37558,0.29262,0.12158,0.25479,0.27074,0.18338,0.0733,2.1575,1.95783,2.2965,2.15424,0,0,0,0.000665317,0.000665317,0.000665317
124,1935.7,2.34209,2.4536,2.63642,2.15852,0.50052,0.49331,0.49799,0.35669,0.34049,0.30984,0.1426,0.23701,0.29016,0.18318,0.08175,2.08109,1.94509,2.23841,2.13072,0,0,0,0.000663943,0.000663943,0.000663943
125,1951.17,2.2077,2.38029,2.57631,2.13913,0.50064,0.49263,0.49851,0.3113,0.38102,0.30642,0.13097,0.24037,0.30159,0.20351,0.07948,2.11459,1.97519,2.25016,2.15899,0,0,0,0.000662568,0.000662568,0.000662568
126,1966.58,2.32405,2.40419,2.66305,2.18126,0.50209,0.49216,0.49836,0.33002,0.43829,0.33198,0.15296,0.26432,0.32357,0.23069,0.09434,2.11746,1.97721,2.22768,2.13754,0,0,0,0.000661194,0.000661194,0.000661194
127,1982.39,2.24641,2.2594,2.61411,2.21246,0.50043,0.49225,0.49769,0.43448,0.34225,0.32769,0.15127,0.24623,0.27214,0.19163,0.07687,2.08397,1.95005,2.23571,2.13783,0,0,0,0.000659819,0.000659819,0.000659819
128,1997.74,2.27176,2.31276,2.50408,2.1717,0.49913,0.4902,0.49606,0.45298,0.26832,0.32317,0.14745,0.40839,0.19545,0.22691,0.08743,2.06367,1.94987,2.20733,2.13825,0,0,0,0.000658445,0.000658445,0.000658445
129,2013.14,2.26896,2.41056,2.5911,2.14805,0.50048,0.49112,0.49754,0.3738,0.37802,0.31848,0.14146,0.30901,0.26062,0.20226,0.08003,2.08416,1.91226,2.19649,2.10848,0,0,0,0.00065707,0.00065707,0.00065707
130,2028.63,2.26322,2.24087,2.52472,2.15147,0.49803,0.48937,0.49558,0.38698,0.38751,0.36712,0.16479,0.26833,0.31552,0.24935,0.10309,2.08948,1.92023,2.19102,2.11377,0,0,0,0.000655696,0.000655696,0.000655696
131,2043.98,2.25291,2.48218,2.59519,2.19437,0.50107,0.48953,0.49723,0.36064,0.33957,0.32738,0.15268,0.28223,0.27413,0.24843,0.11234,2.06086,1.91853,2.18481,2.09075,0,0,0,0.000654321,0.000654321,0.000654321
132,2059.36,2.24761,2.33493,2.53238,2.11472,0.49887,0.48737,0.49539,0.3476,0.3495,0.33551,0.14996,0.30664,0.27703,0.24628,0.10054,2.04489,1.9221,2.1986,2.07974,0,0,0,0.000652947,0.000652947,0.000652947
133,2074.93,2.20903,2.43464,2.51556,2.12609,0.49704,0.48692,0.49437,0.35985,0.37129,0.33995,0.16546,0.30741,0.31706,0.24898,0.11143,2.03715,1.8977,2.12941,2.0766,0,0,0,0.000651573,0.000651573,0.000651573
134,2090.53,2.26354,2.36636,2.5268,2.15217,0.50026,0.48659,0.4956,0.37255,0.37959,0.33018,0.15136,0.29129,0.30774,0.22282,0.08812,2.06588,1.93714,2.12916,2.08705,0,0,0,0.000650198,0.000650198,0.000650198
135,2105.98,2.3175,2.44181,2.508,2.0917,0.49647,0.4858,0.49328,0.36885,0.33553,0.35053,0.15795,0.28217,0.24991,0.22248,0.08347,2.09481,1.94742,2.17269,2.10354,0,0,0,0.000648824,0.000648824,0.000648824
136,2121.79,2.24583,2.33727,2.58843,2.17467,0.49841,0.48475,0.49451,0.48654,0.37418,0.36453,0.17313,0.34012,0.29856,0.23166,0.09869,2.02483,1.90796,2.1664,2.05422,0,0,0,0.000647449,0.000647449,0.000647449
137,2137.18,2.21629,2.3779,2.55428,2.17752,0.4975,0.48303,0.49336,0.44928,0.38079,0.40084,0.18438,0.30293,0.2554,0.22414,0.08779,2.01617,1.90726,2.13659,2.04401,0,0,0,0.000646075,0.000646075,0.000646075
138,2152.51,2.16258,2.26383,2.45964,2.14594,0.49361,0.48086,0.49175,0.4446,0.43765,0.43903,0.2089,0.33706,0.35547,0.28676,0.1133,1.97745,1.94614,2.05483,2.03536,0,0,0,0.0006447,0.0006447,0.0006447
139,2168.23,2.20668,2.38429,2.43912,2.11211,0.49669,0.47966,0.49267,0.40746,0.42396,0.42701,0.19471,0.30942,0.35753,0.29141,0.11561,1.97206,1.90868,2.02104,2.02967,0,0,0,0.000643326,0.000643326,0.000643326
140,2183.58,2.21862,2.32197,2.42745,2.09169,0.49294,0.47438,0.49,0.38704,0.415,0.38771,0.18946,0.28097,0.3507,0.26243,0.10908,2.04618,1.90157,2.09495,2.05995,0,0,0,0.000641951,0.000641951,0.000641951
141,2199.05,2.24906,2.37843,2.39728,2.07201,0.49319,0.47127,0.48943,0.41704,0.44118,0.4239,0.18748,0.28186,0.35963,0.29228,0.11257,2.02032,1.90839,2.15686,2.05523,0,0,0,0.000640577,0.000640577,0.000640577
142,2214.62,2.23145,2.32404,2.50298,2.1168,0.4949,0.46703,0.48849,0.38449,0.44542,0.38402,0.1815,0.29071,0.36882,0.25969,0.10813,2.03552,1.90144,2.08657,2.09168,0,0,0,0.000639203,0.000639203,0.000639203
143,2229.95,2.19124,2.38147,2.3863,2.08292,0.49397,0.46461,0.48602,0.40318,0.41245,0.38611,0.18395,0.33803,0.32532,0.26058,0.11622,1.99605,1.88962,2.06894,2.05859,0,0,0,0.000637828,0.000637828,0.000637828
144,2245.33,2.24093,2.40161,2.39643,2.06843,0.49418,0.4581,0.48407,0.4465,0.49322,0.44811,0.22316,0.32658,0.4264,0.30211,0.13308,1.97322,1.93392,2.03155,2.02004,0,0,0,0.000636454,0.000636454,0.000636454
145,2261.22,2.20261,2.25219,2.45283,2.12553,0.49338,0.45079,0.47814,0.54473,0.36117,0.46268,0.21725,0.41612,0.29371,0.33518,0.13399,1.9615,1.86171,2.03695,2.01163,0,0,0,0.000635079,0.000635079,0.000635079
146,2276.64,2.20948,2.23775,2.37865,2.04375,0.48968,0.4462,0.47477,0.44483,0.43906,0.45183,0.22889,0.38415,0.35459,0.31649,0.14881,1.9626,1.84926,2.02526,2.0108,0,0,0,0.000633705,0.000633705,0.000633705
147,2292.26,2.14051,2.27208,2.32558,2.03008,0.48882,0.43956,0.47042,0.47366,0.4403,0.45525,0.22768,0.37857,0.37538,0.32302,0.1479,1.93302,1.8295,1.93735,1.98667,0,0,0,0.00063233,0.00063233,0.00063233
148,2307.8,2.10946,2.16531,2.35378,2.06912,0.48673,0.43118,0.46228,0.53405,0.36349,0.42961,0.2124,0.41962,0.26689,0.28835,0.13416,1.94554,1.84945,1.99304,1.99088,0,0,0,0.000630956,0.000630956,0.000630956
149,2323.24,2.15116,2.2995,2.39784,2.06703,0.48664,0.42751,0.46105,0.47688,0.39805,0.39805,0.19029,0.40574,0.31449,0.2792,0.12406,2.00378,1.88643,2.04236,2.0138,0,0,0,0.000629581,0.000629581,0.000629581
150,2338.6,2.12665,2.27366,2.37264,2.04334,0.48135,0.42108,0.45488,0.44037,0.38132,0.38723,0.18455,0.42523,0.32196,0.30579,0.13015,1.96467,1.8475,2.01766,1.99803,0,0,0,0.000628207,0.000628207,0.000628207
151,2354.18,2.15593,2.2695,2.39514,2.05534,0.4724,0.41346,0.44388,0.53984,0.38655,0.46011,0.24258,0.4839,0.32486,0.3378,0.15304,1.93357,1.81732,1.93557,1.96086,0,0,0,0.000626832,0.000626832,0.000626832
152,2369.83,2.20303,2.33203,2.31484,2.00056,0.46575,0.4072,0.43871,0.41279,0.42436,0.44335,0.22433,0.34043,0.34109,0.30393,0.13786,1.97984,1.83125,1.99946,1.98421,0,0,0,0.000625458,0.000625458,0.000625458
153,2385.36,2.11847,2.25625,2.30483,2.02161,0.46115,0.39895,0.43314,0.45755,0.5229,0.47224,0.24194,0.33656,0.39415,0.31411,0.13742,1.90782,1.8216,1.90059,1.96098,0,0,0,0.000624084,0.000624084,0.000624084
154,2400.91,2.13807,2.29948,2.30258,2.03006,0.45178,0.39005,0.42449,0.54752,0.47465,0.49802,0.23763,0.38177,0.34875,0.31033,0.12886,1.89209,1.81904,1.85249,1.94485,0,0,0,0.000622709,0.000622709,0.000622709
155,2416.2,2.16303,2.36083,2.27381,2.02337,0.44848,0.38521,0.41996,0.52039,0.45015,0.51007,0.24639,0.34308,0.4072,0.32391,0.13447,1.95855,1.88361,1.8856,1.99261,0,0,0,0.000621335,0.000621335,0.000621335
156,2431.59,2.12512,2.19186,2.2696,2.00716,0.44638,0.37821,0.41628,0.54315,0.43319,0.47547,0.2454,0.44021,0.35213,0.31729,0.14221,1.91875,1.86066,1.87831,1.96515,0,0,0,0.00061996,0.00061996,0.00061996
157,2447.26,2.08789,2.27331,2.28983,2.00855,0.44889,0.37731,0.4177,0.461,0.44196,0.48014,0.25557,0.33106,0.40265,0.32358,0.15005,1.88194,1.83969,1.86282,1.94281,0,0,0,0.000618586,0.000618586,0.000618586
158,2462.78,2.08669,2.19456,2.30046,1.99122,0.43267,0.36244,0.40221,0.58326,0.42631,0.50622,0.26554,0.46474,0.31353,0.34579,0.17059,1.95144,1.83588,1.90569,1.97119,0,0,0,0.000617211,0.000617211,0.000617211
159,2478.36,2.06428,2.12866,2.25201,2.02845,0.4292,0.3564,0.39874,0.54026,0.45697,0.47987,0.25579,0.45666,0.37257,0.32984,0.16102,1.91832,1.8013,1.85398,1.96391,0,0,0,0.000615837,0.000615837,0.000615837
160,2493.9,2.10067,2.19038,2.22295,2.02338,0.42483,0.35275,0.3939,0.49592,0.4576,0.48918,0.24247,0.41643,0.37003,0.34308,0.15745,1.92466,1.80064,1.92042,1.94927,0,0,0,0.000614462,0.000614462,0.000614462
161,2509.35,2.17013,2.35108,2.21637,1.99609,0.42046,0.34108,0.38572,0.46877,0.45946,0.46805,0.22748,0.36719,0.35436,0.32869,0.15742,1.90621,1.83921,1.89491,1.95431,0,0,0,0.000613088,0.000613088,0.000613088
162,2524.69,2.10928,2.22502,2.24907,2.05913,0.40949,0.33766,0.37895,0.54886,0.49738,0.51401,0.2542,0.45273,0.4041,0.3726,0.17124,1.88967,1.8481,1.87407,1.94521,0,0,0,0.000611714,0.000611714,0.000611714
163,2540.17,2.0699,2.24242,2.23822,2.01245,0.39992,0.33083,0.37268,0.48193,0.50477,0.46673,0.24279,0.44532,0.37687,0.33756,0.15723,1.84799,1.86112,1.82042,1.92208,0,0,0,0.000610339,0.000610339,0.000610339
164,2555.55,2.05439,2.25638,2.23558,2.0005,0.39565,0.32049,0.36413,0.549,0.49633,0.54108,0.28836,0.45772,0.42091,0.40653,0.20031,1.8266,1.80483,1.75676,1.90667,0,0,0,0.000608965,0.000608965,0.000608965
165,2571.12,2.04916,2.31651,2.20104,2.0087,0.39515,0.32207,0.36726,0.52091,0.51387,0.53982,0.28672,0.43297,0.39729,0.38402,0.18329,1.83292,1.80694,1.80265,1.90062,0,0,0,0.00060759,0.00060759,0.00060759
166,2586.72,2.10773,2.18988,2.21086,1.96339,0.38537,0.31083,0.35739,0.46254,0.56943,0.53671,0.27693,0.39282,0.47424,0.38388,0.1836,1.82722,1.79473,1.81316,1.88451,0,0,0,0.000606216,0.000606216,0.000606216
167,2602.07,2.04361,2.14893,2.20692,1.96708,0.38231,0.29986,0.35174,0.49964,0.50713,0.51995,0.27208,0.45212,0.39865,0.37041,0.18332,1.80104,1.8056,1.79019,1.87855,0,0,0,0.000604841,0.000604841,0.000604841
168,2617.51,1.97057,2.13106,2.12765,1.95182,0.37357,0.30091,0.34592,0.50939,0.52303,0.51043,0.26727,0.3765,0.39962,0.33996,0.1478,1.8202,1.83065,1.79844,1.8818,0,0,0,0.000603467,0.000603467,0.000603467
169,2632.99,2.08309,2.16891,2.21448,1.98799,0.36813,0.28772,0.33966,0.54502,0.49657,0.51388,0.26806,0.43633,0.40878,0.35975,0.16429,1.82742,1.77681,1.78833,1.89803,0,0,0,0.000602092,0.000602092,0.000602092
170,2648.31,2.09672,2.19455,2.2275,1.97243,0.3551,0.27669,0.32467,0.52878,0.49232,0.53186,0.28794,0.39257,0.45496,0.38124,0.19013,1.84502,1.7871,1.81291,1.90556,0,0,0,0.000600718,0.000600718,0.000600718
171,2663.58,2.06682,2.21467,2.15991,1.99606,0.35929,0.27002,0.32545,0.51063,0.54105,0.54493,0.27146,0.39786,0.43304,0.38986,0.18618,1.83782,1.74811,1.77357,1.89883,0,0,0,0.000599343,0.000599343,0.000599343
172,2679.06,2.0511,2.20929,2.20266,1.99131,0.35405,0.26685,0.32002,0.50265,0.55307,0.52153,0.26021,0.40952,0.49904,0.38377,0.17331,1.85726,1.78696,1.79636,1.89874,0,0,0,0.000597969,0.000597969,0.000597969
173,2694.42,2.00307,2.15483,2.16299,1.96562,0.34168,0.2535,0.30863,0.50866,0.53346,0.51844,0.28378,0.46764,0.45756,0.39918,0.20413,1.77589,1.72781,1.75605,1.85706,0,0,0,0.000596595,0.000596595,0.000596595
174,2709.73,2.02863,2.27556,2.1281,1.94465,0.33768,0.25149,0.30532,0.45981,0.56994,0.50962,0.27038,0.40712,0.43565,0.36822,0.17575,1.80638,1.73281,1.76284,1.88618,0,0,0,0.00059522,0.00059522,0.00059522
175,2725.44,2.02433,2.16825,2.18461,1.9802,0.32112,0.2373,0.29137,0.58939,0.48268,0.53696,0.27942,0.46192,0.37606,0.36412,0.16891,1.80262,1.75589,1.77794,1.87657,0,0,0,0.000593846,0.000593846,0.000593846
176,2740.85,2.01003,2.11747,2.18562,1.98604,0.3149,0.22118,0.28206,0.52144,0.55908,0.53068,0.28533,0.42069,0.47126,0.38959,0.18656,1.77931,1.75414,1.73059,1.85086,0,0,0,0.000592471,0.000592471,0.000592471
177,2756.09,2.02435,2.26129,2.1549,1.97429,0.30876,0.21431,0.28045,0.43712,0.59805,0.52426,0.27008,0.34247,0.48083,0.36165,0.16091,1.76592,1.74435,1.78685,1.8414,0,0,0,0.000591097,0.000591097,0.000591097
178,2771.63,2.03313,2.21979,2.07033,1.89485,0.30467,0.19628,0.26713,0.53201,0.57909,0.54523,0.30982,0.3922,0.45656,0.35048,0.17973,1.71988,1.70816,1.71574,1.8061,0,0,0,0.000589722,0.000589722,0.000589722
179,2787.13,1.95727,2.06537,2.14488,1.96323,0.29835,0.188,0.25993,0.57262,0.5671,0.53955,0.29196,0.45018,0.46306,0.37686,0.18652,1.78921,1.71462,1.71222,1.85896,0,0,0,0.000588348,0.000588348,0.000588348
180,2802.43,2.04054,2.15525,2.0799,1.96072,0.28549,0.18356,0.24469,0.53015,0.53766,0.54369,0.27601,0.49548,0.37257,0.38396,0.17158,1.79791,1.79828,1.7377,1.87976,0,0,0,0.000586973,0.000586973,0.000586973
181,2817.95,2.03525,2.15308,2.09983,1.93783,0.28068,0.18122,0.23643,0.6032,0.51915,0.58064,0.28463,0.45419,0.41393,0.38816,0.16485,1.81254,1.78142,1.72299,1.88381,0,0,0,0.000585599,0.000585599,0.000585599
182,2833.23,2.04193,2.33432,2.12406,1.97037,0.27185,0.18208,0.23223,0.62178,0.51621,0.59419,0.28925,0.46245,0.40379,0.39343,0.16468,1.767,1.74135,1.69298,1.8532,0,0,0,0.000584225,0.000584225,0.000584225
183,2848.63,1.98918,2.19361,2.1145,1.95739,0.2665,0.18297,0.22861,0.70089,0.44768,0.60219,0.29975,0.60622,0.33897,0.41736,0.18107,1.75122,1.73349,1.69163,1.82414,0,0,0,0.00058285,0.00058285,0.00058285
184,2864.05,1.9624,2.22185,2.09832,1.9279,0.26239,0.17838,0.22111,0.58546,0.58879,0.60471,0.31432,0.47088,0.48017,0.4176,0.20072,1.74525,1.72046,1.66782,1.81866,0,0,0,0.000581476,0.000581476,0.000581476
185,2879.69,2.00706,2.20134,1.99601,1.8986,0.25396,0.17392,0.21294,0.56275,0.55577,0.57374,0.27846,0.43719,0.42902,0.40599,0.17912,1.77711,1.71999,1.64206,1.83439,0,0,0,0.000580101,0.000580101,0.000580101
186,2895.07,1.99883,2.26089,2.0093,1.90688,0.24958,0.17324,0.21104,0.518,0.56148,0.53452,0.26512,0.42715,0.43665,0.37427,0.1605,1.77028,1.75387,1.69831,1.82649,0,0,0,0.000578727,0.000578727,0.000578727
187,2910.56,2.01554,2.25707,2.0554,1.89086,0.24826,0.17034,0.2062,0.55561,0.61262,0.55069,0.27631,0.45085,0.50586,0.38927,0.16778,1.78481,1.73962,1.70203,1.82845,0,0,0,0.000577352,0.000577352,0.000577352
188,2925.88,2.05331,2.19176,2.04289,1.91433,0.24622,0.16444,0.19901,0.60263,0.5319,0.60358,0.30581,0.50186,0.44036,0.42774,0.19695,1.76506,1.73948,1.64036,1.83265,0,0,0,0.000575978,0.000575978,0.000575978
189,2941.17,1.97058,2.19093,2.02861,1.91156,0.24473,0.17613,0.20739,0.60678,0.60652,0.61589,0.31947,0.51493,0.49115,0.44239,0.19929,1.73305,1.77389,1.59868,1.81717,0,0,0,0.000574603,0.000574603,0.000574603
190,2956.79,1.94519,2.16682,1.95867,1.84561,0.23974,0.17566,0.20398,0.62278,0.58468,0.61169,0.32231,0.50009,0.4851,0.4427,0.2096,1.71659,1.65356,1.61393,1.82658,0,0,0,0.000573229,0.000573229,0.000573229
191,2972.38,1.98259,2.16989,2.01612,1.90012,0.24455,0.17233,0.2006,0.53495,0.61283,0.58587,0.30488,0.50125,0.43586,0.41199,0.19798,1.72831,1.71959,1.64726,1.83427,0,0,0,0.000571854,0.000571854,0.000571854
192,2987.71,1.99491,1.99793,2.09122,1.94128,0.23867,0.17152,0.19805,0.59153,0.54054,0.5922,0.32354,0.48739,0.4775,0.44155,0.21949,1.69931,1.6804,1.60979,1.79903,0,0,0,0.00057048,0.00057048,0.00057048
193,3003.41,1.98005,2.12266,1.95457,1.87898,0.24233,0.17648,0.20122,0.57411,0.59588,0.62643,0.34081,0.43308,0.47235,0.44643,0.22415,1.67826,1.70411,1.60974,1.78146,0,0,0,0.000569106,0.000569106,0.000569106
194,3019.02,1.95026,2.06838,1.98775,1.88667,0.2301,0.16294,0.18696,0.57231,0.58834,0.60001,0.3231,0.45991,0.48956,0.44212,0.21448,1.67165,1.65783,1.57149,1.76682,0,0,0,0.000567731,0.000567731,0.000567731
195,3034.29,2.04696,2.18494,2.08865,1.95921,0.24293,0.1735,0.19731,0.53274,0.61934,0.58569,0.32202,0.46091,0.49256,0.43545,0.22765,1.7177,1.65576,1.60145,1.79624,0,0,0,0.000566357,0.000566357,0.000566357
196,3049.73,1.96467,2.12832,1.99102,1.89154,0.23579,0.16826,0.1904,0.6145,0.55308,0.60209,0.33013,0.53511,0.47124,0.44837,0.2229,1.67352,1.71861,1.60477,1.78976,0,0,0,0.000564982,0.000564982,0.000564982
197,3065.05,1.91641,2.0908,1.98029,1.87762,0.24405,0.17124,0.19581,0.56569,0.6119,0.61845,0.32808,0.48251,0.50027,0.44873,0.21444,1.69453,1.69676,1.57938,1.78794,0,0,0,0.000563608,0.000563608,0.000563608
198,3080.43,2.00266,2.22084,2.00096,1.8691,0.24235,0.16873,0.19106,0.57416,0.60387,0.6425,0.32726,0.45645,0.50324,0.44568,0.21101,1.72467,1.71096,1.596,1.78785,0,0,0,0.000562233,0.000562233,0.000562233
199,3095.85,1.98889,2.09866,1.97921,1.89708,0.23681,0.17258,0.19484,0.54331,0.62146,0.63702,0.35418,0.42315,0.50689,0.45652,0.24675,1.67173,1.66393,1.56941,1.75776,0,0,0,0.000560859,0.000560859,0.000560859
200,3111.46,1.96677,2.13872,1.92,1.85175,0.23131,0.17046,0.19126,0.61123,0.5992,0.63153,0.3474,0.51153,0.48006,0.46586,0.22996,1.68377,1.67572,1.58636,1.76641,0,0,0,0.000559484,0.000559484,0.000559484
201,3126.83,1.96426,2.03744,1.95313,1.8779,0.23687,0.16665,0.18839,0.6658,0.52854,0.61497,0.33987,0.57018,0.43533,0.45448,0.22394,1.70956,1.68211,1.60115,1.76434,0,0,0,0.00055811,0.00055811,0.00055811
202,3142.18,1.85936,1.91838,1.96852,1.89614,0.24329,0.17163,0.19341,0.55204,0.6699,0.65721,0.37277,0.46986,0.55008,0.48518,0.25655,1.6329,1.653,1.53187,1.7448,0,0,0,0.000556736,0.000556736,0.000556736
203,3157.83,1.94528,2.13856,1.87857,1.82492,0.23416,0.16585,0.18554,0.66974,0.52847,0.64262,0.36031,0.55679,0.43683,0.46899,0.23642,1.70491,1.70053,1.65303,1.77627,0,0,0,0.000555361,0.000555361,0.000555361
204,3173.14,1.9695,2.09718,1.90842,1.80996,0.22797,0.16488,0.184,0.63591,0.58522,0.65407,0.38769,0.5279,0.48345,0.48133,0.26896,1.62472,1.63489,1.55755,1.73605,0,0,0,0.000553987,0.000553987,0.000553987
205,3188.69,1.864,1.98812,1.91245,1.89768,0.23284,0.169,0.19139,0.62192,0.6218,0.6484,0.38051,0.52878,0.52643,0.46525,0.25006,1.65642,1.62228,1.59886,1.75197,0,0,0,0.000552612,0.000552612,0.000552612
206,3203.95,1.90929,2.20578,1.969,1.85918,0.23683,0.16581,0.18822,0.59231,0.59325,0.6213,0.36322,0.47885,0.47336,0.43749,0.23885,1.65607,1.65753,1.5372,1.75706,0,0,0,0.000551238,0.000551238,0.000551238
207,3219.26,1.89791,2.12656,2.04423,1.88856,0.24134,0.16971,0.19052,0.73806,0.51002,0.63534,0.36876,0.60796,0.41389,0.46062,0.2337,1.62034,1.68255,1.54431,1.72407,0,0,0,0.000549863,0.000549863,0.000549863
208,3234.69,1.90403,1.99801,1.93621,1.8991,0.2256,0.16592,0.18678,0.59321,0.6116,0.6328,0.37181,0.50324,0.51262,0.4604,0.23569,1.60368,1.62701,1.51893,1.70945,0,0,0,0.000548489,0.000548489,0.000548489
209,3249.96,1.91689,2.12679,1.85261,1.84435,0.23445,0.17162,0.19203,0.6776,0.63547,0.67387,0.37326,0.53142,0.5071,0.45917,0.22628,1.65138,1.64189,1.52067,1.72236,0,0,0,0.000547114,0.000547114,0.000547114
210,3265.3,1.94012,2.14042,1.89453,1.827,0.22966,0.15921,0.17934,0.61454,0.65779,0.68794,0.40444,0.51128,0.54087,0.49826,0.2699,1.61511,1.6327,1.47961,1.70994,0,0,0,0.00054574,0.00054574,0.00054574
211,3281.07,1.93684,2.06372,1.84485,1.81489,0.22926,0.16836,0.18925,0.60768,0.67834,0.68337,0.3958,0.52239,0.56717,0.53656,0.28824,1.60825,1.61592,1.49189,1.71292,0,0,0,0.000544365,0.000544365,0.000544365
212,3296.63,1.91732,2.09143,1.91152,1.818,0.22946,0.16409,0.18569,0.59712,0.69794,0.67659,0.38864,0.50763,0.60485,0.50597,0.26007,1.61448,1.61446,1.47312,1.71981,0,0,0,0.000542991,0.000542991,0.000542991
213,3311.97,1.94864,2.10308,1.89541,1.83147,0.22985,0.16618,0.18697,0.6983,0.59614,0.65017,0.38147,0.58877,0.50116,0.48816,0.25518,1.60701,1.63544,1.46361,1.7146,0,0,0,0.000541617,0.000541617,0.000541617
214,3327.67,1.88895,2.0186,1.82283,1.79663,0.2217,0.15897,0.17689,0.58196,0.64611,0.65386,0.39514,0.59866,0.46135,0.50198,0.27321,1.56415,1.58876,1.46378,1.69792,0,0,0,0.000540242,0.000540242,0.000540242
215,3343.07,1.81695,2.07188,1.82085,1.82446,0.22716,0.1666,0.18584,0.64142,0.59813,0.6436,0.38779,0.56255,0.48361,0.47054,0.25253,1.56177,1.61303,1.50228,1.68344,0,0,0,0.000538868,0.000538868,0.000538868
216,3358.42,1.83915,2.05632,1.82256,1.80752,0.22467,0.1655,0.18642,0.65568,0.6211,0.66517,0.39313,0.53137,0.50236,0.47576,0.25423,1.56923,1.63024,1.40191,1.68256,0,0,0,0.000537493,0.000537493,0.000537493
217,3373.92,1.87283,2.08765,1.83634,1.82034,0.2133,0.15624,0.17552,0.66381,0.66046,0.67736,0.3953,0.54508,0.53806,0.49026,0.25535,1.58652,1.6006,1.42357,1.69403,0,0,0,0.000536119,0.000536119,0.000536119
218,3389.38,1.85234,2.05351,1.82198,1.8092,0.22448,0.15712,0.17579,0.6366,0.64124,0.68191,0.41632,0.52954,0.54533,0.51926,0.2813,1.58874,1.57632,1.46296,1.70477,0,0,0,0.000534744,0.000534744,0.000534744
219,3404.8,1.86394,2.04533,1.81249,1.81265,0.23249,0.17221,0.19278,0.57819,0.69767,0.66673,0.41044,0.47385,0.6087,0.49765,0.28042,1.56782,1.58288,1.43839,1.67266,0,0,0,0.00053337,0.00053337,0.00053337
220,3420.33,1.85495,2.03898,1.86064,1.82564,0.22359,0.16244,0.18346,0.6853,0.57599,0.64718,0.395,0.5702,0.46628,0.47372,0.25666,1.54753,1.59534,1.46725,1.66854,0,0,0,0.000531995,0.000531995,0.000531995
221,3435.77,1.77445,1.97943,1.72547,1.77218,0.22262,0.16269,0.18276,0.68185,0.56453,0.65036,0.39289,0.57491,0.47478,0.47615,0.25951,1.55129,1.57404,1.45796,1.67086,0,0,0,0.000530621,0.000530621,0.000530621
222,3451.11,1.81011,1.92046,1.77599,1.79434,0.22847,0.16692,0.18591,0.66144,0.63031,0.68878,0.43037,0.5651,0.54957,0.52013,0.29137,1.55348,1.55934,1.43371,1.67099,0,0,0,0.000529247,0.000529247,0.000529247
223,3466.88,1.82313,2.0164,1.87207,1.85383,0.22093,0.1618,0.18183,0.6659,0.65465,0.69137,0.42933,0.55047,0.54014,0.49087,0.26329,1.5616,1.61764,1.4253,1.67035,0,0,0,0.000527872,0.000527872,0.000527872
224,3482.12,1.81765,1.95753,1.76676,1.75146,0.22382,0.16189,0.18176,0.66416,0.61914,0.68407,0.41171,0.57119,0.52838,0.51287,0.25516,1.54345,1.60325,1.38618,1.65917,0,0,0,0.000526498,0.000526498,0.000526498
225,3497.42,1.82417,1.85289,1.74621,1.79177,0.22969,0.16389,0.18542,0.65621,0.63864,0.70288,0.43735,0.52055,0.58113,0.53923,0.29827,1.56104,1.58963,1.39388,1.67259,0,0,0,0.000525123,0.000525123,0.000525123
226,3513.09,1.79063,1.94331,1.7459,1.75433,0.21966,0.1592,0.17919,0.62939,0.63535,0.671,0.41583,0.52361,0.54029,0.49866,0.26882,1.54451,1.58483,1.42053,1.65205,0,0,0,0.000523749,0.000523749,0.000523749
227,3528.43,1.86934,2.09747,1.77145,1.77416,0.21757,0.1615,0.18124,0.65457,0.59446,0.6594,0.40596,0.56702,0.48653,0.49268,0.25668,1.51604,1.64869,1.464,1.6389,0,0,0,0.000522374,0.000522374,0.000522374
228,3543.75,1.84274,2.00679,1.76332,1.78071,0.23028,0.16487,0.18526,0.7063,0.5822,0.69838,0.40914,0.55985,0.50396,0.51692,0.27074,1.53729,1.55388,1.43951,1.66268,0,0,0,0.000521,0.000521,0.000521
229,3559.15,1.8506,1.94443,1.75218,1.76594,0.21922,0.16348,0.18511,0.61967,0.63096,0.67938,0.40737,0.51431,0.52264,0.49981,0.26508,1.53376,1.55987,1.39104,1.65937,0,0,0,0.000519625,0.000519625,0.000519625
230,3574.43,1.75016,1.9672,1.63905,1.71604,0.21887,0.15657,0.17866,0.65403,0.64686,0.67958,0.40111,0.53295,0.57093,0.5288,0.26938,1.50692,1.55599,1.38813,1.63883,0,0,0,0.000518251,0.000518251,0.000518251
231,3589.83,1.86794,2.11794,1.76749,1.78522,0.21427,0.16172,0.1838,0.64476,0.64796,0.68736,0.40879,0.5485,0.54575,0.52665,0.2898,1.52201,1.56881,1.38509,1.64334,0,0,0,0.000516877,0.000516877,0.000516877
232,3605.37,1.90867,2.08173,1.78893,1.78535,0.21342,0.16035,0.18065,0.73453,0.59423,0.69796,0.41065,0.61991,0.49777,0.53202,0.28373,1.53322,1.5853,1.40895,1.64346,0,0,0,0.000515502,0.000515502,0.000515502
233,3620.68,1.82202,1.95673,1.79127,1.78898,0.21793,0.15432,0.17808,0.69759,0.61938,0.70329,0.42524,0.58311,0.50806,0.52399,0.27512,1.52175,1.55734,1.37192,1.64353,0,0,0,0.000514128,0.000514128,0.000514128
234,3635.98,1.83946,2.0208,1.73284,1.75838,0.21937,0.15826,0.18105,0.67901,0.63392,0.70485,0.43346,0.57536,0.53079,0.53348,0.28331,1.49284,1.54892,1.34993,1.6255,0,0,0,0.000512753,0.000512753,0.000512753
235,3651.7,1.78668,1.97832,1.7806,1.80924,0.21195,0.15909,0.17939,0.65635,0.65937,0.68899,0.42329,0.54807,0.55637,0.51815,0.27872,1.51098,1.54962,1.38415,1.63448,0,0,0,0.000511379,0.000511379,0.000511379
236,3666.92,1.82421,1.97104,1.82282,1.80087,0.23035,0.16821,0.19123,0.71535,0.60798,0.69823,0.42112,0.61616,0.51218,0.53587,0.28527,1.49408,1.52955,1.41087,1.6307,0,0,0,0.000510004,0.000510004,0.000510004
237,3682.22,1.79824,2.01143,1.73377,1.75254,0.20678,0.15244,0.17346,0.6266,0.66706,0.70974,0.4455,0.5526,0.60001,0.59096,0.32103,1.46608,1.50347,1.36596,1.61414,0,0,0,0.00050863,0.00050863,0.00050863
238,3697.94,1.86121,2.00513,1.72766,1.74888,0.21123,0.15757,0.17889,0.6886,0.64128,0.71447,0.46056,0.61047,0.55792,0.58659,0.33067,1.48714,1.49656,1.33143,1.62107,0,0,0,0.000507255,0.000507255,0.000507255
239,3713.49,1.80769,2.01133,1.71413,1.75672,0.20781,0.15705,0.177,0.63616,0.67682,0.70183,0.44007,0.52604,0.59022,0.54669,0.30585,1.49498,1.50847,1.34325,1.62363,0,0,0,0.000505881,0.000505881,0.000505881
240,3728.73,1.74794,1.89673,1.65772,1.73638,0.20674,0.15457,0.17507,0.59599,0.68372,0.69988,0.42317,0.50074,0.58889,0.55381,0.29222,1.46513,1.49532,1.34737,1.60755,0,0,0,0.000504506,0.000504506,0.000504506
241,3744.17,1.72498,1.89355,1.67132,1.71594,0.20097,0.14864,0.17055,0.58134,0.73347,0.72247,0.43386,0.50787,0.62673,0.57143,0.30117,1.481,1.5001,1.33246,1.6151,0,0,0,0.000503132,0.000503132,0.000503132
242,3759.49,1.75503,1.88406,1.66948,1.74409,0.21637,0.1584,0.1837,0.6931,0.66945,0.72563,0.46078,0.62094,0.54171,0.55285,0.30765,1.46692,1.52172,1.29837,1.60361,0,0,0,0.000501758,0.000501758,0.000501758
243,3774.74,1.79229,1.94753,1.70893,1.74926,0.2158,0.15612,0.17924,0.61623,0.72461,0.74419,0.47821,0.51322,0.62035,0.5557,0.31682,1.45311,1.50423,1.27751,1.59927,0,0,0,0.000500383,0.000500383,0.000500383
244,3790.37,1.72356,1.87796,1.66232,1.72941,0.20948,0.15363,0.17748,0.66852,0.70169,0.73606,0.45921,0.57103,0.59031,0.54182,0.29656,1.46548,1.47318,1.29573,1.60051,0,0,0,0.000499009,0.000499009,0.000499009
245,3805.67,1.77098,1.91276,1.70688,1.75105,0.21468,0.15733,0.18188,0.65866,0.67029,0.70833,0.4331,0.53132,0.57512,0.50827,0.27385,1.4842,1.48885,1.3602,1.60732,0,0,0,0.000497634,0.000497634,0.000497634
246,3820.84,1.76785,1.88462,1.67481,1.74459,0.2073,0.15473,0.17555,0.66011,0.70235,0.73442,0.44737,0.55335,0.57856,0.53294,0.29609,1.46379,1.50337,1.33865,1.60407,0,0,0,0.00049626,0.00049626,0.00049626
247,3836.32,1.71276,1.83176,1.69803,1.74885,0.20512,0.15214,0.1731,0.6714,0.68649,0.72314,0.43758,0.53635,0.58664,0.52488,0.28225,1.47274,1.50626,1.31524,1.61022,0,0,0,0.000494885,0.000494885,0.000494885
248,3851.48,1.73519,1.88563,1.63134,1.68762,0.20557,0.15034,0.17009,0.73977,0.64807,0.72854,0.42389,0.62501,0.53659,0.53303,0.26813,1.47274,1.51713,1.31318,1.60773,0,0,0,0.000493511,0.000493511,0.000493511
249,3866.79,1.73956,1.95433,1.62449,1.70461,0.21501,0.16158,0.18383,0.6283,0.66464,0.71647,0.43016,0.54313,0.5432,0.54052,0.28102,1.46935,1.51447,1.28205,1.59293,0,0,0,0.000492136,0.000492136,0.000492136
250,3882.35,1.75858,1.93445,1.64445,1.6749,0.21341,0.15658,0.17943,0.69804,0.68255,0.72138,0.42649,0.59466,0.56617,0.5095,0.25581,1.51473,1.52806,1.29531,1.61805,0,0,0,0.000490762,0.000490762,0.000490762
251,3897.71,1.77127,1.96335,1.71127,1.76542,0.20576,0.15124,0.1705,0.74223,0.66161,0.73704,0.44561,0.62704,0.54871,0.51746,0.2637,1.47112,1.49563,1.31377,1.59765,0,0,0,0.000489387,0.000489387,0.000489387
252,3913.05,1.84468,1.98259,1.6914,1.71879,0.20943,0.1501,0.1735,0.73371,0.65347,0.72329,0.45518,0.63459,0.55793,0.54389,0.28669,1.45541,1.48175,1.31731,1.58285,0,0,0,0.000488013,0.000488013,0.000488013
253,3928.78,1.73272,1.92299,1.67237,1.71023,0.21442,0.15512,0.17799,0.71497,0.62157,0.69916,0.42862,0.60107,0.52901,0.51781,0.26973,1.49259,1.56135,1.30664,1.61381,0,0,0,0.000486639,0.000486639,0.000486639
254,3944.04,1.71156,1.95064,1.62957,1.69194,0.20444,0.15794,0.1773,0.72684,0.6334,0.7232,0.46691,0.58985,0.54311,0.52498,0.30623,1.42014,1.45592,1.27567,1.56497,0,0,0,0.000485264,0.000485264,0.000485264
255,3959.43,1.80701,2.09866,1.63924,1.70461,0.21853,0.16142,0.18673,0.6953,0.66398,0.72676,0.46788,0.59014,0.58953,0.55571,0.29881,1.40499,1.43732,1.27176,1.55534,0,0,0,0.00048389,0.00048389,0.00048389
256,3975.01,1.72373,1.91322,1.6308,1.68077,0.20817,0.15638,0.17614,0.61508,0.70802,0.7186,0.44569,0.54242,0.61827,0.55301,0.29509,1.41016,1.43533,1.26592,1.57014,0,0,0,0.000482515,0.000482515,0.000482515
257,3990.31,1.78956,1.96626,1.64079,1.70572,0.19649,0.14696,0.16641,0.6864,0.67908,0.73083,0.4419,0.59336,0.58482,0.54159,0.29609,1.38714,1.44074,1.23473,1.55289,0,0,0,0.000481141,0.000481141,0.000481141
258,4005.63,1.68037,1.90167,1.60054,1.68773,0.20543,0.15177,0.17387,0.72033,0.66433,0.74471,0.46828,0.6211,0.57582,0.55988,0.30511,1.39924,1.46913,1.25279,1.55582,0,0,0,0.000479766,0.000479766,0.000479766
259,4021.09,1.77665,2.12412,1.65565,1.68161,0.2033,0.15277,0.17359,0.69128,0.70334,0.74532,0.45796,0.59804,0.60598,0.56364,0.31101,1.44514,1.47748,1.26631,1.57821,0,0,0,0.000478392,0.000478392,0.000478392
260,4036.56,1.8208,1.95421,1.65059,1.68831,0.20717,0.15462,0.17465,0.66564,0.73157,0.73393,0.47577,0.53946,0.64403,0.56153,0.32674,1.41981,1.44786,1.27182,1.56216,0,0,0,0.000477017,0.000477017,0.000477017
261,4052.11,1.7847,1.90022,1.64597,1.67202,0.21621,0.15008,0.17499,0.70628,0.71032,0.74329,0.46349,0.63383,0.59358,0.58529,0.32379,1.39864,1.42375,1.26293,1.54874,0,0,0,0.000475643,0.000475643,0.000475643
262,4067.73,1.73509,1.86876,1.61443,1.68943,0.1986,0.14778,0.16708,0.70279,0.69098,0.75238,0.46468,0.61091,0.58733,0.57632,0.328,1.41407,1.42996,1.24035,1.56074,0,0,0,0.000474269,0.000474269,0.000474269
263,4083.14,1.77393,1.85368,1.59324,1.65405,0.20798,0.14955,0.1707,0.72936,0.66613,0.73323,0.46939,0.63023,0.57305,0.54427,0.31333,1.40943,1.45783,1.2388,1.55203,0,0,0,0.000472894,0.000472894,0.000472894
264,4098.44,1.71601,1.88325,1.61879,1.71266,0.20004,0.15881,0.17884,0.69429,0.68572,0.73691,0.46538,0.54728,0.60967,0.52807,0.29072,1.42508,1.45376,1.28692,1.55985,0,0,0,0.00047152,0.00047152,0.00047152
265,4114.09,1.75896,1.89364,1.65854,1.7071,0.20805,0.15909,0.17831,0.69979,0.67813,0.7344,0.47406,0.58296,0.58378,0.54161,0.31357,1.37495,1.42179,1.26573,1.5367,0,0,0,0.000470145,0.000470145,0.000470145
266,4129.51,1.72759,1.94962,1.65795,1.71203,0.20927,0.15589,0.1812,0.65566,0.70215,0.72877,0.45842,0.56628,0.61198,0.54944,0.29731,1.37444,1.4164,1.27365,1.53713,0,0,0,0.000468771,0.000468771,0.000468771
267,4144.76,1.62304,1.922,1.6088,1.70722,0.20277,0.15125,0.17584,0.70926,0.68933,0.75608,0.48647,0.61525,0.58816,0.5786,0.31889,1.37962,1.43751,1.26239,1.53193,0,0,0,0.000467396,0.000467396,0.000467396
268,4160.61,1.748,1.94183,1.59825,1.65803,0.19883,0.14664,0.16634,0.73971,0.6834,0.75337,0.49464,0.69596,0.60105,0.60585,0.34668,1.35733,1.45225,1.2775,1.52272,0,0,0,0.000466022,0.000466022,0.000466022
269,4176.24,1.70255,1.80688,1.60879,1.66891,0.21485,0.15828,0.18148,0.69745,0.71683,0.74184,0.47535,0.60509,0.62704,0.58388,0.31999,1.39107,1.43473,1.25691,1.52965,0,0,0,0.000464647,0.000464647,0.000464647
270,4191.6,1.71967,1.92216,1.60307,1.68429,0.20829,0.15394,0.17875,0.72811,0.6743,0.75125,0.48396,0.64991,0.58663,0.5888,0.3135,1.38414,1.41788,1.23668,1.52937,0,0,0,0.000463273,0.000463273,0.000463273
271,4207.11,1.75655,1.8911,1.60367,1.66472,0.20085,0.14946,0.16902,0.66641,0.73956,0.76786,0.50724,0.58322,0.64948,0.61726,0.34369,1.36553,1.38774,1.2165,1.51207,0,0,0,0.000461898,0.000461898,0.000461898
272,4222.7,1.71018,1.7769,1.62191,1.68431,0.21178,0.15292,0.17489,0.67154,0.74235,0.77072,0.5022,0.57665,0.64228,0.60472,0.33676,1.39126,1.39976,1.23548,1.53241,0,0,0,0.000460524,0.000460524,0.000460524
273,4238.04,1.74764,1.8152,1.64688,1.68249,0.20617,0.14717,0.1663,0.70967,0.69332,0.7665,0.49149,0.60835,0.60104,0.60263,0.33551,1.38102,1.40154,1.23379,1.54029,0,0,0,0.00045915,0.00045915,0.00045915
274,4253.64,1.77044,1.8633,1.66969,1.71496,0.21173,0.15598,0.17666,0.73191,0.67962,0.75646,0.48544,0.63927,0.59401,0.61323,0.33317,1.39708,1.44059,1.25461,1.53899,0,0,0,0.000457775,0.000457775,0.000457775
275,4268.9,1.70467,1.85136,1.60724,1.69664,0.20454,0.14968,0.1724,0.80249,0.64904,0.77057,0.49168,0.71288,0.56993,0.62701,0.34194,1.37228,1.41589,1.23002,1.52025,0,0,0,0.000456401,0.000456401,0.000456401
276,4284.2,1.71125,1.79154,1.58883,1.70247,0.2059,0.15161,0.17499,0.71347,0.76303,0.77905,0.50745,0.65047,0.67281,0.64373,0.34816,1.38412,1.42208,1.21721,1.5306,0,0,0,0.000455026,0.000455026,0.000455026
277,4299.99,1.68813,1.81665,1.62796,1.70844,0.22279,0.16228,0.18644,0.6871,0.77019,0.77696,0.50829,0.59078,0.69209,0.62853,0.34577,1.3624,1.42047,1.22459,1.51864,0,0,0,0.000453652,0.000453652,0.000453652
278,4315.32,1.72463,1.86454,1.65937,1.70947,0.20733,0.15406,0.17696,0.74003,0.70293,0.77573,0.50713,0.65024,0.62037,0.61287,0.34288,1.35338,1.43308,1.21931,1.50937,0,0,0,0.000452277,0.000452277,0.000452277
279,4330.64,1.6104,1.65662,1.57593,1.71741,0.20301,0.15211,0.17456,0.79382,0.63623,0.79179,0.5149,0.65958,0.5776,0.64587,0.34999,1.3444,1.41359,1.18076,1.51036,0,0,0,0.000450903,0.000450903,0.000450903
280,4346.33,1.63613,1.83207,1.5372,1.63512,0.20498,0.15404,0.17709,0.73006,0.68156,0.78753,0.50642,0.59709,0.63692,0.6356,0.34422,1.33091,1.39824,1.17206,1.49319,0,0,0,0.000449528,0.000449528,0.000449528
281,4361.82,1.70215,1.95578,1.55231,1.63454,0.19692,0.14863,0.16844,0.73005,0.70147,0.7654,0.50842,0.65068,0.61001,0.61845,0.339,1.31815,1.41918,1.1901,1.47962,0,0,0,0.000448154,0.000448154,0.000448154
282,4377.14,1.69301,1.96894,1.51186,1.61187,0.20196,0.15025,0.17306,0.72301,0.72726,0.75331,0.49523,0.65399,0.59513,0.60391,0.33958,1.32032,1.39288,1.15083,1.48209,0,0,0,0.00044678,0.00044678,0.00044678
283,4392.71,1.71988,1.77333,1.60828,1.69238,0.21405,0.15503,0.179,0.66037,0.74015,0.76971,0.49769,0.57476,0.65864,0.61464,0.34449,1.3376,1.37899,1.17866,1.49267,0,0,0,0.000445405,0.000445405,0.000445405
284,4408.01,1.66291,1.77716,1.56764,1.66238,0.20885,0.14934,0.17397,0.70234,0.73555,0.77867,0.51359,0.61055,0.63884,0.6285,0.35334,1.34948,1.3975,1.18495,1.49938,0,0,0,0.000444031,0.000444031,0.000444031
285,4423.57,1.64599,1.90017,1.49265,1.63183,0.20137,0.15209,0.1757,0.7164,0.7526,0.79437,0.53316,0.63362,0.65032,0.63524,0.36129,1.34111,1.39831,1.19067,1.5076,0,0,0,0.000442656,0.000442656,0.000442656
286,4439.48,1.70619,1.8987,1.56544,1.66094,0.19406,0.15107,0.17027,0.77584,0.69634,0.78447,0.52183,0.67541,0.6036,0.60972,0.34558,1.33076,1.3854,1.18022,1.50073,0,0,0,0.000441282,0.000441282,0.000441282
287,4454.77,1.68195,1.87478,1.6008,1.68044,0.19711,0.14846,0.17179,0.79982,0.70318,0.79426,0.53401,0.70043,0.62098,0.62322,0.35009,1.32844,1.37881,1.14721,1.49483,0,0,0,0.000439907,0.000439907,0.000439907
288,4470.01,1.70703,2.00976,1.52302,1.62191,0.19885,0.15131,0.17262,0.80014,0.66913,0.81611,0.54239,0.65255,0.6142,0.64321,0.36451,1.3289,1.40527,1.1478,1.49175,0,0,0,0.000438533,0.000438533,0.000438533
289,4485.83,1.64923,1.89079,1.55719,1.6175,0.198,0.14874,0.17245,0.71374,0.71446,0.78674,0.53021,0.62321,0.62758,0.62006,0.36291,1.3254,1.38127,1.14244,1.49134,0,0,0,0.000437158,0.000437158,0.000437158
290,4501.28,1.6529,1.79866,1.54888,1.63252,0.20036,0.1496,0.17182,0.76051,0.65629,0.78308,0.52342,0.64753,0.57937,0.61525,0.34744,1.31459,1.3604,1.18324,1.48529,0,0,0,0.000435784,0.000435784,0.000435784
291,4516.6,1.64498,1.79527,1.5411,1.61959,0.19241,0.14466,0.16786,0.7433,0.68483,0.78327,0.52964,0.65801,0.60329,0.62608,0.34978,1.35752,1.39832,1.23058,1.49825,0,0,0,0.000434409,0.000434409,0.000434409
292,4532.31,1.60389,1.72757,1.53069,1.64207,0.1967,0.15494,0.17455,0.71181,0.76176,0.79117,0.5424,0.64246,0.67725,0.6463,0.37614,1.3033,1.40122,1.17349,1.46701,0,0,0,0.000433035,0.000433035,0.000433035
293,4547.81,1.65749,1.9285,1.49987,1.63736,0.2107,0.15728,0.18,0.80301,0.68688,0.80366,0.54355,0.71709,0.58996,0.66012,0.38592,1.30535,1.36805,1.1537,1.47064,0,0,0,0.000431661,0.000431661,0.000431661
294,4563.5,1.63608,1.84564,1.53408,1.62934,0.19726,0.14319,0.16669,0.7557,0.73852,0.79423,0.54146,0.69812,0.63197,0.63522,0.37465,1.30184,1.37087,1.14009,1.47087,0,0,0,0.000430286,0.000430286,0.000430286
295,4579.02,1.59009,1.82934,1.5158,1.66146,0.19789,0.14709,0.1689,0.82342,0.70622,0.81632,0.55188,0.74949,0.60312,0.64987,0.39853,1.31432,1.3313,1.12493,1.47049,0,0,0,0.000428912,0.000428912,0.000428912
296,4594.74,1.61265,1.79378,1.48753,1.59349,0.18854,0.14288,0.16249,0.75592,0.76631,0.81833,0.55942,0.67731,0.68285,0.65599,0.37859,1.29534,1.35061,1.14118,1.46664,0,0,0,0.000427537,0.000427537,0.000427537
297,4610.15,1.62799,1.71713,1.49354,1.59317,0.19719,0.14661,0.1672,0.75337,0.71428,0.81002,0.55178,0.66486,0.63912,0.65933,0.36545,1.30332,1.37792,1.17066,1.46903,0,0,0,0.000426163,0.000426163,0.000426163
298,4625.52,1.59963,1.71872,1.52754,1.64535,0.20095,0.15336,0.17524,0.74647,0.74056,0.80254,0.55186,0.67615,0.66135,0.65999,0.38566,1.27038,1.35466,1.16227,1.45532,0,0,0,0.000424788,0.000424788,0.000424788
299,4640.83,1.66567,1.78642,1.50152,1.62873,0.20069,0.15112,0.17437,0.73968,0.74857,0.8026,0.54226,0.67389,0.65794,0.65924,0.37385,1.27579,1.34755,1.13184,1.45783,0,0,0,0.000423414,0.000423414,0.000423414
300,4656.16,1.64817,1.87094,1.492,1.62468,0.19186,0.14237,0.16394,0.7754,0.73268,0.79198,0.54479,0.6818,0.64002,0.63905,0.38673,1.27848,1.35223,1.12689,1.45859,0,0,0,0.000422039,0.000422039,0.000422039
301,4671.68,1.61411,1.83081,1.48804,1.64047,0.2063,0.15597,0.17844,0.79108,0.72589,0.81824,0.55706,0.68959,0.63937,0.65875,0.40626,1.28838,1.33691,1.13083,1.46179,0,0,0,0.000420665,0.000420665,0.000420665
302,4687.27,1.66433,1.76777,1.55292,1.67413,0.20555,0.14461,0.16783,0.73023,0.76878,0.81748,0.56364,0.6257,0.6697,0.63427,0.39657,1.3002,1.338,1.13386,1.46681,0,0,0,0.000419291,0.000419291,0.000419291
303,4702.54,1.59522,1.77375,1.46619,1.64408,0.19556,0.148,0.1694,0.7971,0.72313,0.81865,0.55077,0.70027,0.62486,0.6552,0.37824,1.29579,1.3503,1.15749,1.45637,0,0,0,0.000417916,0.000417916,0.000417916
304,4717.97,1.60982,1.79855,1.54418,1.63322,0.18888,0.13896,0.16054,0.81451,0.69688,0.82836,0.55597,0.719,0.60798,0.65684,0.38769,1.27074,1.33701,1.111,1.44769,0,0,0,0.000416542,0.000416542,0.000416542
305,4733.4,1.62811,1.73813,1.48669,1.60115,0.19646,0.14483,0.16812,0.81858,0.67314,0.82598,0.55171,0.73508,0.59818,0.68154,0.38872,1.27723,1.32799,1.11296,1.45152,0,0,0,0.000415167,0.000415167,0.000415167
306,4748.66,1.64132,1.75315,1.50935,1.61524,0.19785,0.14601,0.16742,0.85135,0.66266,0.81182,0.55034,0.75419,0.57992,0.6543,0.37664,1.27984,1.31909,1.14864,1.44849,0,0,0,0.000413793,0.000413793,0.000413793
307,4764.09,1.66195,1.88722,1.48486,1.61765,0.19939,0.14773,0.16977,0.75602,0.68764,0.81438,0.55067,0.64483,0.60441,0.64689,0.36792,1.29557,1.33338,1.12651,1.45293,0,0,0,0.000412418,0.000412418,0.000412418
308,4779.39,1.6405,1.82478,1.45481,1.60387,0.1936,0.14679,0.16738,0.68482,0.77151,0.81548,0.55135,0.58416,0.66224,0.62186,0.36429,1.29558,1.35163,1.12253,1.45713,0,0,0,0.000411044,0.000411044,0.000411044
309,4794.76,1.54042,1.76707,1.44112,1.58548,0.20367,0.15211,0.17712,0.70122,0.7806,0.81587,0.56152,0.67319,0.65584,0.67918,0.40117,1.2733,1.32796,1.1116,1.44504,0,0,0,0.000409669,0.000409669,0.000409669
310,4810.18,1.62469,1.78301,1.44179,1.60821,0.18969,0.14046,0.16293,0.71468,0.76736,0.8169,0.56128,0.66052,0.65254,0.66691,0.40521,1.26862,1.32054,1.10025,1.45126,0,0,0,0.000408295,0.000408295,0.000408295
311,4825.78,1.63347,1.80015,1.49509,1.60869,0.20011,0.14644,0.16983,0.75485,0.71613,0.79926,0.54646,0.66705,0.64192,0.64104,0.37803,1.26541,1.33563,1.11259,1.44254,0,0,0,0.00040692,0.00040692,0.00040692
312,4841.1,1.61361,1.82501,1.5015,1.58407,0.19766,0.14451,0.16814,0.80361,0.73835,0.83227,0.58105,0.73151,0.65557,0.69948,0.42243,1.25721,1.31053,1.09316,1.43568,0,0,0,0.000405546,0.000405546,0.000405546
313,4856.86,1.66203,1.86752,1.47817,1.5922,0.20157,0.15063,0.17298,0.83562,0.72388,0.83108,0.57385,0.74261,0.63941,0.68956,0.40412,1.25826,1.31839,1.08209,1.42977,0,0,0,0.000404172,0.000404172,0.000404172
314,4872.27,1.59762,1.76913,1.47163,1.60739,0.19507,0.14563,0.16471,0.75091,0.72697,0.81838,0.5504,0.71629,0.62935,0.67473,0.37184,1.28586,1.36128,1.10478,1.44984,0,0,0,0.000402797,0.000402797,0.000402797
315,4887.53,1.60304,1.77706,1.43534,1.57222,0.20777,0.15097,0.17625,0.78136,0.72562,0.82732,0.56494,0.73963,0.6429,0.6972,0.40422,1.26582,1.34232,1.09959,1.44132,0,0,0,0.000401423,0.000401423,0.000401423
316,4902.88,1.66947,1.9319,1.43933,1.58959,0.20375,0.1557,0.17835,0.70918,0.74554,0.81253,0.55095,0.6438,0.66341,0.66684,0.37937,1.26148,1.33714,1.10133,1.44524,0,0,0,0.000400048,0.000400048,0.000400048
317,4918.27,1.6066,1.81075,1.43102,1.55764,0.19618,0.14596,0.16805,0.7228,0.73375,0.8153,0.54369,0.63824,0.65763,0.66097,0.38439,1.2468,1.33306,1.09401,1.43218,0,0,0,0.000398674,0.000398674,0.000398674
318,4933.56,1.54747,1.66978,1.4305,1.5876,0.19105,0.14876,0.17033,0.76999,0.71085,0.81155,0.54255,0.73958,0.58917,0.66074,0.3803,1.23603,1.32621,1.10043,1.42199,0,0,0,0.000397299,0.000397299,0.000397299
319,4949.13,1.55265,1.7877,1.41874,1.55866,0.18558,0.14704,0.16554,0.74091,0.72266,0.81307,0.54437,0.66143,0.64597,0.66338,0.38086,1.24779,1.32637,1.09503,1.42319,0,0,0,0.000395925,0.000395925,0.000395925
320,4964.47,1.58099,1.81825,1.38875,1.56435,0.19129,0.14883,0.16984,0.6576,0.78374,0.80672,0.53551,0.59707,0.69106,0.64281,0.36344,1.25003,1.3172,1.09482,1.423,0,0,0,0.00039455,0.00039455,0.00039455
321,4979.78,1.58195,1.78173,1.45117,1.57338,0.19534,0.1401,0.16438,0.6827,0.77049,0.81293,0.54563,0.63902,0.62532,0.64864,0.37078,1.24383,1.33646,1.0769,1.42043,0,0,0,0.000393176,0.000393176,0.000393176
322,4995.29,1.60333,1.847,1.44955,1.59195,0.20301,0.15452,0.17821,0.75251,0.74701,0.81313,0.54169,0.65188,0.69121,0.65965,0.37055,1.24789,1.33383,1.09793,1.42042,0,0,0,0.000391802,0.000391802,0.000391802
323,5010.59,1.5838,1.77807,1.3968,1.52727,0.19669,0.14657,0.16761,0.73389,0.76197,0.82793,0.56996,0.62394,0.70846,0.6726,0.39193,1.22711,1.31228,1.11863,1.41374,0,0,0,0.000390427,0.000390427,0.000390427
324,5025.96,1.63876,1.82326,1.43559,1.57909,0.19383,0.14648,0.16788,0.80373,0.71524,0.84773,0.58847,0.71532,0.63924,0.70268,0.40779,1.23266,1.29434,1.05318,1.41465,0,0,0,0.000389053,0.000389053,0.000389053
325,5041.41,1.62655,1.79401,1.4303,1.58562,0.19731,0.14957,0.16986,0.72204,0.77802,0.84892,0.59576,0.65014,0.70044,0.69253,0.42072,1.21348,1.28812,1.05448,1.39714,0,0,0,0.000387678,0.000387678,0.000387678
326,5056.96,1.56532,1.72773,1.41037,1.59845,0.19143,0.14415,0.16729,0.71946,0.7587,0.8391,0.58257,0.62134,0.68808,0.68307,0.41151,1.22927,1.27064,1.0476,1.40901,0,0,0,0.000386304,0.000386304,0.000386304
327,5072.36,1.61596,1.76102,1.42832,1.5699,0.19454,0.13884,0.16311,0.77416,0.71504,0.8304,0.58469,0.69083,0.6503,0.70813,0.41775,1.23685,1.28402,1.05509,1.42187,0,0,0,0.000384929,0.000384929,0.000384929
328,5087.9,1.6032,1.84766,1.42325,1.55143,0.20332,0.15174,0.17366,0.77498,0.74903,0.83584,0.58936,0.70479,0.67613,0.69102,0.41024,1.22372,1.29282,1.07956,1.40582,0,0,0,0.000383555,0.000383555,0.000383555
329,5103.27,1.55131,1.70705,1.40655,1.5615,0.19359,0.14712,0.16762,0.7818,0.77356,0.83441,0.58038,0.72166,0.70337,0.69849,0.40575,1.21832,1.27536,1.111,1.40793,0,0,0,0.00038218,0.00038218,0.00038218
330,5118.53,1.58146,1.75131,1.456,1.58503,0.19473,0.14351,0.16456,0.80719,0.75705,0.83015,0.59379,0.72827,0.64969,0.66779,0.42087,1.22897,1.27819,1.09929,1.41717,0,0,0,0.000380806,0.000380806,0.000380806
331,5134.22,1.56514,1.71965,1.39652,1.56646,0.19036,0.14076,0.16412,0.78046,0.75692,0.83425,0.59536,0.71845,0.68303,0.67754,0.42093,1.23269,1.30818,1.06264,1.41633,0,0,0,0.000379431,0.000379431,0.000379431
332,5149.52,1.55767,1.66305,1.40908,1.57028,0.18802,0.14903,0.16723,0.81112,0.76445,0.84928,0.59008,0.74234,0.6898,0.70428,0.40933,1.22609,1.27639,1.04996,1.41039,0,0,0,0.000378057,0.000378057,0.000378057
333,5164.99,1.54218,1.76862,1.39947,1.57196,0.19652,0.15019,0.17173,0.78923,0.73348,0.8387,0.59295,0.74118,0.65633,0.70441,0.41557,1.23449,1.28077,1.066,1.41237,0,0,0,0.000376683,0.000376683,0.000376683
334,5180.45,1.48766,1.79485,1.41262,1.5417,0.20113,0.14308,0.16696,0.77833,0.72037,0.84116,0.59242,0.69246,0.65232,0.7081,0.42189,1.23043,1.27544,1.06854,1.41468,0,0,0,0.000375308,0.000375308,0.000375308
335,5195.81,1.59545,1.79387,1.35934,1.52749,0.1909,0.14584,0.16804,0.71224,0.78958,0.84615,0.59602,0.66303,0.70562,0.70438,0.42534,1.2089,1.29741,1.04109,1.39919,0,0,0,0.000373934,0.000373934,0.000373934
336,5211.43,1.56276,1.69373,1.44073,1.61933,0.20482,0.15227,0.17687,0.78157,0.77942,0.85498,0.60758,0.7018,0.6993,0.70658,0.42982,1.21443,1.28545,1.02907,1.39809,0,0,0,0.000372559,0.000372559,0.000372559
337,5227.25,1.60726,1.84746,1.40534,1.57541,0.20696,0.15763,0.17917,0.73743,0.77271,0.84788,0.58885,0.69759,0.66144,0.68594,0.41586,1.21688,1.30094,1.0393,1.40573,0,0,0,0.000371185,0.000371185,0.000371185
338,5242.49,1.54285,1.67912,1.42513,1.55628,0.18287,0.13809,0.15964,0.69634,0.79117,0.8362,0.56241,0.61239,0.70311,0.66347,0.38346,1.22294,1.28936,1.04756,1.41668,0,0,0,0.00036981,0.00036981,0.00036981
339,5257.84,1.59116,1.73878,1.38903,1.57198,0.1951,0.15012,0.16855,0.70061,0.77831,0.83709,0.56907,0.61545,0.6962,0.6723,0.38893,1.20655,1.2788,1.03335,1.39937,0,0,0,0.000368436,0.000368436,0.000368436
340,5273.27,1.59889,1.7419,1.41518,1.54444,0.18433,0.13766,0.15703,0.84152,0.7338,0.84328,0.56907,0.75038,0.66075,0.69204,0.3955,1.20747,1.28412,1.05786,1.3933,0,0,0,0.000367061,0.000367061,0.000367061
341,5288.61,1.54411,1.67638,1.39528,1.54652,0.19027,0.14243,0.16809,0.85532,0.68394,0.83281,0.5785,0.73952,0.6329,0.67678,0.40344,1.20502,1.26902,1.05119,1.3895,0,0,0,0.000365687,0.000365687,0.000365687
342,5303.92,1.55039,1.78117,1.39259,1.56552,0.19485,0.1504,0.17143,0.86149,0.71192,0.84998,0.58872,0.75867,0.63787,0.68106,0.41238,1.19809,1.25705,1.0226,1.38542,0,0,0,0.000364313,0.000364313,0.000364313
343,5319.45,1.56319,1.78087,1.40384,1.55352,0.18935,0.14392,0.16519,0.76895,0.70266,0.8235,0.56796,0.72791,0.58337,0.64945,0.39449,1.2314,1.31807,1.04961,1.39914,0,0,0,0.000362938,0.000362938,0.000362938
344,5334.84,1.6015,1.73321,1.47288,1.60113,0.18907,0.13852,0.16043,0.77915,0.7195,0.83465,0.57539,0.70205,0.65383,0.69545,0.41209,1.20227,1.29473,1.0597,1.39204,0,0,0,0.000361564,0.000361564,0.000361564
345,5350.2,1.57218,1.80317,1.42642,1.56436,0.1829,0.13568,0.15643,0.75502,0.74681,0.841,0.5762,0.66664,0.68905,0.70098,0.40963,1.20705,1.27132,1.05452,1.39219,0,0,0,0.000360189,0.000360189,0.000360189
346,5365.64,1.54509,1.56145,1.42163,1.57856,0.19023,0.14261,0.16555,0.75516,0.73278,0.848,0.58914,0.66727,0.66854,0.70257,0.41122,1.20429,1.29074,1.04855,1.38809,0,0,0,0.000358815,0.000358815,0.000358815
347,5380.84,1.55584,1.75044,1.446,1.57629,0.18582,0.14016,0.16438,0.81322,0.69793,0.8406,0.58184,0.65229,0.66328,0.68879,0.41316,1.21524,1.28843,1.04392,1.39424,0,0,0,0.00035744,0.00035744,0.00035744
348,5396.11,1.57014,1.79581,1.38794,1.56641,0.19483,0.14711,0.17227,0.81839,0.72055,0.83441,0.57693,0.72119,0.63394,0.68285,0.40594,1.20207,1.28075,1.04341,1.38637,0,0,0,0.000356066,0.000356066,0.000356066
349,5411.75,1.66763,1.90584,1.38983,1.51634,0.18299,0.14287,0.16234,0.7614,0.77172,0.82302,0.57465,0.68616,0.70267,0.68601,0.41103,1.21059,1.26817,1.04935,1.39244,0,0,0,0.000354691,0.000354691,0.000354691
350,5427.28,1.51793,1.65324,1.34737,1.54374,0.20641,0.15007,0.17627,0.83551,0.72448,0.84395,0.59967,0.76474,0.67514,0.71475,0.4246,1.18205,1.24975,1.02796,1.37723,0,0,0,0.000353317,0.000353317,0.000353317
351,5442.61,1.50282,1.73959,1.36474,1.5385,0.18954,0.14119,0.16369,0.76712,0.76934,0.85237,0.61203,0.70177,0.70434,0.72372,0.43077,1.17131,1.25693,1.01258,1.37105,0,0,0,0.000351942,0.000351942,0.000351942
352,5458.33,1.53168,1.6735,1.35115,1.52709,0.19712,0.14418,0.16484,0.81497,0.74774,0.85611,0.61271,0.74161,0.6803,0.72671,0.44557,1.17696,1.27057,1.00632,1.37293,0,0,0,0.000350568,0.000350568,0.000350568
353,5473.96,1.55206,1.77286,1.39621,1.52996,0.20566,0.15272,0.17909,0.79654,0.75359,0.8623,0.62441,0.71351,0.67735,0.69868,0.43332,1.16801,1.25763,0.99429,1.36839,0,0,0,0.000349194,0.000349194,0.000349194
354,5489.41,1.51202,1.70306,1.34491,1.53231,0.1983,0.15246,0.17379,0.75252,0.77385,0.85568,0.61171,0.67123,0.69302,0.67937,0.41617,1.18123,1.24951,0.9998,1.38092,0,0,0,0.000347819,0.000347819,0.000347819
355,5504.9,1.55065,1.71609,1.37592,1.54397,0.18289,0.14076,0.16102,0.82942,0.74189,0.85282,0.60048,0.74819,0.65537,0.69029,0.4214,1.162,1.24948,1.0245,1.3679,0,0,0,0.000346445,0.000346445,0.000346445
356,5520.31,1.42488,1.59614,1.33193,1.54003,0.18418,0.1485,0.16477,0.82773,0.7281,0.84651,0.59831,0.76473,0.63457,0.68144,0.41702,1.15803,1.25094,1.03445,1.36385,0,0,0,0.00034507,0.00034507,0.00034507
357,5535.59,1.45286,1.58668,1.34291,1.56516,0.18744,0.14309,0.16405,0.84764,0.72961,0.85387,0.60942,0.79337,0.62776,0.70119,0.42992,1.16122,1.25222,1.02382,1.36496,0,0,0,0.000343696,0.000343696,0.000343696
358,5551.07,1.49431,1.74019,1.34048,1.54442,0.18808,0.14315,0.16393,0.78273,0.79379,0.85817,0.6035,0.69795,0.7179,0.70145,0.42283,1.17943,1.24941,1.01326,1.37152,0,0,0,0.000342321,0.000342321,0.000342321
359,5566.45,1.52017,1.64047,1.33957,1.53168,0.19459,0.14698,0.16804,0.77103,0.76314,0.86049,0.60971,0.68864,0.68318,0.71195,0.43652,1.17905,1.26817,1.02141,1.36892,0,0,0,0.000340947,0.000340947,0.000340947
360,5581.75,1.5088,1.56386,1.35024,1.53104,0.18421,0.13474,0.15874,0.74951,0.76471,0.85593,0.61116,0.67479,0.68582,0.70712,0.42228,1.17872,1.2386,1.01482,1.36727,0,0,0,0.000339572,0.000339572,0.000339572
361,5597.24,1.55052,1.6017,1.37599,1.53389,0.19679,0.14341,0.16343,0.74325,0.75634,0.8481,0.60516,0.68459,0.67056,0.7004,0.42355,1.18703,1.24533,1.047,1.37118,0,0,0,0.000338198,0.000338198,0.000338198
362,5612.49,1.50661,1.63192,1.33012,1.53568,0.18406,0.14326,0.16343,0.78037,0.7237,0.84813,0.61196,0.7052,0.65495,0.69817,0.43649,1.17671,1.26592,1.06254,1.36078,0,0,0,0.000336824,0.000336824,0.000336824
363,5627.77,1.48886,1.69542,1.36377,1.55226,0.20202,0.14792,0.16971,0.7458,0.76221,0.84921,0.61378,0.66756,0.67906,0.69504,0.42645,1.16,1.26567,1.01566,1.35582,0,0,0,0.000335449,0.000335449,0.000335449
364,5643.29,1.52396,1.66792,1.34176,1.53231,0.19385,0.14007,0.16426,0.72064,0.78431,0.83865,0.59917,0.67826,0.70649,0.70569,0.42031,1.16086,1.24331,0.9973,1.3558,0,0,0,0.000334075,0.000334075,0.000334075
365,5658.67,1.46383,1.6783,1.32545,1.51854,0.18943,0.13677,0.16124,0.79475,0.77881,0.86352,0.61139,0.72067,0.70307,0.71361,0.43367,1.17315,1.23209,0.98936,1.35761,0,0,0,0.0003327,0.0003327,0.0003327
366,5673.97,1.4693,1.619,1.30553,1.51866,0.18275,0.13884,0.15989,0.81005,0.79338,0.86896,0.60736,0.75077,0.70229,0.71165,0.43833,1.16292,1.23818,0.98309,1.35583,0,0,0,0.000331326,0.000331326,0.000331326
367,5689.48,1.47751,1.62133,1.34115,1.54033,0.18429,0.1418,0.16358,0.82331,0.78141,0.87294,0.62365,0.73438,0.70073,0.72953,0.44437,1.14446,1.24726,0.99734,1.34823,0,0,0,0.000329951,0.000329951,0.000329951
368,5705.03,1.50038,1.7293,1.31334,1.50325,0.17895,0.13077,0.15381,0.8031,0.77219,0.87434,0.62566,0.72065,0.69725,0.74102,0.44744,1.15465,1.24358,0.98771,1.34561,0,0,0,0.000328577,0.000328577,0.000328577
369,5720.77,1.50616,1.75683,1.36166,1.52462,0.19062,0.14512,0.16833,0.8635,0.75607,0.87216,0.60945,0.77475,0.67849,0.73296,0.4349,1.18412,1.2451,0.98853,1.36193,0,0,0,0.000327202,0.000327202,0.000327202
370,5736.31,1.54738,1.76804,1.34666,1.52332,0.19933,0.15464,0.17557,0.8409,0.7331,0.86722,0.60831,0.76326,0.66525,0.7257,0.43368,1.16837,1.23957,0.996,1.35585,0,0,0,0.000325828,0.000325828,0.000325828
371,5751.66,1.59919,1.75848,1.37338,1.51748,0.18812,0.14329,0.16709,0.73973,0.79806,0.86443,0.61619,0.6761,0.73019,0.72447,0.4373,1.15536,1.22886,1.01003,1.34314,0,0,0,0.000324453,0.000324453,0.000324453
372,5766.97,1.4899,1.65081,1.32617,1.47884,0.19396,0.14324,0.16705,0.77752,0.78704,0.87311,0.61715,0.70793,0.70955,0.73697,0.43686,1.1595,1.22907,0.98799,1.35263,0,0,0,0.000323079,0.000323079,0.000323079
373,5782.43,1.45978,1.64985,1.31355,1.51099,0.18483,0.1365,0.16029,0.77298,0.79666,0.8685,0.61732,0.67983,0.74612,0.73733,0.42591,1.15507,1.22893,0.97541,1.35288,0,0,0,0.000321705,0.000321705,0.000321705
374,5797.71,1.46576,1.59397,1.30092,1.51039,0.17311,0.13333,0.15112,0.76359,0.80545,0.86654,0.61499,0.6743,0.73079,0.70386,0.41817,1.15694,1.24549,0.98533,1.35319,0,0,0,0.00032033,0.00032033,0.00032033
375,5812.97,1.42905,1.60564,1.26378,1.47329,0.18144,0.14246,0.16414,0.78956,0.77379,0.8644,0.60293,0.68369,0.67757,0.67699,0.40436,1.16194,1.26663,0.99998,1.35909,0,0,0,0.000318956,0.000318956,0.000318956
376,5828.41,1.43516,1.56487,1.30271,1.48487,0.18341,0.13747,0.15964,0.76827,0.77255,0.85364,0.59877,0.67277,0.68122,0.67588,0.41187,1.14862,1.22205,0.99376,1.34855,0,0,0,0.000317581,0.000317581,0.000317581
377,5843.79,1.49913,1.67088,1.32389,1.50861,0.18198,0.13965,0.16076,0.80348,0.75444,0.85416,0.61416,0.70404,0.66531,0.67769,0.41112,1.12985,1.23384,0.98709,1.33594,0,0,0,0.000316207,0.000316207,0.000316207
378,5859.18,1.45886,1.64803,1.27439,1.49402,0.19161,0.15423,0.17738,0.8402,0.74174,0.85961,0.60893,0.76354,0.69023,0.73213,0.42069,1.13103,1.21658,0.972,1.34169,0,0,0,0.000314832,0.000314832,0.000314832
379,5874.64,1.45161,1.60909,1.27857,1.51178,0.19006,0.14735,0.16967,0.78233,0.78919,0.86581,0.61055,0.71071,0.72089,0.7367,0.43683,1.13982,1.1898,0.96001,1.33897,0,0,0,0.000313458,0.000313458,0.000313458
380,5889.92,1.46374,1.66388,1.27762,1.49252,0.18908,0.1478,0.16946,0.77895,0.80104,0.87408,0.62329,0.72316,0.7348,0.75325,0.44901,1.1252,1.18901,0.95602,1.32997,0,0,0,0.000312083,0.000312083,0.000312083
381,5905.3,1.50904,1.69612,1.30729,1.50852,0.18415,0.14448,0.16888,0.78822,0.77564,0.87582,0.63044,0.73188,0.69724,0.74962,0.43268,1.14184,1.20228,0.97675,1.33651,0,0,0,0.000310709,0.000310709,0.000310709
382,5920.69,1.49362,1.72655,1.30109,1.51083,0.17828,0.13586,0.15883,0.78692,0.7738,0.871,0.62539,0.72938,0.6923,0.72973,0.43347,1.1265,1.20222,0.97409,1.33354,0,0,0,0.000309335,0.000309335,0.000309335
383,5936.04,1.48421,1.66909,1.32214,1.51108,0.18405,0.1434,0.16645,0.85086,0.72062,0.86433,0.62778,0.76791,0.63293,0.7194,0.44189,1.12687,1.22186,0.95993,1.32927,0,0,0,0.00030796,0.00030796,0.00030796
384,5951.28,1.49101,1.63381,1.3002,1.5017,0.16896,0.13784,0.15626,0.77989,0.80378,0.88358,0.63289,0.82146,0.64232,0.75946,0.44529,1.13307,1.21568,0.9612,1.32694,0,0,0,0.000306586,0.000306586,0.000306586
385,5967.02,1.49338,1.72039,1.2892,1.48564,0.17978,0.14434,0.16623,0.903,0.71105,0.87785,0.6285,0.81782,0.64302,0.7191,0.43512,1.14454,1.22395,0.98811,1.32925,0,0,0,0.000305211,0.000305211,0.000305211
386,5982.38,1.42862,1.66992,1.29777,1.48837,0.19148,0.15122,0.17472,0.84432,0.72767,0.87713,0.63013,0.78059,0.6679,0.73681,0.45123,1.12827,1.19365,0.96538,1.32239,0,0,0,0.000303837,0.000303837,0.000303837
387,5998.02,1.44011,1.55807,1.28644,1.49999,0.18473,0.13933,0.16348,0.78534,0.7694,0.87027,0.6296,0.72727,0.70632,0.7374,0.44967,1.11725,1.19323,0.9668,1.31651,0,0,0,0.000302462,0.000302462,0.000302462
388,6013.63,1.4813,1.68788,1.30928,1.49641,0.17648,0.13467,0.15426,0.79353,0.73703,0.86383,0.63211,0.73265,0.66647,0.73662,0.44653,1.11506,1.21176,0.96605,1.32,0,0,0,0.000301088,0.000301088,0.000301088
389,6028.98,1.46465,1.56548,1.31868,1.50368,0.19222,0.14757,0.16927,0.81873,0.73241,0.85454,0.61345,0.72567,0.65104,0.71111,0.42918,1.11107,1.19468,0.95367,1.31582,0,0,0,0.000299713,0.000299713,0.000299713
390,6044.27,1.4588,1.62456,1.26908,1.48137,0.1903,0.14721,0.16859,0.83668,0.74109,0.87662,0.63806,0.75058,0.68758,0.74854,0.45056,1.10235,1.1831,0.94414,1.31104,0,0,0,0.000298339,0.000298339,0.000298339
391,6060.06,1.40312,1.53192,1.29631,1.49261,0.17179,0.13099,0.15516,0.80044,0.80015,0.87486,0.63335,0.73041,0.72524,0.74725,0.44867,1.11875,1.19136,0.93517,1.31789,0,0,0,0.000296964,0.000296964,0.000296964
392,6075.26,1.42541,1.60587,1.23953,1.46813,0.18268,0.14388,0.16419,0.83308,0.77634,0.88421,0.63527,0.76583,0.71543,0.73561,0.44719,1.11123,1.19319,0.93068,1.31677,0,0,0,0.00029559,0.00029559,0.00029559
393,6090.56,1.49826,1.66104,1.25685,1.47574,0.17511,0.13655,0.15877,0.79042,0.77514,0.87744,0.63179,0.71083,0.70462,0.73827,0.43566,1.13864,1.1959,0.95514,1.33618,0,0,0,0.000294216,0.000294216,0.000294216
394,6105.99,1.45619,1.67102,1.29012,1.47708,0.18027,0.14125,0.16395,0.78974,0.76067,0.87693,0.64166,0.72655,0.68399,0.7371,0.45599,1.12898,1.2027,0.9534,1.32313,0,0,0,0.000292841,0.000292841,0.000292841
395,6121.51,1.36741,1.54387,1.23877,1.473,0.17461,0.13934,0.15909,0.73976,0.83468,0.87846,0.64061,0.66742,0.77574,0.74666,0.46604,1.11725,1.17056,0.94705,1.31439,0,0,0,0.000291467,0.000291467,0.000291467
396,6137,1.38612,1.61585,1.22928,1.47614,0.18129,0.14601,0.17011,0.73125,0.83549,0.87659,0.62936,0.67482,0.77327,0.76229,0.45634,1.10754,1.17413,0.92798,1.31134,0,0,0,0.000290092,0.000290092,0.000290092
397,6152.53,1.521,1.69375,1.33532,1.5049,0.18192,0.14343,0.16698,0.81219,0.75005,0.88278,0.64496,0.66039,0.77539,0.771,0.46427,1.11151,1.19588,0.9337,1.31068,0,0,0,0.000288718,0.000288718,0.000288718
398,6168.06,1.45301,1.66839,1.25585,1.49495,0.18004,0.14656,0.16646,0.77338,0.79289,0.88192,0.65498,0.74741,0.70954,0.75387,0.47446,1.07794,1.15625,0.94051,1.29623,0,0,0,0.000287343,0.000287343,0.000287343
399,6183.68,1.4318,1.59785,1.25681,1.47531,0.17105,0.13782,0.15693,0.7541,0.8039,0.87664,0.65227,0.69558,0.74023,0.75842,0.47452,1.07364,1.1429,0.93866,1.29139,0,0,0,0.000285969,0.000285969,0.000285969
400,6199.14,1.46812,1.69127,1.27052,1.48444,0.17594,0.14462,0.16671,0.74648,0.8018,0.87691,0.64712,0.6842,0.73138,0.74344,0.44638,1.08389,1.1484,0.94346,1.29584,0,0,0,0.000284594,0.000284594,0.000284594
401,6214.53,1.49459,1.61556,1.29841,1.51673,0.18361,0.14312,0.16679,0.82151,0.74792,0.87745,0.62933,0.74456,0.68284,0.73827,0.44757,1.102,1.17507,0.95188,1.30267,0,0,0,0.00028322,0.00028322,0.00028322
402,6229.83,1.42062,1.62589,1.2565,1.4808,0.16988,0.14239,0.16382,0.79997,0.78009,0.86413,0.62426,0.72212,0.7239,0.71899,0.43518,1.09359,1.17173,0.9481,1.29512,0,0,0,0.000281846,0.000281846,0.000281846
403,6245.35,1.41079,1.61283,1.2542,1.47331,0.17993,0.14397,0.1681,0.76691,0.82741,0.868,0.6315,0.68862,0.73934,0.69513,0.43992,1.10682,1.17551,0.95167,1.30429,0,0,0,0.000280471,0.000280471,0.000280471
404,6260.6,1.45903,1.63718,1.24939,1.4581,0.1629,0.13375,0.15474,0.75716,0.83697,0.87017,0.62332,0.66668,0.75237,0.70958,0.41751,1.11638,1.181,0.95087,1.30957,0,0,0,0.000279097,0.000279097,0.000279097
405,6276.03,1.43183,1.6518,1.21736,1.4435,0.17873,0.14473,0.16739,0.75035,0.84969,0.89084,0.64637,0.64596,0.79511,0.7513,0.44407,1.10784,1.17318,0.94516,1.30704,0,0,0,0.000277722,0.000277722,0.000277722
406,6291.37,1.43981,1.66587,1.25967,1.47744,0.17478,0.14362,0.16871,0.72419,0.86094,0.88838,0.64754,0.65006,0.77925,0.7486,0.44687,1.08941,1.16428,0.935,1.29588,0,0,0,0.000276348,0.000276348,0.000276348
407,6306.7,1.4332,1.63727,1.23219,1.46195,0.17222,0.14262,0.16213,0.74166,0.84631,0.87773,0.64694,0.66263,0.75543,0.72393,0.45067,1.06702,1.16188,0.93642,1.28156,0,0,0,0.000274973,0.000274973,0.000274973
408,6322.31,1.41852,1.60832,1.2401,1.47054,0.17662,0.14235,0.16307,0.80328,0.80611,0.87735,0.64846,0.73106,0.74203,0.74978,0.46213,1.05543,1.15184,0.9436,1.27423,0,0,0,0.000273599,0.000273599,0.000273599
409,6337.8,1.44355,1.65666,1.2826,1.4766,0.1801,0.13972,0.16429,0.80095,0.80847,0.87472,0.64654,0.72878,0.72227,0.73589,0.46944,1.05953,1.14846,0.92225,1.27749,0,0,0,0.000272224,0.000272224,0.000272224
410,6353.12,1.45304,1.66627,1.24586,1.46414,0.177,0.14264,0.16496,0.81438,0.80092,0.88546,0.66049,0.75542,0.72962,0.76853,0.47532,1.04881,1.13638,0.92467,1.27027,0,0,0,0.00027085,0.00027085,0.00027085
411,6368.7,1.42015,1.5448,1.24545,1.44917,0.16424,0.13016,0.15134,0.81963,0.78889,0.88764,0.64904,0.75501,0.72441,0.75322,0.46398,1.0569,1.12681,0.92367,1.27327,0,0,0,0.000269475,0.000269475,0.000269475
412,6384.23,1.49739,1.67631,1.24445,1.47452,0.16744,0.13525,0.15573,0.8141,0.79963,0.89261,0.64471,0.73651,0.76192,0.74907,0.45621,1.07932,1.14287,0.91621,1.28409,0,0,0,0.000268101,0.000268101,0.000268101
413,6399.59,1.40306,1.53426,1.25048,1.48592,0.16596,0.1334,0.15542,0.80271,0.80536,0.89104,0.63684,0.7219,0.76884,0.74437,0.44047,1.08528,1.15758,0.92086,1.28922,0,0,0,0.000266727,0.000266727,0.000266727
414,6414.9,1.4267,1.69144,1.23535,1.43402,0.17021,0.13908,0.16029,0.77851,0.84165,0.88584,0.63651,0.72686,0.77479,0.76358,0.4539,1.06124,1.13821,0.92062,1.28237,0,0,0,0.000265352,0.000265352,0.000265352
415,6430.31,1.43218,1.68734,1.25493,1.45744,0.17008,0.14182,0.15932,0.78064,0.81766,0.87966,0.64569,0.71282,0.74658,0.75487,0.46305,1.03938,1.13631,0.91262,1.27075,0,0,0,0.000263978,0.000263978,0.000263978
416,6445.52,1.39552,1.57564,1.23255,1.45555,0.17669,0.14183,0.16493,0.74015,0.84547,0.87983,0.65529,0.7489,0.70642,0.74023,0.47257,1.05512,1.15398,0.92027,1.27605,0,0,0,0.000262603,0.000262603,0.000262603
417,6460.92,1.4163,1.57782,1.21662,1.45092,0.16881,0.13574,0.15658,0.81954,0.76281,0.87191,0.64767,0.74418,0.69155,0.72875,0.45727,1.06119,1.15798,0.9284,1.28441,0,0,0,0.000261229,0.000261229,0.000261229
418,6476.33,1.40034,1.5724,1.22655,1.45218,0.1699,0.13595,0.15715,0.82328,0.78313,0.87477,0.64352,0.76155,0.71982,0.74873,0.4615,1.03827,1.1407,0.91413,1.27531,0,0,0,0.000259854,0.000259854,0.000259854
419,6491.67,1.4824,1.67479,1.21795,1.43749,0.16482,0.13945,0.1579,0.74632,0.85593,0.88527,0.64612,0.67153,0.76613,0.74607,0.45808,1.04887,1.14288,0.92756,1.27888,0,0,0,0.00025848,0.00025848,0.00025848
420,6506.97,1.40869,1.59387,1.18546,1.41159,0.17617,0.13973,0.16133,0.79323,0.8062,0.88868,0.65019,0.72155,0.7434,0.76825,0.46058,1.05281,1.15565,0.91156,1.27504,0,0,0,0.000257105,0.000257105,0.000257105
421,6522.48,1.48984,1.69263,1.22028,1.44852,0.16501,0.14058,0.15934,0.77907,0.81456,0.88787,0.65578,0.69033,0.76658,0.76121,0.46065,1.0366,1.14605,0.90646,1.26304,0,0,0,0.000255731,0.000255731,0.000255731
422,6537.84,1.41524,1.62153,1.22445,1.43983,0.1667,0.13633,0.1588,0.83463,0.75298,0.89212,0.65315,0.77354,0.69752,0.77428,0.45673,1.05289,1.13648,0.91909,1.27342,0,0,0,0.000254357,0.000254357,0.000254357
423,6553.12,1.39951,1.50882,1.2169,1.45689,0.16134,0.13654,0.15725,0.81988,0.78134,0.89039,0.64519,0.7539,0.71599,0.75858,0.45582,1.05363,1.12763,0.91466,1.27055,0,0,0,0.000252982,0.000252982,0.000252982
424,6568.44,1.45147,1.5885,1.27235,1.43997,0.16851,0.13466,0.15625,0.78094,0.82781,0.88783,0.64635,0.72505,0.7558,0.75843,0.46453,1.04943,1.12972,0.89379,1.26847,0,0,0,0.000251608,0.000251608,0.000251608
425,6583.81,1.45197,1.62687,1.23223,1.44055,0.16961,0.13467,0.15728,0.79083,0.81943,0.88041,0.6434,0.743,0.73437,0.72836,0.45605,1.05712,1.1467,0.91317,1.27234,0,0,0,0.000250233,0.000250233,0.000250233
426,6599.23,1.45366,1.63242,1.26221,1.47961,0.1746,0.14067,0.1611,0.80964,0.81164,0.89294,0.65661,0.76818,0.70221,0.76102,0.47043,1.05978,1.15229,0.91698,1.27142,0,0,0,0.000248859,0.000248859,0.000248859
427,6614.72,1.44794,1.60736,1.21926,1.42757,0.17194,0.1368,0.15944,0.81662,0.81249,0.89913,0.67133,0.73938,0.73349,0.75261,0.4802,1.0485,1.1371,0.89567,1.26373,0,0,0,0.000247484,0.000247484,0.000247484
428,6630.42,1.42365,1.57959,1.17689,1.42726,0.1729,0.14275,0.16414,0.85869,0.78992,0.89591,0.66851,0.78615,0.71701,0.75736,0.48266,1.0499,1.13884,0.89507,1.26695,0,0,0,0.00024611,0.00024611,0.00024611
429,6645.7,1.44627,1.67883,1.25551,1.42411,0.17022,0.13645,0.15891,0.79898,0.82899,0.89653,0.66299,0.72907,0.75446,0.75095,0.4816,1.04635,1.1403,0.89881,1.26266,0,0,0,0.000244735,0.000244735,0.000244735
430,6661.24,1.40549,1.64282,1.19774,1.42133,0.16635,0.1355,0.15714,0.81145,0.81208,0.89434,0.6559,0.75946,0.7582,0.78161,0.48713,1.05243,1.13199,0.89492,1.26773,0,0,0,0.000243361,0.000243361,0.000243361
431,6676.54,1.36327,1.42601,1.20116,1.4746,0.16986,0.14057,0.16198,0.82678,0.81927,0.89353,0.66495,0.75543,0.78217,0.77787,0.47563,1.06299,1.13567,0.90199,1.274,0,0,0,0.000241986,0.000241986,0.000241986
432,6691.85,1.4282,1.62049,1.18974,1.44148,0.17316,0.14288,0.16488,0.8009,0.82003,0.89726,0.67483,0.71388,0.78167,0.7776,0.48152,1.03549,1.1307,0.90097,1.26037,0,0,0,0.000240612,0.000240612,0.000240612
433,6707.51,1.30521,1.53972,1.19728,1.44398,0.17397,0.13963,0.16117,0.83813,0.83696,0.90513,0.65936,0.78516,0.78879,0.80025,0.47324,1.04537,1.12662,0.89466,1.26574,0,0,0,0.000239238,0.000239238,0.000239238
434,6722.91,1.41935,1.6246,1.22173,1.40923,0.16117,0.1324,0.1544,0.833,0.79574,0.90292,0.66038,0.7514,0.72278,0.76029,0.46488,1.05525,1.12941,0.89457,1.27166,0,0,0,0.000237863,0.000237863,0.000237863
435,6738.22,1.45586,1.70932,1.18933,1.41508,0.15574,0.12881,0.14835,0.81526,0.78305,0.89583,0.66007,0.75232,0.71711,0.77151,0.47088,1.05953,1.12987,0.89529,1.27231,0,0,0,0.000236489,0.000236489,0.000236489
436,6753.75,1.42378,1.58345,1.18623,1.42655,0.16962,0.13785,0.15951,0.76268,0.87236,0.90194,0.66745,0.70418,0.80202,0.79746,0.48082,1.03482,1.13078,0.88025,1.26088,0,0,0,0.000235114,0.000235114,0.000235114
437,6769.07,1.43392,1.60057,1.21034,1.44078,0.17038,0.14179,0.16347,0.79937,0.82706,0.90313,0.67872,0.74683,0.74739,0.76837,0.47984,1.01911,1.11814,0.87844,1.24837,0,0,0,0.00023374,0.00023374,0.00023374
438,6784.57,1.39143,1.54483,1.21993,1.42109,0.16486,0.14046,0.15975,0.73197,0.8562,0.8962,0.66687,0.70343,0.7084,0.75118,0.47544,1.02111,1.11293,0.88823,1.25032,0,0,0,0.000232365,0.000232365,0.000232365
439,6800.03,1.37915,1.50336,1.20158,1.45076,0.18136,0.14669,0.1696,0.77719,0.83375,0.89741,0.66195,0.71269,0.76581,0.77085,0.4798,1.02797,1.10003,0.88965,1.25639,0,0,0,0.000230991,0.000230991,0.000230991
440,6815.4,1.33027,1.52212,1.18841,1.43368,0.17063,0.13967,0.16105,0.84333,0.80125,0.89877,0.66053,0.75614,0.71456,0.74454,0.47679,1.0379,1.10654,0.89534,1.2603,0,0,0,0.000229616,0.000229616,0.000229616
441,6830.71,1.37936,1.52813,1.18761,1.41582,0.16531,0.1377,0.16018,0.78333,0.83794,0.89344,0.6623,0.70713,0.75849,0.74022,0.46585,1.0525,1.10778,0.89447,1.26588,0,0,0,0.000228242,0.000228242,0.000228242
442,6846.16,1.3829,1.52257,1.1505,1.39739,0.15997,0.13295,0.15535,0.79939,0.80736,0.89107,0.6515,0.72108,0.73002,0.75802,0.45786,1.05404,1.11785,0.89594,1.26563,0,0,0,0.000226868,0.000226868,0.000226868
443,6861.43,1.36465,1.61055,1.14187,1.37741,0.16644,0.13916,0.15959,0.85663,0.7597,0.89175,0.65597,0.78395,0.69273,0.75007,0.47471,1.03016,1.12807,0.89374,1.24806,0,0,0,0.000225493,0.000225493,0.000225493
444,6876.89,1.39857,1.53726,1.1902,1.44504,0.16927,0.14134,0.16384,0.81571,0.79033,0.8931,0.66484,0.75592,0.72206,0.76487,0.47682,1.00953,1.12389,0.87657,1.2377,0,0,0,0.000224119,0.000224119,0.000224119
445,6892.43,1.35316,1.48471,1.19165,1.44749,0.17585,0.14678,0.16868,0.81914,0.80418,0.89743,0.67274,0.75066,0.7419,0.76403,0.47836,1.02769,1.11997,0.87624,1.24895,0,0,0,0.000222744,0.000222744,0.000222744
446,6907.73,1.34223,1.46487,1.20285,1.46435,0.16713,0.13656,0.15775,0.80975,0.80712,0.89402,0.67068,0.74873,0.74055,0.78099,0.48788,1.02814,1.12576,0.87984,1.24865,0,0,0,0.00022137,0.00022137,0.00022137
447,6923.35,1.38269,1.53127,1.22467,1.45783,0.1667,0.13809,0.15826,0.76015,0.86068,0.89344,0.66112,0.70897,0.80334,0.79897,0.49211,1.01822,1.1102,0.88402,1.24378,0,0,0,0.000219995,0.000219995,0.000219995
448,6938.9,1.38617,1.58399,1.16332,1.41447,0.16372,0.13692,0.15573,0.80118,0.8158,0.89919,0.66016,0.74055,0.74252,0.78405,0.48696,1.01294,1.10483,0.88195,1.24405,0,0,0,0.000218621,0.000218621,0.000218621
449,6954.19,1.33552,1.55624,1.19417,1.42747,0.18244,0.15198,0.17538,0.73513,0.87129,0.89862,0.65792,0.74193,0.72345,0.78207,0.48604,1.01306,1.10097,0.86548,1.24427,0,0,0,0.000217246,0.000217246,0.000217246
450,6969.6,1.41702,1.52006,1.23133,1.47105,0.17378,0.14384,0.16411,0.79616,0.82766,0.90226,0.67545,0.73685,0.74288,0.77038,0.49009,1.00463,1.0956,0.86032,1.23975,0,0,0,0.000215872,0.000215872,0.000215872
451,6985.36,1.3761,1.54763,1.15482,1.41382,0.16009,0.13225,0.15577,0.81269,0.79801,0.89793,0.66489,0.73319,0.72037,0.74502,0.47687,1.01226,1.0988,0.87404,1.24131,0,0,0,0.000214497,0.000214497,0.000214497
452,7000.7,1.35974,1.4685,1.2074,1.45958,0.17301,0.14114,0.1641,0.81768,0.79737,0.89542,0.66491,0.7566,0.71792,0.7453,0.4629,1.02533,1.11842,0.8821,1.24539,0,0,0,0.000213123,0.000213123,0.000213123
453,7016.13,1.3236,1.46003,1.1967,1.45271,0.16807,0.14262,0.16239,0.81867,0.80155,0.90009,0.66162,0.76593,0.74075,0.78799,0.46958,1.03118,1.11562,0.88033,1.24833,0,0,0,0.000211749,0.000211749,0.000211749
454,7031.63,1.44231,1.59128,1.20173,1.44829,0.15652,0.13886,0.15715,0.77559,0.83829,0.89891,0.66589,0.72543,0.76566,0.7861,0.48093,1.02398,1.10582,0.87098,1.24722,0,0,0,0.000210374,0.000210374,0.000210374
455,7047.02,1.3297,1.51662,1.15847,1.43441,0.1676,0.13612,0.16134,0.72752,0.88971,0.89761,0.67195,0.66545,0.82199,0.78094,0.48842,1.00978,1.1038,0.85839,1.24517,0,0,0,0.000209,0.000209,0.000209
456,7062.36,1.36121,1.56183,1.15511,1.42182,0.16077,0.1334,0.15241,0.75248,0.84743,0.90058,0.67603,0.73632,0.72523,0.7675,0.49896,1.01084,1.09878,0.85474,1.24555,0,0,0,0.000207625,0.000207625,0.000207625
457,7078.11,1.32621,1.57817,1.1621,1.43097,0.16333,0.13727,0.15817,0.85606,0.78861,0.90699,0.67721,0.77619,0.73175,0.77665,0.47685,1.02798,1.09728,0.86459,1.24606,0,0,0,0.000206251,0.000206251,0.000206251
458,7093.42,1.35686,1.63504,1.15348,1.40131,0.17408,0.14491,0.1681,0.74554,0.88694,0.90639,0.66826,0.67576,0.80781,0.77638,0.47646,1.02655,1.10366,0.86669,1.24715,0,0,0,0.000204876,0.000204876,0.000204876
459,7108.75,1.40401,1.567,1.19033,1.41637,0.1693,0.14709,0.16488,0.83403,0.79783,0.9036,0.68155,0.67578,0.82681,0.77968,0.48583,0.99271,1.09648,0.85781,1.23425,0,0,0,0.000203502,0.000203502,0.000203502
460,7124.15,1.28688,1.44976,1.15743,1.4321,0.17099,0.13867,0.1621,0.83283,0.77872,0.90203,0.68436,0.77061,0.74265,0.80306,0.49438,0.99152,1.09707,0.84751,1.23194,0,0,0,0.000202127,0.000202127,0.000202127
461,7139.65,1.33542,1.48857,1.13672,1.3945,0.16393,0.14098,0.16035,0.81325,0.8021,0.90419,0.68315,0.76206,0.75059,0.80587,0.50034,0.99285,1.0933,0.85533,1.23317,0,0,0,0.000200753,0.000200753,0.000200753
462,7155.19,1.3605,1.56844,1.17878,1.42375,0.16811,0.14103,0.16013,0.76687,0.86497,0.90332,0.66926,0.70663,0.79274,0.79552,0.48821,1.00028,1.08709,0.85324,1.23411,0,0,0,0.000199379,0.000199379,0.000199379
463,7170.69,1.36671,1.53309,1.15968,1.40833,0.16269,0.13387,0.15597,0.84061,0.80557,0.90388,0.67265,0.77174,0.72064,0.77326,0.49214,1.00461,1.08727,0.85474,1.23385,0,0,0,0.000198004,0.000198004,0.000198004
464,7186.11,1.38797,1.50331,1.16224,1.41373,0.16068,0.14225,0.16035,0.86216,0.80772,0.90513,0.67975,0.78916,0.72742,0.78159,0.49743,0.99807,1.08505,0.85778,1.22947,0,0,0,0.00019663,0.00019663,0.00019663
465,7201.4,1.36189,1.52489,1.17746,1.42692,0.1642,0.14085,0.16239,0.84456,0.8275,0.91089,0.69399,0.76651,0.7464,0.75703,0.49269,0.99625,1.08919,0.85684,1.22829,0,0,0,0.000195255,0.000195255,0.000195255
466,7217.18,1.31888,1.52171,1.15071,1.36916,0.1648,0.13762,0.15919,0.82098,0.83621,0.90898,0.6961,0.74837,0.75317,0.75508,0.50314,1.00275,1.10805,0.85188,1.23352,0,0,0,0.000193881,0.000193881,0.000193881
467,7232.72,1.35302,1.42047,1.16257,1.43254,0.15198,0.12708,0.14679,0.8059,0.82876,0.90529,0.69502,0.74222,0.7609,0.76651,0.50121,0.99299,1.10653,0.84898,1.22754,0,0,0,0.000192506,0.000192506,0.000192506
468,7248.24,1.36558,1.43928,1.19443,1.46307,0.15633,0.13034,0.14889,0.76126,0.89804,0.90878,0.69679,0.81288,0.72705,0.79568,0.49788,0.99107,1.08649,0.84009,1.22555,0,0,0,0.000191132,0.000191132,0.000191132
469,7263.68,1.34118,1.44167,1.11447,1.39361,0.14919,0.13176,0.14856,0.78099,0.87844,0.91021,0.70207,0.82355,0.72554,0.80435,0.50586,0.99714,1.07777,0.84546,1.22867,0,0,0,0.000189757,0.000189757,0.000189757
470,7279.26,1.42491,1.59381,1.14634,1.38787,0.15957,0.13657,0.15493,0.79491,0.8679,0.91109,0.70289,0.73819,0.76494,0.76025,0.49859,0.98902,1.083,0.85,1.22428,0,0,0,0.000188383,0.000188383,0.000188383
471,7294.54,1.4056,1.56798,1.17148,1.40107,0.1628,0.1364,0.15712,0.8161,0.82695,0.90686,0.70158,0.7909,0.71164,0.77429,0.50053,0.98331,1.08729,0.84355,1.22254,0,0,0,0.000187008,0.000187008,0.000187008
472,7310.07,1.30082,1.61202,1.15148,1.3869,0.16025,0.13818,0.15673,0.82758,0.83614,0.90975,0.69627,0.77767,0.73373,0.77387,0.49481,0.97257,1.08833,0.8336,1.21986,0,0,0,0.000185634,0.000185634,0.000185634
473,7325.34,1.28989,1.49033,1.1361,1.39935,0.16189,0.13433,0.15784,0.82416,0.8607,0.91853,0.70641,0.82849,0.71391,0.76771,0.50149,0.97524,1.08446,0.82904,1.21809,0,0,0,0.00018426,0.00018426,0.00018426
474,7340.64,1.2842,1.50427,1.11322,1.37012,0.16528,0.14025,0.16121,0.84632,0.87445,0.9223,0.69984,0.76833,0.76749,0.77086,0.51092,0.98964,1.08928,0.83555,1.22378,0,0,0,0.000182885,0.000182885,0.000182885
475,7356.29,1.32793,1.67422,1.1443,1.4052,0.16156,0.13836,0.15934,0.81546,0.84387,0.90684,0.68403,0.76039,0.7866,0.77487,0.48677,0.9911,1.10202,0.84364,1.22208,0,0,0,0.000181511,0.000181511,0.000181511
476,7371.6,1.35389,1.53106,1.16789,1.41597,0.1575,0.13506,0.15632,0.75463,0.87131,0.9038,0.68161,0.69055,0.7919,0.74564,0.48386,0.98973,1.101,0.85825,1.22054,0,0,0,0.000180136,0.000180136,0.000180136
477,7386.81,1.33728,1.49104,1.17425,1.41834,0.1567,0.13348,0.15257,0.77083,0.87681,0.90376,0.68772,0.72165,0.82352,0.80036,0.48883,0.98112,1.08108,0.85617,1.21743,0,0,0,0.000178762,0.000178762,0.000178762
478,7402.22,1.31941,1.48284,1.15629,1.39399,0.15958,0.13754,0.15629,0.75375,0.88086,0.90233,0.68572,0.70248,0.82756,0.7934,0.49306,0.98911,1.08163,0.86155,1.22276,0,0,0,0.000177387,0.000177387,0.000177387
479,7417.54,1.30085,1.48832,1.13872,1.37365,0.15647,0.13453,0.15464,0.76365,0.88218,0.90387,0.68178,0.70334,0.81454,0.77707,0.48945,0.99561,1.09355,0.85556,1.22635,0,0,0,0.000176013,0.000176013,0.000176013
480,7432.86,1.33708,1.48531,1.15201,1.40177,0.15607,0.13691,0.15587,0.85267,0.8052,0.9039,0.68085,0.77868,0.75595,0.76777,0.48532,1.00519,1.10166,0.86017,1.22898,0,0,0,0.000174638,0.000174638,0.000174638
481,7448.37,1.32505,1.47188,1.15389,1.39563,0.17193,0.14418,0.16492,0.82358,0.85246,0.91298,0.68731,0.75801,0.78293,0.78573,0.49128,1.01233,1.09689,0.85893,1.23135,0,0,0,0.000173264,0.000173264,0.000173264
482,7463.7,1.30047,1.44415,1.12031,1.38529,0.16528,0.13693,0.15916,0.7841,0.88442,0.91252,0.69194,0.73321,0.82747,0.81107,0.50867,0.98962,1.08028,0.84921,1.2193,0,0,0,0.00017189,0.00017189,0.00017189
483,7479.02,1.25158,1.4365,1.08027,1.35545,0.16411,0.13978,0.16008,0.81054,0.85099,0.9072,0.69275,0.75622,0.79799,0.80914,0.5097,0.97583,1.06988,0.83059,1.21788,0,0,0,0.000170515,0.000170515,0.000170515
484,7494.41,1.3743,1.49236,1.1577,1.36285,0.16245,0.13567,0.15603,0.81707,0.85639,0.91146,0.68754,0.76275,0.80306,0.80978,0.50613,0.97679,1.06051,0.83074,1.21992,0,0,0,0.000169141,0.000169141,0.000169141
485,7509.63,1.30143,1.56431,1.10943,1.39186,0.16292,0.13785,0.15844,0.79781,0.86282,0.90871,0.6905,0.80349,0.72766,0.78858,0.50431,0.97267,1.06606,0.83889,1.21536,0,0,0,0.000167766,0.000167766,0.000167766
486,7525.11,1.31074,1.51725,1.10904,1.39602,0.16765,0.14614,0.16595,0.89777,0.8104,0.92496,0.69553,0.80029,0.72134,0.77883,0.49749,0.97015,1.06791,0.84554,1.21316,0,0,0,0.000166392,0.000166392,0.000166392
487,7540.64,1.27624,1.45749,1.11963,1.41554,0.16006,0.13721,0.15766,0.82937,0.85576,0.91811,0.68821,0.7335,0.75974,0.77441,0.49856,0.97578,1.07665,0.84644,1.21398,0,0,0,0.000165017,0.000165017,0.000165017
488,7555.93,1.31471,1.44519,1.14632,1.4036,0.15837,0.13213,0.15085,0.88316,0.81792,0.91816,0.67934,0.82841,0.70517,0.79054,0.50574,0.99043,1.07291,0.84091,1.2153,0,0,0,0.000163643,0.000163643,0.000163643
489,7571.21,1.35095,1.56488,1.12225,1.3923,0.16271,0.13558,0.15742,0.85105,0.83466,0.91213,0.6851,0.77022,0.75534,0.79867,0.49672,0.98467,1.06475,0.83552,1.21337,0,0,0,0.000162268,0.000162268,0.000162268
490,7586.71,1.33222,1.55436,1.10852,1.38354,0.14872,0.13455,0.1506,0.80707,0.88158,0.91453,0.68578,0.73439,0.81779,0.80398,0.48967,0.98787,1.06623,0.84336,1.21573,0,0,0,0.000160894,0.000160894,0.000160894
491,7602.26,1.37809,1.61125,1.14808,1.36733,0.15621,0.13143,0.15228,0.76517,0.91304,0.91093,0.69276,0.76237,0.75031,0.78777,0.49717,0.96951,1.06282,0.83052,1.20892,0,0,0,0.00015952,0.00015952,0.00015952
492,7617.54,1.35755,1.49983,1.17953,1.42567,0.15673,0.13043,0.15191,0.75339,0.90842,0.9091,0.69341,0.69358,0.83905,0.80196,0.5109,0.96849,1.06581,0.82701,1.20664,0,0,0,0.000158145,0.000158145,0.000158145
493,7633.05,1.34795,1.5172,1.14236,1.37714,0.1589,0.13296,0.15382,0.74205,0.87991,0.90374,0.68827,0.68612,0.83667,0.79317,0.50145,0.97563,1.07023,0.83353,1.21,0,0,0,0.000156771,0.000156771,0.000156771
494,7648.25,1.32579,1.47484,1.14673,1.41244,0.14947,0.13262,0.14986,0.75251,0.90915,0.90534,0.68939,0.69633,0.76779,0.76325,0.48693,0.99781,1.0808,0.84309,1.21882,0,0,0,0.000155396,0.000155396,0.000155396
495,7663.66,1.39522,1.57315,1.14838,1.37692,0.16568,0.13877,0.16186,0.75667,0.90432,0.91009,0.68992,0.69262,0.83075,0.79104,0.49584,0.98504,1.0687,0.84041,1.21905,0,0,0,0.000154022,0.000154022,0.000154022
496,7679.25,1.30879,1.49427,1.10853,1.38573,0.1668,0.13903,0.16037,0.8029,0.87796,0.91737,0.69742,0.74224,0.81454,0.80903,0.50381,0.97774,1.06318,0.83263,1.2186,0,0,0,0.000152647,0.000152647,0.000152647
497,7694.51,1.30789,1.5373,1.1001,1.39076,0.15603,0.1373,0.15754,0.80155,0.89186,0.91689,0.70021,0.75175,0.81322,0.81125,0.51704,0.96908,1.06804,0.82916,1.21424,0,0,0,0.000151273,0.000151273,0.000151273
498,7710.01,1.33358,1.44525,1.10622,1.33629,0.14813,0.1281,0.14539,0.8264,0.83208,0.91185,0.70463,0.77657,0.77346,0.81487,0.51821,0.95855,1.05546,0.8281,1.20707,0,0,0,0.000149898,0.000149898,0.000149898
499,7725.7,1.37263,1.55219,1.14819,1.40819,0.15121,0.13496,0.15069,0.78395,0.90079,0.91041,0.70099,0.7367,0.80637,0.81292,0.51085,0.96834,1.05293,0.82613,1.2096,0,0,0,0.000148524,0.000148524,0.000148524
500,7740.96,1.35404,1.52113,1.11949,1.39663,0.16029,0.139,0.15882,0.79816,0.90175,0.91527,0.69794,0.75801,0.78092,0.79337,0.51458,0.97119,1.06149,0.8254,1.21174,0,0,0,0.000147149,0.000147149,0.000147149
501,7756.12,1.31278,1.46298,1.12669,1.39654,0.16259,0.13955,0.15771,0.78709,0.90511,0.91316,0.69915,0.76108,0.79591,0.81034,0.52043,0.96909,1.07324,0.82427,1.2122,0,0,0,0.000145775,0.000145775,0.000145775
502,7771.67,1.31376,1.51115,1.10693,1.37939,0.16127,0.13919,0.15803,0.83425,0.87252,0.91913,0.70429,0.78112,0.80099,0.82085,0.52587,0.95667,1.06887,0.81867,1.20559,0,0,0,0.000144401,0.000144401,0.000144401
503,7787.22,1.31767,1.45125,1.12288,1.37212,0.15735,0.13652,0.15579,0.83324,0.86444,0.91451,0.70194,0.78247,0.79245,0.81128,0.52102,0.95822,1.07139,0.8305,1.20434,0,0,0,0.000143026,0.000143026,0.000143026
504,7802.57,1.33616,1.51796,1.14297,1.36448,0.1493,0.1319,0.14933,0.83462,0.88102,0.92017,0.70947,0.77737,0.79404,0.80895,0.51801,0.95844,1.07234,0.8327,1.20428,0,0,0,0.000141652,0.000141652,0.000141652
505,7817.99,1.26053,1.50609,1.1045,1.38735,0.1532,0.13203,0.15057,0.79425,0.88823,0.91446,0.70473,0.76249,0.78164,0.8117,0.51898,0.95492,1.06506,0.82093,1.20201,0,0,0,0.000140277,0.000140277,0.000140277
506,7833.32,1.31338,1.49697,1.09557,1.35725,0.14915,0.13203,0.14869,0.82329,0.8789,0.91926,0.70404,0.76585,0.78994,0.81094,0.51933,0.94682,1.06537,0.81402,1.19957,0,0,0,0.000138903,0.000138903,0.000138903
507,7848.55,1.36342,1.47731,1.15458,1.3789,0.15666,0.13128,0.1499,0.76617,0.90669,0.91148,0.70029,0.75617,0.78186,0.79075,0.50706,0.9416,1.06266,0.81497,1.19878,0,0,0,0.000137528,0.000137528,0.000137528
508,7863.98,1.3303,1.50371,1.13511,1.38748,0.16562,0.14371,0.16494,0.78931,0.90755,0.9149,0.70607,0.77226,0.77649,0.80158,0.50835,0.94655,1.0625,0.81949,1.2021,0,0,0,0.000136154,0.000136154,0.000136154
509,7879.32,1.33423,1.59827,1.09466,1.38203,0.15882,0.14071,0.15778,0.77953,0.91675,0.91083,0.70481,0.74368,0.78538,0.79873,0.50492,0.95886,1.06359,0.82459,1.2057,0,0,0,0.000134779,0.000134779,0.000134779
510,7894.71,1.29262,1.54957,1.08343,1.34577,0.15258,0.14004,0.15618,0.81249,0.91181,0.91905,0.70866,0.7654,0.78282,0.79252,0.51034,0.95245,1.06217,0.8229,1.20123,0,0,0,0.000133405,0.000133405,0.000133405
511,7910.2,1.34075,1.48352,1.13301,1.3847,0.15359,0.13156,0.14968,0.78514,0.9212,0.91832,0.71625,0.72291,0.84885,0.80416,0.51898,0.93609,1.0613,0.81246,1.19186,0,0,0,0.000132031,0.000132031,0.000132031
512,7925.92,1.34834,1.55767,1.09952,1.36347,0.15485,0.13084,0.14976,0.81363,0.90724,0.92296,0.70997,0.75875,0.84633,0.82056,0.52504,0.9362,1.05498,0.81035,1.1899,0,0,0,0.000130656,0.000130656,0.000130656
513,7941.36,1.31762,1.56262,1.08667,1.35684,0.16327,0.14006,0.15968,0.84549,0.83017,0.91811,0.69578,0.78138,0.77635,0.82145,0.5205,0.94291,1.04683,0.81584,1.19056,0,0,0,0.000129282,0.000129282,0.000129282
514,7956.8,1.30756,1.58489,1.11422,1.37637,0.15215,0.13093,0.14696,0.86242,0.83069,0.92052,0.70953,0.79439,0.76406,0.78395,0.50828,0.952,1.04598,0.81678,1.19575,0,0,0,0.000127907,0.000127907,0.000127907
515,7972.13,1.31196,1.48667,1.1106,1.35949,0.16023,0.13842,0.15597,0.79833,0.9034,0.922,0.72056,0.81343,0.74724,0.79831,0.52702,0.94075,1.03977,0.80116,1.19526,0,0,0,0.000126533,0.000126533,0.000126533
516,7987.74,1.27181,1.4051,1.10452,1.35623,0.15457,0.13128,0.14935,0.80345,0.89261,0.9202,0.71968,0.76541,0.80385,0.81162,0.52852,0.93545,1.03561,0.80019,1.18886,0,0,0,0.000125158,0.000125158,0.000125158
517,8003.56,1.35015,1.59148,1.09797,1.37761,0.1653,0.14179,0.16053,0.79051,0.91165,0.91935,0.71647,0.78442,0.76871,0.80716,0.52575,0.92848,1.03817,0.79949,1.18496,0,0,0,0.000123784,0.000123784,0.000123784
518,8018.81,1.28104,1.42593,1.1024,1.36384,0.15248,0.13199,0.15002,0.83034,0.86683,0.92229,0.71868,0.76153,0.77038,0.79126,0.51969,0.93496,1.04326,0.80711,1.18824,0,0,0,0.000122409,0.000122409,0.000122409
519,8034.1,1.30822,1.6037,1.11641,1.33858,0.15543,0.13381,0.15043,0.78691,0.90037,0.91996,0.71339,0.76524,0.77323,0.80262,0.52145,0.94321,1.04709,0.81543,1.19236,0,0,0,0.000121035,0.000121035,0.000121035
520,8049.66,1.28332,1.50581,1.08289,1.34866,0.14766,0.13042,0.14624,0.8439,0.85371,0.92425,0.71603,0.73888,0.84118,0.81944,0.5318,0.92869,1.03644,0.8139,1.1865,0,0,0,0.00011966,0.00011966,0.00011966
521,8064.94,1.28212,1.39849,1.11493,1.38323,0.16613,0.13987,0.15999,0.81023,0.89759,0.92612,0.72018,0.76196,0.84356,0.82837,0.51924,0.92166,1.03692,0.80711,1.18163,0,0,0,0.000118286,0.000118286,0.000118286
522,8080.23,1.30513,1.47116,1.11109,1.38673,0.15517,0.13165,0.14922,0.82387,0.84228,0.92095,0.70829,0.79326,0.74888,0.7884,0.50708,0.91911,1.0411,0.80457,1.18216,0,0,0,0.000116912,0.000116912,0.000116912
523,8095.74,1.23874,1.38465,1.09652,1.38467,0.15117,0.12917,0.14702,0.85307,0.81994,0.91883,0.70757,0.801,0.75225,0.78485,0.50866,0.92273,1.04209,0.80487,1.18572,0,0,0,0.000115537,0.000115537,0.000115537
524,8111.08,1.30786,1.55033,1.1005,1.37404,0.1585,0.14471,0.16029,0.86188,0.7945,0.91971,0.71122,0.80622,0.74412,0.79167,0.51053,0.92414,1.03921,0.81227,1.18577,0,0,0,0.000114163,0.000114163,0.000114163
525,8126.55,1.27722,1.44866,1.09671,1.3685,0.15727,0.13474,0.15366,0.84414,0.81021,0.91587,0.70432,0.78529,0.76425,0.81385,0.51017,0.92961,1.04363,0.82341,1.1871,0,0,0,0.000112788,0.000112788,0.000112788
526,8142.12,1.26642,1.44184,1.07326,1.33106,0.15614,0.13315,0.15233,0.83067,0.83554,0.91422,0.69727,0.77771,0.78372,0.79661,0.50134,0.93679,1.04029,0.82502,1.19095,0,0,0,0.000111414,0.000111414,0.000111414
527,8157.48,1.25984,1.39878,1.09102,1.36548,0.15686,0.13236,0.1518,0.77995,0.90366,0.92102,0.70465,0.78494,0.76204,0.79669,0.51769,0.92651,1.03572,0.80775,1.18519,0,0,0,0.000110039,0.000110039,0.000110039
528,8172.81,1.21793,1.3397,1.08976,1.37049,0.1574,0.13952,0.15642,0.7706,0.90636,0.91996,0.70683,0.79035,0.76208,0.79706,0.52461,0.9213,1.03533,0.79684,1.18256,0,0,0,0.000108665,0.000108665,0.000108665
529,8188.13,1.23121,1.30475,1.10756,1.38563,0.15632,0.13929,0.15623,0.87995,0.80418,0.91911,0.71757,0.81909,0.74696,0.79506,0.5336,0.92096,1.03553,0.79914,1.18123,0,0,0,0.00010729,0.00010729,0.00010729
530,8203.63,1.29016,1.50114,1.09494,1.35634,0.15028,0.13368,0.14905,0.83599,0.85733,0.92432,0.71676,0.79741,0.74228,0.78683,0.52756,0.923,1.03589,0.80419,1.1834,0,0,0,0.000105916,0.000105916,0.000105916
531,8219.02,1.28803,1.49148,1.1007,1.35783,0.15441,0.13469,0.15147,0.86703,0.83716,0.92535,0.71738,0.79894,0.76004,0.79351,0.52647,0.92499,1.03821,0.80741,1.18395,0,0,0,0.000104542,0.000104542,0.000104542
532,8234.57,1.29988,1.54462,1.06746,1.33077,0.15344,0.13439,0.15254,0.81155,0.9076,0.92621,0.71602,0.76821,0.85643,0.84051,0.52573,0.92509,1.04299,0.80486,1.18211,0,0,0,0.000103167,0.000103167,0.000103167
533,8249.86,1.31331,1.57119,1.10297,1.36395,0.16645,0.13604,0.15713,0.81213,0.90745,0.92666,0.71885,0.7572,0.80695,0.82127,0.52975,0.9232,1.04541,0.80629,1.17955,0,0,0,0.000101793,0.000101793,0.000101793
534,8265.17,1.26956,1.42419,1.06451,1.34053,0.15133,0.13726,0.15306,0.81583,0.8874,0.92094,0.719,0.767,0.80833,0.81582,0.51906,0.92014,1.03939,0.80391,1.18126,0,0,0,0.000100418,0.000100418,0.000100418
535,8280.61,1.32607,1.47634,1.08562,1.37033,0.14262,0.12877,0.14476,0.82907,0.86702,0.92364,0.72195,0.77436,0.79744,0.81992,0.51747,0.91689,1.02689,0.80286,1.17959,0,0,0,9.90437e-05,9.90437e-05,9.90437e-05
536,8295.88,1.34278,1.53776,1.08508,1.34268,0.15542,0.13493,0.15176,0.82504,0.88011,0.92291,0.72244,0.79051,0.78782,0.81653,0.51826,0.92032,1.02548,0.8017,1.18117,0,0,0,9.76692e-05,9.76692e-05,9.76692e-05
537,8311.36,1.28984,1.47804,1.07956,1.34207,0.14805,0.13144,0.14685,0.81386,0.90123,0.92564,0.71832,0.81045,0.77582,0.81271,0.52005,0.92274,1.03457,0.80455,1.18027,0,0,0,9.62948e-05,9.62948e-05,9.62948e-05
538,8326.9,1.25118,1.4568,1.06157,1.35469,0.15664,0.13519,0.15267,0.81362,0.90611,0.92569,0.71765,0.77499,0.78471,0.7968,0.51651,0.92027,1.0385,0.80366,1.17658,0,0,0,9.49203e-05,9.49203e-05,9.49203e-05
539,8342.23,1.21531,1.4771,1.05553,1.33273,0.16948,0.14133,0.16087,0.81667,0.90739,0.92707,0.71831,0.81225,0.76892,0.80325,0.52616,0.90903,1.02896,0.7971,1.17097,0,0,0,9.35459e-05,9.35459e-05,9.35459e-05
540,8357.61,1.28741,1.47548,1.07555,1.36308,0.15906,0.13782,0.15424,0.79895,0.9148,0.92466,0.71748,0.81789,0.76578,0.80467,0.52289,0.91174,1.02643,0.79603,1.17218,0,0,0,9.21715e-05,9.21715e-05,9.21715e-05
541,8373.16,1.25031,1.38262,1.05314,1.35208,0.14226,0.12866,0.14363,0.80964,0.9067,0.92396,0.71715,0.81843,0.77079,0.80161,0.52541,0.91158,1.02491,0.79743,1.1745,0,0,0,9.0797e-05,9.0797e-05,9.0797e-05
542,8388.52,1.25499,1.48287,1.07728,1.35102,0.14926,0.13356,0.14789,0.81231,0.90099,0.92296,0.71745,0.76752,0.8521,0.82612,0.52462,0.92005,1.02861,0.79656,1.17998,0,0,0,8.94226e-05,8.94226e-05,8.94226e-05
543,8403.84,1.29385,1.50691,1.08885,1.34699,0.15277,0.13408,0.14954,0.8234,0.90122,0.92387,0.71486,0.83317,0.74725,0.80198,0.51472,0.92252,1.03148,0.79449,1.18228,0,0,0,8.80481e-05,8.80481e-05,8.80481e-05
544,8419.38,1.3794,1.57175,1.1164,1.36387,0.15661,0.13873,0.1521,0.81304,0.89979,0.92265,0.71725,0.78501,0.77226,0.80211,0.52715,0.91379,1.02746,0.79269,1.17603,0,0,0,8.66736e-05,8.66736e-05,8.66736e-05
545,8434.73,1.28148,1.40475,1.05278,1.33697,0.15507,0.13417,0.15183,0.80135,0.90195,0.91825,0.71554,0.80452,0.78482,0.8096,0.52081,0.90443,1.02616,0.7947,1.17049,0,0,0,8.52992e-05,8.52992e-05,8.52992e-05
546,8450.16,1.26365,1.44397,1.05109,1.31788,0.14909,0.13115,0.14592,0.80237,0.89553,0.91708,0.71734,0.77552,0.83843,0.83448,0.52129,0.90556,1.02759,0.79604,1.16983,0,0,0,8.39248e-05,8.39248e-05,8.39248e-05
547,8465.73,1.26956,1.4282,1.06162,1.33888,0.1641,0.14127,0.15648,0.78471,0.91587,0.92278,0.72271,0.82427,0.77006,0.81215,0.51816,0.90574,1.03295,0.79623,1.16998,0,0,0,8.25503e-05,8.25503e-05,8.25503e-05
548,8481.19,1.23637,1.45602,1.0509,1.34059,0.15054,0.13604,0.15065,0.85922,0.87859,0.92928,0.72655,0.81382,0.78902,0.81059,0.52555,0.90529,1.03229,0.79212,1.17069,0,0,0,8.11759e-05,8.11759e-05,8.11759e-05
549,8496.79,1.31212,1.44731,1.12518,1.37844,0.15618,0.13122,0.14873,0.86358,0.88003,0.92964,0.72435,0.79716,0.78923,0.79628,0.52884,0.90859,1.03791,0.79176,1.17208,0,0,0,7.98014e-05,7.98014e-05,7.98014e-05
550,8512.55,1.34549,1.62454,1.09802,1.33297,0.15847,0.13686,0.15373,0.86541,0.87739,0.92952,0.73409,0.80193,0.78018,0.7973,0.53545,0.90264,1.03785,0.78805,1.17081,0,0,0,7.84269e-05,7.84269e-05,7.84269e-05
551,8528.37,1.27571,1.45691,1.06161,1.35269,0.15333,0.13632,0.15297,0.80208,0.90655,0.92481,0.72641,0.80454,0.7685,0.79397,0.53141,0.89817,1.03377,0.78832,1.16789,0,0,0,7.70525e-05,7.70525e-05,7.70525e-05
552,8543.77,1.28853,1.53706,1.05834,1.33574,0.15013,0.1358,0.15187,0.89275,0.83964,0.93148,0.71977,0.82878,0.7647,0.80253,0.52849,0.9006,1.02812,0.78522,1.17011,0,0,0,7.5678e-05,7.5678e-05,7.5678e-05
553,8559.22,1.19673,1.36667,1.02273,1.32477,0.14446,0.13063,0.14557,0.88219,0.85226,0.93172,0.72352,0.84191,0.74217,0.80702,0.51947,0.90441,1.02521,0.78372,1.1712,0,0,0,7.43036e-05,7.43036e-05,7.43036e-05
554,8574.49,1.21328,1.45358,1.02987,1.33172,0.14778,0.13404,0.14837,0.90183,0.84259,0.93132,0.71837,0.8206,0.76267,0.8079,0.5214,0.90566,1.02529,0.78479,1.17113,0,0,0,7.29292e-05,7.29292e-05,7.29292e-05
555,8589.91,1.25586,1.45714,1.08481,1.35808,0.1544,0.13792,0.15384,0.8988,0.82312,0.93095,0.71937,0.76303,0.80585,0.83179,0.52481,0.90198,1.02625,0.78531,1.16963,0,0,0,7.15547e-05,7.15547e-05,7.15547e-05
556,8605.37,1.2324,1.37335,1.07129,1.35936,0.14786,0.13253,0.14709,0.81095,0.91048,0.93037,0.72243,0.74932,0.8382,0.82849,0.52335,0.90376,1.02852,0.78399,1.1702,0,0,0,7.01802e-05,7.01802e-05,7.01802e-05
557,8620.85,1.32135,1.47936,1.08627,1.35461,0.1526,0.1417,0.15684,0.84461,0.87223,0.93142,0.71698,0.77826,0.80096,0.81546,0.51972,0.90453,1.02851,0.78379,1.17144,0,0,0,6.88058e-05,6.88058e-05,6.88058e-05
558,8636.19,1.27991,1.40481,1.05503,1.36539,0.15711,0.14006,0.15696,0.845,0.87608,0.92544,0.72204,0.75125,0.83891,0.81807,0.53637,0.90031,1.02562,0.7852,1.16815,0,0,0,6.74313e-05,6.74313e-05,6.74313e-05
559,8651.59,1.20226,1.36668,1.03943,1.34926,0.15983,0.13567,0.15357,0.82052,0.89749,0.92388,0.71679,0.75093,0.83644,0.81493,0.53391,0.89843,1.02383,0.78551,1.16623,0,0,0,6.60569e-05,6.60569e-05,6.60569e-05
560,8667.03,1.23433,1.44353,1.02911,1.32838,0.15763,0.13903,0.15392,0.83008,0.89178,0.92538,0.72788,0.76071,0.81691,0.81899,0.53577,0.89651,1.02107,0.78155,1.1663,0,0,0,6.46825e-05,6.46825e-05,6.46825e-05
561,8682.23,1.26322,1.4196,1.04871,1.31959,0.14243,0.13057,0.14276,0.83326,0.88705,0.923,0.72339,0.76647,0.81307,0.81462,0.53285,0.898,1.02414,0.78095,1.16726,0,0,0,6.3308e-05,6.3308e-05,6.3308e-05
562,8697.78,1.24543,1.44401,1.04493,1.35246,0.16056,0.13811,0.15578,0.82466,0.88971,0.92382,0.71984,0.75626,0.8125,0.81454,0.53824,0.89717,1.02453,0.77818,1.16705,0,0,0,6.19335e-05,6.19335e-05,6.19335e-05
563,8713.16,1.29079,1.41529,1.06509,1.34597,0.15638,0.12981,0.14911,0.82571,0.90369,0.92439,0.7238,0.76161,0.82353,0.81593,0.54605,0.89352,1.02468,0.77645,1.16488,0,0,0,6.05591e-05,6.05591e-05,6.05591e-05
564,8728.93,1.28284,1.52862,1.0442,1.31037,0.16172,0.14203,0.15654,0.81547,0.91488,0.92683,0.72133,0.77616,0.80539,0.82146,0.5414,0.88986,1.01626,0.77578,1.16385,0,0,0,5.91846e-05,5.91846e-05,5.91846e-05
565,8744.6,1.27737,1.41465,1.05233,1.34885,0.15737,0.14055,0.15634,0.83139,0.91468,0.92561,0.72092,0.76292,0.8339,0.81712,0.53757,0.89289,1.02037,0.7812,1.16452,0,0,0,5.78102e-05,5.78102e-05,5.78102e-05
566,8760,1.27816,1.44946,1.0529,1.35312,0.16092,0.13988,0.15667,0.83033,0.90253,0.92575,0.72145,0.76673,0.82342,0.81762,0.53459,0.89459,1.01956,0.78572,1.16469,0,0,0,5.64358e-05,5.64358e-05,5.64358e-05
567,8775.41,1.22575,1.37438,1.0796,1.34434,0.15379,0.13085,0.14819,0.81199,0.9075,0.9223,0.71989,0.74939,0.82946,0.82189,0.53269,0.89207,1.01698,0.7871,1.16344,0,0,0,5.50613e-05,5.50613e-05,5.50613e-05
568,8790.92,1.26921,1.44472,1.06569,1.33431,0.14688,0.1294,0.14439,0.81519,0.90285,0.92377,0.72201,0.75255,0.82586,0.82305,0.52518,0.89039,1.01305,0.78305,1.16213,0,0,0,5.36869e-05,5.36869e-05,5.36869e-05
569,8806.31,1.26128,1.46048,1.05544,1.33101,0.15712,0.13645,0.15243,0.81968,0.89945,0.93024,0.72838,0.76287,0.81832,0.8255,0.53682,0.88847,1.00993,0.78011,1.16139,0,0,0,5.23124e-05,5.23124e-05,5.23124e-05
570,8821.65,1.29289,1.55548,1.05004,1.30741,0.14538,0.13293,0.14821,0.89017,0.83695,0.93518,0.73661,0.82701,0.77005,0.83468,0.54131,0.88722,1.0062,0.77741,1.16191,0,0,0,5.09379e-05,5.09379e-05,5.09379e-05
571,8837.15,1.31584,1.56899,1.07016,1.32072,0.15543,0.13231,0.14977,0.80573,0.9195,0.93303,0.73063,0.75297,0.82998,0.81699,0.53057,0.88501,1.00639,0.77589,1.16031,0,0,0,4.95635e-05,4.95635e-05,4.95635e-05
572,8852.42,1.25616,1.54639,1.05574,1.32347,0.15719,0.13671,0.15169,0.84206,0.89016,0.93492,0.73122,0.76788,0.81734,0.80845,0.53581,0.88143,1.0062,0.77222,1.15788,0,0,0,4.81891e-05,4.81891e-05,4.81891e-05
573,8867.65,1.27432,1.41692,1.08501,1.34445,0.15169,0.13102,0.14852,0.84453,0.89693,0.93413,0.73046,0.77451,0.82005,0.82176,0.53793,0.88101,1.00655,0.77265,1.15484,0,0,0,4.68146e-05,4.68146e-05,4.68146e-05
574,8883.31,1.21453,1.37629,1.01984,1.30958,0.15105,0.13356,0.14945,0.83968,0.89782,0.9323,0.73169,0.77653,0.82546,0.81961,0.53539,0.88086,1.00711,0.77368,1.15529,0,0,0,4.54402e-05,4.54402e-05,4.54402e-05
575,8898.54,1.23857,1.43518,1.06298,1.36838,0.15469,0.13406,0.15251,0.828,0.89441,0.92655,0.72792,0.76629,0.8206,0.82168,0.53908,0.88067,1.00768,0.77386,1.15563,0,0,0,4.40657e-05,4.40657e-05,4.40657e-05
576,8913.98,1.2388,1.4244,1.05549,1.31322,0.14722,0.12956,0.1437,0.82944,0.90275,0.92667,0.72648,0.76779,0.82691,0.82159,0.54322,0.87931,1.00838,0.77304,1.15539,0,0,0,4.26912e-05,4.26912e-05,4.26912e-05
577,8929.52,1.22907,1.34738,1.04231,1.31326,0.15034,0.13067,0.14649,0.82979,0.89842,0.92773,0.7318,0.76599,0.82598,0.82258,0.54577,0.87724,1.00724,0.7711,1.15495,0,0,0,4.13168e-05,4.13168e-05,4.13168e-05
578,8944.79,1.22818,1.38223,1.04465,1.3465,0.1518,0.13105,0.14729,0.81823,0.9116,0.9295,0.73054,0.76536,0.81645,0.8267,0.55016,0.87945,1.00999,0.77158,1.15577,0,0,0,3.99423e-05,3.99423e-05,3.99423e-05
579,8960.35,1.26388,1.38756,1.05298,1.33731,0.14906,0.13167,0.14748,0.86268,0.85078,0.92971,0.73314,0.80701,0.78208,0.83366,0.54965,0.87957,1.00784,0.77318,1.1563,0,0,0,3.85679e-05,3.85679e-05,3.85679e-05
580,8976.28,1.30028,1.58437,1.09097,1.33382,0.15541,0.13743,0.15324,0.81007,0.90488,0.92921,0.73354,0.75969,0.82273,0.82911,0.53866,0.87934,1.00821,0.77552,1.15661,0,0,0,3.71935e-05,3.71935e-05,3.71935e-05
581,8991.63,1.18649,1.38222,1.00777,1.31686,0.14892,0.13794,0.15228,0.7994,0.9211,0.92983,0.73308,0.72868,0.83276,0.80542,0.53548,0.88053,1.00973,0.77656,1.15709,0,0,0,3.5819e-05,3.5819e-05,3.5819e-05
582,9006.94,1.21254,1.3019,1.01645,1.32432,0.14442,0.12848,0.14247,0.81258,0.90734,0.92894,0.73679,0.74444,0.82465,0.81963,0.54023,0.88262,1.0149,0.77784,1.15612,0,0,0,3.44445e-05,3.44445e-05,3.44445e-05
583,9022.48,1.20032,1.4024,1.01792,1.31625,0.15222,0.13707,0.15075,0.79432,0.92909,0.92771,0.73585,0.72882,0.84726,0.81659,0.54083,0.88033,1.01158,0.77285,1.15526,0,0,0,3.30701e-05,3.30701e-05,3.30701e-05
584,9037.83,1.24506,1.48323,1.0503,1.3362,0.15512,0.13878,0.15371,0.81487,0.90453,0.92703,0.74213,0.75229,0.82378,0.83498,0.54811,0.87887,1.00837,0.7696,1.15457,0,0,0,3.16956e-05,3.16956e-05,3.16956e-05
585,9053.45,1.26561,1.37555,1.02851,1.33238,0.15506,0.13141,0.149,0.81303,0.90588,0.92714,0.73842,0.75145,0.83344,0.84325,0.55061,0.87657,1.00643,0.7673,1.15395,0,0,0,3.03212e-05,3.03212e-05,3.03212e-05
586,9068.93,1.22444,1.48209,1.08106,1.34637,0.16183,0.14192,0.15823,0.81463,0.9054,0.92776,0.73539,0.75119,0.84014,0.82792,0.54603,0.87643,1.00987,0.76709,1.1527,0,0,0,2.89468e-05,2.89468e-05,2.89468e-05
587,9084.29,1.26227,1.34475,1.0479,1.33411,0.1481,0.12754,0.14359,0.82667,0.89943,0.92738,0.73524,0.76672,0.82711,0.82503,0.54211,0.87672,1.01111,0.76787,1.15234,0,0,0,2.75723e-05,2.75723e-05,2.75723e-05
588,9099.78,1.2676,1.45695,1.04381,1.30027,0.14893,0.13327,0.1463,0.81892,0.89518,0.92677,0.73808,0.7523,0.81882,0.81458,0.54463,0.87274,1.00725,0.76765,1.15131,0,0,0,2.61978e-05,2.61978e-05,2.61978e-05
589,9115.38,1.25173,1.36016,1.04723,1.32592,0.14382,0.12558,0.14054,0.82372,0.89048,0.92689,0.73932,0.75844,0.81503,0.81582,0.54474,0.86972,1.00519,0.76755,1.15047,0,0,0,2.48234e-05,2.48234e-05,2.48234e-05
590,9130.69,1.28006,1.52067,1.06299,1.33196,0.14967,0.1298,0.14512,0.82236,0.90228,0.92861,0.7365,0.76368,0.82672,0.82802,0.54819,0.8731,1.00592,0.7668,1.15087,0,0,0,2.34489e-05,2.34489e-05,2.34489e-05
591,9149.65,1.34239,1.36402,1.08989,1.41879,0.12638,0.08926,0.11071,0.82053,0.90764,0.92656,0.7262,0.74982,0.82644,0.80936,0.52586,0.89646,1.01161,0.78135,1.15994,0,0,0,2.20745e-05,2.20745e-05,2.20745e-05
592,9165.18,1.26234,1.28445,1.01148,1.36359,0.12326,0.08593,0.10684,0.79254,0.9204,0.9242,0.71492,0.71085,0.82261,0.78015,0.50836,0.92804,1.02675,0.79891,1.17312,0,0,0,2.07001e-05,2.07001e-05,2.07001e-05
593,9180.48,1.27396,1.31131,1.04129,1.37527,0.12245,0.08496,0.10674,0.75943,0.91962,0.91386,0.69691,0.69948,0.85496,0.79575,0.4994,0.95357,1.03983,0.80958,1.18365,0,0,0,1.93256e-05,1.93256e-05,1.93256e-05
594,9195.71,1.2483,1.34953,1.01026,1.34382,0.12169,0.08613,0.10742,0.75845,0.92762,0.91469,0.69302,0.69071,0.83625,0.78359,0.50401,0.96555,1.0468,0.81548,1.18912,0,0,0,1.79512e-05,1.79512e-05,1.79512e-05
595,9211.21,1.19423,1.29188,0.98524,1.29976,0.11574,0.08212,0.10301,0.75925,0.90468,0.91216,0.68754,0.68621,0.80857,0.78636,0.49942,0.97463,1.0511,0.82002,1.19418,0,0,0,1.65767e-05,1.65767e-05,1.65767e-05
596,9226.41,1.22535,1.26268,0.96504,1.31586,0.11483,0.08304,0.10199,0.76627,0.90583,0.91688,0.68186,0.69412,0.81094,0.78111,0.50111,0.9773,1.05264,0.82068,1.19477,0,0,0,1.52022e-05,1.52022e-05,1.52022e-05
597,9241.58,1.14665,1.25944,0.92409,1.28744,0.11827,0.08422,0.10489,0.77726,0.91345,0.91717,0.68373,0.70278,0.80389,0.78105,0.49998,0.9759,1.05036,0.81836,1.19292,0,0,0,1.38278e-05,1.38278e-05,1.38278e-05
598,9256.97,1.17263,1.25643,0.95527,1.32472,0.11972,0.0845,0.10446,0.79221,0.89854,0.91727,0.69272,0.71878,0.80512,0.79412,0.50396,0.96684,1.0436,0.81408,1.18769,0,0,0,1.24534e-05,1.24534e-05,1.24534e-05
599,9272.12,1.18521,1.29063,0.93502,1.3004,0.11817,0.08394,0.10295,0.80092,0.88978,0.91839,0.69354,0.73182,0.79813,0.79711,0.50266,0.96114,1.0401,0.81213,1.18495,0,0,0,1.10789e-05,1.10789e-05,1.10789e-05
600,9287.32,1.19534,1.31547,0.95809,1.2934,0.11869,0.08449,0.10356,0.81719,0.88763,0.91823,0.69439,0.74696,0.79784,0.79551,0.50447,0.95904,1.04125,0.81039,1.18296,0,0,0,9.70445e-06,9.70445e-06,9.70445e-06
