epoch,time,train/box_loss,train/seg_loss,train/cls_loss,train/dfl_loss,train/sem_loss,train/heat_loss,train/seed_loss,metrics/precision(B),metrics/recall(B),metrics/mAP50(B),metrics/mAP50-95(B),metrics/precision(M),metrics/recall(M),metrics/mAP50(M),metrics/mAP50-95(M),val/box_loss,val/seg_loss,val/cls_loss,val/dfl_loss,val/sem_loss,val/heat_loss,val/seed_loss,lr/pg0,lr/pg1,lr/pg2
1,58.6955,3.66819,8.77273,5.89283,4.22214,0.84276,0.84925,0.86423,8e-05,0.00721,0,0,8e-05,0.00277,0,0,3.65549,5.21926,5.02715,4.15668,0,0,0,0.00025823,0.00025823,0.00025823
2,111.59,3.71837,6.51328,5.82207,4.20385,0.83299,0.8403,0.85508,8e-05,0.09534,3e-05,1e-05,9e-05,0.06487,1e-05,0,3.65703,5.16485,4.96544,4.14609,0,0,0,0.000523924,0.000523924,0.000523924
3,164.625,3.7825,5.35966,5.68375,4.14763,0.81728,0.82817,0.84305,2e-05,0.09375,3e-05,1e-05,8e-05,0.06809,2e-05,1e-05,3.6437,4.94648,4.88413,4.12502,0,0,0,0.000788739,0.000788739,0.000788739
4,217.648,3.72958,4.73712,5.7099,4.10348,0.80249,0.81412,0.83077,4e-05,0.02796,1e-05,0,1e-05,0.00481,0,0,3.6241,5.3122,4.90289,4.09308,0,0,0,0.000828877,0.000828877,0.000828877
5,270.605,3.66376,4.52187,5.44398,4.05115,0.78763,0.79993,0.81638,0.00018,0.02117,1e-05,0,0.00013,0.03667,4e-05,0,3.63962,4.60283,4.83691,4.0211,0,0,0,0.000827502,0.000827502,0.000827502
6,323.428,3.77807,4.40718,5.61269,3.99179,0.77775,0.78885,0.80515,0.00024,0.10619,6e-05,1e-05,0.0002,0.10276,0.00032,4e-05,3.62247,6.2416,4.68951,3.95334,0,0,0,0.000826128,0.000826128,0.000826128
7,376.512,3.68533,4.47897,5.38347,3.92133,0.76504,0.7768,0.7918,0.8769,0.0002,5e-05,1e-05,0.87574,0.0002,0.00024,5e-05,3.55443,6.42682,5.15619,3.94572,0,0,0,0.000824753,0.000824753,0.000824753
8,429.529,3.61055,4.4726,5.32874,3.85281,0.7524,0.76469,0.7801,0.00019,0.01565,6e-05,1e-05,8e-05,0.03627,9e-05,1e-05,3.48934,5.84367,4.61363,3.8568,0,0,0,0.000823379,0.000823379,0.000823379
9,482.325,3.5378,4.43841,5.14383,3.79044,0.73902,0.75202,0.76774,0.00019,0.01604,2e-05,1e-05,0.0002,0.04823,0.00012,2e-05,3.46659,5.01111,4.57597,3.79566,0,0,0,0.000822004,0.000822004,0.000822004
10,535.316,3.41126,4.41639,5.22769,3.71272,0.72636,0.73955,0.75549,0.00024,0.02227,0.0001,1e-05,0.00018,0.01384,0.00013,2e-05,3.35737,4.4711,4.48722,3.64165,0,0,0,0.00082063,0.00082063,0.00082063
11,588.189,3.36819,4.42698,5.25666,3.67813,0.71467,0.72832,0.74452,0.00036,0.06492,0.00012,3e-05,0.00032,0.11799,0.00014,4e-05,3.35756,4.45066,4.40458,3.64583,0,0,0,0.000819255,0.000819255,0.000819255
12,641.31,3.28192,4.33121,5.12684,3.60133,0.70282,0.71669,0.73292,0.00039,0.07032,9e-05,2e-05,0.0003,0.11721,0.00013,3e-05,3.28914,4.39358,4.3352,3.56387,0,0,0,0.000817881,0.000817881,0.000817881
13,694.366,3.24006,4.45085,5.06215,3.52849,0.6911,0.70496,0.7207,0.00035,0.09038,9e-05,2e-05,0.00023,0.10699,0.00018,3e-05,3.20605,4.42331,4.35434,3.4865,0,0,0,0.000816507,0.000816507,0.000816507
14,747.225,3.25653,4.3612,5.02792,3.43937,0.67911,0.69198,0.70769,0.00019,0.01445,4e-05,1e-05,0.6254,0.00221,4e-05,1e-05,3.17107,4.43412,4.42578,3.46797,0,0,0,0.000815132,0.000815132,0.000815132
15,800.133,3.03616,4.34315,5.06256,3.4085,0.66825,0.68099,0.6956,0.00025,0.01886,5e-05,1e-05,0.00016,0.01384,4e-05,1e-05,3.14033,4.39043,4.43941,3.43331,0,0,0,0.000813758,0.000813758,0.000813758
16,853.201,3.16862,4.30906,4.99645,3.35926,0.65724,0.66876,0.68305,0.00023,0.02348,8e-05,2e-05,0.00025,0.04349,0.00061,8e-05,3.23102,4.45891,4.69568,3.50133,0,0,0,0.000812383,0.000812383,0.000812383
17,906.313,3.06239,4.27148,4.93793,3.35073,0.64655,0.65688,0.67086,0.00036,0.03291,0.00016,3e-05,0.00025,0.01846,0.00011,2e-05,3.13037,4.31477,4.40733,3.38684,0,0,0,0.000811009,0.000811009,0.000811009
18,959.166,3.01817,4.29278,4.91382,3.30867,0.63679,0.64653,0.65994,0.00046,0.04193,0.00079,0.00013,0.7766,0.0004,0.00076,0.0001,3.09827,4.33016,4.31026,3.29769,0,0,0,0.000809634,0.000809634,0.000809634
19,1012.35,3.09279,4.35813,4.89658,3.2835,0.6273,0.63579,0.64862,0.00062,0.06992,0.00091,0.00018,0.87819,0.00161,0.00096,0.00011,3.03475,4.28865,4.16662,3.20934,0,0,0,0.00080826,0.00080826,0.00080826
20,1065.57,3.04695,4.35539,4.87553,3.22428,0.61841,0.62561,0.63759,0.00069,0.07593,0.00089,0.00015,0.00058,0.06831,0.00079,0.00014,2.9937,4.29078,4.12865,3.1917,0,0,0,0.000806885,0.000806885,0.000806885
21,1118.77,3.04382,4.27943,4.83963,3.22475,0.60958,0.61635,0.62769,0.00066,0.05128,0.00107,0.00022,0.00052,0.03482,0.00061,0.00013,3.01796,4.24618,4.09767,3.18114,0,0,0,0.000805511,0.000805511,0.000805511
22,1171.88,3.01199,4.33468,4.82682,3.24011,0.60244,0.60709,0.618,0.7545,0.0014,0.00264,0.00038,0.00054,0.03663,0.00054,0.00011,2.99985,4.25171,4.03585,3.14595,0,0,0,0.000804137,0.000804137,0.000804137
23,1225.16,2.95425,4.24987,4.79587,3.17468,0.59546,0.59973,0.60992,0.76562,0.00281,0.0033,0.00048,0.76072,0.0012,0.00129,0.00034,2.95886,4.24359,4.0452,3.11809,0,0,0,0.000802762,0.000802762,0.000802762
24,1278.31,2.99688,4.34735,4.84988,3.14414,0.59014,0.59291,0.60261,0.76615,0.00221,0.00161,0.00036,0.00098,0.14246,0.00167,0.00037,2.92817,4.26673,4.10756,3.13047,0,0,0,0.000801388,0.000801388,0.000801388
25,1331.2,3.0029,4.35068,4.75234,3.11638,0.58454,0.58668,0.59575,0.77671,0.00181,0.00127,0.00025,0.00078,0.07245,0.00108,0.00018,2.91648,4.26606,4.17007,3.14506,0,0,0,0.000800013,0.000800013,0.000800013
26,1384.22,2.9439,4.233,4.62976,3.10452,0.58013,0.58123,0.58986,0.63152,0.00361,0.00181,0.00041,0.63026,0.00281,0.00144,0.00053,2.89421,4.19739,4.00379,3.0552,0,0,0,0.000798639,0.000798639,0.000798639
27,1437.32,2.87239,4.22809,4.70218,3.08692,0.57451,0.57526,0.58323,0.00102,0.06272,0.00179,0.00041,0.00086,0.05332,0.00185,0.00046,2.90705,4.16947,3.96397,3.03691,0,0,0,0.000797264,0.000797264,0.000797264
28,1490.15,2.90708,4.19163,4.66114,3.05382,0.57014,0.57013,0.57758,0.00116,0.10288,0.00162,0.00039,0.00077,0.0512,0.00126,0.0003,2.89464,4.22557,4.06361,3.08418,0,0,0,0.00079589,0.00079589,0.00079589
29,1543.07,2.90581,4.18191,4.65339,3.05682,0.56594,0.5658,0.57261,0.50316,0.05366,0.00216,0.00062,0.75814,0.00461,0.00206,0.0004,2.89068,4.22243,4.00643,3.04684,0,0,0,0.000794515,0.000794515,0.000794515
30,1596.07,2.85025,4.25665,4.66317,3.0242,0.56225,0.5616,0.56806,0.00115,0.10135,0.00092,0.00021,0.00098,0.11299,0.00228,0.00047,2.96936,4.23383,4.0582,3.05826,0,0,0,0.000793141,0.000793141,0.000793141
31,1648.98,2.88859,4.18413,4.60699,3.01734,0.56062,0.55812,0.56456,0.87979,0.00722,0.01699,0.00279,0.87968,0.00542,0.01637,0.00278,2.92417,4.1881,4.00287,2.99892,0,0,0,0.000791767,0.000791767,0.000791767
32,1702.14,2.86968,4.12,4.54789,2.98201,0.55682,0.55409,0.56011,0.62897,0.00783,0.01651,0.00223,0.88022,0.00361,0.04202,0.00528,2.89721,4.16494,4.0255,2.98564,0,0,0,0.000790392,0.000790392,0.000790392
33,1755.36,2.8304,4.17715,4.48015,2.97723,0.55395,0.55106,0.55667,0.66169,0.01124,0.03719,0.00667,0.88987,0.00441,0.03402,0.00692,2.8522,4.15165,3.95932,2.96004,0,0,0,0.000789018,0.000789018,0.000789018
34,1808.48,2.80584,4.21046,4.57972,2.99657,0.55171,0.54832,0.55379,0.00255,0.16417,0.00543,0.00163,0.64866,0.00823,0.00566,0.00128,2.85003,4.12937,3.9055,2.95351,0,0,0,0.000787643,0.000787643,0.000787643
35,1861.39,2.82816,4.17419,4.50426,2.99041,0.54821,0.54535,0.5504,0.63276,0.03648,0.01629,0.00331,0.63223,0.00963,0.01596,0.00331,2.83149,4.13713,3.91803,2.95457,0,0,0,0.000786269,0.000786269,0.000786269
36,1914.26,2.8135,4.14966,4.50433,2.9677,0.54654,0.54285,0.54772,0.50704,0.10549,0.01389,0.00215,0.00421,0.1651,0.01274,0.0026,2.81962,4.10474,3.90398,2.93166,0,0,0,0.000784894,0.000784894,0.000784894
37,1967.09,2.83997,4.10661,4.53796,2.95986,0.54532,0.54042,0.54514,0.50491,0.01445,0.03423,0.00442,0.51116,0.01605,0.04565,0.0091,2.77612,4.09095,3.86642,2.89429,0,0,0,0.00078352,0.00078352,0.00078352
38,2019.88,2.8017,4.10889,4.44713,2.91647,0.54448,0.53845,0.54308,0.63797,0.00742,0.00422,0.00099,0.51052,0.00803,0.00577,0.00094,2.77362,4.11808,3.84788,2.88871,0,0,0,0.000782145,0.000782145,0.000782145
39,2072.44,2.78921,4.14014,4.54443,2.97132,0.54268,0.53673,0.54122,0.38373,0.00662,0.00489,0.00101,0.38482,0.01049,0.00387,0.00076,2.7616,4.08641,3.83516,2.85564,0,0,0,0.000780771,0.000780771,0.000780771
40,2125.38,2.78081,4.14613,4.43997,2.9262,0.54058,0.53471,0.53918,0.00523,0.23953,0.01028,0.00255,0.00646,0.20134,0.00798,0.00151,2.74075,4.10748,3.77092,2.82691,0,0,0,0.000779396,0.000779396,0.000779396
41,2178.4,2.79645,4.0812,4.37761,2.86061,0.53802,0.53284,0.53708,0.0292,0.19292,0.01864,0.00569,0.02578,0.15434,0.01102,0.00339,2.75396,4.09698,3.7979,2.82939,0,0,0,0.000778022,0.000778022,0.000778022
42,2231.34,2.78778,4.10035,4.37142,2.87059,0.53679,0.53103,0.53525,0.40597,0.01884,0.00723,0.0023,0.38714,0.01322,0.00588,0.00114,2.72508,4.07302,3.78148,2.83575,0,0,0,0.000776648,0.000776648,0.000776648
43,2284.15,2.73806,4.12201,4.38001,2.86079,0.5351,0.5297,0.53362,0.01079,0.20616,0.00436,0.00159,0.01058,0.1819,0.00409,0.00105,2.74028,4.0812,3.86021,2.8448,0,0,0,0.000775273,0.000775273,0.000775273
44,2337.07,2.76861,4.07296,4.37161,2.85678,0.53369,0.52821,0.53217,0.01798,0.16959,0.01276,0.00485,0.01765,0.14453,0.00934,0.00236,2.72714,4.06509,3.7545,2.8308,0,0,0,0.000773899,0.000773899,0.000773899
45,2389.85,2.6735,4.15973,4.48243,2.90281,0.53418,0.52727,0.53111,0.63607,0.01986,0.01251,0.00441,0.0074,0.19307,0.01003,0.00236,2.69404,4.08604,3.7345,2.79816,0,0,0,0.000772524,0.000772524,0.000772524
46,2442.73,2.74247,4.07857,4.36513,2.86871,0.53246,0.52589,0.52979,0.51374,0.01831,0.00592,0.00156,0.02081,0.13055,0.01055,0.00146,2.71998,4.089,3.81123,2.81684,0,0,0,0.00077115,0.00077115,0.00077115
47,2495.66,2.72972,4.14899,4.31083,2.80735,0.53258,0.52528,0.5293,0.51712,0.02324,0.0101,0.0023,0.52945,0.00916,0.00531,0.00118,2.69793,4.07191,3.75171,2.79564,0,0,0,0.000769775,0.000769775,0.000769775
48,2548.61,2.69577,4.17848,4.2431,2.8233,0.53058,0.52395,0.52786,0.5294,0.01723,0.01104,0.00251,0.51425,0.01142,0.00492,0.00124,2.65884,4.05771,3.71667,2.76493,0,0,0,0.000768401,0.000768401,0.000768401
49,2601.36,2.71768,4.06383,4.28695,2.81911,0.5302,0.52288,0.52665,0.51517,0.01866,0.01172,0.00337,0.51151,0.01465,0.00775,0.00164,2.65911,4.0413,3.73269,2.73729,0,0,0,0.000767026,0.000767026,0.000767026
50,2654.49,2.79084,4.04497,4.11799,2.71336,0.52791,0.52172,0.52515,0.52444,0.03194,0.014,0.00368,0.51583,0.02736,0.00866,0.00189,2.66591,4.01705,3.72812,2.7128,0,0,0,0.000765652,0.000765652,0.000765652
51,2707.44,2.68615,4.05881,4.25723,2.7968,0.52776,0.52089,0.52441,0.52845,0.01818,0.03873,0.0062,0.51258,0.01042,0.03563,0.00782,2.69525,4.01395,3.67204,2.73246,0,0,0,0.000764278,0.000764278,0.000764278
52,2760.59,2.70328,3.96675,4.32205,2.82761,0.52683,0.52008,0.52353,0.51982,0.02251,0.01449,0.00415,0.50996,0.00803,0.0118,0.00302,2.64355,3.99936,3.68588,2.72651,0,0,0,0.000762903,0.000762903,0.000762903
53,2813.59,2.66546,4.07366,4.27784,2.77632,0.52683,0.51933,0.52301,0.26286,0.05491,0.01178,0.00383,0.38181,0.00742,0.00794,0.00226,2.63932,3.99403,3.65513,2.71454,0,0,0,0.000761529,0.000761529,0.000761529
54,2866.59,2.70392,4.04208,4.24813,2.78334,0.52546,0.51859,0.52224,0.3842,0.08084,0.01746,0.00392,0.51444,0.02355,0.00567,0.00125,2.64619,3.99292,3.63617,2.70844,0,0,0,0.000760154,0.000760154,0.000760154
55,2919.65,2.68349,4.07433,4.21392,2.77846,0.52381,0.51737,0.5211,0.53265,0.03428,0.01589,0.00436,0.52264,0.02046,0.00788,0.00179,2.5922,3.97599,3.62665,2.6602,0,0,0,0.00075878,0.00075878,0.00075878
56,2972.69,2.64945,4.03061,4.12621,2.72349,0.52596,0.51762,0.52111,0.52887,0.01824,0.0161,0.00491,0.51327,0.01425,0.0116,0.00206,2.57969,3.99652,3.65159,2.67214,0,0,0,0.000757405,0.000757405,0.000757405
57,3025.8,2.68076,3.9705,4.07727,2.70097,0.5224,0.51606,0.51953,0.65192,0.02105,0.00987,0.00306,0.64303,0.01322,0.00547,0.00135,2.58481,3.96369,3.64506,2.67242,0,0,0,0.000756031,0.000756031,0.000756031
58,3078.72,2.64288,4.00779,4.09647,2.71152,0.52302,0.516,0.51965,0.66069,0.01866,0.01977,0.00564,0.6533,0.01512,0.01144,0.00285,2.5943,3.94598,3.56677,2.68262,0,0,0,0.000754656,0.000754656,0.000754656
59,3131.56,2.6727,4.02515,4.15425,2.72874,0.5209,0.5149,0.51828,0.53402,0.02755,0.01736,0.00478,0.51912,0.01799,0.01064,0.00235,2.59004,3.95802,3.56865,2.66799,0,0,0,0.000753282,0.000753282,0.000753282
60,3184.49,2.61087,4.0165,4.16571,2.71729,0.52203,0.51451,0.51817,0.64886,0.03205,0.04235,0.01007,0.63958,0.02069,0.01499,0.00295,2.57904,3.96383,3.56429,2.65156,0,0,0,0.000751907,0.000751907,0.000751907
61,3237.55,2.64647,3.95987,4.11531,2.72027,0.52183,0.51426,0.51761,0.64955,0.03373,0.01496,0.0045,0.63893,0.02052,0.00926,0.00252,2.53369,3.92899,3.54822,2.62331,0,0,0,0.000750533,0.000750533,0.000750533
62,3290.59,2.56151,4.0523,4.07011,2.69764,0.52254,0.51381,0.51754,0.65288,0.02346,0.01758,0.00524,0.64397,0.01603,0.00873,0.00199,2.52737,3.94648,3.50167,2.63273,0,0,0,0.000749159,0.000749159,0.000749159
63,3343.56,2.59249,4.02395,4.08219,2.69185,0.51845,0.5128,0.51604,0.54514,0.02707,0.01479,0.00414,0.51359,0.01926,0.00796,0.00212,2.54955,3.90072,3.54072,2.63737,0,0,0,0.000747784,0.000747784,0.000747784
64,3396.48,2.60971,3.95797,3.99473,2.67289,0.51951,0.51249,0.51576,0.65938,0.03945,0.01692,0.00395,0.64573,0.02871,0.00759,0.00194,2.54657,3.90895,3.50681,2.62252,0,0,0,0.00074641,0.00074641,0.00074641
65,3449.42,2.57411,3.98574,4.01559,2.6688,0.51888,0.51175,0.51522,0.67018,0.0301,0.01619,0.00515,0.64155,0.01766,0.00774,0.00201,2.51582,3.8907,3.46582,2.61628,0,0,0,0.000745035,0.000745035,0.000745035
66,3502.53,2.6313,4.0274,3.91808,2.62734,0.51797,0.51122,0.5145,0.54864,0.0368,0.02216,0.00664,0.52771,0.02335,0.01251,0.00302,2.49956,3.89713,3.47046,2.6022,0,0,0,0.000743661,0.000743661,0.000743661
67,3555.58,2.58807,3.9153,3.95005,2.66682,0.51691,0.51057,0.51393,0.68083,0.03865,0.04706,0.01237,0.64307,0.04022,0.01693,0.00379,2.49154,3.86366,3.47033,2.58409,0,0,0,0.000742286,0.000742286,0.000742286
68,3608.83,2.59453,4.02088,3.9114,2.64137,0.51718,0.51056,0.51389,0.67042,0.03532,0.04064,0.0105,0.64453,0.03202,0.01564,0.00332,2.48577,3.87421,3.4507,2.59045,0,0,0,0.000740912,0.000740912,0.000740912
69,3661.92,2.6166,3.94001,3.99635,2.61164,0.51688,0.5099,0.51324,0.66519,0.03391,0.06352,0.01582,0.64269,0.02822,0.01522,0.00365,2.50767,3.91902,3.55657,2.59717,0,0,0,0.000739537,0.000739537,0.000739537
70,3715.01,2.53894,4.08361,3.9007,2.59028,0.51766,0.50979,0.51329,0.65787,0.03417,0.03317,0.0105,0.65163,0.02636,0.01272,0.00343,2.47617,3.88217,3.39851,2.57293,0,0,0,0.000738163,0.000738163,0.000738163
71,3767.97,2.51969,4.00471,4.02824,2.64405,0.51613,0.50932,0.51276,0.66716,0.03778,0.02398,0.00707,0.65135,0.02257,0.01373,0.0038,2.47823,3.87792,3.36225,2.57483,0,0,0,0.000736788,0.000736788,0.000736788
72,3820.98,2.55812,3.96335,3.95471,2.61948,0.51565,0.50891,0.51232,0.67364,0.04199,0.02872,0.00886,0.52315,0.02596,0.01269,0.00418,2.48439,3.86195,3.42699,2.57533,0,0,0,0.000735414,0.000735414,0.000735414
73,3874.01,2.55657,3.93062,3.81026,2.59673,0.51429,0.50827,0.51159,0.67206,0.03517,0.05792,0.0149,0.65192,0.02656,0.01763,0.00442,2.48087,3.85872,3.35546,2.55066,0,0,0,0.00073404,0.00073404,0.00073404
74,3926.96,2.52333,3.94554,3.74196,2.58053,0.51428,0.50817,0.51164,0.67643,0.0525,0.08485,0.01695,0.65228,0.03988,0.02987,0.0086,2.48898,nan,nan,2.55231,0,0,0,0.000732665,0.000732665,0.000732665
75,3980.18,2.57153,3.94288,3.91274,2.59778,0.51411,0.50763,0.5111,0.67341,0.04403,0.08308,0.03114,0.66439,0.033,0.04935,0.01205,2.47758,3.83382,3.3297,2.55705,0,0,0,0.000731291,0.000731291,0.000731291
76,4033.32,2.45779,3.90137,3.91737,2.59984,0.51483,0.5071,0.51082,0.67302,0.04143,0.05406,0.01445,0.66056,0.02457,0.01849,0.00567,2.4189,3.81379,3.31027,2.52743,0,0,0,0.000729916,0.000729916,0.000729916
77,4086.42,2.5305,3.84452,3.85031,2.55084,0.5133,0.50648,0.50967,0.65949,0.04703,0.04212,0.01094,0.64455,0.03937,0.01642,0.00463,2.41126,3.81619,3.36186,2.51009,0,0,0,0.000728542,0.000728542,0.000728542
78,4139.55,2.56479,3.9179,3.77585,2.534,0.51196,0.50571,0.50915,0.66795,0.05885,0.06092,0.01314,0.65188,0.04008,0.01909,0.00479,2.40458,3.8116,3.29723,2.51175,0,0,0,0.000727167,0.000727167,0.000727167
79,4192.63,2.51468,3.93853,3.76001,2.57269,0.51242,0.50587,0.50937,0.67482,0.05707,0.03673,0.01262,0.65066,0.04027,0.02332,0.00666,2.42069,3.80191,3.29496,2.48942,0,0,0,0.000725793,0.000725793,0.000725793
80,4245.67,2.45927,3.86177,3.75586,2.56062,0.51151,0.50535,0.50881,0.66615,0.04818,0.04527,0.01935,0.6556,0.03293,0.03179,0.00842,2.40682,3.80948,3.25908,2.50579,0,0,0,0.000724418,0.000724418,0.000724418
81,4298.76,2.55026,3.87448,3.81545,2.56751,0.51077,0.50496,0.50831,0.67018,0.05144,0.0729,0.02498,0.6514,0.03545,0.03881,0.01108,2.38487,3.79586,3.17462,2.49652,0,0,0,0.000723044,0.000723044,0.000723044
82,4351.9,2.48704,3.92281,3.75102,2.53246,0.51239,0.50516,0.50891,0.67809,0.03944,0.08998,0.02306,0.6442,0.06234,0.04843,0.01191,2.39538,3.80356,3.29884,2.48754,0,0,0,0.00072167,0.00072167,0.00072167
83,4405.2,2.47298,3.89307,3.77688,2.55614,0.50923,0.50459,0.50787,0.66804,0.04893,0.0485,0.01221,0.66349,0.03949,0.02201,0.00597,nan,nan,nan,nan,0,0,0,0.000720295,0.000720295,0.000720295
84,4458.21,2.45992,3.89318,3.75013,2.55563,0.50912,0.50383,0.5073,0.68373,0.05609,0.0651,0.01443,0.66592,0.03787,0.01953,0.00499,2.38994,nan,nan,2.48386,0,0,0,0.000718921,0.000718921,0.000718921
85,4511.34,2.41651,3.91726,3.69826,2.52176,0.50899,0.50316,0.50708,0.53742,0.07451,0.07976,0.02199,0.52539,0.05287,0.05134,0.01534,2.39606,3.77359,3.16156,2.46775,0,0,0,0.000717546,0.000717546,0.000717546
86,4564.29,2.47406,3.85927,3.71962,2.49616,0.51087,0.5034,0.50742,0.5331,0.07143,0.07147,0.02447,0.52083,0.04853,0.03522,0.01063,2.36952,3.76561,3.12819,2.45297,0,0,0,0.000716172,0.000716172,0.000716172
87,4617.35,2.50163,3.9475,3.66575,2.50235,0.50844,0.50272,0.50621,0.54037,0.07159,0.06217,0.01959,0.53029,0.05105,0.0289,0.00812,2.36755,3.75407,3.06915,2.45376,0,0,0,0.000714797,0.000714797,0.000714797
88,4670.35,2.47768,3.84578,3.75025,2.55245,0.50957,0.50239,0.50627,0.55343,0.07226,0.12262,0.03597,0.53116,0.0432,0.04151,0.01356,2.36258,3.7623,3.09107,2.45017,0,0,0,0.000713423,0.000713423,0.000713423
89,4723.63,2.47437,3.81153,3.52626,2.45897,0.50809,0.50199,0.50567,0.41769,0.09248,0.11845,0.03507,0.40519,0.04955,0.02935,0.01012,2.33488,3.74801,3.075,2.41787,0,0,0,0.000712048,0.000712048,0.000712048
90,4776.61,2.44764,3.86644,3.58999,2.44744,0.50922,0.50207,0.50571,0.45589,0.07792,0.08463,0.02808,0.43845,0.06132,0.02931,0.00729,2.34848,3.76228,3.02763,2.42255,0,0,0,0.000710674,0.000710674,0.000710674
91,4829.84,2.46367,3.83661,3.54489,2.49827,0.50898,0.50174,0.50572,0.47026,0.08207,0.10637,0.04661,0.42596,0.05954,0.06146,0.02157,2.34225,3.75006,3.05364,2.42165,0,0,0,0.000709299,0.000709299,0.000709299
92,4883.25,2.49133,3.82879,3.61412,2.49444,0.50753,0.50081,0.50467,0.56623,0.0824,0.10533,0.04946,0.46126,0.09851,0.06265,0.01789,2.35357,3.75974,3.02964,2.42805,0,0,0,0.000707925,0.000707925,0.000707925
93,4936.18,2.39135,3.81819,3.62458,2.51645,0.50563,0.49998,0.50378,0.54021,0.07829,0.074,0.02466,0.46787,0.05042,0.04222,0.01287,2.34451,3.73356,2.99843,2.43281,0,0,0,0.000706551,0.000706551,0.000706551
94,4989.09,2.45989,3.85051,3.59151,2.48217,0.50731,0.50034,0.50425,0.53048,0.08222,0.09886,0.03211,0.32766,0.05371,0.04248,0.01259,2.31769,3.7296,3.00887,2.41935,0,0,0,0.000705176,0.000705176,0.000705176
95,5042.07,2.42523,3.84187,3.53605,2.46487,0.50523,0.49962,0.50322,0.46987,0.16871,0.11648,0.03997,0.34346,0.13537,0.06017,0.01753,2.3505,3.71998,3.01974,2.43868,0,0,0,0.000703802,0.000703802,0.000703802
96,5094.97,2.38995,3.84056,3.55084,2.46409,0.50479,0.49916,0.50334,0.47186,0.11584,0.12256,0.03634,0.32008,0.05705,0.04195,0.01119,nan,nan,nan,nan,0,0,0,0.000702427,0.000702427,0.000702427
97,5148.07,2.47478,3.7597,3.52413,2.47457,0.5063,0.49937,0.50347,0.51173,0.11667,0.13106,0.03966,0.44791,0.06911,0.04528,0.01214,2.32456,3.70114,3.02741,2.40627,0,0,0,0.000701053,0.000701053,0.000701053
98,5200.99,2.37924,3.80926,3.56537,2.48142,0.50525,0.49852,0.50306,0.42649,0.12683,0.13391,0.05202,0.34111,0.09005,0.03934,0.01153,2.30516,3.69744,2.9112,2.38521,0,0,0,0.000699678,0.000699678,0.000699678
99,5254.02,2.41273,3.84081,3.44292,2.4145,0.50489,0.49823,0.50268,0.41726,0.20166,0.17419,0.07425,0.31473,0.12509,0.05641,0.01642,2.28819,3.70501,2.86071,2.37727,0,0,0,0.000698304,0.000698304,0.000698304
100,5307.42,2.41563,3.84808,3.4763,2.47739,0.50341,0.49772,0.5021,0.34656,0.18392,0.13572,0.05443,0.18917,0.14,0.05513,0.01528,2.28928,3.67151,2.98046,2.37913,0,0,0,0.000696929,0.000696929,0.000696929
101,5360.39,2.4036,3.83026,3.53212,2.48296,0.50284,0.49714,0.50159,0.36915,0.21128,0.10443,0.04168,0.35934,0.12248,0.05735,0.01762,2.28761,3.66198,2.98536,2.38598,0,0,0,0.000695555,0.000695555,0.000695555
102,5413.48,2.36776,3.7357,3.44808,2.44098,0.50461,0.49771,0.50219,0.23934,0.18471,0.12698,0.04966,0.18548,0.10581,0.06034,0.01929,2.27506,3.64058,2.87016,2.37195,0,0,0,0.000694181,0.000694181,0.000694181
103,5466.62,2.38794,3.8443,3.40996,2.42849,0.50248,0.49671,0.50141,0.21793,0.19554,0.15114,0.06547,0.12226,0.1335,0.09972,0.03509,nan,nan,nan,nan,0,0,0,0.000692806,0.000692806,0.000692806
104,5520.04,2.37147,3.77899,3.39036,2.46253,0.50213,0.49557,0.50056,0.40244,0.19796,0.17036,0.08204,0.36763,0.11428,0.09381,0.02731,2.24706,3.64196,2.83273,2.35973,0,0,0,0.000691432,0.000691432,0.000691432
105,5573.19,2.37374,3.72975,3.46745,2.44122,0.50586,0.4965,0.5022,0.38678,0.21818,0.19502,0.08384,0.22338,0.1417,0.11072,0.0342,2.24388,3.60039,2.77339,2.36601,0,0,0,0.000690057,0.000690057,0.000690057
106,5626.4,2.31967,3.76853,3.36865,2.43895,0.50024,0.49398,0.49975,0.30156,0.25646,0.19731,0.07105,0.3951,0.16904,0.10972,0.03318,2.24997,3.60292,2.80654,2.36634,0,0,0,0.000688683,0.000688683,0.000688683
107,5679.35,2.27814,3.76093,3.42949,2.43159,0.5031,0.4951,0.50038,0.47079,0.21678,0.17609,0.07186,0.42738,0.17979,0.10085,0.02862,2.23442,3.63266,2.87426,2.35026,0,0,0,0.000687308,0.000687308,0.000687308
108,5732.41,2.3493,3.70933,3.50701,2.43963,0.50082,0.49466,0.50016,0.46218,0.18942,0.14443,0.06171,0.45126,0.14557,0.08514,0.02471,2.21041,3.60366,2.86933,2.3405,0,0,0,0.000685934,0.000685934,0.000685934
109,5785.42,2.40128,3.75293,3.35133,2.42597,0.50156,0.49432,0.49962,0.38194,0.20072,0.17638,0.07477,0.29614,0.14961,0.11554,0.04155,2.20922,3.5939,2.77496,2.3192,0,0,0,0.000684559,0.000684559,0.000684559
110,5838.59,2.36644,3.73281,3.31135,2.3952,0.50046,0.49329,0.49884,0.43518,0.19246,0.18953,0.0755,0.29661,0.1529,0.12407,0.03445,2.21278,3.62636,2.77179,2.31698,0,0,0,0.000683185,0.000683185,0.000683185
111,5891.7,2.34937,3.75696,3.25682,2.38236,0.49869,0.49222,0.49771,0.2714,0.26209,0.17013,0.07965,0.12787,0.11337,0.11479,0.03229,2.15683,3.57753,2.73447,2.27912,0,0,0,0.00068181,0.00068181,0.00068181
112,5944.73,2.38791,3.724,3.36483,2.40528,0.50102,0.49258,0.49901,0.26637,0.25671,0.20288,0.08369,0.12899,0.18154,0.10289,0.02797,2.18871,3.59026,2.71734,2.2972,0,0,0,0.000680436,0.000680436,0.000680436
113,5997.82,2.33098,3.7227,3.28041,2.36467,0.49708,0.49067,0.49687,0.24052,0.29973,0.1786,0.07942,0.19121,0.20748,0.10077,0.03279,2.19416,3.5591,2.73606,2.29173,0,0,0,0.000679062,0.000679062,0.000679062
114,6051.02,2.33432,3.72789,3.32988,2.38447,0.49841,0.49047,0.49727,0.21364,0.22241,0.18283,0.07472,0.15943,0.16777,0.10322,0.03139,2.1829,3.53891,2.68455,2.28332,0,0,0,0.000677687,0.000677687,0.000677687
115,6104.09,2.36384,3.72106,3.23213,2.40918,0.49768,0.48986,0.49755,0.2568,0.25164,0.20256,0.08702,0.16427,0.18332,0.10545,0.03525,2.17634,3.55685,2.69307,2.28678,0,0,0,0.000676313,0.000676313,0.000676313
116,6157.37,2.3502,3.69155,3.31823,2.43528,0.49738,0.48904,0.49699,0.30181,0.25853,0.2134,0.09968,0.18839,0.18679,0.13504,0.04606,2.18654,3.55756,2.67379,2.30439,0,0,0,0.000674938,0.000674938,0.000674938
117,6210.59,2.30287,3.76535,3.26565,2.4108,0.49762,0.48866,0.49677,0.27913,0.27943,0.22834,0.09165,0.11413,0.17344,0.11457,0.03639,2.18048,3.55762,2.63425,2.28065,0,0,0,0.000673564,0.000673564,0.000673564
118,6263.51,2.3158,3.71406,3.15678,2.37532,0.49698,0.48716,0.49579,0.34304,0.28512,0.26744,0.12233,0.23727,0.22193,0.15544,0.04516,2.16661,3.55215,2.59733,2.25092,0,0,0,0.000672189,0.000672189,0.000672189
119,6316.74,2.33059,3.6776,3.14207,2.32341,0.49626,0.48592,0.49562,0.32627,0.25558,0.21859,0.0956,0.19699,0.22071,0.13555,0.0447,2.17884,3.52716,2.65683,2.26489,0,0,0,0.000670815,0.000670815,0.000670815
120,6369.75,2.34451,3.70989,3.19853,2.37515,0.49353,0.48333,0.49388,0.25831,0.25345,0.18388,0.08437,0.17139,0.19987,0.1096,0.03453,2.14533,3.50811,2.6188,2.22975,0,0,0,0.00066944,0.00066944,0.00066944
121,6422.87,2.31972,3.67028,3.15632,2.34314,0.49497,0.48326,0.49424,0.28289,0.28148,0.22289,0.10097,0.17687,0.22833,0.14531,0.04407,2.14069,3.49522,2.60469,2.23453,0,0,0,0.000668066,0.000668066,0.000668066
122,6475.9,2.28378,3.64277,3.13814,2.3346,0.49234,0.4808,0.49223,0.29277,0.29879,0.22986,0.10145,0.16735,0.2761,0.15056,0.0431,2.14593,3.48875,2.5542,2.2416,0,0,0,0.000666692,0.000666692,0.000666692
123,6529,2.29067,3.66207,3.09465,2.32523,0.49212,0.48015,0.49295,0.31579,0.29098,0.24146,0.10648,0.19415,0.27799,0.18248,0.04882,2.13742,3.47631,2.5454,2.23218,0,0,0,0.000665317,0.000665317,0.000665317
124,6582.03,2.25059,3.5626,3.14168,2.31462,0.48997,0.4769,0.49123,0.21631,0.31439,0.20629,0.09964,0.15673,0.26928,0.12933,0.0414,2.10318,nan,nan,2.22327,0,0,0,0.000663943,0.000663943,0.000663943
125,6635.13,2.33439,3.7034,3.09291,2.3105,0.4912,0.4756,0.4912,0.29409,0.32481,0.2387,0.11402,0.22732,0.25881,0.17246,0.05129,2.11799,3.49759,2.51771,2.22298,0,0,0,0.000662568,0.000662568,0.000662568
126,6688.28,2.26004,3.62569,3.06821,2.33069,0.49071,0.47282,0.49118,0.42656,0.32388,0.30592,0.13916,0.34223,0.22671,0.219,0.07157,2.11635,3.45869,2.51246,2.2122,0,0,0,0.000661194,0.000661194,0.000661194
127,6741.57,2.21714,3.69409,3.06439,2.27943,0.48974,0.46967,0.49025,0.49535,0.26926,0.26758,0.12826,0.39726,0.20213,0.18265,0.06117,nan,nan,nan,nan,0,0,0,0.000659819,0.000659819,0.000659819
128,6794.64,2.26019,3.70861,3.13728,2.33117,0.49037,0.4671,0.49061,0.304,0.36676,0.28657,0.13568,0.35975,0.1965,0.17079,0.06395,2.10135,3.4524,2.50391,2.22512,0,0,0,0.000658445,0.000658445,0.000658445
129,6847.79,2.28383,3.67118,3.06062,2.30287,0.48769,0.46168,0.48854,0.3481,0.32957,0.27608,0.13243,0.22865,0.22266,0.15634,0.06224,2.08804,3.44592,2.51181,2.2186,0,0,0,0.00065707,0.00065707,0.00065707
130,6900.97,2.33193,3.55608,3.01939,2.28843,0.48617,0.45581,0.48804,0.3707,0.2614,0.24619,0.11326,0.27925,0.19404,0.15421,0.05112,2.0904,3.45929,2.48602,2.20756,0,0,0,0.000655696,0.000655696,0.000655696
131,6954.05,2.29318,3.58481,3.08577,2.2762,0.48482,0.44852,0.48673,0.31922,0.29559,0.25656,0.12347,0.21761,0.20766,0.1555,0.05957,2.07886,nan,nan,2.19056,0,0,0,0.000654321,0.000654321,0.000654321
132,7007.13,2.27066,3.65261,3.05535,2.33151,0.48353,0.44094,0.48581,0.48053,0.25727,0.30117,0.13737,0.3567,0.20825,0.19725,0.06925,2.07157,3.44784,2.55147,2.19323,0,0,0,0.000652947,0.000652947,0.000652947
133,7060.22,2.28946,3.58501,3.06451,2.29718,0.4796,0.42929,0.48341,0.3873,0.31223,0.28398,0.14258,0.26404,0.23203,0.18951,0.06644,2.07284,3.45912,2.47535,2.18773,0,0,0,0.000651573,0.000651573,0.000651573
134,7113.22,2.2434,3.56736,3.07277,2.28933,0.48311,0.42048,0.4842,0.35621,0.34578,0.2957,0.14961,0.38635,0.18927,0.19217,0.07726,2.09836,3.43529,2.49122,2.20329,0,0,0,0.000650198,0.000650198,0.000650198
135,7166.47,2.25323,3.71525,3.07837,2.31085,0.48029,0.40837,0.48325,0.49391,0.28927,0.28012,0.14375,0.40702,0.23485,0.21823,0.07982,nan,nan,nan,nan,0,0,0,0.000648824,0.000648824,0.000648824
136,7219.67,2.29917,3.57543,2.99396,2.2541,0.47722,0.39619,0.48073,0.45774,0.26052,0.29093,0.1354,0.37307,0.21225,0.20091,0.07024,nan,nan,nan,nan,0,0,0,0.000647449,0.000647449,0.000647449
137,7272.66,2.22737,3.60736,2.97982,2.27972,0.47437,0.37968,0.47998,0.35693,0.38818,0.30673,0.14487,0.26533,0.29631,0.21419,0.08282,nan,nan,nan,nan,0,0,0,0.000646075,0.000646075,0.000646075
138,7325.91,2.19913,3.46592,3.00497,2.27403,0.46807,0.36285,0.4761,0.31392,0.3988,0.30004,0.13978,0.37025,0.28036,0.22635,0.08706,2.03578,3.36846,2.36965,2.15785,0,0,0,0.0006447,0.0006447,0.0006447
139,7379.07,2.32688,3.59073,2.90866,2.22303,0.46226,0.34544,0.47291,0.37112,0.39539,0.28214,0.14143,0.31105,0.32014,0.22303,0.0798,2.02297,3.34698,2.36152,2.15368,0,0,0,0.000643326,0.000643326,0.000643326
140,7432.13,2.22963,3.5622,2.91115,2.25625,0.45822,0.3335,0.47164,0.3905,0.36731,0.34209,0.16693,0.34366,0.29322,0.24553,0.09117,2.03214,3.35743,2.34455,2.15802,0,0,0,0.000641951,0.000641951,0.000641951
141,7485.51,2.22445,3.53443,2.90938,2.23872,0.45531,0.32102,0.47007,0.33796,0.42246,0.34941,0.17781,0.39301,0.2763,0.2456,0.09409,2.01368,3.36155,2.33466,2.15422,0,0,0,0.000640577,0.000640577,0.000640577
142,7538.77,2.20862,3.62332,2.84627,2.25393,0.44218,0.30062,0.46424,0.38122,0.40108,0.34489,0.17336,0.38949,0.27786,0.23853,0.08977,2.02957,3.35901,2.32627,2.15379,0,0,0,0.000639203,0.000639203,0.000639203
143,7591.95,2.21319,3.6119,2.86755,2.21994,0.43212,0.28926,0.46066,0.39328,0.35503,0.3361,0.16692,0.25032,0.33663,0.23498,0.09172,2.01928,3.35249,2.30453,2.15229,0,0,0,0.000637828,0.000637828,0.000637828
144,7644.99,2.22882,3.54578,2.94438,2.25408,0.4175,0.27304,0.45338,0.40783,0.35685,0.35379,0.17023,0.24771,0.33557,0.24287,0.09621,2.01047,nan,nan,2.14503,0,0,0,0.000636454,0.000636454,0.000636454
145,7698.14,2.21848,3.51071,2.97177,2.27738,0.40417,0.25695,0.44424,0.43283,0.34412,0.34655,0.1679,0.33319,0.27255,0.24297,0.09087,nan,nan,nan,nan,0,0,0,0.000635079,0.000635079,0.000635079
146,7751.26,2.17739,3.62518,2.91138,2.25992,0.39176,0.2475,0.43476,0.40836,0.35737,0.32799,0.16861,0.30075,0.27421,0.20208,0.07767,nan,nan,nan,nan,0,0,0,0.000633705,0.000633705,0.000633705
147,7804.42,2.21558,3.50569,2.85832,2.22628,0.37227,0.23219,0.42168,0.41244,0.35575,0.34492,0.1784,0.38169,0.26719,0.23214,0.09464,1.98707,3.33647,2.31041,2.12901,0,0,0,0.00063233,0.00063233,0.00063233
148,7857.74,2.15746,3.55609,2.86469,2.24502,0.35367,0.21896,0.40559,0.42606,0.37648,0.35471,0.18267,0.28675,0.30359,0.24281,0.09409,1.99311,3.35853,2.31654,2.12106,0,0,0,0.000630956,0.000630956,0.000630956
149,7911.04,2.19414,3.53256,2.89503,2.2414,0.34248,0.20992,0.3893,0.40287,0.35118,0.33788,0.17196,0.23962,0.30018,0.2221,0.09377,nan,nan,nan,nan,0,0,0,0.000629581,0.000629581,0.000629581
150,7963.9,2.17013,3.48199,2.90475,2.22426,0.33414,0.20175,0.37373,0.31605,0.4394,0.33167,0.16703,0.26345,0.35201,0.23411,0.0947,1.97984,3.30103,2.23998,2.10983,0,0,0,0.000628207,0.000628207,0.000628207
151,8016.83,2.21188,3.52749,2.8943,2.21172,0.31932,0.19413,0.35479,0.35604,0.34502,0.31249,0.14677,0.28338,0.27464,0.22682,0.0834,nan,nan,nan,nan,0,0,0,0.000626832,0.000626832,0.000626832
152,8069.88,2.20875,3.53953,2.93694,2.24476,0.30736,0.18622,0.33456,0.34713,0.43979,0.33441,0.16166,0.27308,0.33711,0.21671,0.07716,nan,nan,nan,nan,0,0,0,0.000625458,0.000625458,0.000625458
153,8122.88,2.21723,3.47508,2.8432,2.20937,0.2939,0.18412,0.31699,0.43649,0.40614,0.3727,0.19025,0.42584,0.28447,0.24371,0.09267,1.95332,3.30048,2.29953,2.0886,0,0,0,0.000624084,0.000624084,0.000624084
154,8175.98,2.15849,3.55442,2.88477,2.19981,0.28175,0.17862,0.3006,0.3564,0.39394,0.37919,0.18415,0.28852,0.32438,0.25507,0.09779,1.97884,3.28281,2.23145,2.09288,0,0,0,0.000622709,0.000622709,0.000622709
155,8228.98,2.13445,3.44304,2.75245,2.21026,0.27577,0.17573,0.28495,0.32009,0.43134,0.34733,0.17273,0.23316,0.34055,0.2253,0.09089,1.9486,3.27958,2.22813,2.08558,0,0,0,0.000621335,0.000621335,0.000621335
156,8281.96,2.11053,3.49346,2.75166,2.20152,0.27773,0.17974,0.2778,0.42767,0.40349,0.37973,0.17502,0.33468,0.32828,0.26035,0.09882,1.92161,nan,nan,2.07671,0,0,0,0.00061996,0.00061996,0.00061996
157,8334.96,2.16323,3.51014,2.74828,2.1912,0.26608,0.17666,0.26513,0.40913,0.42556,0.3912,0.21018,0.32724,0.34091,0.27285,0.11923,1.90655,3.27257,2.21264,2.06241,0,0,0,0.000618586,0.000618586,0.000618586
158,8388.23,2.16139,3.45828,2.72896,2.1795,0.25924,0.17371,0.25136,0.44354,0.36652,0.37148,0.18405,0.34969,0.2841,0.23593,0.09512,nan,nan,nan,nan,0,0,0,0.000617211,0.000617211,0.000617211
159,8441.19,2.17363,3.42776,2.80757,2.20555,0.2484,0.16872,0.23615,0.33408,0.45728,0.34884,0.17055,0.27294,0.37643,0.25234,0.10773,nan,nan,nan,nan,0,0,0,0.000615837,0.000615837,0.000615837
160,8494.09,2.17006,3.4688,2.71157,2.21533,0.2451,0.1686,0.2306,0.37488,0.48857,0.37339,0.19048,0.27256,0.36678,0.25173,0.10528,1.90435,3.22884,2.13676,2.05951,0,0,0,0.000614462,0.000614462,0.000614462
161,8546.98,2.1457,3.54768,2.70027,2.21133,0.24138,0.16625,0.22101,0.35007,0.42897,0.34892,0.1857,0.21935,0.32477,0.22685,0.09564,nan,nan,nan,nan,0,0,0,0.000613088,0.000613088,0.000613088
162,8599.95,2.17787,3.43893,2.71486,2.17104,0.24213,0.16433,0.21564,0.3266,0.38798,0.35972,0.19884,0.2251,0.30438,0.22708,0.09408,nan,nan,nan,nan,0,0,0,0.000611714,0.000611714,0.000611714
163,8652.82,2.16196,3.39995,2.74921,2.14515,0.23028,0.15487,0.20009,0.39937,0.50532,0.4077,0.21491,0.34443,0.38337,0.29209,0.11592,1.89189,3.2168,2.11257,2.04443,0,0,0,0.000610339,0.000610339,0.000610339
164,8706.2,2.16021,3.51139,2.66441,2.14947,0.23638,0.16457,0.20366,0.43817,0.46696,0.43736,0.23155,0.38074,0.33672,0.31139,0.11774,1.89452,3.22615,2.09972,2.04502,0,0,0,0.000608965,0.000608965,0.000608965
165,8759.47,2.16935,3.50929,2.64803,2.16319,0.23301,0.16616,0.20035,0.31537,0.4553,0.38718,0.21311,0.22121,0.41921,0.25929,0.09726,nan,nan,nan,nan,0,0,0,0.00060759,0.00060759,0.00060759
166,8812.47,2.14956,3.4963,2.65763,2.16492,0.23504,0.16951,0.20057,0.36113,0.49632,0.40843,0.22799,0.30025,0.38572,0.29723,0.12054,1.87574,3.20354,2.14392,2.02676,0,0,0,0.000606216,0.000606216,0.000606216
167,8865.45,2.12717,3.51137,2.66668,2.1494,0.23493,0.16722,0.19697,0.41516,0.44593,0.41261,0.22877,0.29149,0.37433,0.29173,0.11123,nan,nan,nan,nan,0,0,0,0.000604841,0.000604841,0.000604841
168,8918.46,2.14845,3.49412,2.6307,2.13887,0.23918,0.16403,0.1887,0.47096,0.45389,0.43521,0.25373,0.38372,0.31831,0.29406,0.12705,nan,nan,nan,nan,0,0,0,0.000603467,0.000603467,0.000603467
169,8971.64,2.08244,3.42785,2.66967,2.16334,0.23514,0.16767,0.19227,0.3775,0.47445,0.42729,0.24193,0.23071,0.39813,0.28677,0.11933,1.85189,3.17032,2.11821,2.0127,0,0,0,0.000602092,0.000602092,0.000602092
170,9024.61,2.1023,3.37846,2.70118,2.18198,0.23411,0.16016,0.18196,0.39036,0.46558,0.44603,0.23832,0.33539,0.34377,0.30778,0.12935,1.85935,3.15103,2.12726,2.00589,0,0,0,0.000600718,0.000600718,0.000600718
171,9077.49,2.09487,3.47956,2.68295,2.19206,0.23307,0.17013,0.18901,0.36454,0.52844,0.43141,0.22815,0.27769,0.42168,0.30528,0.1266,nan,nan,nan,nan,0,0,0,0.000599343,0.000599343,0.000599343
172,9130.47,2.13464,3.53522,2.69887,2.17315,0.22328,0.15891,0.17644,0.3653,0.47235,0.41882,0.21053,0.2811,0.36432,0.28345,0.10939,1.9107,3.19925,2.13212,2.03408,0,0,0,0.000597969,0.000597969,0.000597969
173,9183.43,2.12838,3.39086,2.65661,2.14022,0.22399,0.15459,0.17305,0.47087,0.43183,0.43786,0.21965,0.33134,0.33773,0.27078,0.11102,1.86408,3.17231,2.10116,2.00483,0,0,0,0.000596595,0.000596595,0.000596595
174,9236.4,2.08277,3.3901,2.57695,2.13173,0.23586,0.16642,0.18424,0.41568,0.4671,0.43175,0.23265,0.3007,0.38102,0.28378,0.10927,1.85523,nan,nan,1.99703,0,0,0,0.00059522,0.00059522,0.00059522
175,9289.39,2.14777,3.33555,2.65953,2.11081,0.22555,0.15912,0.17315,0.4905,0.42129,0.44573,0.2389,0.35481,0.35242,0.29125,0.12216,1.85206,nan,nan,2.009,0,0,0,0.000593846,0.000593846,0.000593846
176,9342.37,2.11902,3.38412,2.65194,2.13076,0.22461,0.16142,0.17476,0.48766,0.42644,0.44031,0.23687,0.39888,0.29959,0.29049,0.11473,1.86198,3.18843,2.10729,2.01472,0,0,0,0.000592471,0.000592471,0.000592471
177,9395.25,2.07119,3.36711,2.59682,2.10261,0.22752,0.15941,0.17433,0.43187,0.47009,0.44993,0.25891,0.31516,0.39932,0.2983,0.1369,nan,nan,nan,nan,0,0,0,0.000591097,0.000591097,0.000591097
178,9448.43,2.13106,3.45544,2.55639,2.12045,0.22099,0.1554,0.17067,0.40507,0.46353,0.42631,0.24432,0.29577,0.35158,0.26226,0.10736,nan,nan,nan,nan,0,0,0,0.000589722,0.000589722,0.000589722
179,9501.2,2.08279,3.42114,2.64598,2.16017,0.23155,0.16375,0.17907,0.42343,0.50542,0.45924,0.26893,0.326,0.40615,0.30347,0.13605,nan,nan,nan,nan,0,0,0,0.000588348,0.000588348,0.000588348
180,9554.38,2.11791,3.40507,2.55343,2.09616,0.21344,0.15517,0.1671,0.42763,0.45863,0.4394,0.26005,0.32158,0.37898,0.29583,0.1343,nan,nan,nan,nan,0,0,0,0.000586973,0.000586973,0.000586973
181,9607.35,2.11531,3.37101,2.6059,2.15415,0.22098,0.16028,0.17396,0.45813,0.45131,0.4416,0.25627,0.32487,0.34682,0.2902,0.12982,nan,nan,nan,nan,0,0,0,0.000585599,0.000585599,0.000585599
182,9660.26,2.09905,3.49864,2.57165,2.12366,0.22493,0.16267,0.17698,0.55585,0.42315,0.46625,0.26329,0.37087,0.40916,0.32983,0.14119,1.82947,3.11257,2.03498,1.98112,0,0,0,0.000584225,0.000584225,0.000584225
183,9713.21,2.0598,3.29242,2.51226,2.09033,0.20998,0.15398,0.16625,0.42934,0.47907,0.43321,0.25737,0.33209,0.38983,0.29875,0.13023,1.8086,3.09541,2.05639,1.96949,0,0,0,0.00058285,0.00058285,0.00058285
184,9766.01,2.08514,3.40241,2.52327,2.11212,0.21029,0.15682,0.16871,0.44096,0.48383,0.4441,0.25039,0.34643,0.38241,0.28517,0.12629,nan,nan,nan,nan,0,0,0,0.000581476,0.000581476,0.000581476
185,9818.99,2.08211,3.38569,2.59069,2.11173,0.22244,0.16497,0.17731,0.43716,0.5362,0.49437,0.27469,0.3431,0.40454,0.33706,0.15157,nan,nan,nan,nan,0,0,0,0.000580101,0.000580101,0.000580101
186,9872.22,2.08266,3.38204,2.54199,2.11226,0.21317,0.16059,0.17246,0.45595,0.51581,0.49605,0.27873,0.34161,0.43125,0.35192,0.16596,nan,nan,nan,nan,0,0,0,0.000578727,0.000578727,0.000578727
187,9925.62,2.01861,3.36908,2.57754,2.11329,0.21936,0.15818,0.17122,0.38849,0.45968,0.43693,0.24177,0.27285,0.33606,0.26532,0.1126,nan,nan,nan,nan,0,0,0,0.000577352,0.000577352,0.000577352
188,9978.48,2.07184,3.31269,2.51594,2.07335,0.21312,0.15471,0.16738,0.45466,0.43769,0.41881,0.23212,0.3407,0.32511,0.25285,0.11253,nan,nan,nan,nan,0,0,0,0.000575978,0.000575978,0.000575978
189,10031.5,2.07063,3.34813,2.54745,2.1247,0.21209,0.15537,0.16786,0.37547,0.5766,0.49148,0.27454,0.31533,0.41304,0.34673,0.16637,1.78474,3.08528,1.99388,1.94878,0,0,0,0.000574603,0.000574603,0.000574603
190,10084.5,2.03202,3.39698,2.40006,2.04155,0.22326,0.1666,0.17985,0.51739,0.4868,0.49378,0.27921,0.39814,0.37568,0.34147,0.15424,1.78617,3.06747,1.94999,1.9544,0,0,0,0.000573229,0.000573229,0.000573229
191,10137.4,2.02991,3.31892,2.51572,2.10441,0.21076,0.16355,0.17562,0.56438,0.48193,0.51945,0.30045,0.43857,0.37812,0.3471,0.16844,1.77558,3.06658,1.93339,1.95047,0,0,0,0.000571854,0.000571854,0.000571854
192,10190.6,2.11102,3.34219,2.53739,2.12458,0.2098,0.16094,0.17552,0.47082,0.45472,0.45517,0.26456,0.27786,0.41959,0.29569,0.13872,nan,nan,nan,nan,0,0,0,0.00057048,0.00057048,0.00057048
193,10243.7,1.98025,3.3331,2.45468,2.0702,0.20679,0.16071,0.17294,0.51324,0.51484,0.52877,0.31198,0.32608,0.4197,0.34707,0.15755,1.73776,3.04672,1.94756,1.92795,0,0,0,0.000569106,0.000569106,0.000569106
194,10296.9,2.09673,3.43591,2.54052,2.11487,0.21262,0.1597,0.1726,0.64071,0.42702,0.5196,0.3129,0.44185,0.34645,0.34405,0.16202,1.75037,3.0254,1.94058,1.93557,0,0,0,0.000567731,0.000567731,0.000567731
195,10350,2.04616,3.35706,2.49523,2.09416,0.20585,0.15407,0.16731,0.44183,0.49035,0.46367,0.26872,0.34062,0.37456,0.29602,0.13606,nan,nan,nan,nan,0,0,0,0.000566357,0.000566357,0.000566357
196,10402.9,1.9913,3.28999,2.41976,2.03985,0.21169,0.15848,0.171,0.50391,0.45716,0.47112,0.27604,0.38767,0.33123,0.30212,0.13817,nan,nan,nan,nan,0,0,0,0.000564982,0.000564982,0.000564982
197,10455.7,1.93902,3.27482,2.42364,2.06895,0.21406,0.1617,0.17698,0.46409,0.53137,0.51226,0.28907,0.34415,0.42271,0.34521,0.1437,nan,nan,nan,nan,0,0,0,0.000563608,0.000563608,0.000563608
198,10508.6,2.02938,3.27531,2.40828,2.02762,0.19982,0.14644,0.15939,0.59845,0.45311,0.5285,0.31652,0.45476,0.38039,0.35958,0.15866,nan,nan,nan,nan,0,0,0,0.000562233,0.000562233,0.000562233
199,10561.7,2.04895,3.3525,2.49092,2.09892,0.21023,0.15865,0.17149,0.50334,0.54014,0.54204,0.3276,0.36336,0.41884,0.35832,0.16419,1.7373,3.03038,1.85144,1.91215,0,0,0,0.000560859,0.000560859,0.000560859
200,10614.8,2.05248,3.27967,2.44037,2.06387,0.20545,0.15932,0.1729,0.48158,0.54269,0.53852,0.31729,0.33266,0.44201,0.36049,0.16161,1.73623,3.04092,1.93521,1.90283,0,0,0,0.000559484,0.000559484,0.000559484
201,10667.7,2.03213,3.34877,2.41312,2.0276,0.20595,0.16009,0.17246,0.44525,0.51585,0.47984,0.2781,0.35935,0.38692,0.32518,0.15416,nan,nan,nan,nan,0,0,0,0.00055811,0.00055811,0.00055811
202,10720.7,1.95999,3.2659,2.40717,2.04152,0.19957,0.15363,0.16505,0.42525,0.49681,0.45458,0.26821,0.32015,0.36569,0.28511,0.13373,nan,nan,nan,nan,0,0,0,0.000556736,0.000556736,0.000556736
203,10773.7,2.01285,3.27227,2.47803,2.04807,0.20119,0.15265,0.1655,0.45851,0.51496,0.47616,0.27706,0.32905,0.44673,0.32284,0.14395,nan,nan,nan,nan,0,0,0,0.000555361,0.000555361,0.000555361
204,10826.7,2.01676,3.26651,2.37948,2.02168,0.20493,0.15633,0.16942,0.47318,0.51407,0.50345,0.29176,0.38417,0.39208,0.35198,0.16346,nan,nan,nan,nan,0,0,0,0.000553987,0.000553987,0.000553987
205,10879.6,2.00643,3.29958,2.43665,2.06929,0.21132,0.15989,0.17301,0.49675,0.53427,0.53582,0.31387,0.37736,0.40832,0.36942,0.17839,1.73681,3.01142,1.8794,1.89522,0,0,0,0.000552612,0.000552612,0.000552612
206,10932.7,1.98405,3.24746,2.36948,2.06707,0.2034,0.14762,0.15995,0.49414,0.52555,0.52094,0.3044,0.48451,0.31909,0.34057,0.15635,nan,nan,nan,nan,0,0,0,0.000551238,0.000551238,0.000551238
207,10985.7,2.00403,3.27282,2.419,2.07665,0.20718,0.16062,0.17387,0.54222,0.48771,0.52374,0.30541,0.38939,0.39355,0.34712,0.16462,nan,nan,nan,nan,0,0,0,0.000549863,0.000549863,0.000549863
208,11038.6,2.01247,3.24338,2.38401,2.01753,0.20148,0.14977,0.16343,0.52881,0.53931,0.53329,0.31432,0.41088,0.42254,0.35694,0.17644,1.74345,3.00568,1.8668,1.90041,0,0,0,0.000548489,0.000548489,0.000548489
209,11091.7,1.95925,3.22515,2.35715,2.05464,0.20053,0.15144,0.16361,0.55611,0.5138,0.54276,0.31466,0.42685,0.41857,0.36068,0.1799,1.71342,2.96958,1.8943,1.88541,0,0,0,0.000547114,0.000547114,0.000547114
210,11145,1.96578,3.30616,2.34417,2.03815,0.20672,0.15676,0.17029,0.52915,0.53401,0.53518,0.30494,0.40357,0.43815,0.36394,0.16669,1.709,nan,nan,1.89363,0,0,0,0.00054574,0.00054574,0.00054574
211,11198,1.99264,3.23239,2.35914,2.03521,0.20967,0.15966,0.17144,0.46639,0.56112,0.51887,0.29563,0.35566,0.46224,0.35125,0.15988,1.72662,2.9429,1.81424,1.89953,0,0,0,0.000544365,0.000544365,0.000544365
212,11251,1.99634,3.30865,2.32779,2.03758,0.20307,0.1569,0.17137,0.57088,0.40467,0.44441,0.25645,0.4651,0.31487,0.31069,0.13592,nan,nan,nan,nan,0,0,0,0.000542991,0.000542991,0.000542991
213,11303.9,1.9278,3.23173,2.25032,1.97884,0.20005,0.15799,0.17201,0.45482,0.50888,0.47281,0.27949,0.35229,0.39526,0.32571,0.15278,nan,nan,nan,nan,0,0,0,0.000541617,0.000541617,0.000541617
214,11356.8,2.00092,3.25085,2.33707,2.04815,0.19982,0.15079,0.16346,0.4959,0.5237,0.50681,0.30433,0.40912,0.43871,0.36899,0.17612,nan,nan,nan,nan,0,0,0,0.000540242,0.000540242,0.000540242
215,11409.9,1.99501,3.21293,2.35782,2.03883,0.20438,0.15568,0.16941,0.48798,0.5658,0.52379,0.31329,0.39168,0.47021,0.3764,0.18374,nan,nan,nan,nan,0,0,0,0.000538868,0.000538868,0.000538868
216,11463.3,2.01628,3.26754,2.33608,2.04298,0.20192,0.15426,0.16859,0.47429,0.50564,0.48089,0.28847,0.37155,0.38336,0.30985,0.14366,nan,nan,nan,nan,0,0,0,0.000537493,0.000537493,0.000537493
217,11516.4,2.03126,3.25562,2.31415,2.00192,0.20326,0.15343,0.16854,0.455,0.50488,0.48187,0.2978,0.36183,0.40022,0.31315,0.13747,nan,nan,nan,nan,0,0,0,0.000536119,0.000536119,0.000536119
218,11569.6,2.00085,3.26417,2.25828,2.00254,0.20332,0.15913,0.1729,0.53211,0.59089,0.56867,0.344,0.53833,0.39751,0.39012,0.19024,nan,nan,nan,nan,0,0,0,0.000534744,0.000534744,0.000534744
219,11622.8,1.87867,3.18993,2.27887,1.99248,0.20018,0.1529,0.16536,0.51969,0.54749,0.56951,0.33405,0.4451,0.46519,0.41762,0.20166,nan,nan,nan,nan,0,0,0,0.00053337,0.00053337,0.00053337
220,11676.2,1.94722,3.23695,2.32394,2.00028,0.20621,0.15733,0.17166,0.5759,0.48568,0.52336,0.30943,0.46395,0.36305,0.35277,0.17182,nan,nan,nan,nan,0,0,0,0.000531995,0.000531995,0.000531995
221,11729.2,2.0118,3.20935,2.33931,1.97351,0.20315,0.15504,0.17045,0.49775,0.55365,0.53436,0.3121,0.39277,0.42293,0.37014,0.17669,nan,nan,nan,nan,0,0,0,0.000530621,0.000530621,0.000530621
222,11782.1,1.96781,3.15418,2.22495,2.02399,0.19766,0.15656,0.17118,0.47889,0.57213,0.53473,0.31546,0.36212,0.45474,0.37264,0.16423,nan,nan,nan,nan,0,0,0,0.000529247,0.000529247,0.000529247
223,11835.1,1.93374,3.17761,2.29486,1.94721,0.19426,0.14703,0.16087,0.59941,0.53233,0.54353,0.33488,0.47567,0.41621,0.38332,0.17169,nan,nan,nan,nan,0,0,0,0.000527872,0.000527872,0.000527872
224,11888.2,1.97582,3.1707,2.27747,2.01817,0.19761,0.15166,0.16702,0.54334,0.5368,0.53246,0.32485,0.42151,0.43405,0.38319,0.17722,1.65984,2.86836,1.789,1.84631,0,0,0,0.000526498,0.000526498,0.000526498
225,11941.2,1.97525,3.21565,2.30704,1.99378,0.19245,0.14406,0.15734,0.60466,0.44775,0.50081,0.29824,0.49541,0.32478,0.32531,0.15407,nan,nan,nan,nan,0,0,0,0.000525123,0.000525123,0.000525123
226,11994.2,1.88058,3.22562,2.26355,2.02097,0.1981,0.1536,0.16608,0.46027,0.5501,0.50459,0.30042,0.38075,0.43435,0.33432,0.15725,nan,nan,nan,nan,0,0,0,0.000523749,0.000523749,0.000523749
227,12047.1,1.93886,3.20567,2.20101,1.97998,0.20468,0.15486,0.16813,0.50021,0.5668,0.56382,0.33712,0.3933,0.48816,0.39623,0.19565,nan,nan,nan,nan,0,0,0,0.000522374,0.000522374,0.000522374
228,12099.8,1.88145,3.17389,2.20906,1.98677,0.19992,0.14931,0.16634,0.48585,0.58898,0.56177,0.33252,0.36713,0.49785,0.4023,0.19139,nan,nan,nan,nan,0,0,0,0.000521,0.000521,0.000521
229,12152.8,1.91551,3.14157,2.20712,1.97674,0.20229,0.15115,0.16728,0.56332,0.54184,0.55129,0.32287,0.32697,0.50479,0.37675,0.18339,1.65535,2.81982,1.73646,1.82835,0,0,0,0.000519625,0.000519625,0.000519625
230,12205.8,1.91469,3.15018,2.23288,1.99286,0.19798,0.15054,0.16546,0.53608,0.53016,0.56256,0.34184,0.37959,0.43047,0.37987,0.19095,1.65422,2.85648,1.79314,1.83136,0,0,0,0.000518251,0.000518251,0.000518251
231,12258.7,1.93139,3.17929,2.27911,1.97848,0.19028,0.14105,0.15745,0.57456,0.50356,0.55652,0.33171,0.40603,0.43062,0.39525,0.199,1.66055,2.87047,1.74284,1.84142,0,0,0,0.000516877,0.000516877,0.000516877
232,12311.6,1.87925,3.12072,2.21884,1.97336,0.18684,0.14055,0.15436,0.58949,0.53491,0.57089,0.33998,0.49122,0.42382,0.41028,0.20154,1.65504,2.84765,1.71529,1.83291,0,0,0,0.000515502,0.000515502,0.000515502
233,12364.8,1.94497,3.15326,2.26197,1.99343,0.19437,0.14854,0.16176,0.54524,0.57795,0.56657,0.33947,0.55618,0.40445,0.41652,0.20992,nan,nan,nan,nan,0,0,0,0.000514128,0.000514128,0.000514128
234,12418,1.90853,3.13745,2.24444,2.01357,0.20453,0.15127,0.16763,0.52705,0.61134,0.56842,0.35086,0.56068,0.39211,0.41485,0.20756,nan,nan,nan,nan,0,0,0,0.000512753,0.000512753,0.000512753
235,12471.1,1.94604,3.18564,2.25258,1.98059,0.20758,0.15458,0.17113,0.6005,0.5163,0.54623,0.34924,0.41734,0.42286,0.35317,0.17242,nan,nan,nan,nan,0,0,0,0.000511379,0.000511379,0.000511379
236,12524,1.96866,3.15563,2.21906,1.98131,0.19486,0.14699,0.16266,0.64786,0.51479,0.56477,0.36273,0.45231,0.41173,0.36457,0.17771,nan,nan,nan,nan,0,0,0,0.000510004,0.000510004,0.000510004
237,12576.9,1.88178,3.11878,2.25085,1.98043,0.19743,0.1496,0.16446,0.57401,0.57036,0.60009,0.37926,0.44163,0.46545,0.41832,0.21471,nan,nan,nan,nan,0,0,0,0.00050863,0.00050863,0.00050863
238,12630.2,1.97734,3.12863,2.22633,1.96499,0.19868,0.15131,0.16723,0.61502,0.49323,0.56515,0.34795,0.45669,0.41298,0.39918,0.20007,1.65033,2.81718,1.74362,1.82168,0,0,0,0.000507255,0.000507255,0.000507255
239,12683.1,1.91025,3.0884,2.24429,2.00804,0.2006,0.15354,0.17125,0.51535,0.47963,0.51957,0.3176,0.34589,0.40597,0.36182,0.17101,nan,nan,nan,nan,0,0,0,0.000505881,0.000505881,0.000505881
240,12736,1.92022,3.21137,2.23625,1.98204,0.19452,0.14002,0.15692,0.49235,0.49747,0.51155,0.32204,0.38113,0.41361,0.36809,0.18304,nan,nan,nan,nan,0,0,0,0.000504506,0.000504506,0.000504506
241,12789,1.95446,3.13219,2.22406,1.98002,0.1954,0.14549,0.16251,0.44518,0.60805,0.57839,0.37229,0.38539,0.45093,0.41407,0.20923,nan,nan,nan,nan,0,0,0,0.000503132,0.000503132,0.000503132
242,12842,1.91607,3.1676,2.1939,1.95278,0.19561,0.14675,0.16323,0.56266,0.56199,0.60459,0.36307,0.44445,0.45066,0.42353,0.20517,1.64365,2.79381,1.69338,1.81515,0,0,0,0.000501758,0.000501758,0.000501758
243,12894.9,1.93292,3.16536,2.24707,1.98183,0.20007,0.14369,0.16164,0.50612,0.6147,0.58135,0.35134,0.42206,0.50801,0.4335,0.21979,1.59763,2.78101,1.72696,1.78802,0,0,0,0.000500383,0.000500383,0.000500383
244,12947.9,1.88423,3.16391,2.14792,1.94775,0.19574,0.147,0.16376,0.46991,0.59539,0.51875,0.31454,0.37228,0.44513,0.35882,0.17419,nan,nan,nan,nan,0,0,0,0.000499009,0.000499009,0.000499009
245,13000.8,1.91022,3.12772,2.20347,1.96807,0.19156,0.14638,0.16104,0.49304,0.56116,0.5411,0.32902,0.37384,0.42463,0.34619,0.16942,nan,nan,nan,nan,0,0,0,0.000497634,0.000497634,0.000497634
246,13053.8,1.90954,3.07772,2.14183,1.97451,0.19654,0.14353,0.15882,0.51684,0.52141,0.52112,0.31889,0.35347,0.44105,0.33035,0.16078,nan,nan,nan,nan,0,0,0,0.00049626,0.00049626,0.00049626
247,13106.7,1.96455,3.13165,2.14771,1.93557,0.19127,0.14582,0.16221,0.50324,0.53628,0.53173,0.32816,0.39077,0.40966,0.35076,0.17443,nan,nan,nan,nan,0,0,0,0.000494885,0.000494885,0.000494885
248,13159.6,1.85689,3.13598,2.09261,1.93945,0.20838,0.15247,0.16846,0.49211,0.62439,0.59421,0.36924,0.43806,0.48409,0.4242,0.20804,nan,nan,nan,nan,0,0,0,0.000493511,0.000493511,0.000493511
249,13212.4,1.85216,3.02124,2.14711,1.93757,0.2029,0.15493,0.1719,0.64035,0.51562,0.61236,0.37889,0.53526,0.41069,0.42944,0.22332,1.58642,2.74244,1.69342,1.76081,0,0,0,0.000492136,0.000492136,0.000492136
250,13265.6,1.82722,3.0306,2.13758,1.92046,0.19421,0.14835,0.16359,0.57909,0.54183,0.59429,0.36957,0.48342,0.41714,0.42555,0.21617,1.59957,2.75075,1.65525,1.77267,0,0,0,0.000490762,0.000490762,0.000490762
251,13318.7,1.92381,3.12653,2.15136,1.93626,0.19817,0.1557,0.17194,0.50901,0.522,0.52199,0.33003,0.40599,0.40515,0.3604,0.17822,nan,nan,nan,nan,0,0,0,0.000489387,0.000489387,0.000489387
252,13371.5,1.79762,3.02166,2.13855,1.91527,0.19236,0.14227,0.1596,0.50772,0.54058,0.49906,0.30569,0.41337,0.42138,0.34237,0.16722,nan,nan,nan,nan,0,0,0,0.000488013,0.000488013,0.000488013
253,13424.5,1.91484,3.08348,2.12151,1.93723,0.19623,0.15368,0.1671,0.51146,0.57692,0.50483,0.31551,0.39844,0.45492,0.32345,0.15431,nan,nan,nan,nan,0,0,0,0.000486639,0.000486639,0.000486639
254,13477.5,1.90348,3.07171,2.1421,1.94923,0.19084,0.14841,0.16393,0.60172,0.55237,0.60965,0.37274,0.50246,0.46093,0.45473,0.21776,1.57778,2.71233,1.65024,1.77591,0,0,0,0.000485264,0.000485264,0.000485264
255,13530.5,1.94129,3.02654,2.14217,1.91723,0.19264,0.14541,0.15846,0.61576,0.48728,0.5341,0.32731,0.49984,0.40726,0.36929,0.18191,nan,nan,nan,nan,0,0,0,0.00048389,0.00048389,0.00048389
256,13583.5,1.89069,3.01241,2.08298,1.89509,0.18797,0.14452,0.15882,0.6394,0.47058,0.54733,0.33815,0.48574,0.37868,0.3448,0.17179,nan,nan,nan,nan,0,0,0,0.000482515,0.000482515,0.000482515
257,13636.4,1.88663,3.05669,2.14085,1.92757,0.20485,0.14888,0.16381,0.57691,0.47452,0.52352,0.32448,0.45515,0.40557,0.35551,0.17531,nan,nan,nan,nan,0,0,0,0.000481141,0.000481141,0.000481141
258,13689.4,1.82487,3.03215,2.1402,1.93533,0.1879,0.14387,0.16158,0.63177,0.51574,0.57834,0.36796,0.50292,0.41763,0.42312,0.21705,nan,nan,nan,nan,0,0,0,0.000479766,0.000479766,0.000479766
259,13742.4,1.91584,3.10656,2.10339,1.91848,0.20474,0.15545,0.17196,0.58167,0.62662,0.63182,0.40285,0.47618,0.5125,0.45811,0.22977,1.55209,nan,nan,1.74916,0,0,0,0.000478392,0.000478392,0.000478392
260,13795.6,1.8858,3.05954,2.07958,1.88926,0.18732,0.14715,0.16399,0.70948,0.56326,0.62804,0.41104,0.59717,0.46569,0.455,0.24196,nan,nan,nan,nan,0,0,0,0.000477017,0.000477017,0.000477017
261,13848.8,1.83825,3.03125,2.05414,1.92524,0.19132,0.14356,0.16079,0.64078,0.59789,0.60725,0.39891,0.52967,0.4945,0.44477,0.24057,nan,nan,nan,nan,0,0,0,0.000475643,0.000475643,0.000475643
262,13901.7,1.83182,3.08641,2.09051,1.93758,0.19401,0.14934,0.16685,0.65435,0.56834,0.60566,0.39341,0.54728,0.46881,0.43306,0.2212,nan,nan,nan,nan,0,0,0,0.000474269,0.000474269,0.000474269
263,13954.6,1.82553,3.04748,2.07159,1.91287,0.19121,0.14768,0.16613,0.61963,0.50091,0.58441,0.37918,0.40386,0.48528,0.39605,0.19882,nan,nan,nan,nan,0,0,0,0.000472894,0.000472894,0.000472894
264,14007.6,1.81769,3.02811,2.04615,1.88069,0.18975,0.15024,0.16372,0.62164,0.54479,0.59466,0.38499,0.50388,0.48419,0.43805,0.21842,nan,nan,nan,nan,0,0,0,0.00047152,0.00047152,0.00047152
265,14060.6,1.85454,3.10931,2.07049,1.89575,0.19286,0.14598,0.16043,0.56708,0.62467,0.61821,0.40016,0.5021,0.55067,0.49039,0.24824,1.5588,2.67566,1.57787,1.74056,0,0,0,0.000470145,0.000470145,0.000470145
266,14113.6,1.88764,3.09245,2.11637,1.91092,0.19814,0.14191,0.15832,0.64885,0.58762,0.65021,0.41562,0.54496,0.49984,0.51227,0.25433,nan,nan,nan,nan,0,0,0,0.000468771,0.000468771,0.000468771
267,14166.8,1.86966,2.93367,2.12651,1.92034,0.18862,0.14634,0.16155,0.65235,0.5242,0.59057,0.376,0.41456,0.46378,0.3884,0.19522,nan,nan,nan,nan,0,0,0,0.000467396,0.000467396,0.000467396
268,14219.8,1.83716,3.07813,2.07806,1.90973,0.19001,0.14146,0.1598,0.61718,0.53105,0.59672,0.38134,0.4945,0.43833,0.41903,0.20893,nan,nan,nan,nan,0,0,0,0.000466022,0.000466022,0.000466022
269,14272.8,1.80992,3.03517,2.03715,1.91893,0.19885,0.15129,0.16821,0.57887,0.63253,0.63771,0.42199,0.48971,0.52151,0.4669,0.23948,nan,nan,nan,nan,0,0,0,0.000464647,0.000464647,0.000464647
270,14325.7,1.80911,3.08827,2.08461,1.91884,0.20172,0.15689,0.17409,0.57371,0.63915,0.64774,0.42578,0.45652,0.51462,0.45999,0.24331,1.52207,nan,nan,1.72703,0,0,0,0.000463273,0.000463273,0.000463273
271,14378.6,1.83921,3.00464,2.06744,1.90255,0.19693,0.14687,0.16441,0.55702,0.66408,0.65991,0.42377,0.42492,0.53961,0.46891,0.25472,1.52224,2.60629,1.55993,1.73323,0,0,0,0.000461898,0.000461898,0.000461898
272,14431.7,1.79555,2.96314,2.06104,1.89014,0.19132,0.14745,0.16359,0.56172,0.56273,0.56631,0.36013,0.41324,0.44265,0.36704,0.19426,nan,nan,nan,nan,0,0,0,0.000460524,0.000460524,0.000460524
273,14484.6,1.79184,3.05559,2.03528,1.88155,0.19813,0.1503,0.16589,0.57684,0.63803,0.65703,0.43022,0.47961,0.52967,0.4832,0.26009,1.49904,2.59635,1.59533,1.71985,0,0,0,0.00045915,0.00045915,0.00045915
274,14537.7,1.79516,2.91582,2.01778,1.89433,0.19302,0.14313,0.15813,0.60679,0.62297,0.66176,0.4393,0.51643,0.52282,0.48537,0.27222,1.50901,2.5979,1.58934,1.71939,0,0,0,0.000457775,0.000457775,0.000457775
275,14590.9,1.81189,2.90084,2.01821,1.89499,0.18846,0.14652,0.16155,0.573,0.6537,0.65272,0.43184,0.49002,0.55273,0.5056,0.2672,nan,nan,nan,nan,0,0,0,0.000456401,0.000456401,0.000456401
276,14643.8,1.79558,2.93728,1.99661,1.87031,0.18895,0.14169,0.15717,0.66596,0.58196,0.64452,0.40365,0.54398,0.51189,0.4889,0.24336,nan,nan,nan,nan,0,0,0,0.000455026,0.000455026,0.000455026
277,14696.8,1.81597,3.00661,2.05204,1.9045,0.19928,0.14897,0.16704,0.61531,0.64982,0.66086,0.42043,0.5088,0.53646,0.50246,0.2608,1.50566,2.57855,1.53859,1.70764,0,0,0,0.000453652,0.000453652,0.000453652
278,14749.7,1.82511,3.00527,2.03046,1.86815,0.18824,0.14455,0.16097,0.61682,0.59297,0.65984,0.42966,0.56124,0.44672,0.4979,0.26671,nan,nan,nan,nan,0,0,0,0.000452277,0.000452277,0.000452277
279,14802.7,1.73194,2.99208,1.97834,1.87121,0.1927,0.14373,0.1616,0.61525,0.56411,0.60214,0.38657,0.4974,0.45524,0.43079,0.21858,nan,nan,nan,nan,0,0,0,0.000450903,0.000450903,0.000450903
280,14855.6,1.79624,2.98363,2.03574,1.89722,0.18812,0.14493,0.15886,0.5883,0.58543,0.58446,0.37491,0.49492,0.49292,0.42974,0.21215,nan,nan,nan,nan,0,0,0,0.000449528,0.000449528,0.000449528
281,14908.5,1.84337,3.01384,2.04708,1.88478,0.18573,0.14135,0.15756,0.60172,0.61237,0.63164,0.41037,0.48173,0.53216,0.47578,0.24993,nan,nan,nan,nan,0,0,0,0.000448154,0.000448154,0.000448154
282,14961.6,1.78505,2.99657,1.98387,1.86,0.18719,0.14108,0.15841,0.59275,0.6354,0.63404,0.41506,0.49603,0.52929,0.47772,0.25861,1.49315,2.58915,1.52233,1.70533,0,0,0,0.00044678,0.00044678,0.00044678
283,15014.7,1.83395,2.95783,2.0709,1.895,0.19776,0.15258,0.16759,0.58077,0.65637,0.63262,0.41838,0.49932,0.55717,0.48317,0.2612,1.48667,nan,nan,1.70013,0,0,0,0.000445405,0.000445405,0.000445405
284,15067.5,1.78542,2.99735,1.97516,1.86187,0.18993,0.14361,0.1586,0.63906,0.6329,0.65097,0.43368,0.54112,0.5185,0.49869,0.27208,nan,nan,nan,nan,0,0,0,0.000444031,0.000444031,0.000444031
285,15120.6,1.79649,2.88329,1.9365,1.86823,0.19126,0.15078,0.16722,0.65808,0.61003,0.66342,0.45227,0.57779,0.50868,0.5144,0.28862,nan,nan,nan,nan,0,0,0,0.000442656,0.000442656,0.000442656
286,15173.9,1.74535,2.90626,1.93366,1.85111,0.19215,0.14271,0.15846,0.5903,0.62507,0.62764,0.40898,0.4851,0.50769,0.4431,0.232,nan,nan,nan,nan,0,0,0,0.000441282,0.000441282,0.000441282
287,15226.9,1.74437,2.8854,1.97652,1.87189,0.18942,0.14006,0.1568,0.5904,0.63896,0.65514,0.43296,0.5112,0.55278,0.50692,0.26889,nan,nan,nan,nan,0,0,0,0.000439907,0.000439907,0.000439907
288,15279.8,1.79339,2.95093,1.98262,1.88934,0.18845,0.14581,0.15832,0.60232,0.63351,0.65942,0.43503,0.50281,0.55301,0.53265,0.2795,nan,nan,nan,nan,0,0,0,0.000438533,0.000438533,0.000438533
289,15332.7,1.76011,2.95696,2.02665,1.8686,0.18619,0.14163,0.15643,0.58802,0.62999,0.64253,0.42394,0.54421,0.50632,0.4965,0.27093,nan,nan,nan,nan,0,0,0,0.000437158,0.000437158,0.000437158
290,15385.7,1.81951,2.98507,2.00998,1.86972,0.18567,0.14685,0.1637,0.6216,0.56922,0.61488,0.4065,0.5348,0.48035,0.4537,0.24626,nan,nan,nan,nan,0,0,0,0.000435784,0.000435784,0.000435784
291,15438.7,1.77135,2.85003,1.94335,1.86245,0.18868,0.14586,0.16102,0.63333,0.61045,0.63261,0.42155,0.51904,0.48845,0.45964,0.23609,nan,nan,nan,nan,0,0,0,0.000434409,0.000434409,0.000434409
292,15491.8,1.79487,2.97436,1.99456,1.86588,0.18554,0.14651,0.16257,0.66275,0.61411,0.66914,0.45561,0.56311,0.50599,0.50999,0.28158,nan,nan,nan,nan,0,0,0,0.000433035,0.000433035,0.000433035
293,15544.8,1.77003,2.89641,1.99735,1.88044,0.19335,0.15104,0.1665,0.62992,0.57299,0.61611,0.41554,0.50636,0.45221,0.42985,0.23002,nan,nan,nan,nan,0,0,0,0.000431661,0.000431661,0.000431661
294,15597.9,1.81717,3.02706,1.97645,1.86849,0.18845,0.15042,0.16603,0.60263,0.63637,0.65525,0.44473,0.49974,0.5036,0.47032,0.25313,nan,nan,nan,nan,0,0,0,0.000430286,0.000430286,0.000430286
295,15651,1.75708,2.90704,1.94626,1.8268,0.1901,0.15128,0.16376,0.63735,0.62378,0.66715,0.45105,0.49902,0.54882,0.51007,0.27465,nan,nan,nan,nan,0,0,0,0.000428912,0.000428912,0.000428912
296,15705,1.86075,3.00818,2.03664,1.84713,0.18554,0.14686,0.1622,0.65002,0.63626,0.66861,0.4486,0.50971,0.5776,0.51043,0.27617,1.4336,nan,nan,1.65963,0,0,0,0.000427537,0.000427537,0.000427537
297,15757.9,1.78072,2.9529,1.96445,1.87855,0.19108,0.14879,0.16628,0.63609,0.64608,0.66912,0.44548,0.52656,0.54539,0.49913,0.26008,1.44569,nan,nan,1.67024,0,0,0,0.000426163,0.000426163,0.000426163
298,15810.9,1.83826,3.00262,2.07832,1.90115,0.18586,0.13944,0.15578,0.57779,0.68388,0.66336,0.44351,0.48186,0.57881,0.50307,0.25795,nan,nan,nan,nan,0,0,0,0.000424788,0.000424788,0.000424788
299,15863.7,1.7479,2.85835,1.90634,1.832,0.18683,0.14632,0.1603,0.58811,0.68501,0.66856,0.45024,0.50028,0.58715,0.50411,0.2644,nan,nan,nan,nan,0,0,0,0.000423414,0.000423414,0.000423414
300,15916.7,1.80034,2.94946,1.99174,1.86303,0.18787,0.14037,0.1572,0.63064,0.63141,0.67607,0.4458,0.47235,0.58488,0.50904,0.26578,1.44823,2.48346,1.5014,1.66686,0,0,0,0.000422039,0.000422039,0.000422039
301,15969.6,1.69811,2.84026,1.85257,1.81757,0.18631,0.14625,0.16352,0.62574,0.61369,0.64735,0.43364,0.46713,0.52227,0.45734,0.24141,nan,nan,nan,nan,0,0,0,0.000420665,0.000420665,0.000420665
302,16022.6,1.75178,2.91699,1.95808,1.84754,0.18356,0.14275,0.15699,0.68524,0.63011,0.67763,0.45055,0.52406,0.5606,0.51629,0.27663,nan,nan,nan,nan,0,0,0,0.000419291,0.000419291,0.000419291
303,16075.6,1.7918,3.03904,1.98747,1.83406,0.18264,0.14427,0.1608,0.68602,0.6274,0.67353,0.43722,0.56923,0.52534,0.52059,0.27262,nan,nan,nan,nan,0,0,0,0.000417916,0.000417916,0.000417916
304,16128.5,1.85048,2.89029,1.97212,1.86874,0.18305,0.13953,0.15608,0.7117,0.61748,0.67863,0.44923,0.57938,0.53966,0.53044,0.2814,nan,nan,nan,nan,0,0,0,0.000416542,0.000416542,0.000416542
305,16181.3,1.73194,2.88645,1.95679,1.83833,0.18413,0.1497,0.16377,0.63743,0.65349,0.66655,0.44039,0.53019,0.56483,0.52152,0.27185,nan,nan,nan,nan,0,0,0,0.000415167,0.000415167,0.000415167
306,16234.1,1.73293,2.8702,1.92977,1.84942,0.17973,0.14096,0.15387,0.66214,0.57608,0.64809,0.44023,0.47323,0.54087,0.46886,0.25886,nan,nan,nan,nan,0,0,0,0.000413793,0.000413793,0.000413793
307,16287,1.77659,2.91229,1.93841,1.86761,0.17725,0.14307,0.15521,0.58454,0.61342,0.63117,0.44041,0.48933,0.51669,0.4777,0.26349,nan,nan,nan,nan,0,0,0,0.000412418,0.000412418,0.000412418
308,16339.9,1.79784,2.92234,1.98274,1.85188,0.18155,0.14031,0.15702,0.65205,0.61808,0.68142,0.46015,0.56833,0.54296,0.53914,0.30241,1.44564,2.48969,1.49392,1.66004,0,0,0,0.000411044,0.000411044,0.000411044
309,16392.9,1.73065,2.86555,1.91209,1.83822,0.18552,0.14721,0.16297,0.61775,0.61062,0.66031,0.44896,0.53262,0.5186,0.51941,0.29048,nan,nan,nan,nan,0,0,0,0.000409669,0.000409669,0.000409669
310,16445.6,1.75846,2.89626,1.92079,1.82029,0.18042,0.14155,0.15896,0.62752,0.65886,0.66761,0.44701,0.57024,0.54098,0.50961,0.28299,nan,nan,nan,nan,0,0,0,0.000408295,0.000408295,0.000408295
311,16498.3,1.72828,2.85806,1.9127,1.84509,0.17867,0.14427,0.15935,0.69402,0.59158,0.65515,0.44557,0.60737,0.52159,0.5192,0.2841,nan,nan,nan,nan,0,0,0,0.00040692,0.00040692,0.00040692
312,16551.2,1.78782,2.98624,1.96637,1.86318,0.17759,0.14086,0.15855,0.62221,0.6435,0.67389,0.45191,0.58222,0.54989,0.545,0.3013,1.42891,nan,nan,1.64365,0,0,0,0.000405546,0.000405546,0.000405546
313,16604.1,1.75462,2.88302,1.92212,1.80666,0.17759,0.14989,0.16294,0.57821,0.57879,0.58325,0.38678,0.49191,0.48834,0.43814,0.22383,nan,nan,nan,nan,0,0,0,0.000404172,0.000404172,0.000404172
314,16656.9,1.70674,2.80678,1.89818,1.80516,0.16741,0.13641,0.15094,0.62306,0.56834,0.59528,0.39495,0.5296,0.47419,0.45079,0.2387,nan,nan,nan,nan,0,0,0,0.000402797,0.000402797,0.000402797
315,16709.8,1.74587,2.92989,1.85443,1.79949,0.17362,0.1481,0.16157,0.65112,0.61097,0.66628,0.44499,0.59377,0.51994,0.54383,0.30682,1.42357,nan,nan,1.64234,0,0,0,0.000401423,0.000401423,0.000401423
316,16762.8,1.75134,2.90909,1.89646,1.79782,0.17031,0.14101,0.15631,0.67264,0.5826,0.63659,0.42217,0.557,0.47649,0.45682,0.24074,nan,nan,nan,nan,0,0,0,0.000400048,0.000400048,0.000400048
317,16815.7,1.78788,2.85334,1.92224,1.82819,0.17823,0.14219,0.15799,0.6243,0.61629,0.65728,0.43679,0.49984,0.5133,0.46546,0.25155,nan,nan,nan,nan,0,0,0,0.000398674,0.000398674,0.000398674
318,16868.3,1.77713,2.93006,1.93643,1.84553,0.17513,0.14644,0.16104,0.57527,0.65736,0.68467,0.46565,0.50424,0.56068,0.54538,0.30426,nan,nan,nan,nan,0,0,0,0.000397299,0.000397299,0.000397299
319,16921.4,1.77162,2.901,1.97571,1.85765,0.18018,0.14489,0.16223,0.62699,0.64953,0.67933,0.45475,0.53249,0.55365,0.54318,0.30409,1.4091,nan,nan,1.63077,0,0,0,0.000395925,0.000395925,0.000395925
320,16974.3,1.80207,2.98793,1.90928,1.82754,0.18474,0.15369,0.17094,0.53766,0.6937,0.68227,0.455,0.57801,0.51118,0.55643,0.30104,nan,nan,nan,nan,0,0,0,0.00039455,0.00039455,0.00039455
321,17027.1,1.75541,2.86906,1.90292,1.81568,0.16929,0.13966,0.15618,0.57523,0.67375,0.68126,0.45822,0.5194,0.57772,0.57023,0.31259,1.39277,2.45154,1.42949,1.62299,0,0,0,0.000393176,0.000393176,0.000393176
322,17080.2,1.70018,2.82805,1.84951,1.80485,0.18748,0.15535,0.17236,0.57579,0.6753,0.66957,0.45836,0.5196,0.55114,0.53897,0.29956,nan,nan,nan,nan,0,0,0,0.000391802,0.000391802,0.000391802
323,17132.9,1.73218,2.77344,1.87554,1.81053,0.17303,0.14831,0.16174,0.56802,0.61748,0.61377,0.41437,0.46996,0.47845,0.43053,0.23678,nan,nan,nan,nan,0,0,0,0.000390427,0.000390427,0.000390427
324,17185.7,1.69543,2.80981,1.87745,1.80812,0.17139,0.14267,0.15639,0.59505,0.65227,0.67327,0.45475,0.51034,0.55487,0.5295,0.30174,nan,nan,nan,nan,0,0,0,0.000389053,0.000389053,0.000389053
325,17238.5,1.65886,2.85957,1.84647,1.81344,0.17342,0.1503,0.16297,0.64288,0.62597,0.68846,0.47082,0.51676,0.58023,0.55362,0.3031,1.3872,nan,nan,1.61965,0,0,0,0.000387678,0.000387678,0.000387678
326,17291.6,1.72985,2.81369,1.85765,1.82067,0.16858,0.14593,0.15796,0.57631,0.62566,0.64077,0.43585,0.47157,0.51655,0.46068,0.25724,nan,nan,nan,nan,0,0,0,0.000386304,0.000386304,0.000386304
327,17344.5,1.79455,2.89208,1.90455,1.82077,0.16735,0.1428,0.15518,0.68849,0.61187,0.6782,0.46464,0.60744,0.49728,0.5367,0.30443,nan,nan,nan,nan,0,0,0,0.000384929,0.000384929,0.000384929
328,17397.1,1.70713,2.7777,1.81754,1.79285,0.17733,0.15088,0.16615,0.65549,0.6018,0.64617,0.43243,0.55818,0.47794,0.47986,0.26294,nan,nan,nan,nan,0,0,0,0.000383555,0.000383555,0.000383555
329,17450.1,1.7379,2.78851,1.80877,1.80446,0.15656,0.13925,0.14931,0.66799,0.62948,0.67591,0.45756,0.62924,0.52185,0.5378,0.30433,nan,nan,nan,nan,0,0,0,0.00038218,0.00038218,0.00038218
330,17503,1.74964,2.79409,1.90485,1.8154,0.17476,0.14646,0.1622,0.62761,0.67551,0.68051,0.45668,0.52695,0.59979,0.55959,0.31534,1.38039,2.3876,1.41761,1.61033,0,0,0,0.000380806,0.000380806,0.000380806
331,17555.8,1.66443,2.83798,1.81324,1.78834,0.17246,0.14431,0.16006,0.63601,0.60544,0.63097,0.42547,0.5516,0.51971,0.4919,0.2736,nan,nan,nan,nan,0,0,0,0.000379431,0.000379431,0.000379431
332,17608.6,1.69363,2.76631,1.89711,1.78704,0.16097,0.13623,0.1489,0.65753,0.64143,0.6877,0.47208,0.58795,0.54082,0.54441,0.3097,nan,nan,nan,nan,0,0,0,0.000378057,0.000378057,0.000378057
333,17661.5,1.71647,2.75677,1.81212,1.79439,0.17203,0.14574,0.16059,0.63417,0.65891,0.6923,0.46966,0.57377,0.56922,0.56332,0.32763,1.38077,nan,nan,1.60626,0,0,0,0.000376683,0.000376683,0.000376683
334,17714.6,1.71892,2.74274,1.85125,1.82081,0.17044,0.14938,0.15983,0.62256,0.66936,0.69237,0.47507,0.54304,0.59233,0.56574,0.32498,nan,nan,nan,nan,0,0,0,0.000375308,0.000375308,0.000375308
335,17767.6,1.64741,2.79827,1.85456,1.78546,0.16897,0.14423,0.15738,0.67873,0.61349,0.69234,0.47329,0.5898,0.54206,0.56243,0.324,nan,nan,nan,nan,0,0,0,0.000373934,0.000373934,0.000373934
336,17820.6,1.72474,2.80427,1.85898,1.77629,0.16808,0.14223,0.15816,0.59765,0.64125,0.68291,0.46607,0.514,0.56069,0.54474,0.31734,nan,nan,nan,nan,0,0,0,0.000372559,0.000372559,0.000372559
337,17873.5,1.64273,2.81698,1.81811,1.79345,0.17065,0.14839,0.16118,0.61089,0.68486,0.7066,0.47475,0.54493,0.57798,0.55768,0.3264,nan,nan,nan,nan,0,0,0,0.000371185,0.000371185,0.000371185
338,17926.3,1.73386,2.87117,1.83597,1.84116,0.16462,0.14201,0.15402,0.63996,0.65817,0.70004,0.47492,0.56824,0.57898,0.57392,0.32582,1.39758,2.40154,1.3859,1.62485,0,0,0,0.00036981,0.00036981,0.00036981
339,17979.2,1.74494,2.83353,1.87643,1.82162,0.17256,0.14682,0.16089,0.68789,0.60425,0.68323,0.47329,0.61638,0.5214,0.57211,0.32403,nan,nan,nan,nan,0,0,0,0.000368436,0.000368436,0.000368436
340,18032.1,1.73754,2.87197,1.85387,1.79514,0.16312,0.14003,0.15214,0.61354,0.66146,0.68902,0.46895,0.55762,0.56603,0.56355,0.31953,1.38205,nan,nan,1.6042,0,0,0,0.000367061,0.000367061,0.000367061
341,18084.9,1.69317,2.81137,1.80766,1.76773,0.17397,0.14459,0.16108,0.62915,0.67825,0.689,0.48011,0.66067,0.49679,0.56569,0.31939,nan,nan,nan,nan,0,0,0,0.000365687,0.000365687,0.000365687
342,18137.8,1.67082,2.77182,1.80327,1.78031,0.17601,0.14898,0.16332,0.63112,0.68688,0.71081,0.49692,0.53554,0.59499,0.577,0.32743,nan,nan,nan,nan,0,0,0,0.000364313,0.000364313,0.000364313
343,18190.9,1.73001,2.82938,1.85507,1.83779,0.17216,0.14678,0.163,0.65173,0.6991,0.72455,0.5085,0.55827,0.61345,0.59982,0.34467,1.36131,nan,nan,1.58623,0,0,0,0.000362938,0.000362938,0.000362938
344,18244,1.73015,2.71338,1.83799,1.78284,0.15309,0.13097,0.14388,0.68245,0.65563,0.71847,0.49179,0.576,0.59221,0.57676,0.32631,nan,nan,nan,nan,0,0,0,0.000361564,0.000361564,0.000361564
345,18296.7,1.69413,2.78624,1.82959,1.80215,0.16656,0.14054,0.15521,0.70473,0.62863,0.72171,0.49713,0.6219,0.5574,0.58122,0.33375,1.36604,nan,nan,1.58852,0,0,0,0.000360189,0.000360189,0.000360189
346,18349.5,1.70725,2.8158,1.80555,1.79013,0.17016,0.14302,0.15889,0.6759,0.65665,0.71484,0.49195,0.60683,0.57628,0.58094,0.33003,nan,nan,nan,nan,0,0,0,0.000358815,0.000358815,0.000358815
347,18402.5,1.74805,2.82251,1.84204,1.73789,0.16582,0.14105,0.1534,0.64166,0.69441,0.71323,0.4921,0.55108,0.61134,0.57681,0.3239,nan,nan,nan,nan,0,0,0,0.00035744,0.00035744,0.00035744
348,18455.3,1.7565,2.84728,1.88415,1.81627,0.16988,0.14209,0.15667,0.64098,0.61907,0.65302,0.44906,0.55688,0.53758,0.51225,0.28908,nan,nan,nan,nan,0,0,0,0.000356066,0.000356066,0.000356066
349,18508.2,1.73587,2.77064,1.8698,1.80321,0.16954,0.14379,0.15636,0.61801,0.64189,0.66245,0.46156,0.51938,0.56681,0.52062,0.30378,nan,nan,nan,nan,0,0,0,0.000354691,0.000354691,0.000354691
350,18560.8,1.65374,2.82892,1.83296,1.77228,0.16201,0.13845,0.15151,0.60223,0.6404,0.64646,0.44331,0.52141,0.55477,0.50241,0.28089,nan,nan,nan,nan,0,0,0,0.000353317,0.000353317,0.000353317
351,18613.7,1.70621,2.80411,1.84377,1.76866,0.1701,0.14485,0.15796,0.61066,0.61719,0.6269,0.43595,0.52135,0.52824,0.48058,0.2654,nan,nan,nan,nan,0,0,0,0.000351942,0.000351942,0.000351942
352,18666.7,1.6428,2.85727,1.81936,1.76121,0.16523,0.14151,0.15578,0.61392,0.62596,0.65851,0.44854,0.52392,0.53959,0.5248,0.30108,nan,nan,nan,nan,0,0,0,0.000350568,0.000350568,0.000350568
353,18719.6,1.69521,2.82938,1.86504,1.78399,0.1756,0.14746,0.16242,0.6742,0.65041,0.69879,0.48167,0.5941,0.57387,0.56828,0.32954,1.3505,2.34776,1.36335,1.59269,0,0,0,0.000349194,0.000349194,0.000349194
354,18772.4,1.63811,2.69367,1.83209,1.78561,0.16351,0.13736,0.15343,0.70584,0.64406,0.70185,0.4824,0.61292,0.57205,0.57782,0.33062,nan,nan,nan,nan,0,0,0,0.000347819,0.000347819,0.000347819
355,18825.3,1.74554,2.75743,1.83089,1.76208,0.15882,0.13905,0.15189,0.66536,0.65394,0.6951,0.47471,0.57463,0.58025,0.57144,0.3288,nan,nan,nan,nan,0,0,0,0.000346445,0.000346445,0.000346445
356,18878.2,1.70377,2.77834,1.81583,1.76878,0.18225,0.15446,0.17024,0.65892,0.66269,0.69404,0.47855,0.5631,0.5973,0.56933,0.32326,nan,nan,nan,nan,0,0,0,0.00034507,0.00034507,0.00034507
357,18931,1.68356,2.77705,1.82358,1.74376,0.1737,0.14679,0.16216,0.70293,0.61091,0.7108,0.49903,0.51062,0.60579,0.57761,0.33819,nan,nan,nan,nan,0,0,0,0.000343696,0.000343696,0.000343696
358,18984,1.66052,2.83415,1.76138,1.72786,0.17178,0.14739,0.15979,0.73507,0.63909,0.71303,0.50112,0.64593,0.5515,0.57742,0.33424,nan,nan,nan,nan,0,0,0,0.000342321,0.000342321,0.000342321
359,19036.8,1.66606,2.77359,1.79218,1.76425,0.17166,0.14834,0.16277,0.73284,0.64624,0.70878,0.50058,0.6453,0.55907,0.57591,0.33655,nan,nan,nan,nan,0,0,0,0.000340947,0.000340947,0.000340947
360,19089.7,1.75203,2.78026,1.84139,1.7886,0.16587,0.14346,0.15639,0.67997,0.64723,0.67237,0.47637,0.56244,0.56537,0.52937,0.3088,nan,nan,nan,nan,0,0,0,0.000339572,0.000339572,0.000339572
361,19142.6,1.67124,2.8598,1.77875,1.7652,0.17818,0.14862,0.16346,0.65103,0.66725,0.67339,0.47353,0.54592,0.55876,0.51317,0.29287,nan,nan,nan,nan,0,0,0,0.000338198,0.000338198,0.000338198
362,19195.4,1.64937,2.69172,1.78803,1.79222,0.16706,0.14278,0.15746,0.65309,0.66168,0.67514,0.46485,0.55331,0.55225,0.51893,0.30071,nan,nan,nan,nan,0,0,0,0.000336824,0.000336824,0.000336824
363,19248.5,1.71049,2.80059,1.76756,1.75888,0.16293,0.14031,0.1529,0.65202,0.66556,0.68519,0.47483,0.54547,0.57647,0.52945,0.30195,nan,nan,nan,nan,0,0,0,0.000335449,0.000335449,0.000335449
364,19301.4,1.69496,2.76897,1.76281,1.76243,0.16333,0.13775,0.15238,0.67936,0.67523,0.71463,0.49503,0.59902,0.58583,0.57927,0.33297,nan,nan,nan,nan,0,0,0,0.000334075,0.000334075,0.000334075
365,19354.2,1.65592,2.717,1.74038,1.7529,0.17639,0.14916,0.16476,0.61611,0.70777,0.72209,0.50869,0.54262,0.62821,0.61153,0.35938,nan,nan,nan,nan,0,0,0,0.0003327,0.0003327,0.0003327
366,19407.4,1.70317,2.77952,1.75491,1.74148,0.1605,0.14513,0.15676,0.66127,0.67285,0.70927,0.51641,0.59052,0.59232,0.59342,0.35496,nan,nan,nan,nan,0,0,0,0.000331326,0.000331326,0.000331326
367,19460.5,1.66329,2.67158,1.73021,1.72951,0.15259,0.13114,0.14398,0.71528,0.67461,0.72304,0.50882,0.6247,0.58345,0.59285,0.3543,nan,nan,nan,nan,0,0,0,0.000329951,0.000329951,0.000329951
368,19513.2,1.63206,2.74164,1.74455,1.78138,0.16387,0.13875,0.15293,0.65811,0.6752,0.71069,0.49574,0.55642,0.62262,0.58603,0.34706,nan,nan,nan,nan,0,0,0,0.000328577,0.000328577,0.000328577
369,19566.1,1.6632,2.77261,1.76013,1.76496,0.16621,0.14587,0.15878,0.61102,0.73011,0.71551,0.50941,0.53158,0.64899,0.59258,0.35287,nan,nan,nan,nan,0,0,0,0.000327202,0.000327202,0.000327202
370,19619,1.69472,2.79162,1.77657,1.75851,0.16575,0.14121,0.15561,0.61102,0.74811,0.71859,0.50274,0.53356,0.64988,0.59035,0.34448,nan,nan,nan,nan,0,0,0,0.000325828,0.000325828,0.000325828
371,19671.8,1.67039,2.72856,1.71318,1.75181,0.16488,0.14131,0.15411,0.65929,0.71772,0.70696,0.4922,0.55532,0.6176,0.57153,0.34024,1.32173,2.27465,1.31398,1.55846,0,0,0,0.000324453,0.000324453,0.000324453
372,19724.6,1.59577,2.73912,1.68132,1.7635,0.17028,0.14467,0.16073,0.64305,0.7151,0.71367,0.50762,0.56917,0.60334,0.58096,0.34758,nan,nan,nan,nan,0,0,0,0.000323079,0.000323079,0.000323079
373,19777.4,1.65606,2.71308,1.7436,1.75191,0.16724,0.13932,0.15432,0.65527,0.62418,0.66042,0.45864,0.55901,0.52348,0.50565,0.29259,nan,nan,nan,nan,0,0,0,0.000321705,0.000321705,0.000321705
374,19830.2,1.69567,2.71019,1.72466,1.70573,0.16452,0.14696,0.15858,0.6193,0.67221,0.70022,0.49917,0.54321,0.53666,0.54512,0.33006,nan,nan,nan,nan,0,0,0,0.00032033,0.00032033,0.00032033
375,19883,1.6122,2.73618,1.70439,1.72482,0.15755,0.13882,0.15215,0.64143,0.64436,0.66794,0.47154,0.53733,0.54086,0.5197,0.30639,nan,nan,nan,nan,0,0,0,0.000318956,0.000318956,0.000318956
376,19935.8,1.7006,2.72911,1.76738,1.7158,0.16333,0.14427,0.15828,0.67386,0.63995,0.70088,0.49178,0.57792,0.53609,0.55422,0.32967,nan,nan,nan,nan,0,0,0,0.000317581,0.000317581,0.000317581
377,19988.8,1.67253,2.77838,1.71259,1.73781,0.16296,0.13774,0.1525,0.63845,0.66051,0.6883,0.4766,0.55015,0.56705,0.55622,0.3314,nan,nan,nan,nan,0,0,0,0.000316207,0.000316207,0.000316207
378,20041.5,1.66117,2.71944,1.8219,1.76144,0.16421,0.14302,0.15615,0.59776,0.67515,0.67423,0.47175,0.53162,0.5826,0.54236,0.32,nan,nan,nan,nan,0,0,0,0.000314832,0.000314832,0.000314832
379,20094.3,1.53398,2.60213,1.66905,1.72349,0.15876,0.1356,0.14911,0.62022,0.69556,0.71,0.50696,0.53166,0.58654,0.56585,0.34387,nan,nan,nan,nan,0,0,0,0.000313458,0.000313458,0.000313458
380,20147.1,1.65596,2.72598,1.75691,1.73176,0.16176,0.13997,0.15406,0.65806,0.65961,0.70334,0.50623,0.57229,0.56891,0.56469,0.34356,nan,nan,nan,nan,0,0,0,0.000312083,0.000312083,0.000312083
381,20200,1.63796,2.70101,1.71889,1.74314,0.17512,0.14839,0.16327,0.7176,0.65698,0.72037,0.50453,0.58548,0.56705,0.56829,0.3438,nan,nan,nan,nan,0,0,0,0.000310709,0.000310709,0.000310709
382,20252.9,1.67916,2.76773,1.79189,1.78131,0.15876,0.13602,0.14758,0.72914,0.63719,0.7235,0.50782,0.63598,0.55569,0.59483,0.36123,nan,nan,nan,nan,0,0,0,0.000309335,0.000309335,0.000309335
383,20305.6,1.646,2.78318,1.75809,1.76895,0.16252,0.13779,0.15275,0.68478,0.70072,0.73218,0.50915,0.58397,0.61532,0.60696,0.36174,nan,nan,nan,nan,0,0,0,0.00030796,0.00030796,0.00030796
384,20358.5,1.60201,2.62494,1.6599,1.71283,0.16721,0.14373,0.15714,0.69194,0.68949,0.74198,0.51706,0.59539,0.59568,0.61374,0.36944,nan,nan,nan,nan,0,0,0,0.000306586,0.000306586,0.000306586
385,20411.6,1.62729,2.70881,1.68971,1.70388,0.15592,0.13635,0.14848,0.66576,0.71065,0.73869,0.52125,0.56683,0.62026,0.61027,0.37246,nan,nan,nan,nan,0,0,0,0.000305211,0.000305211,0.000305211
386,20464.7,1.60675,2.7705,1.7121,1.73118,0.16297,0.14098,0.15623,0.67635,0.65609,0.68804,0.48252,0.57345,0.56201,0.54609,0.31675,nan,nan,nan,nan,0,0,0,0.000303837,0.000303837,0.000303837
387,20517.5,1.56705,2.66904,1.68373,1.72663,0.16035,0.14145,0.15388,0.7105,0.61442,0.68449,0.48034,0.5877,0.51487,0.52603,0.30014,nan,nan,nan,nan,0,0,0,0.000302462,0.000302462,0.000302462
388,20570.4,1.6116,2.6673,1.68004,1.72169,0.15879,0.13937,0.15231,0.70425,0.63889,0.71701,0.50887,0.52153,0.60995,0.56051,0.32736,nan,nan,nan,nan,0,0,0,0.000301088,0.000301088,0.000301088
389,20623.3,1.68273,2.73198,1.78168,1.72432,0.16113,0.13588,0.15108,0.67683,0.67449,0.73357,0.5256,0.56642,0.60776,0.59037,0.3527,nan,nan,nan,nan,0,0,0,0.000299713,0.000299713,0.000299713
390,20676.1,1.58186,2.61177,1.67047,1.70393,0.15572,0.1344,0.14933,0.66586,0.67149,0.72982,0.52338,0.57093,0.5934,0.59146,0.35592,nan,nan,nan,nan,0,0,0,0.000298339,0.000298339,0.000298339
391,20729,1.69544,2.71573,1.76395,1.76383,0.15771,0.13718,0.1506,0.68172,0.67484,0.73294,0.52673,0.59653,0.58712,0.5936,0.36165,1.28998,nan,nan,1.53368,0,0,0,0.000296964,0.000296964,0.000296964
392,20781.9,1.59316,2.65051,1.67039,1.69628,0.16887,0.14956,0.1614,0.65574,0.70684,0.73571,0.5316,0.57572,0.62273,0.61391,0.38356,1.27673,nan,nan,1.52845,0,0,0,0.00029559,0.00029559,0.00029559
393,20835.1,1.58929,2.62076,1.69762,1.71032,0.16657,0.13826,0.15321,0.70269,0.67417,0.73644,0.52874,0.61892,0.58418,0.6172,0.38078,nan,nan,nan,nan,0,0,0,0.000294216,0.000294216,0.000294216
394,20888,1.60169,2.61163,1.7182,1.69582,0.1538,0.13319,0.14581,0.69672,0.69016,0.73501,0.53475,0.61531,0.57961,0.60873,0.37021,nan,nan,nan,nan,0,0,0,0.000292841,0.000292841,0.000292841
395,20940.8,1.63351,2.63167,1.68532,1.70553,0.16046,0.13914,0.15197,0.74059,0.65231,0.7367,0.53089,0.64989,0.57241,0.61029,0.36855,nan,nan,nan,nan,0,0,0,0.000291467,0.000291467,0.000291467
396,20993.6,1.61896,2.70518,1.72478,1.70873,0.15254,0.13593,0.14694,0.73897,0.67058,0.74742,0.54584,0.65325,0.57576,0.61895,0.37468,nan,nan,nan,nan,0,0,0,0.000290092,0.000290092,0.000290092
397,21046.7,1.63815,2.69357,1.74104,1.75482,0.16125,0.13927,0.15219,0.71033,0.68992,0.73584,0.5365,0.62972,0.58833,0.60982,0.36753,nan,nan,nan,nan,0,0,0,0.000288718,0.000288718,0.000288718
398,21099.4,1.61479,2.66581,1.76856,1.73953,0.16176,0.13741,0.15185,0.69739,0.63023,0.67329,0.48431,0.60531,0.54538,0.53639,0.3159,nan,nan,nan,nan,0,0,0,0.000287343,0.000287343,0.000287343
399,21152.3,1.63511,2.64526,1.7232,1.71438,0.14525,0.12799,0.13934,0.69994,0.66827,0.71366,0.51407,0.61894,0.5832,0.57289,0.34717,nan,nan,nan,nan,0,0,0,0.000285969,0.000285969,0.000285969
400,21205.2,1.64055,2.66705,1.68502,1.69958,0.16108,0.13852,0.15195,0.71566,0.64695,0.70675,0.50639,0.61617,0.57612,0.56171,0.33959,nan,nan,nan,nan,0,0,0,0.000284594,0.000284594,0.000284594
401,21257.9,1.58955,2.67379,1.69846,1.71919,0.15596,0.13666,0.14884,0.695,0.67139,0.71134,0.50977,0.58381,0.59088,0.55478,0.3377,nan,nan,nan,nan,0,0,0,0.00028322,0.00028322,0.00028322
402,21310.8,1.54801,2.56494,1.63023,1.719,0.16614,0.14433,0.15731,0.74828,0.66702,0.72715,0.52821,0.65414,0.58013,0.58007,0.35537,nan,nan,nan,nan,0,0,0,0.000281846,0.000281846,0.000281846
403,21363.5,1.66448,2.77806,1.74677,1.69952,0.15456,0.13413,0.14676,0.72938,0.6412,0.67971,0.48805,0.60583,0.54875,0.53233,0.31925,nan,nan,nan,nan,0,0,0,0.000280471,0.000280471,0.000280471
404,21416.4,1.56934,2.66012,1.70866,1.71655,0.16164,0.14081,0.154,0.68611,0.65902,0.68568,0.49273,0.57774,0.55911,0.53061,0.31896,nan,nan,nan,nan,0,0,0,0.000279097,0.000279097,0.000279097
405,21469.2,1.62108,2.6384,1.68174,1.70007,0.15623,0.13839,0.15061,0.69811,0.66609,0.6945,0.50499,0.59305,0.56712,0.53903,0.32305,nan,nan,nan,nan,0,0,0,0.000277722,0.000277722,0.000277722
406,21522,1.57289,2.6231,1.62935,1.67397,0.14968,0.13134,0.14516,0.68726,0.70357,0.72916,0.53421,0.59549,0.61841,0.59834,0.36545,nan,nan,nan,nan,0,0,0,0.000276348,0.000276348,0.000276348
407,21575,1.63886,2.62897,1.69859,1.72913,0.16206,0.1432,0.15551,0.72016,0.68058,0.74483,0.53937,0.62174,0.6032,0.61152,0.37427,nan,nan,nan,nan,0,0,0,0.000274973,0.000274973,0.000274973
408,21627.8,1.59102,2.66739,1.65675,1.69531,0.15608,0.13319,0.14704,0.70766,0.71458,0.75997,0.54028,0.63036,0.62196,0.62636,0.38216,nan,nan,nan,nan,0,0,0,0.000273599,0.000273599,0.000273599
409,21680.8,1.62242,2.59205,1.70562,1.7484,0.15613,0.13585,0.1481,0.72923,0.65012,0.71867,0.50976,0.62608,0.55261,0.55233,0.32599,nan,nan,nan,nan,0,0,0,0.000272224,0.000272224,0.000272224
410,21733.5,1.61115,2.58332,1.65704,1.7279,0.15426,0.1365,0.14782,0.72621,0.71381,0.76815,0.54779,0.63935,0.64305,0.64457,0.3889,nan,nan,nan,nan,0,0,0,0.00027085,0.00027085,0.00027085
411,21786.3,1.57701,2.62723,1.68297,1.67686,0.16798,0.1427,0.15674,0.73515,0.65021,0.71423,0.50981,0.58446,0.60684,0.5678,0.34292,nan,nan,nan,nan,0,0,0,0.000269475,0.000269475,0.000269475
412,21839.1,1.5855,2.63854,1.69112,1.72083,0.15937,0.13885,0.15139,0.70751,0.6723,0.71121,0.50767,0.62174,0.5666,0.55942,0.33856,nan,nan,nan,nan,0,0,0,0.000268101,0.000268101,0.000268101
413,21892,1.62041,2.62577,1.70821,1.69005,0.15565,0.13299,0.14644,0.65688,0.74046,0.74389,0.54319,0.59192,0.63948,0.59606,0.36226,nan,nan,nan,nan,0,0,0,0.000266727,0.000266727,0.000266727
414,21944.9,1.63863,2.63927,1.67607,1.67718,0.16455,0.14355,0.15555,0.66052,0.69975,0.7061,0.51075,0.5769,0.61208,0.56175,0.32768,nan,nan,nan,nan,0,0,0,0.000265352,0.000265352,0.000265352
415,21997.8,1.6001,2.59993,1.68862,1.69357,0.15444,0.13799,0.14942,0.6851,0.71716,0.73281,0.52694,0.60128,0.63173,0.59351,0.35173,nan,nan,nan,nan,0,0,0,0.000263978,0.000263978,0.000263978
416,22050.6,1.60121,2.60149,1.7002,1.7058,0.15495,0.13408,0.14916,0.71883,0.66565,0.73361,0.52981,0.62048,0.59902,0.59733,0.35536,nan,nan,nan,nan,0,0,0,0.000262603,0.000262603,0.000262603
417,22103.5,1.64075,2.63131,1.69476,1.71364,0.15533,0.13429,0.14886,0.70541,0.64767,0.69431,0.50561,0.59109,0.55399,0.53276,0.31073,nan,nan,nan,nan,0,0,0,0.000261229,0.000261229,0.000261229
418,22156.2,1.55096,2.59003,1.62305,1.67712,0.14543,0.13362,0.14368,0.75999,0.62355,0.70374,0.51008,0.64956,0.52951,0.54496,0.31961,nan,nan,nan,nan,0,0,0,0.000259854,0.000259854,0.000259854
419,22209.1,1.61758,2.64252,1.65158,1.70012,0.15661,0.13582,0.14846,0.78515,0.6575,0.74958,0.54335,0.66353,0.5726,0.59763,0.36814,nan,nan,nan,nan,0,0,0,0.00025848,0.00025848,0.00025848
420,22262,1.565,2.62294,1.63432,1.68107,0.15482,0.13846,0.15017,0.76314,0.7013,0.76976,0.56207,0.65173,0.62521,0.6378,0.40171,1.22715,nan,nan,1.48285,0,0,0,0.000257105,0.000257105,0.000257105
421,22315,1.56186,2.53155,1.66094,1.67971,0.16118,0.13946,0.15388,0.74585,0.69745,0.76779,0.56721,0.64521,0.6343,0.64723,0.40503,1.22859,2.15907,1.26033,1.48393,0,0,0,0.000255731,0.000255731,0.000255731
422,22368.2,1.68224,2.64345,1.74465,1.70873,0.16013,0.13547,0.15029,0.7124,0.74097,0.7654,0.56607,0.62875,0.66424,0.64296,0.40542,nan,nan,nan,nan,0,0,0,0.000254357,0.000254357,0.000254357
423,22420.9,1.56332,2.5333,1.61685,1.68048,0.15411,0.13738,0.14995,0.74309,0.64876,0.70346,0.51913,0.66129,0.54906,0.5572,0.33229,nan,nan,nan,nan,0,0,0,0.000252982,0.000252982,0.000252982
424,22473.7,1.60046,2.65791,1.69836,1.73456,0.15445,0.13375,0.14751,0.67798,0.68575,0.70338,0.51733,0.57997,0.58814,0.5485,0.32989,nan,nan,nan,nan,0,0,0,0.000251608,0.000251608,0.000251608
425,22526.4,1.55407,2.56586,1.6001,1.69667,0.15008,0.1295,0.14252,0.63693,0.70298,0.6896,0.50604,0.54587,0.60968,0.55433,0.33126,nan,nan,nan,nan,0,0,0,0.000250233,0.000250233,0.000250233
426,22579.3,1.5424,2.55776,1.6003,1.68559,0.15059,0.13866,0.14941,0.70678,0.64138,0.70132,0.5126,0.57808,0.56046,0.55546,0.33129,nan,nan,nan,nan,0,0,0,0.000248859,0.000248859,0.000248859
427,22632.2,1.70422,2.6846,1.7265,1.70147,0.14864,0.12748,0.14037,0.7525,0.6698,0.74712,0.54504,0.62599,0.59278,0.60352,0.36953,nan,nan,nan,nan,0,0,0,0.000247484,0.000247484,0.000247484
428,22685,1.54387,2.5648,1.6595,1.67217,0.15448,0.13654,0.14891,0.76162,0.66427,0.7505,0.55208,0.6488,0.58917,0.61235,0.3815,nan,nan,nan,nan,0,0,0,0.00024611,0.00024611,0.00024611
429,22737.7,1.53574,2.57013,1.69073,1.68866,0.15484,0.1332,0.14655,0.69428,0.67737,0.72954,0.53473,0.5872,0.59098,0.57298,0.35649,nan,nan,nan,nan,0,0,0,0.000244735,0.000244735,0.000244735
430,22790.4,1.57606,2.57258,1.66944,1.69648,0.16197,0.14036,0.15338,0.66532,0.63969,0.68594,0.49839,0.55864,0.56412,0.52824,0.31708,nan,nan,nan,nan,0,0,0,0.000243361,0.000243361,0.000243361
431,22843.3,1.59203,2.61701,1.61209,1.67098,0.16277,0.14832,0.15996,0.64384,0.67176,0.68408,0.4954,0.55382,0.58307,0.53549,0.31528,nan,nan,nan,nan,0,0,0,0.000241986,0.000241986,0.000241986
432,22896.2,1.61142,2.65096,1.63067,1.661,0.149,0.13529,0.1465,0.65999,0.67137,0.69057,0.50696,0.56405,0.57617,0.53897,0.32959,nan,nan,nan,nan,0,0,0,0.000240612,0.000240612,0.000240612
433,22949.1,1.60701,2.63895,1.66872,1.70741,0.15801,0.14071,0.15499,0.66924,0.69061,0.73685,0.53071,0.55168,0.6296,0.59292,0.37124,nan,nan,nan,nan,0,0,0,0.000239238,0.000239238,0.000239238
434,23001.7,1.45586,2.45062,1.55333,1.6415,0.15197,0.13286,0.14681,0.67263,0.71029,0.75547,0.55311,0.60114,0.62557,0.62349,0.39213,nan,nan,nan,nan,0,0,0,0.000237863,0.000237863,0.000237863
435,23054.5,1.54674,2.52407,1.56953,1.64396,0.15493,0.13708,0.14884,0.72699,0.6876,0.75284,0.54863,0.65008,0.57184,0.60955,0.3794,nan,nan,nan,nan,0,0,0,0.000236489,0.000236489,0.000236489
436,23107.4,1.56671,2.54902,1.65975,1.71613,0.15682,0.13577,0.15026,0.69598,0.71096,0.75323,0.54291,0.60305,0.61322,0.60599,0.3768,nan,nan,nan,nan,0,0,0,0.000235114,0.000235114,0.000235114
437,23160.3,1.63151,2.58992,1.66873,1.6734,0.14949,0.13437,0.14616,0.7187,0.70163,0.75359,0.55179,0.62676,0.62018,0.62194,0.38546,nan,nan,nan,nan,0,0,0,0.00023374,0.00023374,0.00023374
438,23213.2,1.55134,2.59798,1.60723,1.66002,0.15143,0.1346,0.14567,0.69921,0.71829,0.74509,0.53871,0.5872,0.6522,0.59838,0.36836,nan,nan,nan,nan,0,0,0,0.000232365,0.000232365,0.000232365
439,23266.1,1.56845,2.53478,1.60516,1.67333,0.15248,0.13338,0.14578,0.71902,0.69627,0.73637,0.52949,0.61475,0.59969,0.58057,0.3586,nan,nan,nan,nan,0,0,0,0.000230991,0.000230991,0.000230991
440,23319,1.54298,2.5649,1.59923,1.63334,0.15169,0.13807,0.14944,0.69682,0.66813,0.71185,0.51486,0.60258,0.57642,0.55658,0.33699,nan,nan,nan,nan,0,0,0,0.000229616,0.000229616,0.000229616
441,23371.8,1.54397,2.54136,1.57539,1.63495,0.15444,0.141,0.15201,0.71543,0.67065,0.71727,0.52354,0.5559,0.61802,0.56379,0.3439,nan,nan,nan,nan,0,0,0,0.000228242,0.000228242,0.000228242
442,23424.6,1.53055,2.55185,1.51285,1.61121,0.15711,0.13834,0.15107,0.68521,0.7179,0.7441,0.54304,0.58698,0.62478,0.59857,0.37015,nan,nan,nan,nan,0,0,0,0.000226868,0.000226868,0.000226868
443,23477.5,1.61446,2.59582,1.64219,1.6658,0.15916,0.14139,0.15369,0.76611,0.67517,0.74274,0.54676,0.65804,0.58279,0.58845,0.36475,nan,nan,nan,nan,0,0,0,0.000225493,0.000225493,0.000225493
444,23530.3,1.52595,2.51327,1.5928,1.68299,0.15392,0.13185,0.14492,0.76296,0.65867,0.72211,0.53465,0.65545,0.56691,0.56235,0.34063,nan,nan,nan,nan,0,0,0,0.000224119,0.000224119,0.000224119
445,23583.2,1.64833,2.62129,1.644,1.687,0.15608,0.13774,0.15181,0.73434,0.72611,0.76495,0.57314,0.64069,0.63915,0.61977,0.38843,nan,nan,nan,nan,0,0,0,0.000222744,0.000222744,0.000222744
446,23636.1,1.61513,2.6647,1.63651,1.69633,0.15814,0.1357,0.1487,0.72995,0.69416,0.759,0.56718,0.64375,0.61677,0.62387,0.38729,nan,nan,nan,nan,0,0,0,0.00022137,0.00022137,0.00022137
447,23688.9,1.55562,2.51572,1.62552,1.68482,0.14663,0.13234,0.14482,0.7,0.72011,0.75867,0.567,0.6253,0.64084,0.62242,0.39028,nan,nan,nan,nan,0,0,0,0.000219995,0.000219995,0.000219995
448,23741.8,1.59394,2.60251,1.62372,1.66072,0.15483,0.1332,0.14581,0.80458,0.64071,0.76807,0.56518,0.64035,0.62551,0.63255,0.39374,1.20492,nan,nan,1.47073,0,0,0,0.000218621,0.000218621,0.000218621
449,23794.5,1.52561,2.49002,1.62479,1.68267,0.15429,0.13465,0.14674,0.77775,0.67105,0.77099,0.56518,0.67286,0.6057,0.63087,0.39195,nan,nan,nan,nan,0,0,0,0.000217246,0.000217246,0.000217246
450,23847.3,1.58509,2.56978,1.65141,1.69458,0.15553,0.13447,0.14611,0.75621,0.65036,0.72658,0.53177,0.6553,0.57753,0.58078,0.35385,nan,nan,nan,nan,0,0,0,0.000215872,0.000215872,0.000215872
451,23900,1.60822,2.55561,1.60495,1.68588,0.15453,0.13051,0.1429,0.78902,0.62108,0.71941,0.53,0.65112,0.56489,0.5777,0.3499,nan,nan,nan,nan,0,0,0,0.000214497,0.000214497,0.000214497
452,23952.9,1.61653,2.58381,1.70184,1.70042,0.15546,0.13765,0.1495,0.78755,0.6355,0.71534,0.52591,0.67747,0.54468,0.56821,0.3492,nan,nan,nan,nan,0,0,0,0.000213123,0.000213123,0.000213123
453,24005.9,1.60105,2.58299,1.6274,1.67113,0.15182,0.13383,0.14595,0.72228,0.67139,0.72305,0.52759,0.6293,0.58993,0.58249,0.36443,nan,nan,nan,nan,0,0,0,0.000211749,0.000211749,0.000211749
454,24058.8,1.55274,2.48019,1.58002,1.66303,0.15028,0.13306,0.1446,0.71519,0.6708,0.73448,0.53399,0.62,0.57954,0.58919,0.36125,nan,nan,nan,nan,0,0,0,0.000210374,0.000210374,0.000210374
455,24111.6,1.55931,2.51975,1.59124,1.64423,0.14594,0.13249,0.14309,0.74322,0.65699,0.73659,0.54246,0.64108,0.55327,0.58045,0.35721,nan,nan,nan,nan,0,0,0,0.000209,0.000209,0.000209
456,24164.5,1.54431,2.54879,1.58089,1.66057,0.15662,0.14196,0.15394,0.76535,0.64336,0.72095,0.52937,0.67288,0.54577,0.57024,0.35134,nan,nan,nan,nan,0,0,0,0.000207625,0.000207625,0.000207625
457,24217.3,1.53318,2.55052,1.5533,1.65335,0.13987,0.12687,0.1368,0.74375,0.64646,0.7234,0.52883,0.65137,0.56927,0.58288,0.35897,nan,nan,nan,nan,0,0,0,0.000206251,0.000206251,0.000206251
458,24270.2,1.54392,2.5565,1.58987,1.67055,0.15844,0.14026,0.15198,0.74991,0.64669,0.7346,0.53522,0.65982,0.56162,0.59453,0.37202,nan,nan,nan,nan,0,0,0,0.000204876,0.000204876,0.000204876
459,24323,1.52013,2.46498,1.57818,1.65626,0.15133,0.13408,0.14482,0.76895,0.6317,0.71983,0.52784,0.66636,0.54511,0.58192,0.36503,nan,nan,nan,nan,0,0,0,0.000203502,0.000203502,0.000203502
460,24375.9,1.57665,2.60705,1.60634,1.62253,0.15405,0.13747,0.15128,0.79278,0.66731,0.76237,0.55942,0.67941,0.58193,0.6386,0.41206,nan,nan,nan,nan,0,0,0,0.000202127,0.000202127,0.000202127
461,24428.6,1.51265,2.57905,1.6142,1.6639,0.16311,0.14244,0.15352,0.81291,0.64581,0.76579,0.56624,0.69918,0.57503,0.6418,0.41344,nan,nan,nan,nan,0,0,0,0.000200753,0.000200753,0.000200753
462,24481.7,1.59875,2.51073,1.61675,1.66008,0.14895,0.13081,0.14363,0.78527,0.66013,0.76151,0.56847,0.69183,0.58305,0.63895,0.41228,nan,nan,nan,nan,0,0,0,0.000199379,0.000199379,0.000199379
463,24534.7,1.49847,2.50421,1.58875,1.64814,0.1455,0.12586,0.13832,0.7624,0.67544,0.76747,0.56705,0.66295,0.58928,0.63484,0.4037,nan,nan,nan,nan,0,0,0,0.000198004,0.000198004,0.000198004
464,24587.6,1.54143,2.47228,1.58812,1.68541,0.15158,0.13334,0.14532,0.71233,0.69354,0.75954,0.56804,0.6353,0.62026,0.64144,0.40395,nan,nan,nan,nan,0,0,0,0.00019663,0.00019663,0.00019663
465,24640.4,1.52999,2.44774,1.60049,1.65183,0.14522,0.12905,0.13995,0.67143,0.73171,0.75893,0.5636,0.59768,0.65539,0.63683,0.4067,nan,nan,nan,nan,0,0,0,0.000195255,0.000195255,0.000195255
466,24693.2,1.48311,2.51147,1.57522,1.62729,0.15541,0.13581,0.14895,0.6951,0.71563,0.76618,0.57711,0.6108,0.64383,0.64717,0.40934,nan,nan,nan,nan,0,0,0,0.000193881,0.000193881,0.000193881
467,24746.3,1.55644,2.48813,1.60997,1.67402,0.15455,0.13981,0.15207,0.68929,0.72514,0.7767,0.58454,0.6117,0.64799,0.663,0.41957,nan,nan,nan,nan,0,0,0,0.000192506,0.000192506,0.000192506
468,24799.3,1.59031,2.50428,1.60866,1.65748,0.15243,0.13696,0.14758,0.70915,0.69072,0.75952,0.56786,0.61255,0.59379,0.62113,0.3956,nan,nan,nan,nan,0,0,0,0.000191132,0.000191132,0.000191132
469,24852.1,1.47446,2.41692,1.54235,1.62862,0.14772,0.13065,0.14303,0.66946,0.67674,0.71156,0.5246,0.65247,0.51845,0.57392,0.34991,nan,nan,nan,nan,0,0,0,0.000189757,0.000189757,0.000189757
470,24905,1.49946,2.46461,1.52573,1.63506,0.16054,0.14192,0.15358,0.716,0.66052,0.72704,0.53797,0.64001,0.52913,0.5644,0.34778,nan,nan,nan,nan,0,0,0,0.000188383,0.000188383,0.000188383
471,24957.8,1.51111,2.50343,1.55132,1.6367,0.16136,0.14303,0.15676,0.73485,0.70092,0.78074,0.58442,0.65697,0.60923,0.65417,0.41933,nan,nan,nan,nan,0,0,0,0.000187008,0.000187008,0.000187008
472,25010.5,1.5958,2.51588,1.63499,1.67203,0.15412,0.13591,0.14857,0.72202,0.65311,0.72834,0.52991,0.65816,0.54553,0.57937,0.35702,nan,nan,nan,nan,0,0,0,0.000185634,0.000185634,0.000185634
473,25063.4,1.49261,2.51334,1.54729,1.62283,0.14844,0.13399,0.14555,0.70256,0.68676,0.73058,0.53693,0.68502,0.54124,0.57973,0.35099,nan,nan,nan,nan,0,0,0,0.00018426,0.00018426,0.00018426
474,25116.2,1.48084,2.433,1.50973,1.63269,0.15321,0.13241,0.14368,0.74751,0.70765,0.77386,0.56765,0.6539,0.62386,0.63404,0.4039,nan,nan,nan,nan,0,0,0,0.000182885,0.000182885,0.000182885
475,25169,1.52907,2.52005,1.577,1.64563,0.14844,0.12887,0.14096,0.72131,0.71377,0.77923,0.58298,0.63465,0.63666,0.6482,0.41339,nan,nan,nan,nan,0,0,0,0.000181511,0.000181511,0.000181511
476,25221.7,1.51599,2.56306,1.59552,1.6396,0.14667,0.13191,0.14256,0.66204,0.75553,0.77461,0.582,0.58507,0.67176,0.6472,0.41798,1.16279,2.0441,1.18394,1.44015,0,0,0,0.000180136,0.000180136,0.000180136
477,25274.6,1.55544,2.49828,1.5444,1.64864,0.14436,0.1286,0.14131,0.68842,0.72977,0.77278,0.56771,0.60905,0.65549,0.65581,0.41304,nan,nan,nan,nan,0,0,0,0.000178762,0.000178762,0.000178762
478,25327.4,1.49674,2.48187,1.54666,1.62941,0.1535,0.13609,0.14827,0.6833,0.71711,0.75675,0.55489,0.59356,0.64232,0.62566,0.39386,nan,nan,nan,nan,0,0,0,0.000177387,0.000177387,0.000177387
479,25380.2,1.5295,2.509,1.576,1.67827,0.14479,0.13442,0.14467,0.76128,0.6612,0.75857,0.5593,0.66837,0.5831,0.62506,0.3946,nan,nan,nan,nan,0,0,0,0.000176013,0.000176013,0.000176013
480,25432.9,1.49741,2.47417,1.5466,1.65347,0.1529,0.13885,0.15094,0.75731,0.69302,0.77248,0.57419,0.69608,0.6025,0.64537,0.41175,nan,nan,nan,nan,0,0,0,0.000174638,0.000174638,0.000174638
481,25485.7,1.51423,2.48982,1.53582,1.62936,0.1515,0.13141,0.14341,0.77235,0.67485,0.75589,0.56711,0.68819,0.59991,0.63815,0.408,nan,nan,nan,nan,0,0,0,0.000173264,0.000173264,0.000173264
482,25538.4,1.53111,2.5076,1.56637,1.64056,0.14972,0.13391,0.14586,0.78469,0.69856,0.77216,0.57524,0.68754,0.63884,0.66633,0.42124,nan,nan,nan,nan,0,0,0,0.00017189,0.00017189,0.00017189
483,25591.2,1.53381,2.49785,1.55339,1.62098,0.15172,0.13812,0.14848,0.76192,0.69993,0.7769,0.58747,0.68549,0.62492,0.65511,0.42658,nan,nan,nan,nan,0,0,0,0.000170515,0.000170515,0.000170515
484,25644.3,1.5451,2.53546,1.57303,1.63896,0.15515,0.13622,0.14782,0.76436,0.67786,0.7674,0.57315,0.68971,0.61047,0.6492,0.41833,nan,nan,nan,nan,0,0,0,0.000169141,0.000169141,0.000169141
485,25697.1,1.49845,2.50557,1.53347,1.63223,0.15627,0.1408,0.15282,0.68737,0.72165,0.72752,0.54715,0.60056,0.6394,0.60071,0.37804,nan,nan,nan,nan,0,0,0,0.000167766,0.000167766,0.000167766
486,25749.8,1.49647,2.41144,1.52136,1.62363,0.14619,0.13233,0.14234,0.7149,0.69189,0.72099,0.54491,0.61976,0.59739,0.58455,0.3671,nan,nan,nan,nan,0,0,0,0.000166392,0.000166392,0.000166392
487,25802.6,1.49262,2.56954,1.56869,1.62705,0.14476,0.13166,0.143,0.75356,0.65785,0.72426,0.54117,0.6339,0.58038,0.58504,0.36868,nan,nan,nan,nan,0,0,0,0.000165017,0.000165017,0.000165017
488,25855.5,1.60667,2.54058,1.61569,1.62721,0.14571,0.13115,0.14191,0.72759,0.68061,0.72164,0.53632,0.61377,0.60366,0.58798,0.36968,nan,nan,nan,nan,0,0,0,0.000163643,0.000163643,0.000163643
489,25908.2,1.4843,2.46509,1.50044,1.62236,0.14623,0.13392,0.14462,0.71495,0.70038,0.7262,0.54047,0.61545,0.61913,0.58997,0.37329,nan,nan,nan,nan,0,0,0,0.000162268,0.000162268,0.000162268
490,25960.9,1.54552,2.45688,1.57897,1.6567,0.14206,0.12625,0.1378,0.73948,0.73683,0.77377,0.57533,0.6422,0.65731,0.64324,0.41413,nan,nan,nan,nan,0,0,0,0.000160894,0.000160894,0.000160894
491,26013.7,1.56604,2.56096,1.57815,1.64989,0.15288,0.14196,0.15186,0.72848,0.73379,0.77799,0.58418,0.62893,0.64418,0.64118,0.41497,nan,nan,nan,nan,0,0,0,0.00015952,0.00015952,0.00015952
492,26066.4,1.53178,2.50761,1.56021,1.6322,0.13757,0.1244,0.13465,0.82041,0.65724,0.77704,0.58665,0.6818,0.61507,0.6561,0.42273,nan,nan,nan,nan,0,0,0,0.000158145,0.000158145,0.000158145
493,26119.3,1.55717,2.44846,1.56932,1.63216,0.15092,0.13665,0.14791,0.75601,0.69383,0.78145,0.59679,0.70093,0.60406,0.66489,0.43504,nan,nan,nan,nan,0,0,0,0.000156771,0.000156771,0.000156771
494,26172.3,1.55022,2.47805,1.58665,1.63519,0.14829,0.13248,0.14176,0.74844,0.72133,0.78703,0.59668,0.65813,0.6663,0.67691,0.43216,nan,nan,nan,nan,0,0,0,0.000155396,0.000155396,0.000155396
495,26225.3,1.52537,2.48637,1.53529,1.64027,0.15381,0.13552,0.14751,0.71018,0.74259,0.77565,0.58162,0.65156,0.65113,0.63938,0.41015,nan,nan,nan,nan,0,0,0,0.000154022,0.000154022,0.000154022
496,26278.1,1.54054,2.4984,1.55771,1.64726,0.14953,0.13912,0.14958,0.75652,0.72644,0.77936,0.58365,0.68221,0.65099,0.6591,0.42925,nan,nan,nan,nan,0,0,0,0.000152647,0.000152647,0.000152647
497,26330.9,1.46368,2.4545,1.53542,1.62615,0.14902,0.1356,0.14566,0.72466,0.74429,0.78086,0.58607,0.64774,0.66577,0.65966,0.42592,nan,nan,nan,nan,0,0,0,0.000151273,0.000151273,0.000151273
498,26383.8,1.52099,2.49154,1.5197,1.61874,0.14641,0.13463,0.14455,0.7036,0.71205,0.74244,0.55721,0.61975,0.62328,0.60048,0.38199,nan,nan,nan,nan,0,0,0,0.000149898,0.000149898,0.000149898
499,26436.7,1.58286,2.56302,1.60892,1.65554,0.14391,0.1284,0.14141,0.72159,0.71377,0.73955,0.55849,0.63184,0.62222,0.59379,0.37724,nan,nan,nan,nan,0,0,0,0.000148524,0.000148524,0.000148524
500,26489.5,1.49535,2.45571,1.55927,1.62881,0.14804,0.12818,0.14096,0.79136,0.69939,0.78946,0.59636,0.68742,0.62846,0.66099,0.42605,nan,nan,nan,nan,0,0,0,0.000147149,0.000147149,0.000147149
501,26542.2,1.46056,2.35337,1.50541,1.59705,0.14261,0.13064,0.14173,0.72049,0.73668,0.78963,0.59716,0.64545,0.66132,0.66506,0.42693,nan,nan,nan,nan,0,0,0,0.000145775,0.000145775,0.000145775
502,26595.1,1.56692,2.51335,1.59879,1.64607,0.14862,0.13409,0.14522,0.73891,0.71924,0.77508,0.57952,0.66026,0.64561,0.65024,0.42361,nan,nan,nan,nan,0,0,0,0.000144401,0.000144401,0.000144401
503,26648,1.50651,2.55875,1.5478,1.61877,0.15958,0.13699,0.15097,0.78508,0.65043,0.74004,0.55699,0.59024,0.63371,0.59614,0.38151,nan,nan,nan,nan,0,0,0,0.000143026,0.000143026,0.000143026
504,26700.9,1.55769,2.44244,1.62613,1.64634,0.14852,0.13175,0.14418,0.7452,0.66867,0.73492,0.55293,0.59414,0.63091,0.59077,0.37619,nan,nan,nan,nan,0,0,0,0.000141652,0.000141652,0.000141652
505,26753.8,1.48335,2.36624,1.50489,1.60885,0.14258,0.12642,0.13683,0.76997,0.66158,0.74215,0.55398,0.67783,0.58061,0.59794,0.3773,nan,nan,nan,nan,0,0,0,0.000140277,0.000140277,0.000140277
506,26806.5,1.50549,2.41725,1.52139,1.63713,0.15064,0.1361,0.14728,0.76481,0.66867,0.74078,0.54899,0.67174,0.5855,0.59455,0.37063,nan,nan,nan,nan,0,0,0,0.000138903,0.000138903,0.000138903
507,26859.2,1.45602,2.46134,1.51349,1.61343,0.13729,0.12186,0.13335,0.75869,0.71039,0.77031,0.56797,0.64854,0.63961,0.61465,0.39401,nan,nan,nan,nan,0,0,0,0.000137528,0.000137528,0.000137528
508,26911.8,1.53298,2.45442,1.53723,1.62993,0.15124,0.1365,0.148,0.72683,0.73859,0.76887,0.58193,0.64213,0.6557,0.62322,0.40068,nan,nan,nan,nan,0,0,0,0.000136154,0.000136154,0.000136154
509,26964.7,1.49462,2.49611,1.5094,1.60773,0.15329,0.1381,0.1487,0.72613,0.71764,0.74584,0.56602,0.64067,0.63291,0.59856,0.38361,nan,nan,nan,nan,0,0,0,0.000134779,0.000134779,0.000134779
510,27017.5,1.48763,2.48879,1.53056,1.60329,0.14406,0.13318,0.14365,0.72525,0.72172,0.74248,0.56054,0.62847,0.62373,0.58349,0.36604,nan,nan,nan,nan,0,0,0,0.000133405,0.000133405,0.000133405
511,27070.2,1.53031,2.47491,1.60886,1.65886,0.15284,0.13075,0.14292,0.742,0.68885,0.74207,0.56313,0.66003,0.57985,0.58843,0.36442,nan,nan,nan,nan,0,0,0,0.000132031,0.000132031,0.000132031
512,27123,1.44327,2.37459,1.51181,1.64355,0.14895,0.12986,0.14383,0.73966,0.68732,0.74127,0.56175,0.61573,0.62609,0.59566,0.37761,nan,nan,nan,nan,0,0,0,0.000130656,0.000130656,0.000130656
513,27175.8,1.50098,2.46521,1.51689,1.62445,0.15415,0.1384,0.15002,0.73638,0.69217,0.74311,0.56807,0.69525,0.57938,0.60608,0.38244,nan,nan,nan,nan,0,0,0,0.000129282,0.000129282,0.000129282
514,27228.7,1.47981,2.54785,1.53992,1.59093,0.14364,0.12806,0.14042,0.78703,0.67791,0.75226,0.5682,0.70709,0.60726,0.63482,0.40205,nan,nan,nan,nan,0,0,0,0.000127907,0.000127907,0.000127907
515,27281.5,1.49986,2.44946,1.50078,1.60582,0.14243,0.12735,0.13726,0.75693,0.73906,0.79578,0.61009,0.68095,0.66933,0.68455,0.43601,nan,nan,nan,nan,0,0,0,0.000126533,0.000126533,0.000126533
516,27334.3,1.53006,2.44049,1.56718,1.63437,0.14864,0.1382,0.14971,0.76637,0.73184,0.79304,0.60741,0.68698,0.65208,0.67002,0.43866,nan,nan,nan,nan,0,0,0,0.000125158,0.000125158,0.000125158
517,27387,1.47074,2.40036,1.54159,1.62323,0.14223,0.12977,0.14169,0.72453,0.70838,0.74891,0.56662,0.61876,0.63653,0.60678,0.38375,nan,nan,nan,nan,0,0,0,0.000123784,0.000123784,0.000123784
518,27439.9,1.44339,2.35764,1.49195,1.61386,0.15384,0.13593,0.14801,0.76923,0.66809,0.74325,0.55956,0.64183,0.61767,0.60193,0.3816,nan,nan,nan,nan,0,0,0,0.000122409,0.000122409,0.000122409
519,27492.7,1.47672,2.41556,1.49,1.59482,0.14463,0.13261,0.14334,0.73482,0.73436,0.79244,0.60329,0.64035,0.68466,0.67376,0.44092,nan,nan,nan,nan,0,0,0,0.000121035,0.000121035,0.000121035
520,27545.6,1.49473,2.44112,1.54542,1.60066,0.14912,0.13072,0.14294,0.7028,0.7559,0.78207,0.58849,0.64678,0.69715,0.67727,0.4344,nan,nan,nan,nan,0,0,0,0.00011966,0.00011966,0.00011966
521,27598.4,1.45219,2.39677,1.49572,1.59947,0.15358,0.13659,0.14802,0.7262,0.70107,0.74241,0.55646,0.64536,0.63244,0.62027,0.39198,nan,nan,nan,nan,0,0,0,0.000118286,0.000118286,0.000118286
522,27651.2,1.42139,2.36624,1.48242,1.60512,0.14191,0.12818,0.13827,0.69575,0.73372,0.74899,0.56301,0.63037,0.66528,0.64344,0.41158,nan,nan,nan,nan,0,0,0,0.000116912,0.000116912,0.000116912
523,27704,1.53768,2.44844,1.60124,1.6524,0.14705,0.13126,0.14228,0.78407,0.70113,0.79189,0.60195,0.65479,0.67652,0.68848,0.44412,nan,nan,nan,nan,0,0,0,0.000115537,0.000115537,0.000115537
524,27756.9,1.4924,2.47596,1.55722,1.60763,0.15392,0.13857,0.14929,0.79812,0.68427,0.79359,0.59974,0.62383,0.67937,0.67431,0.44837,nan,nan,nan,nan,0,0,0,0.000114163,0.000114163,0.000114163
525,27809.9,1.46575,2.43336,1.48679,1.6271,0.14012,0.13158,0.14179,0.70041,0.75716,0.79298,0.60376,0.62266,0.68099,0.67487,0.44335,nan,nan,nan,nan,0,0,0,0.000112788,0.000112788,0.000112788
526,27862.7,1.46361,2.48292,1.49997,1.60371,0.14287,0.1358,0.14557,0.78838,0.68516,0.79093,0.60968,0.70638,0.61361,0.67201,0.44066,nan,nan,nan,nan,0,0,0,0.000111414,0.000111414,0.000111414
527,27915.8,1.49819,2.43072,1.46564,1.60438,0.14809,0.13374,0.14493,0.77201,0.69968,0.79184,0.60907,0.69326,0.6313,0.67827,0.44338,nan,nan,nan,nan,0,0,0,0.000110039,0.000110039,0.000110039
528,27968.9,1.51191,2.38282,1.55097,1.65771,0.15507,0.13528,0.14692,0.80382,0.69196,0.79455,0.61042,0.72637,0.61936,0.67772,0.44445,nan,nan,nan,nan,0,0,0,0.000108665,0.000108665,0.000108665
529,28021.9,1.43012,2.43158,1.51219,1.61227,0.14968,0.1345,0.14576,0.7933,0.69384,0.78993,0.60546,0.62804,0.66711,0.66774,0.43864,nan,nan,nan,nan,0,0,0,0.00010729,0.00010729,0.00010729
530,28074.9,1.50084,2.42886,1.51369,1.58618,0.14939,0.13483,0.14639,0.80568,0.6685,0.79013,0.60939,0.64287,0.6503,0.66818,0.44655,nan,nan,nan,nan,0,0,0,0.000105916,0.000105916,0.000105916
531,28127.9,1.44438,2.39286,1.48738,1.57368,0.15014,0.13114,0.14465,0.8171,0.66057,0.7875,0.60534,0.58179,0.69769,0.66561,0.43505,nan,nan,nan,nan,0,0,0,0.000104542,0.000104542,0.000104542
532,28180.5,1.4361,2.33188,1.50027,1.63187,0.15608,0.14088,0.15318,0.64637,0.75764,0.75538,0.56457,0.58055,0.65967,0.63148,0.40704,nan,nan,nan,nan,0,0,0,0.000103167,0.000103167,0.000103167
533,28233.4,1.45037,2.40442,1.472,1.58454,0.14084,0.12811,0.1389,0.65683,0.73386,0.73929,0.55559,0.57648,0.64887,0.60325,0.38363,nan,nan,nan,nan,0,0,0,0.000101793,0.000101793,0.000101793
534,28286.2,1.45606,2.45319,1.49994,1.58801,0.14169,0.13106,0.1427,0.6614,0.75519,0.75166,0.56559,0.58994,0.6727,0.63065,0.40629,nan,nan,nan,nan,0,0,0,0.000100418,0.000100418,0.000100418
535,28339,1.48614,2.49355,1.51773,1.61552,0.13886,0.12747,0.13809,0.66621,0.77852,0.78252,0.59916,0.59887,0.70455,0.66678,0.43134,nan,nan,nan,nan,0,0,0,9.90437e-05,9.90437e-05,9.90437e-05
536,28391.8,1.46924,2.43373,1.50809,1.60561,0.14938,0.13217,0.14266,0.71803,0.74271,0.79276,0.60679,0.64588,0.67025,0.67759,0.43706,nan,nan,nan,nan,0,0,0,9.76692e-05,9.76692e-05,9.76692e-05
537,28444.6,1.41742,2.38071,1.48231,1.5856,0.14549,0.13201,0.14448,0.7455,0.72748,0.78456,0.59644,0.68897,0.65598,0.67497,0.4378,nan,nan,nan,nan,0,0,0,9.62948e-05,9.62948e-05,9.62948e-05
538,28497.5,1.45127,2.37387,1.44934,1.60509,0.14522,0.13321,0.14327,0.7432,0.69923,0.74251,0.56611,0.67119,0.62112,0.61701,0.39268,nan,nan,nan,nan,0,0,0,9.49203e-05,9.49203e-05,9.49203e-05
539,28550.4,1.46199,2.4312,1.48406,1.60163,0.14363,0.12961,0.14062,0.75381,0.74386,0.79855,0.60965,0.69151,0.66762,0.67906,0.44538,nan,nan,nan,nan,0,0,0,9.35459e-05,9.35459e-05,9.35459e-05
540,28603.3,1.41135,2.33346,1.42886,1.58065,0.14789,0.13422,0.14565,0.76755,0.73426,0.79716,0.61395,0.69985,0.66913,0.68696,0.45158,nan,nan,nan,nan,0,0,0,9.21715e-05,9.21715e-05,9.21715e-05
541,28656.4,1.49408,2.44354,1.50134,1.62113,0.14547,0.13414,0.14488,0.74963,0.73491,0.79107,0.60784,0.67821,0.66086,0.66882,0.44092,nan,nan,nan,nan,0,0,0,9.0797e-05,9.0797e-05,9.0797e-05
542,28709.3,1.44725,2.35321,1.47981,1.60487,0.14027,0.13031,0.14136,0.75424,0.7497,0.78981,0.6045,0.67229,0.6636,0.66329,0.43614,nan,nan,nan,nan,0,0,0,8.94226e-05,8.94226e-05,8.94226e-05
543,28762.2,1.49013,2.40846,1.51578,1.58601,0.15013,0.13269,0.14485,0.73516,0.76055,0.79631,0.60806,0.68077,0.6448,0.66641,0.44017,nan,nan,nan,nan,0,0,0,8.80481e-05,8.80481e-05,8.80481e-05
544,28814.8,1.45999,2.4193,1.49121,1.62196,0.14798,0.13415,0.14548,0.82613,0.67302,0.79802,0.61225,0.72596,0.63357,0.67795,0.44776,nan,nan,nan,nan,0,0,0,8.66736e-05,8.66736e-05,8.66736e-05
545,28867.5,1.46709,2.36594,1.46444,1.58244,0.14628,0.13448,0.14585,0.71362,0.76171,0.78808,0.60366,0.65991,0.66956,0.66979,0.43854,nan,nan,nan,nan,0,0,0,8.52992e-05,8.52992e-05,8.52992e-05
546,28920.3,1.46587,2.36167,1.48917,1.59693,0.14236,0.13471,0.14545,0.71209,0.76141,0.78664,0.59996,0.71716,0.62927,0.67206,0.44049,nan,nan,nan,nan,0,0,0,8.39248e-05,8.39248e-05,8.39248e-05
547,28973.2,1.46177,2.41262,1.4859,1.59267,0.15762,0.142,0.15444,0.73368,0.7384,0.7851,0.60097,0.67538,0.66235,0.6673,0.43742,nan,nan,nan,nan,0,0,0,8.25503e-05,8.25503e-05,8.25503e-05
548,29026.1,1.47228,2.39943,1.45977,1.59368,0.14257,0.13228,0.14354,0.74758,0.69779,0.74446,0.57108,0.65781,0.61198,0.60707,0.38857,nan,nan,nan,nan,0,0,0,8.11759e-05,8.11759e-05,8.11759e-05
549,29078.7,1.43081,2.3508,1.50631,1.59253,0.14782,0.13334,0.14494,0.75761,0.68743,0.74568,0.57125,0.65875,0.61568,0.60648,0.3911,nan,nan,nan,nan,0,0,0,7.98014e-05,7.98014e-05,7.98014e-05
550,29131.5,1.42712,2.36893,1.43368,1.56796,0.14046,0.13165,0.14296,0.7238,0.70936,0.7442,0.56566,0.63995,0.62703,0.60675,0.39107,nan,nan,nan,nan,0,0,0,7.84269e-05,7.84269e-05,7.84269e-05
551,29184.3,1.49319,2.38165,1.51494,1.59949,0.14661,0.13783,0.149,0.72763,0.6942,0.74123,0.56572,0.64208,0.61178,0.61083,0.39621,nan,nan,nan,nan,0,0,0,7.70525e-05,7.70525e-05,7.70525e-05
552,29237.1,1.41454,2.40431,1.49344,1.59528,0.13784,0.12787,0.13902,0.71384,0.70721,0.7378,0.56474,0.63998,0.59824,0.60346,0.38716,nan,nan,nan,nan,0,0,0,7.5678e-05,7.5678e-05,7.5678e-05
553,29290,1.46131,2.40578,1.5135,1.61068,0.15573,0.14353,0.15509,0.70462,0.70485,0.73517,0.56025,0.6566,0.58695,0.60849,0.38973,nan,nan,nan,nan,0,0,0,7.43036e-05,7.43036e-05,7.43036e-05
554,29342.8,1.47885,2.46179,1.51062,1.60907,0.14555,0.13409,0.14463,0.7485,0.68531,0.74274,0.55716,0.66383,0.60093,0.6158,0.39064,nan,nan,nan,nan,0,0,0,7.29292e-05,7.29292e-05,7.29292e-05
555,29395.7,1.54518,2.49067,1.51795,1.60703,0.13676,0.12862,0.13829,0.72857,0.74103,0.78354,0.58777,0.68456,0.65478,0.6727,0.43051,nan,nan,nan,nan,0,0,0,7.15547e-05,7.15547e-05,7.15547e-05
556,29448.6,1.46698,2.40942,1.50746,1.61491,0.1501,0.135,0.14628,0.72684,0.73726,0.77382,0.58696,0.6446,0.64838,0.64368,0.41061,nan,nan,nan,nan,0,0,0,7.01802e-05,7.01802e-05,7.01802e-05
557,29501.4,1.44391,2.36157,1.43966,1.57905,0.14334,0.13253,0.14294,0.71229,0.73192,0.77612,0.58999,0.65586,0.64009,0.64239,0.41748,nan,nan,nan,nan,0,0,0,6.88058e-05,6.88058e-05,6.88058e-05
558,29554.3,1.44621,2.31854,1.4516,1.5649,0.13652,0.12303,0.13414,0.72422,0.71452,0.77468,0.58625,0.64445,0.63494,0.63925,0.41878,nan,nan,nan,nan,0,0,0,6.74313e-05,6.74313e-05,6.74313e-05
559,29607.1,1.44744,2.39515,1.50018,1.58586,0.15098,0.13704,0.14867,0.70942,0.72476,0.74824,0.55931,0.61994,0.63656,0.6083,0.38649,nan,nan,nan,nan,0,0,0,6.60569e-05,6.60569e-05,6.60569e-05
560,29659.9,1.40968,2.28028,1.4151,1.5593,0.14638,0.1374,0.14798,0.72158,0.76105,0.77637,0.58407,0.64964,0.65646,0.64013,0.41417,nan,nan,nan,nan,0,0,0,6.46825e-05,6.46825e-05,6.46825e-05
561,29712.5,1.38318,2.33307,1.36565,1.54554,0.14384,0.13571,0.14542,0.71972,0.75917,0.78171,0.58506,0.65608,0.64471,0.64622,0.41999,nan,nan,nan,nan,0,0,0,6.3308e-05,6.3308e-05,6.3308e-05
562,29765.4,1.45324,2.37005,1.46231,1.58251,0.14684,0.13073,0.14171,0.7152,0.71288,0.74711,0.56477,0.63608,0.63021,0.61729,0.39764,nan,nan,nan,nan,0,0,0,6.19335e-05,6.19335e-05,6.19335e-05
563,29818.1,1.41851,2.37728,1.44178,1.5748,0.13936,0.1249,0.13517,0.7192,0.7082,0.74784,0.56511,0.63387,0.62691,0.61668,0.39851,nan,nan,nan,nan,0,0,0,6.05591e-05,6.05591e-05,6.05591e-05
564,29871,1.45385,2.34906,1.45558,1.58692,0.14925,0.13892,0.14911,0.71181,0.71939,0.75134,0.57029,0.61853,0.63666,0.61199,0.39637,nan,nan,nan,nan,0,0,0,5.91846e-05,5.91846e-05,5.91846e-05
565,29923.9,1.46077,2.40957,1.46786,1.60016,0.14726,0.13443,0.1443,0.71912,0.6972,0.75055,0.56878,0.62153,0.61885,0.60448,0.39149,nan,nan,nan,nan,0,0,0,5.78102e-05,5.78102e-05,5.78102e-05
566,29976.8,1.48806,2.41477,1.52018,1.59923,0.14418,0.1308,0.14118,0.70055,0.72489,0.75158,0.57076,0.6138,0.63717,0.60612,0.38994,nan,nan,nan,nan,0,0,0,5.64358e-05,5.64358e-05,5.64358e-05
567,30029.7,1.43471,2.41288,1.48502,1.59261,0.13482,0.12585,0.13776,0.70623,0.71906,0.75226,0.57004,0.60756,0.61862,0.59487,0.38287,nan,nan,nan,nan,0,0,0,5.50613e-05,5.50613e-05,5.50613e-05
568,30082.5,1.46101,2.38369,1.41224,1.57001,0.14747,0.13535,0.14545,0.72529,0.70363,0.75076,0.57048,0.64453,0.61408,0.61623,0.39746,nan,nan,nan,nan,0,0,0,5.36869e-05,5.36869e-05,5.36869e-05
569,30135.3,1.45817,2.45939,1.5115,1.59891,0.14222,0.12902,0.1397,0.73042,0.70654,0.74955,0.57174,0.65401,0.61473,0.61683,0.39752,nan,nan,nan,nan,0,0,0,5.23124e-05,5.23124e-05,5.23124e-05
570,30187.9,1.39587,2.40583,1.43708,1.56728,0.13769,0.12525,0.13541,0.75491,0.6966,0.7537,0.56941,0.6648,0.60108,0.61446,0.39555,nan,nan,nan,nan,0,0,0,5.09379e-05,5.09379e-05,5.09379e-05
571,30240.6,1.4224,2.41699,1.43896,1.59687,0.13975,0.1325,0.14198,0.72535,0.71,0.75208,0.574,0.62848,0.612,0.5973,0.38337,nan,nan,nan,nan,0,0,0,4.95635e-05,4.95635e-05,4.95635e-05
572,30293.6,1.44579,2.37618,1.44819,1.57153,0.14257,0.13108,0.1424,0.74101,0.69258,0.75245,0.57795,0.60851,0.6169,0.59644,0.38216,nan,nan,nan,nan,0,0,0,4.81891e-05,4.81891e-05,4.81891e-05
573,30346.5,1.42208,2.36,1.46728,1.55216,0.13433,0.12862,0.13871,0.71163,0.71025,0.75205,0.57524,0.62513,0.6273,0.6203,0.39609,nan,nan,nan,nan,0,0,0,4.68146e-05,4.68146e-05,4.68146e-05
574,30399.3,1.45404,2.42507,1.52384,1.61431,0.1447,0.13002,0.14118,0.71573,0.71292,0.75117,0.57557,0.63019,0.63399,0.62059,0.39704,nan,nan,nan,nan,0,0,0,4.54402e-05,4.54402e-05,4.54402e-05
575,30452.2,1.47796,2.44987,1.48202,1.56317,0.14204,0.12841,0.13974,0.7384,0.69181,0.74765,0.57601,0.64998,0.60896,0.615,0.39775,nan,nan,nan,nan,0,0,0,4.40657e-05,4.40657e-05,4.40657e-05
576,30504.9,1.41492,2.34101,1.48223,1.59563,0.14881,0.13618,0.148,0.73405,0.70045,0.74773,0.57251,0.64695,0.61588,0.61426,0.39847,nan,nan,nan,nan,0,0,0,4.26912e-05,4.26912e-05,4.26912e-05
577,30557.8,1.46382,2.37484,1.43576,1.56937,0.14431,0.13191,0.14211,0.70266,0.72132,0.74604,0.57243,0.61459,0.63755,0.61302,0.39649,nan,nan,nan,nan,0,0,0,4.13168e-05,4.13168e-05,4.13168e-05
578,30610.6,1.50221,2.40348,1.51903,1.59976,0.14351,0.13013,0.14125,0.72856,0.68338,0.74307,0.56898,0.62627,0.61212,0.61305,0.39701,nan,nan,nan,nan,0,0,0,3.99423e-05,3.99423e-05,3.99423e-05
579,30663.4,1.36129,2.31969,1.44182,1.57878,0.13824,0.1261,0.13599,0.70654,0.69979,0.742,0.56973,0.59619,0.63481,0.60939,0.39622,nan,nan,nan,nan,0,0,0,3.85679e-05,3.85679e-05,3.85679e-05
580,30716.3,1.50356,2.39531,1.47548,1.59541,0.14118,0.13198,0.14232,0.72904,0.69816,0.7514,0.5719,0.59623,0.63221,0.61106,0.39419,nan,nan,nan,nan,0,0,0,3.71935e-05,3.71935e-05,3.71935e-05
581,30769.1,1.45183,2.39224,1.48543,1.60736,0.14927,0.13616,0.14636,0.78745,0.6574,0.75444,0.57043,0.69009,0.56889,0.6087,0.3964,nan,nan,nan,nan,0,0,0,3.5819e-05,3.5819e-05,3.5819e-05
582,30821.9,1.46002,2.33895,1.44873,1.57926,0.13901,0.13057,0.13838,0.69839,0.71641,0.74823,0.57081,0.6066,0.63395,0.61146,0.39626,nan,nan,nan,nan,0,0,0,3.44445e-05,3.44445e-05,3.44445e-05
583,30874.8,1.46168,2.39276,1.46277,1.61692,0.14586,0.13192,0.14369,0.68348,0.73531,0.74592,0.56995,0.59987,0.64777,0.6104,0.39812,nan,nan,nan,nan,0,0,0,3.30701e-05,3.30701e-05,3.30701e-05
584,30927.6,1.4576,2.36053,1.43949,1.58329,0.13625,0.12709,0.13683,0.68801,0.73259,0.74504,0.5719,0.59299,0.63911,0.60152,0.38893,nan,nan,nan,nan,0,0,0,3.16956e-05,3.16956e-05,3.16956e-05
585,30980.4,1.46446,2.41539,1.46373,1.60553,0.14402,0.13558,0.14631,0.68134,0.73328,0.74639,0.57517,0.59156,0.63631,0.59931,0.39375,nan,nan,nan,nan,0,0,0,3.03212e-05,3.03212e-05,3.03212e-05
586,31033.1,1.4273,2.37824,1.4467,1.57485,0.1442,0.13293,0.14255,0.7328,0.69084,0.74899,0.57661,0.60561,0.64079,0.60785,0.39568,nan,nan,nan,nan,0,0,0,2.89468e-05,2.89468e-05,2.89468e-05
587,31086,1.47992,2.34003,1.45205,1.58829,0.14521,0.13531,0.14566,0.73028,0.70162,0.75919,0.58032,0.60062,0.6372,0.60797,0.3988,nan,nan,nan,nan,0,0,0,2.75723e-05,2.75723e-05,2.75723e-05
588,31138.8,1.40185,2.35762,1.48179,1.58178,0.14012,0.12822,0.13926,0.72766,0.71179,0.75444,0.57186,0.64546,0.62886,0.61841,0.4029,nan,nan,nan,nan,0,0,0,2.61978e-05,2.61978e-05,2.61978e-05
589,31191.7,1.47204,2.35987,1.50014,1.60744,0.13449,0.12249,0.13344,0.70513,0.72169,0.75358,0.57786,0.62636,0.63883,0.61887,0.40118,nan,nan,nan,nan,0,0,0,2.48234e-05,2.48234e-05,2.48234e-05
590,31244.6,1.46555,2.36811,1.47087,1.56081,0.14421,0.13208,0.14282,0.72006,0.7328,0.75725,0.57311,0.63493,0.64368,0.61556,0.40187,nan,nan,nan,nan,0,0,0,2.34489e-05,2.34489e-05,2.34489e-05
591,31298.2,1.37021,2.22952,1.39197,1.56522,0.10764,0.08435,0.09515,0.72619,0.71161,0.75499,0.57021,0.63069,0.62503,0.61401,0.40124,nan,nan,nan,nan,0,0,0,2.20745e-05,2.20745e-05,2.20745e-05
592,31351.2,1.41299,2.31618,1.39762,1.60211,0.10982,0.08483,0.0955,0.71086,0.71982,0.74963,0.5551,0.6173,0.63165,0.60867,0.38429,nan,nan,nan,nan,0,0,0,2.07001e-05,2.07001e-05,2.07001e-05
593,31404.1,1.4076,2.24132,1.41068,1.58307,0.10682,0.08463,0.09465,0.69064,0.71747,0.7417,0.54685,0.59753,0.62099,0.58983,0.36834,nan,nan,nan,nan,0,0,0,1.93256e-05,1.93256e-05,1.93256e-05
594,31457,1.38828,2.30104,1.42742,1.59623,0.10877,0.08669,0.09518,0.6898,0.71584,0.73949,0.54155,0.59365,0.62604,0.58585,0.36708,nan,nan,nan,nan,0,0,0,1.79512e-05,1.79512e-05,1.79512e-05
595,31509.7,1.38715,2.19018,1.36245,1.58401,0.10854,0.08519,0.09501,0.68897,0.71051,0.73303,0.54229,0.58789,0.6092,0.57543,0.36159,nan,nan,nan,nan,0,0,0,1.65767e-05,1.65767e-05,1.65767e-05
596,31562.6,1.36521,2.23199,1.30924,1.56775,0.10839,0.08539,0.09417,0.69916,0.70168,0.74007,0.55067,0.5894,0.61651,0.5834,0.36444,nan,nan,nan,nan,0,0,0,1.52022e-05,1.52022e-05,1.52022e-05
597,31615.3,1.37035,2.22842,1.34444,1.56359,0.10361,0.08419,0.093,0.71062,0.69012,0.7326,0.54791,0.59982,0.60113,0.57434,0.35848,nan,nan,nan,nan,0,0,0,1.38278e-05,1.38278e-05,1.38278e-05
598,31668.2,1.35224,2.19174,1.34296,1.57248,0.10482,0.08435,0.09231,0.71635,0.70391,0.74009,0.55078,0.62049,0.61593,0.59737,0.37447,nan,nan,nan,nan,0,0,0,1.24534e-05,1.24534e-05,1.24534e-05
599,31721.1,1.39331,2.23697,1.34257,1.55489,0.10751,0.08478,0.09366,0.71352,0.69461,0.73395,0.55203,0.59602,0.61514,0.58296,0.36429,nan,nan,nan,nan,0,0,0,1.10789e-05,1.10789e-05,1.10789e-05
600,31773.9,1.36826,2.28977,1.37147,1.55795,0.10425,0.08407,0.09274,0.71071,0.69869,0.73507,0.55321,0.60055,0.6046,0.5821,0.36257,nan,nan,nan,nan,0,0,0,9.70445e-06,9.70445e-06,9.70445e-06
